[
  {
    "generation": 1,
    "expected_score": 6.145,
    "lineup": [
      "알몬테",
      "박경수",
      "배정대",
      "장성우",
      "황재균",
      "강백호",
      "심우준",
      "유한준",
      "호잉"
    ],
    "player_stats": [
      {
        "name": "알몬테",
        "year": 21,
        "team": "KT",
        "pa": 250,
        "ops": 0.74,
        "avg": 0.271,
        "obp": 0.336,
        "slg": 0.404,
        "rbi": 36,
        "sb": 1,
        "hr": 7
      },
      {
        "name": "박경수",
        "year": 21,
        "team": "KT",
        "pa": 280,
        "ops": 0.648,
        "avg": 0.192,
        "obp": 0.301,
        "slg": 0.347,
        "rbi": 33,
        "sb": 0,
        "hr": 9
      },
      {
        "name": "배정대",
        "year": 21,
        "team": "KT",
        "pa": 595,
        "ops": 0.731,
        "avg": 0.259,
        "obp": 0.353,
        "slg": 0.378,
        "rbi": 68,
        "sb": 19,
        "hr": 12
      },
      {
        "name": "장성우",
        "year": 21,
        "team": "KT",
        "pa": 460,
        "ops": 0.711,
        "avg": 0.231,
        "obp": 0.337,
        "slg": 0.374,
        "rbi": 63,
        "sb": 1,
        "hr": 14
      },
      {
        "name": "황재균",
        "year": 21,
        "team": "KT",
        "pa": 507,
        "ops": 0.76,
        "avg": 0.291,
        "obp": 0.358,
        "slg": 0.402,
        "rbi": 56,
        "sb": 11,
        "hr": 10
      },
      {
        "name": "강백호",
        "year": 21,
        "team": "KT",
        "pa": 627,
        "ops": 0.971,
        "avg": 0.347,
        "obp": 0.45,
        "slg": 0.521,
        "rbi": 102,
        "sb": 10,
        "hr": 16
      },
      {
        "name": "심우준",
        "year": 21,
        "team": "KT",
        "pa": 460,
        "ops": 0.694,
        "avg": 0.268,
        "obp": 0.323,
        "slg": 0.371,
        "rbi": 48,
        "sb": 16,
        "hr": 6
      },
      {
        "name": "유한준",
        "year": 21,
        "team": "KT",
        "pa": 337,
        "ops": 0.827,
        "avg": 0.309,
        "obp": 0.409,
        "slg": 0.418,
        "rbi": 42,
        "sb": 1,
        "hr": 5
      },
      {
        "name": "호잉",
        "year": 21,
        "team": "KT",
        "pa": 294,
        "ops": 0.73,
        "avg": 0.239,
        "obp": 0.313,
        "slg": 0.417,
        "rbi": 52,
        "sb": 5,
        "hr": 11
      }
    ]
  },
  {
    "generation": 2,
    "expected_score": 5.84,
    "lineup": [
      "황재균",
      "배정대",
      "심우준",
      "알몬테",
      "박경수",
      "장성우",
      "강백호",
      "유한준",
      "호잉"
    ],
    "player_stats": [
      {
        "name": "황재균",
        "year": 21,
        "team": "KT",
        "pa": 507,
        "ops": 0.76,
        "avg": 0.291,
        "obp": 0.358,
        "slg": 0.402,
        "rbi": 56,
        "sb": 11,
        "hr": 10
      },
      {
        "name": "배정대",
        "year": 21,
        "team": "KT",
        "pa": 595,
        "ops": 0.731,
        "avg": 0.259,
        "obp": 0.353,
        "slg": 0.378,
        "rbi": 68,
        "sb": 19,
        "hr": 12
      },
      {
        "name": "심우준",
        "year": 21,
        "team": "KT",
        "pa": 460,
        "ops": 0.694,
        "avg": 0.268,
        "obp": 0.323,
        "slg": 0.371,
        "rbi": 48,
        "sb": 16,
        "hr": 6
      },
      {
        "name": "알몬테",
        "year": 21,
        "team": "KT",
        "pa": 250,
        "ops": 0.74,
        "avg": 0.271,
        "obp": 0.336,
        "slg": 0.404,
        "rbi": 36,
        "sb": 1,
        "hr": 7
      },
      {
        "name": "박경수",
        "year": 21,
        "team": "KT",
        "pa": 280,
        "ops": 0.648,
        "avg": 0.192,
        "obp": 0.301,
        "slg": 0.347,
        "rbi": 33,
        "sb": 0,
        "hr": 9
      },
      {
        "name": "장성우",
        "year": 21,
        "team": "KT",
        "pa": 460,
        "ops": 0.711,
        "avg": 0.231,
        "obp": 0.337,
        "slg": 0.374,
        "rbi": 63,
        "sb": 1,
        "hr": 14
      },
      {
        "name": "강백호",
        "year": 21,
        "team": "KT",
        "pa": 627,
        "ops": 0.971,
        "avg": 0.347,
        "obp": 0.45,
        "slg": 0.521,
        "rbi": 102,
        "sb": 10,
        "hr": 16
      },
      {
        "name": "유한준",
        "year": 21,
        "team": "KT",
        "pa": 337,
        "ops": 0.827,
        "avg": 0.309,
        "obp": 0.409,
        "slg": 0.418,
        "rbi": 42,
        "sb": 1,
        "hr": 5
      },
      {
        "name": "호잉",
        "year": 21,
        "team": "KT",
        "pa": 294,
        "ops": 0.73,
        "avg": 0.239,
        "obp": 0.313,
        "slg": 0.417,
        "rbi": 52,
        "sb": 5,
        "hr": 11
      }
    ]
  },
  {
    "generation": 3,
    "expected_score": 5.97,
    "lineup": [
      "알몬테",
      "장성우",
      "박경수",
      "강백호",
      "황재균",
      "호잉",
      "유한준",
      "심우준",
      "배정대"
    ],
    "player_stats": [
      {
        "name": "알몬테",
        "year": 21,
        "team": "KT",
        "pa": 250,
        "ops": 0.74,
        "avg": 0.271,
        "obp": 0.336,
        "slg": 0.404,
        "rbi": 36,
        "sb": 1,
        "hr": 7
      },
      {
        "name": "장성우",
        "year": 21,
        "team": "KT",
        "pa": 460,
        "ops": 0.711,
        "avg": 0.231,
        "obp": 0.337,
        "slg": 0.374,
        "rbi": 63,
        "sb": 1,
        "hr": 14
      },
      {
        "name": "박경수",
        "year": 21,
        "team": "KT",
        "pa": 280,
        "ops": 0.648,
        "avg": 0.192,
        "obp": 0.301,
        "slg": 0.347,
        "rbi": 33,
        "sb": 0,
        "hr": 9
      },
      {
        "name": "강백호",
        "year": 21,
        "team": "KT",
        "pa": 627,
        "ops": 0.971,
        "avg": 0.347,
        "obp": 0.45,
        "slg": 0.521,
        "rbi": 102,
        "sb": 10,
        "hr": 16
      },
      {
        "name": "황재균",
        "year": 21,
        "team": "KT",
        "pa": 507,
        "ops": 0.76,
        "avg": 0.291,
        "obp": 0.358,
        "slg": 0.402,
        "rbi": 56,
        "sb": 11,
        "hr": 10
      },
      {
        "name": "호잉",
        "year": 21,
        "team": "KT",
        "pa": 294,
        "ops": 0.73,
        "avg": 0.239,
        "obp": 0.313,
        "slg": 0.417,
        "rbi": 52,
        "sb": 5,
        "hr": 11
      },
      {
        "name": "유한준",
        "year": 21,
        "team": "KT",
        "pa": 337,
        "ops": 0.827,
        "avg": 0.309,
        "obp": 0.409,
        "slg": 0.418,
        "rbi": 42,
        "sb": 1,
        "hr": 5
      },
      {
        "name": "심우준",
        "year": 21,
        "team": "KT",
        "pa": 460,
        "ops": 0.694,
        "avg": 0.268,
        "obp": 0.323,
        "slg": 0.371,
        "rbi": 48,
        "sb": 16,
        "hr": 6
      },
      {
        "name": "배정대",
        "year": 21,
        "team": "KT",
        "pa": 595,
        "ops": 0.731,
        "avg": 0.259,
        "obp": 0.353,
        "slg": 0.378,
        "rbi": 68,
        "sb": 19,
        "hr": 12
      }
    ]
  },
  {
    "generation": 4,
    "expected_score": 5.96,
    "lineup": [
      "강백호",
      "장성우",
      "박경수",
      "알몬테",
      "호잉",
      "유한준",
      "황재균",
      "심우준",
      "배정대"
    ],
    "player_stats": [
      {
        "name": "강백호",
        "year": 21,
        "team": "KT",
        "pa": 627,
        "ops": 0.971,
        "avg": 0.347,
        "obp": 0.45,
        "slg": 0.521,
        "rbi": 102,
        "sb": 10,
        "hr": 16
      },
      {
        "name": "장성우",
        "year": 21,
        "team": "KT",
        "pa": 460,
        "ops": 0.711,
        "avg": 0.231,
        "obp": 0.337,
        "slg": 0.374,
        "rbi": 63,
        "sb": 1,
        "hr": 14
      },
      {
        "name": "박경수",
        "year": 21,
        "team": "KT",
        "pa": 280,
        "ops": 0.648,
        "avg": 0.192,
        "obp": 0.301,
        "slg": 0.347,
        "rbi": 33,
        "sb": 0,
        "hr": 9
      },
      {
        "name": "알몬테",
        "year": 21,
        "team": "KT",
        "pa": 250,
        "ops": 0.74,
        "avg": 0.271,
        "obp": 0.336,
        "slg": 0.404,
        "rbi": 36,
        "sb": 1,
        "hr": 7
      },
      {
        "name": "호잉",
        "year": 21,
        "team": "KT",
        "pa": 294,
        "ops": 0.73,
        "avg": 0.239,
        "obp": 0.313,
        "slg": 0.417,
        "rbi": 52,
        "sb": 5,
        "hr": 11
      },
      {
        "name": "유한준",
        "year": 21,
        "team": "KT",
        "pa": 337,
        "ops": 0.827,
        "avg": 0.309,
        "obp": 0.409,
        "slg": 0.418,
        "rbi": 42,
        "sb": 1,
        "hr": 5
      },
      {
        "name": "황재균",
        "year": 21,
        "team": "KT",
        "pa": 507,
        "ops": 0.76,
        "avg": 0.291,
        "obp": 0.358,
        "slg": 0.402,
        "rbi": 56,
        "sb": 11,
        "hr": 10
      },
      {
        "name": "심우준",
        "year": 21,
        "team": "KT",
        "pa": 460,
        "ops": 0.694,
        "avg": 0.268,
        "obp": 0.323,
        "slg": 0.371,
        "rbi": 48,
        "sb": 16,
        "hr": 6
      },
      {
        "name": "배정대",
        "year": 21,
        "team": "KT",
        "pa": 595,
        "ops": 0.731,
        "avg": 0.259,
        "obp": 0.353,
        "slg": 0.378,
        "rbi": 68,
        "sb": 19,
        "hr": 12
      }
    ]
  },
  {
    "generation": 5,
    "expected_score": 6.02,
    "lineup": [
      "유한준",
      "배정대",
      "강백호",
      "알몬테",
      "장성우",
      "호잉",
      "황재균",
      "심우준",
      "박경수"
    ],
    "player_stats": [
      {
        "name": "유한준",
        "year": 21,
        "team": "KT",
        "pa": 337,
        "ops": 0.827,
        "avg": 0.309,
        "obp": 0.409,
        "slg": 0.418,
        "rbi": 42,
        "sb": 1,
        "hr": 5
      },
      {
        "name": "배정대",
        "year": 21,
        "team": "KT",
        "pa": 595,
        "ops": 0.731,
        "avg": 0.259,
        "obp": 0.353,
        "slg": 0.378,
        "rbi": 68,
        "sb": 19,
        "hr": 12
      },
      {
        "name": "강백호",
        "year": 21,
        "team": "KT",
        "pa": 627,
        "ops": 0.971,
        "avg": 0.347,
        "obp": 0.45,
        "slg": 0.521,
        "rbi": 102,
        "sb": 10,
        "hr": 16
      },
      {
        "name": "알몬테",
        "year": 21,
        "team": "KT",
        "pa": 250,
        "ops": 0.74,
        "avg": 0.271,
        "obp": 0.336,
        "slg": 0.404,
        "rbi": 36,
        "sb": 1,
        "hr": 7
      },
      {
        "name": "장성우",
        "year": 21,
        "team": "KT",
        "pa": 460,
        "ops": 0.711,
        "avg": 0.231,
        "obp": 0.337,
        "slg": 0.374,
        "rbi": 63,
        "sb": 1,
        "hr": 14
      },
      {
        "name": "호잉",
        "year": 21,
        "team": "KT",
        "pa": 294,
        "ops": 0.73,
        "avg": 0.239,
        "obp": 0.313,
        "slg": 0.417,
        "rbi": 52,
        "sb": 5,
        "hr": 11
      },
      {
        "name": "황재균",
        "year": 21,
        "team": "KT",
        "pa": 507,
        "ops": 0.76,
        "avg": 0.291,
        "obp": 0.358,
        "slg": 0.402,
        "rbi": 56,
        "sb": 11,
        "hr": 10
      },
      {
        "name": "심우준",
        "year": 21,
        "team": "KT",
        "pa": 460,
        "ops": 0.694,
        "avg": 0.268,
        "obp": 0.323,
        "slg": 0.371,
        "rbi": 48,
        "sb": 16,
        "hr": 6
      },
      {
        "name": "박경수",
        "year": 21,
        "team": "KT",
        "pa": 280,
        "ops": 0.648,
        "avg": 0.192,
        "obp": 0.301,
        "slg": 0.347,
        "rbi": 33,
        "sb": 0,
        "hr": 9
      }
    ]
  },
  {
    "generation": 6,
    "expected_score": 5.895,
    "lineup": [
      "알몬테",
      "장성우",
      "박경수",
      "강백호",
      "황재균",
      "배정대",
      "심우준",
      "유한준",
      "호잉"
    ],
    "player_stats": [
      {
        "name": "알몬테",
        "year": 21,
        "team": "KT",
        "pa": 250,
        "ops": 0.74,
        "avg": 0.271,
        "obp": 0.336,
        "slg": 0.404,
        "rbi": 36,
        "sb": 1,
        "hr": 7
      },
      {
        "name": "장성우",
        "year": 21,
        "team": "KT",
        "pa": 460,
        "ops": 0.711,
        "avg": 0.231,
        "obp": 0.337,
        "slg": 0.374,
        "rbi": 63,
        "sb": 1,
        "hr": 14
      },
      {
        "name": "박경수",
        "year": 21,
        "team": "KT",
        "pa": 280,
        "ops": 0.648,
        "avg": 0.192,
        "obp": 0.301,
        "slg": 0.347,
        "rbi": 33,
        "sb": 0,
        "hr": 9
      },
      {
        "name": "강백호",
        "year": 21,
        "team": "KT",
        "pa": 627,
        "ops": 0.971,
        "avg": 0.347,
        "obp": 0.45,
        "slg": 0.521,
        "rbi": 102,
        "sb": 10,
        "hr": 16
      },
      {
        "name": "황재균",
        "year": 21,
        "team": "KT",
        "pa": 507,
        "ops": 0.76,
        "avg": 0.291,
        "obp": 0.358,
        "slg": 0.402,
        "rbi": 56,
        "sb": 11,
        "hr": 10
      },
      {
        "name": "배정대",
        "year": 21,
        "team": "KT",
        "pa": 595,
        "ops": 0.731,
        "avg": 0.259,
        "obp": 0.353,
        "slg": 0.378,
        "rbi": 68,
        "sb": 19,
        "hr": 12
      },
      {
        "name": "심우준",
        "year": 21,
        "team": "KT",
        "pa": 460,
        "ops": 0.694,
        "avg": 0.268,
        "obp": 0.323,
        "slg": 0.371,
        "rbi": 48,
        "sb": 16,
        "hr": 6
      },
      {
        "name": "유한준",
        "year": 21,
        "team": "KT",
        "pa": 337,
        "ops": 0.827,
        "avg": 0.309,
        "obp": 0.409,
        "slg": 0.418,
        "rbi": 42,
        "sb": 1,
        "hr": 5
      },
      {
        "name": "호잉",
        "year": 21,
        "team": "KT",
        "pa": 294,
        "ops": 0.73,
        "avg": 0.239,
        "obp": 0.313,
        "slg": 0.417,
        "rbi": 52,
        "sb": 5,
        "hr": 11
      }
    ]
  },
  {
    "generation": 7,
    "expected_score": 5.88,
    "lineup": [
      "유한준",
      "배정대",
      "강백호",
      "장성우",
      "호잉",
      "박경수",
      "알몬테",
      "황재균",
      "심우준"
    ],
    "player_stats": [
      {
        "name": "유한준",
        "year": 21,
        "team": "KT",
        "pa": 337,
        "ops": 0.827,
        "avg": 0.309,
        "obp": 0.409,
        "slg": 0.418,
        "rbi": 42,
        "sb": 1,
        "hr": 5
      },
      {
        "name": "배정대",
        "year": 21,
        "team": "KT",
        "pa": 595,
        "ops": 0.731,
        "avg": 0.259,
        "obp": 0.353,
        "slg": 0.378,
        "rbi": 68,
        "sb": 19,
        "hr": 12
      },
      {
        "name": "강백호",
        "year": 21,
        "team": "KT",
        "pa": 627,
        "ops": 0.971,
        "avg": 0.347,
        "obp": 0.45,
        "slg": 0.521,
        "rbi": 102,
        "sb": 10,
        "hr": 16
      },
      {
        "name": "장성우",
        "year": 21,
        "team": "KT",
        "pa": 460,
        "ops": 0.711,
        "avg": 0.231,
        "obp": 0.337,
        "slg": 0.374,
        "rbi": 63,
        "sb": 1,
        "hr": 14
      },
      {
        "name": "호잉",
        "year": 21,
        "team": "KT",
        "pa": 294,
        "ops": 0.73,
        "avg": 0.239,
        "obp": 0.313,
        "slg": 0.417,
        "rbi": 52,
        "sb": 5,
        "hr": 11
      },
      {
        "name": "박경수",
        "year": 21,
        "team": "KT",
        "pa": 280,
        "ops": 0.648,
        "avg": 0.192,
        "obp": 0.301,
        "slg": 0.347,
        "rbi": 33,
        "sb": 0,
        "hr": 9
      },
      {
        "name": "알몬테",
        "year": 21,
        "team": "KT",
        "pa": 250,
        "ops": 0.74,
        "avg": 0.271,
        "obp": 0.336,
        "slg": 0.404,
        "rbi": 36,
        "sb": 1,
        "hr": 7
      },
      {
        "name": "황재균",
        "year": 21,
        "team": "KT",
        "pa": 507,
        "ops": 0.76,
        "avg": 0.291,
        "obp": 0.358,
        "slg": 0.402,
        "rbi": 56,
        "sb": 11,
        "hr": 10
      },
      {
        "name": "심우준",
        "year": 21,
        "team": "KT",
        "pa": 460,
        "ops": 0.694,
        "avg": 0.268,
        "obp": 0.323,
        "slg": 0.371,
        "rbi": 48,
        "sb": 16,
        "hr": 6
      }
    ]
  },
  {
    "generation": 8,
    "expected_score": 6.105,
    "lineup": [
      "강백호",
      "장성우",
      "유한준",
      "박경수",
      "알몬테",
      "호잉",
      "배정대",
      "심우준",
      "황재균"
    ],
    "player_stats": [
      {
        "name": "강백호",
        "year": 21,
        "team": "KT",
        "pa": 627,
        "ops": 0.971,
        "avg": 0.347,
        "obp": 0.45,
        "slg": 0.521,
        "rbi": 102,
        "sb": 10,
        "hr": 16
      },
      {
        "name": "장성우",
        "year": 21,
        "team": "KT",
        "pa": 460,
        "ops": 0.711,
        "avg": 0.231,
        "obp": 0.337,
        "slg": 0.374,
        "rbi": 63,
        "sb": 1,
        "hr": 14
      },
      {
        "name": "유한준",
        "year": 21,
        "team": "KT",
        "pa": 337,
        "ops": 0.827,
        "avg": 0.309,
        "obp": 0.409,
        "slg": 0.418,
        "rbi": 42,
        "sb": 1,
        "hr": 5
      },
      {
        "name": "박경수",
        "year": 21,
        "team": "KT",
        "pa": 280,
        "ops": 0.648,
        "avg": 0.192,
        "obp": 0.301,
        "slg": 0.347,
        "rbi": 33,
        "sb": 0,
        "hr": 9
      },
      {
        "name": "알몬테",
        "year": 21,
        "team": "KT",
        "pa": 250,
        "ops": 0.74,
        "avg": 0.271,
        "obp": 0.336,
        "slg": 0.404,
        "rbi": 36,
        "sb": 1,
        "hr": 7
      },
      {
        "name": "호잉",
        "year": 21,
        "team": "KT",
        "pa": 294,
        "ops": 0.73,
        "avg": 0.239,
        "obp": 0.313,
        "slg": 0.417,
        "rbi": 52,
        "sb": 5,
        "hr": 11
      },
      {
        "name": "배정대",
        "year": 21,
        "team": "KT",
        "pa": 595,
        "ops": 0.731,
        "avg": 0.259,
        "obp": 0.353,
        "slg": 0.378,
        "rbi": 68,
        "sb": 19,
        "hr": 12
      },
      {
        "name": "심우준",
        "year": 21,
        "team": "KT",
        "pa": 460,
        "ops": 0.694,
        "avg": 0.268,
        "obp": 0.323,
        "slg": 0.371,
        "rbi": 48,
        "sb": 16,
        "hr": 6
      },
      {
        "name": "황재균",
        "year": 21,
        "team": "KT",
        "pa": 507,
        "ops": 0.76,
        "avg": 0.291,
        "obp": 0.358,
        "slg": 0.402,
        "rbi": 56,
        "sb": 11,
        "hr": 10
      }
    ]
  },
  {
    "generation": 9,
    "expected_score": 5.97,
    "lineup": [
      "강백호",
      "장성우",
      "유한준",
      "알몬테",
      "심우준",
      "박경수",
      "호잉",
      "배정대",
      "황재균"
    ],
    "player_stats": [
      {
        "name": "강백호",
        "year": 21,
        "team": "KT",
        "pa": 627,
        "ops": 0.971,
        "avg": 0.347,
        "obp": 0.45,
        "slg": 0.521,
        "rbi": 102,
        "sb": 10,
        "hr": 16
      },
      {
        "name": "장성우",
        "year": 21,
        "team": "KT",
        "pa": 460,
        "ops": 0.711,
        "avg": 0.231,
        "obp": 0.337,
        "slg": 0.374,
        "rbi": 63,
        "sb": 1,
        "hr": 14
      },
      {
        "name": "유한준",
        "year": 21,
        "team": "KT",
        "pa": 337,
        "ops": 0.827,
        "avg": 0.309,
        "obp": 0.409,
        "slg": 0.418,
        "rbi": 42,
        "sb": 1,
        "hr": 5
      },
      {
        "name": "알몬테",
        "year": 21,
        "team": "KT",
        "pa": 250,
        "ops": 0.74,
        "avg": 0.271,
        "obp": 0.336,
        "slg": 0.404,
        "rbi": 36,
        "sb": 1,
        "hr": 7
      },
      {
        "name": "심우준",
        "year": 21,
        "team": "KT",
        "pa": 460,
        "ops": 0.694,
        "avg": 0.268,
        "obp": 0.323,
        "slg": 0.371,
        "rbi": 48,
        "sb": 16,
        "hr": 6
      },
      {
        "name": "박경수",
        "year": 21,
        "team": "KT",
        "pa": 280,
        "ops": 0.648,
        "avg": 0.192,
        "obp": 0.301,
        "slg": 0.347,
        "rbi": 33,
        "sb": 0,
        "hr": 9
      },
      {
        "name": "호잉",
        "year": 21,
        "team": "KT",
        "pa": 294,
        "ops": 0.73,
        "avg": 0.239,
        "obp": 0.313,
        "slg": 0.417,
        "rbi": 52,
        "sb": 5,
        "hr": 11
      },
      {
        "name": "배정대",
        "year": 21,
        "team": "KT",
        "pa": 595,
        "ops": 0.731,
        "avg": 0.259,
        "obp": 0.353,
        "slg": 0.378,
        "rbi": 68,
        "sb": 19,
        "hr": 12
      },
      {
        "name": "황재균",
        "year": 21,
        "team": "KT",
        "pa": 507,
        "ops": 0.76,
        "avg": 0.291,
        "obp": 0.358,
        "slg": 0.402,
        "rbi": 56,
        "sb": 11,
        "hr": 10
      }
    ]
  },
  {
    "generation": 10,
    "expected_score": 5.97,
    "lineup": [
      "배정대",
      "강백호",
      "유한준",
      "박경수",
      "장성우",
      "심우준",
      "알몬테",
      "황재균",
      "호잉"
    ],
    "player_stats": [
      {
        "name": "배정대",
        "year": 21,
        "team": "KT",
        "pa": 595,
        "ops": 0.731,
        "avg": 0.259,
        "obp": 0.353,
        "slg": 0.378,
        "rbi": 68,
        "sb": 19,
        "hr": 12
      },
      {
        "name": "강백호",
        "year": 21,
        "team": "KT",
        "pa": 627,
        "ops": 0.971,
        "avg": 0.347,
        "obp": 0.45,
        "slg": 0.521,
        "rbi": 102,
        "sb": 10,
        "hr": 16
      },
      {
        "name": "유한준",
        "year": 21,
        "team": "KT",
        "pa": 337,
        "ops": 0.827,
        "avg": 0.309,
        "obp": 0.409,
        "slg": 0.418,
        "rbi": 42,
        "sb": 1,
        "hr": 5
      },
      {
        "name": "박경수",
        "year": 21,
        "team": "KT",
        "pa": 280,
        "ops": 0.648,
        "avg": 0.192,
        "obp": 0.301,
        "slg": 0.347,
        "rbi": 33,
        "sb": 0,
        "hr": 9
      },
      {
        "name": "장성우",
        "year": 21,
        "team": "KT",
        "pa": 460,
        "ops": 0.711,
        "avg": 0.231,
        "obp": 0.337,
        "slg": 0.374,
        "rbi": 63,
        "sb": 1,
        "hr": 14
      },
      {
        "name": "심우준",
        "year": 21,
        "team": "KT",
        "pa": 460,
        "ops": 0.694,
        "avg": 0.268,
        "obp": 0.323,
        "slg": 0.371,
        "rbi": 48,
        "sb": 16,
        "hr": 6
      },
      {
        "name": "알몬테",
        "year": 21,
        "team": "KT",
        "pa": 250,
        "ops": 0.74,
        "avg": 0.271,
        "obp": 0.336,
        "slg": 0.404,
        "rbi": 36,
        "sb": 1,
        "hr": 7
      },
      {
        "name": "황재균",
        "year": 21,
        "team": "KT",
        "pa": 507,
        "ops": 0.76,
        "avg": 0.291,
        "obp": 0.358,
        "slg": 0.402,
        "rbi": 56,
        "sb": 11,
        "hr": 10
      },
      {
        "name": "호잉",
        "year": 21,
        "team": "KT",
        "pa": 294,
        "ops": 0.73,
        "avg": 0.239,
        "obp": 0.313,
        "slg": 0.417,
        "rbi": 52,
        "sb": 5,
        "hr": 11
      }
    ]
  },
  {
    "generation": 11,
    "expected_score": 6.17,
    "lineup": [
      "황재균",
      "강백호",
      "유한준",
      "심우준",
      "알몬테",
      "박경수",
      "장성우",
      "배정대",
      "호잉"
    ],
    "player_stats": [
      {
        "name": "황재균",
        "year": 21,
        "team": "KT",
        "pa": 507,
        "ops": 0.76,
        "avg": 0.291,
        "obp": 0.358,
        "slg": 0.402,
        "rbi": 56,
        "sb": 11,
        "hr": 10
      },
      {
        "name": "강백호",
        "year": 21,
        "team": "KT",
        "pa": 627,
        "ops": 0.971,
        "avg": 0.347,
        "obp": 0.45,
        "slg": 0.521,
        "rbi": 102,
        "sb": 10,
        "hr": 16
      },
      {
        "name": "유한준",
        "year": 21,
        "team": "KT",
        "pa": 337,
        "ops": 0.827,
        "avg": 0.309,
        "obp": 0.409,
        "slg": 0.418,
        "rbi": 42,
        "sb": 1,
        "hr": 5
      },
      {
        "name": "심우준",
        "year": 21,
        "team": "KT",
        "pa": 460,
        "ops": 0.694,
        "avg": 0.268,
        "obp": 0.323,
        "slg": 0.371,
        "rbi": 48,
        "sb": 16,
        "hr": 6
      },
      {
        "name": "알몬테",
        "year": 21,
        "team": "KT",
        "pa": 250,
        "ops": 0.74,
        "avg": 0.271,
        "obp": 0.336,
        "slg": 0.404,
        "rbi": 36,
        "sb": 1,
        "hr": 7
      },
      {
        "name": "박경수",
        "year": 21,
        "team": "KT",
        "pa": 280,
        "ops": 0.648,
        "avg": 0.192,
        "obp": 0.301,
        "slg": 0.347,
        "rbi": 33,
        "sb": 0,
        "hr": 9
      },
      {
        "name": "장성우",
        "year": 21,
        "team": "KT",
        "pa": 460,
        "ops": 0.711,
        "avg": 0.231,
        "obp": 0.337,
        "slg": 0.374,
        "rbi": 63,
        "sb": 1,
        "hr": 14
      },
      {
        "name": "배정대",
        "year": 21,
        "team": "KT",
        "pa": 595,
        "ops": 0.731,
        "avg": 0.259,
        "obp": 0.353,
        "slg": 0.378,
        "rbi": 68,
        "sb": 19,
        "hr": 12
      },
      {
        "name": "호잉",
        "year": 21,
        "team": "KT",
        "pa": 294,
        "ops": 0.73,
        "avg": 0.239,
        "obp": 0.313,
        "slg": 0.417,
        "rbi": 52,
        "sb": 5,
        "hr": 11
      }
    ]
  },
  {
    "generation": 12,
    "expected_score": 6.01,
    "lineup": [
      "황재균",
      "강백호",
      "유한준",
      "배정대",
      "알몬테",
      "호잉",
      "심우준",
      "박경수",
      "장성우"
    ],
    "player_stats": [
      {
        "name": "황재균",
        "year": 21,
        "team": "KT",
        "pa": 507,
        "ops": 0.76,
        "avg": 0.291,
        "obp": 0.358,
        "slg": 0.402,
        "rbi": 56,
        "sb": 11,
        "hr": 10
      },
      {
        "name": "강백호",
        "year": 21,
        "team": "KT",
        "pa": 627,
        "ops": 0.971,
        "avg": 0.347,
        "obp": 0.45,
        "slg": 0.521,
        "rbi": 102,
        "sb": 10,
        "hr": 16
      },
      {
        "name": "유한준",
        "year": 21,
        "team": "KT",
        "pa": 337,
        "ops": 0.827,
        "avg": 0.309,
        "obp": 0.409,
        "slg": 0.418,
        "rbi": 42,
        "sb": 1,
        "hr": 5
      },
      {
        "name": "배정대",
        "year": 21,
        "team": "KT",
        "pa": 595,
        "ops": 0.731,
        "avg": 0.259,
        "obp": 0.353,
        "slg": 0.378,
        "rbi": 68,
        "sb": 19,
        "hr": 12
      },
      {
        "name": "알몬테",
        "year": 21,
        "team": "KT",
        "pa": 250,
        "ops": 0.74,
        "avg": 0.271,
        "obp": 0.336,
        "slg": 0.404,
        "rbi": 36,
        "sb": 1,
        "hr": 7
      },
      {
        "name": "호잉",
        "year": 21,
        "team": "KT",
        "pa": 294,
        "ops": 0.73,
        "avg": 0.239,
        "obp": 0.313,
        "slg": 0.417,
        "rbi": 52,
        "sb": 5,
        "hr": 11
      },
      {
        "name": "심우준",
        "year": 21,
        "team": "KT",
        "pa": 460,
        "ops": 0.694,
        "avg": 0.268,
        "obp": 0.323,
        "slg": 0.371,
        "rbi": 48,
        "sb": 16,
        "hr": 6
      },
      {
        "name": "박경수",
        "year": 21,
        "team": "KT",
        "pa": 280,
        "ops": 0.648,
        "avg": 0.192,
        "obp": 0.301,
        "slg": 0.347,
        "rbi": 33,
        "sb": 0,
        "hr": 9
      },
      {
        "name": "장성우",
        "year": 21,
        "team": "KT",
        "pa": 460,
        "ops": 0.711,
        "avg": 0.231,
        "obp": 0.337,
        "slg": 0.374,
        "rbi": 63,
        "sb": 1,
        "hr": 14
      }
    ]
  },
  {
    "generation": 13,
    "expected_score": 6.005,
    "lineup": [
      "유한준",
      "배정대",
      "강백호",
      "장성우",
      "호잉",
      "황재균",
      "심우준",
      "박경수",
      "알몬테"
    ],
    "player_stats": [
      {
        "name": "유한준",
        "year": 21,
        "team": "KT",
        "pa": 337,
        "ops": 0.827,
        "avg": 0.309,
        "obp": 0.409,
        "slg": 0.418,
        "rbi": 42,
        "sb": 1,
        "hr": 5
      },
      {
        "name": "배정대",
        "year": 21,
        "team": "KT",
        "pa": 595,
        "ops": 0.731,
        "avg": 0.259,
        "obp": 0.353,
        "slg": 0.378,
        "rbi": 68,
        "sb": 19,
        "hr": 12
      },
      {
        "name": "강백호",
        "year": 21,
        "team": "KT",
        "pa": 627,
        "ops": 0.971,
        "avg": 0.347,
        "obp": 0.45,
        "slg": 0.521,
        "rbi": 102,
        "sb": 10,
        "hr": 16
      },
      {
        "name": "장성우",
        "year": 21,
        "team": "KT",
        "pa": 460,
        "ops": 0.711,
        "avg": 0.231,
        "obp": 0.337,
        "slg": 0.374,
        "rbi": 63,
        "sb": 1,
        "hr": 14
      },
      {
        "name": "호잉",
        "year": 21,
        "team": "KT",
        "pa": 294,
        "ops": 0.73,
        "avg": 0.239,
        "obp": 0.313,
        "slg": 0.417,
        "rbi": 52,
        "sb": 5,
        "hr": 11
      },
      {
        "name": "황재균",
        "year": 21,
        "team": "KT",
        "pa": 507,
        "ops": 0.76,
        "avg": 0.291,
        "obp": 0.358,
        "slg": 0.402,
        "rbi": 56,
        "sb": 11,
        "hr": 10
      },
      {
        "name": "심우준",
        "year": 21,
        "team": "KT",
        "pa": 460,
        "ops": 0.694,
        "avg": 0.268,
        "obp": 0.323,
        "slg": 0.371,
        "rbi": 48,
        "sb": 16,
        "hr": 6
      },
      {
        "name": "박경수",
        "year": 21,
        "team": "KT",
        "pa": 280,
        "ops": 0.648,
        "avg": 0.192,
        "obp": 0.301,
        "slg": 0.347,
        "rbi": 33,
        "sb": 0,
        "hr": 9
      },
      {
        "name": "알몬테",
        "year": 21,
        "team": "KT",
        "pa": 250,
        "ops": 0.74,
        "avg": 0.271,
        "obp": 0.336,
        "slg": 0.404,
        "rbi": 36,
        "sb": 1,
        "hr": 7
      }
    ]
  },
  {
    "generation": 14,
    "expected_score": 5.965,
    "lineup": [
      "강백호",
      "장성우",
      "알몬테",
      "유한준",
      "황재균",
      "박경수",
      "심우준",
      "호잉",
      "배정대"
    ],
    "player_stats": [
      {
        "name": "강백호",
        "year": 21,
        "team": "KT",
        "pa": 627,
        "ops": 0.971,
        "avg": 0.347,
        "obp": 0.45,
        "slg": 0.521,
        "rbi": 102,
        "sb": 10,
        "hr": 16
      },
      {
        "name": "장성우",
        "year": 21,
        "team": "KT",
        "pa": 460,
        "ops": 0.711,
        "avg": 0.231,
        "obp": 0.337,
        "slg": 0.374,
        "rbi": 63,
        "sb": 1,
        "hr": 14
      },
      {
        "name": "알몬테",
        "year": 21,
        "team": "KT",
        "pa": 250,
        "ops": 0.74,
        "avg": 0.271,
        "obp": 0.336,
        "slg": 0.404,
        "rbi": 36,
        "sb": 1,
        "hr": 7
      },
      {
        "name": "유한준",
        "year": 21,
        "team": "KT",
        "pa": 337,
        "ops": 0.827,
        "avg": 0.309,
        "obp": 0.409,
        "slg": 0.418,
        "rbi": 42,
        "sb": 1,
        "hr": 5
      },
      {
        "name": "황재균",
        "year": 21,
        "team": "KT",
        "pa": 507,
        "ops": 0.76,
        "avg": 0.291,
        "obp": 0.358,
        "slg": 0.402,
        "rbi": 56,
        "sb": 11,
        "hr": 10
      },
      {
        "name": "박경수",
        "year": 21,
        "team": "KT",
        "pa": 280,
        "ops": 0.648,
        "avg": 0.192,
        "obp": 0.301,
        "slg": 0.347,
        "rbi": 33,
        "sb": 0,
        "hr": 9
      },
      {
        "name": "심우준",
        "year": 21,
        "team": "KT",
        "pa": 460,
        "ops": 0.694,
        "avg": 0.268,
        "obp": 0.323,
        "slg": 0.371,
        "rbi": 48,
        "sb": 16,
        "hr": 6
      },
      {
        "name": "호잉",
        "year": 21,
        "team": "KT",
        "pa": 294,
        "ops": 0.73,
        "avg": 0.239,
        "obp": 0.313,
        "slg": 0.417,
        "rbi": 52,
        "sb": 5,
        "hr": 11
      },
      {
        "name": "배정대",
        "year": 21,
        "team": "KT",
        "pa": 595,
        "ops": 0.731,
        "avg": 0.259,
        "obp": 0.353,
        "slg": 0.378,
        "rbi": 68,
        "sb": 19,
        "hr": 12
      }
    ]
  },
  {
    "generation": 15,
    "expected_score": 5.985,
    "lineup": [
      "강백호",
      "장성우",
      "알몬테",
      "유한준",
      "황재균",
      "박경수",
      "배정대",
      "호잉",
      "심우준"
    ],
    "player_stats": [
      {
        "name": "강백호",
        "year": 21,
        "team": "KT",
        "pa": 627,
        "ops": 0.971,
        "avg": 0.347,
        "obp": 0.45,
        "slg": 0.521,
        "rbi": 102,
        "sb": 10,
        "hr": 16
      },
      {
        "name": "장성우",
        "year": 21,
        "team": "KT",
        "pa": 460,
        "ops": 0.711,
        "avg": 0.231,
        "obp": 0.337,
        "slg": 0.374,
        "rbi": 63,
        "sb": 1,
        "hr": 14
      },
      {
        "name": "알몬테",
        "year": 21,
        "team": "KT",
        "pa": 250,
        "ops": 0.74,
        "avg": 0.271,
        "obp": 0.336,
        "slg": 0.404,
        "rbi": 36,
        "sb": 1,
        "hr": 7
      },
      {
        "name": "유한준",
        "year": 21,
        "team": "KT",
        "pa": 337,
        "ops": 0.827,
        "avg": 0.309,
        "obp": 0.409,
        "slg": 0.418,
        "rbi": 42,
        "sb": 1,
        "hr": 5
      },
      {
        "name": "황재균",
        "year": 21,
        "team": "KT",
        "pa": 507,
        "ops": 0.76,
        "avg": 0.291,
        "obp": 0.358,
        "slg": 0.402,
        "rbi": 56,
        "sb": 11,
        "hr": 10
      },
      {
        "name": "박경수",
        "year": 21,
        "team": "KT",
        "pa": 280,
        "ops": 0.648,
        "avg": 0.192,
        "obp": 0.301,
        "slg": 0.347,
        "rbi": 33,
        "sb": 0,
        "hr": 9
      },
      {
        "name": "배정대",
        "year": 21,
        "team": "KT",
        "pa": 595,
        "ops": 0.731,
        "avg": 0.259,
        "obp": 0.353,
        "slg": 0.378,
        "rbi": 68,
        "sb": 19,
        "hr": 12
      },
      {
        "name": "호잉",
        "year": 21,
        "team": "KT",
        "pa": 294,
        "ops": 0.73,
        "avg": 0.239,
        "obp": 0.313,
        "slg": 0.417,
        "rbi": 52,
        "sb": 5,
        "hr": 11
      },
      {
        "name": "심우준",
        "year": 21,
        "team": "KT",
        "pa": 460,
        "ops": 0.694,
        "avg": 0.268,
        "obp": 0.323,
        "slg": 0.371,
        "rbi": 48,
        "sb": 16,
        "hr": 6
      }
    ]
  },
  {
    "generation": 16,
    "expected_score": 6.045,
    "lineup": [
      "호잉",
      "강백호",
      "유한준",
      "장성우",
      "알몬테",
      "박경수",
      "배정대",
      "황재균",
      "심우준"
    ],
    "player_stats": [
      {
        "name": "호잉",
        "year": 21,
        "team": "KT",
        "pa": 294,
        "ops": 0.73,
        "avg": 0.239,
        "obp": 0.313,
        "slg": 0.417,
        "rbi": 52,
        "sb": 5,
        "hr": 11
      },
      {
        "name": "강백호",
        "year": 21,
        "team": "KT",
        "pa": 627,
        "ops": 0.971,
        "avg": 0.347,
        "obp": 0.45,
        "slg": 0.521,
        "rbi": 102,
        "sb": 10,
        "hr": 16
      },
      {
        "name": "유한준",
        "year": 21,
        "team": "KT",
        "pa": 337,
        "ops": 0.827,
        "avg": 0.309,
        "obp": 0.409,
        "slg": 0.418,
        "rbi": 42,
        "sb": 1,
        "hr": 5
      },
      {
        "name": "장성우",
        "year": 21,
        "team": "KT",
        "pa": 460,
        "ops": 0.711,
        "avg": 0.231,
        "obp": 0.337,
        "slg": 0.374,
        "rbi": 63,
        "sb": 1,
        "hr": 14
      },
      {
        "name": "알몬테",
        "year": 21,
        "team": "KT",
        "pa": 250,
        "ops": 0.74,
        "avg": 0.271,
        "obp": 0.336,
        "slg": 0.404,
        "rbi": 36,
        "sb": 1,
        "hr": 7
      },
      {
        "name": "박경수",
        "year": 21,
        "team": "KT",
        "pa": 280,
        "ops": 0.648,
        "avg": 0.192,
        "obp": 0.301,
        "slg": 0.347,
        "rbi": 33,
        "sb": 0,
        "hr": 9
      },
      {
        "name": "배정대",
        "year": 21,
        "team": "KT",
        "pa": 595,
        "ops": 0.731,
        "avg": 0.259,
        "obp": 0.353,
        "slg": 0.378,
        "rbi": 68,
        "sb": 19,
        "hr": 12
      },
      {
        "name": "황재균",
        "year": 21,
        "team": "KT",
        "pa": 507,
        "ops": 0.76,
        "avg": 0.291,
        "obp": 0.358,
        "slg": 0.402,
        "rbi": 56,
        "sb": 11,
        "hr": 10
      },
      {
        "name": "심우준",
        "year": 21,
        "team": "KT",
        "pa": 460,
        "ops": 0.694,
        "avg": 0.268,
        "obp": 0.323,
        "slg": 0.371,
        "rbi": 48,
        "sb": 16,
        "hr": 6
      }
    ]
  },
  {
    "generation": 17,
    "expected_score": 6.11,
    "lineup": [
      "황재균",
      "강백호",
      "알몬테",
      "유한준",
      "장성우",
      "호잉",
      "박경수",
      "심우준",
      "배정대"
    ],
    "player_stats": [
      {
        "name": "황재균",
        "year": 21,
        "team": "KT",
        "pa": 507,
        "ops": 0.76,
        "avg": 0.291,
        "obp": 0.358,
        "slg": 0.402,
        "rbi": 56,
        "sb": 11,
        "hr": 10
      },
      {
        "name": "강백호",
        "year": 21,
        "team": "KT",
        "pa": 627,
        "ops": 0.971,
        "avg": 0.347,
        "obp": 0.45,
        "slg": 0.521,
        "rbi": 102,
        "sb": 10,
        "hr": 16
      },
      {
        "name": "알몬테",
        "year": 21,
        "team": "KT",
        "pa": 250,
        "ops": 0.74,
        "avg": 0.271,
        "obp": 0.336,
        "slg": 0.404,
        "rbi": 36,
        "sb": 1,
        "hr": 7
      },
      {
        "name": "유한준",
        "year": 21,
        "team": "KT",
        "pa": 337,
        "ops": 0.827,
        "avg": 0.309,
        "obp": 0.409,
        "slg": 0.418,
        "rbi": 42,
        "sb": 1,
        "hr": 5
      },
      {
        "name": "장성우",
        "year": 21,
        "team": "KT",
        "pa": 460,
        "ops": 0.711,
        "avg": 0.231,
        "obp": 0.337,
        "slg": 0.374,
        "rbi": 63,
        "sb": 1,
        "hr": 14
      },
      {
        "name": "호잉",
        "year": 21,
        "team": "KT",
        "pa": 294,
        "ops": 0.73,
        "avg": 0.239,
        "obp": 0.313,
        "slg": 0.417,
        "rbi": 52,
        "sb": 5,
        "hr": 11
      },
      {
        "name": "박경수",
        "year": 21,
        "team": "KT",
        "pa": 280,
        "ops": 0.648,
        "avg": 0.192,
        "obp": 0.301,
        "slg": 0.347,
        "rbi": 33,
        "sb": 0,
        "hr": 9
      },
      {
        "name": "심우준",
        "year": 21,
        "team": "KT",
        "pa": 460,
        "ops": 0.694,
        "avg": 0.268,
        "obp": 0.323,
        "slg": 0.371,
        "rbi": 48,
        "sb": 16,
        "hr": 6
      },
      {
        "name": "배정대",
        "year": 21,
        "team": "KT",
        "pa": 595,
        "ops": 0.731,
        "avg": 0.259,
        "obp": 0.353,
        "slg": 0.378,
        "rbi": 68,
        "sb": 19,
        "hr": 12
      }
    ]
  },
  {
    "generation": 18,
    "expected_score": 5.965,
    "lineup": [
      "강백호",
      "유한준",
      "호잉",
      "장성우",
      "알몬테",
      "박경수",
      "황재균",
      "심우준",
      "배정대"
    ],
    "player_stats": [
      {
        "name": "강백호",
        "year": 21,
        "team": "KT",
        "pa": 627,
        "ops": 0.971,
        "avg": 0.347,
        "obp": 0.45,
        "slg": 0.521,
        "rbi": 102,
        "sb": 10,
        "hr": 16
      },
      {
        "name": "유한준",
        "year": 21,
        "team": "KT",
        "pa": 337,
        "ops": 0.827,
        "avg": 0.309,
        "obp": 0.409,
        "slg": 0.418,
        "rbi": 42,
        "sb": 1,
        "hr": 5
      },
      {
        "name": "호잉",
        "year": 21,
        "team": "KT",
        "pa": 294,
        "ops": 0.73,
        "avg": 0.239,
        "obp": 0.313,
        "slg": 0.417,
        "rbi": 52,
        "sb": 5,
        "hr": 11
      },
      {
        "name": "장성우",
        "year": 21,
        "team": "KT",
        "pa": 460,
        "ops": 0.711,
        "avg": 0.231,
        "obp": 0.337,
        "slg": 0.374,
        "rbi": 63,
        "sb": 1,
        "hr": 14
      },
      {
        "name": "알몬테",
        "year": 21,
        "team": "KT",
        "pa": 250,
        "ops": 0.74,
        "avg": 0.271,
        "obp": 0.336,
        "slg": 0.404,
        "rbi": 36,
        "sb": 1,
        "hr": 7
      },
      {
        "name": "박경수",
        "year": 21,
        "team": "KT",
        "pa": 280,
        "ops": 0.648,
        "avg": 0.192,
        "obp": 0.301,
        "slg": 0.347,
        "rbi": 33,
        "sb": 0,
        "hr": 9
      },
      {
        "name": "황재균",
        "year": 21,
        "team": "KT",
        "pa": 507,
        "ops": 0.76,
        "avg": 0.291,
        "obp": 0.358,
        "slg": 0.402,
        "rbi": 56,
        "sb": 11,
        "hr": 10
      },
      {
        "name": "심우준",
        "year": 21,
        "team": "KT",
        "pa": 460,
        "ops": 0.694,
        "avg": 0.268,
        "obp": 0.323,
        "slg": 0.371,
        "rbi": 48,
        "sb": 16,
        "hr": 6
      },
      {
        "name": "배정대",
        "year": 21,
        "team": "KT",
        "pa": 595,
        "ops": 0.731,
        "avg": 0.259,
        "obp": 0.353,
        "slg": 0.378,
        "rbi": 68,
        "sb": 19,
        "hr": 12
      }
    ]
  },
  {
    "generation": 19,
    "expected_score": 6.275,
    "lineup": [
      "강백호",
      "장성우",
      "유한준",
      "배정대",
      "알몬테",
      "황재균",
      "박경수",
      "심우준",
      "호잉"
    ],
    "player_stats": [
      {
        "name": "강백호",
        "year": 21,
        "team": "KT",
        "pa": 627,
        "ops": 0.971,
        "avg": 0.347,
        "obp": 0.45,
        "slg": 0.521,
        "rbi": 102,
        "sb": 10,
        "hr": 16
      },
      {
        "name": "장성우",
        "year": 21,
        "team": "KT",
        "pa": 460,
        "ops": 0.711,
        "avg": 0.231,
        "obp": 0.337,
        "slg": 0.374,
        "rbi": 63,
        "sb": 1,
        "hr": 14
      },
      {
        "name": "유한준",
        "year": 21,
        "team": "KT",
        "pa": 337,
        "ops": 0.827,
        "avg": 0.309,
        "obp": 0.409,
        "slg": 0.418,
        "rbi": 42,
        "sb": 1,
        "hr": 5
      },
      {
        "name": "배정대",
        "year": 21,
        "team": "KT",
        "pa": 595,
        "ops": 0.731,
        "avg": 0.259,
        "obp": 0.353,
        "slg": 0.378,
        "rbi": 68,
        "sb": 19,
        "hr": 12
      },
      {
        "name": "알몬테",
        "year": 21,
        "team": "KT",
        "pa": 250,
        "ops": 0.74,
        "avg": 0.271,
        "obp": 0.336,
        "slg": 0.404,
        "rbi": 36,
        "sb": 1,
        "hr": 7
      },
      {
        "name": "황재균",
        "year": 21,
        "team": "KT",
        "pa": 507,
        "ops": 0.76,
        "avg": 0.291,
        "obp": 0.358,
        "slg": 0.402,
        "rbi": 56,
        "sb": 11,
        "hr": 10
      },
      {
        "name": "박경수",
        "year": 21,
        "team": "KT",
        "pa": 280,
        "ops": 0.648,
        "avg": 0.192,
        "obp": 0.301,
        "slg": 0.347,
        "rbi": 33,
        "sb": 0,
        "hr": 9
      },
      {
        "name": "심우준",
        "year": 21,
        "team": "KT",
        "pa": 460,
        "ops": 0.694,
        "avg": 0.268,
        "obp": 0.323,
        "slg": 0.371,
        "rbi": 48,
        "sb": 16,
        "hr": 6
      },
      {
        "name": "호잉",
        "year": 21,
        "team": "KT",
        "pa": 294,
        "ops": 0.73,
        "avg": 0.239,
        "obp": 0.313,
        "slg": 0.417,
        "rbi": 52,
        "sb": 5,
        "hr": 11
      }
    ]
  },
  {
    "generation": 20,
    "expected_score": 6.065,
    "lineup": [
      "황재균",
      "강백호",
      "유한준",
      "배정대",
      "장성우",
      "알몬테",
      "박경수",
      "호잉",
      "심우준"
    ],
    "player_stats": [
      {
        "name": "황재균",
        "year": 21,
        "team": "KT",
        "pa": 507,
        "ops": 0.76,
        "avg": 0.291,
        "obp": 0.358,
        "slg": 0.402,
        "rbi": 56,
        "sb": 11,
        "hr": 10
      },
      {
        "name": "강백호",
        "year": 21,
        "team": "KT",
        "pa": 627,
        "ops": 0.971,
        "avg": 0.347,
        "obp": 0.45,
        "slg": 0.521,
        "rbi": 102,
        "sb": 10,
        "hr": 16
      },
      {
        "name": "유한준",
        "year": 21,
        "team": "KT",
        "pa": 337,
        "ops": 0.827,
        "avg": 0.309,
        "obp": 0.409,
        "slg": 0.418,
        "rbi": 42,
        "sb": 1,
        "hr": 5
      },
      {
        "name": "배정대",
        "year": 21,
        "team": "KT",
        "pa": 595,
        "ops": 0.731,
        "avg": 0.259,
        "obp": 0.353,
        "slg": 0.378,
        "rbi": 68,
        "sb": 19,
        "hr": 12
      },
      {
        "name": "장성우",
        "year": 21,
        "team": "KT",
        "pa": 460,
        "ops": 0.711,
        "avg": 0.231,
        "obp": 0.337,
        "slg": 0.374,
        "rbi": 63,
        "sb": 1,
        "hr": 14
      },
      {
        "name": "알몬테",
        "year": 21,
        "team": "KT",
        "pa": 250,
        "ops": 0.74,
        "avg": 0.271,
        "obp": 0.336,
        "slg": 0.404,
        "rbi": 36,
        "sb": 1,
        "hr": 7
      },
      {
        "name": "박경수",
        "year": 21,
        "team": "KT",
        "pa": 280,
        "ops": 0.648,
        "avg": 0.192,
        "obp": 0.301,
        "slg": 0.347,
        "rbi": 33,
        "sb": 0,
        "hr": 9
      },
      {
        "name": "호잉",
        "year": 21,
        "team": "KT",
        "pa": 294,
        "ops": 0.73,
        "avg": 0.239,
        "obp": 0.313,
        "slg": 0.417,
        "rbi": 52,
        "sb": 5,
        "hr": 11
      },
      {
        "name": "심우준",
        "year": 21,
        "team": "KT",
        "pa": 460,
        "ops": 0.694,
        "avg": 0.268,
        "obp": 0.323,
        "slg": 0.371,
        "rbi": 48,
        "sb": 16,
        "hr": 6
      }
    ]
  },
  {
    "generation": 21,
    "expected_score": 5.955,
    "lineup": [
      "강백호",
      "배정대",
      "호잉",
      "장성우",
      "유한준",
      "알몬테",
      "황재균",
      "박경수",
      "심우준"
    ],
    "player_stats": [
      {
        "name": "강백호",
        "year": 21,
        "team": "KT",
        "pa": 627,
        "ops": 0.971,
        "avg": 0.347,
        "obp": 0.45,
        "slg": 0.521,
        "rbi": 102,
        "sb": 10,
        "hr": 16
      },
      {
        "name": "배정대",
        "year": 21,
        "team": "KT",
        "pa": 595,
        "ops": 0.731,
        "avg": 0.259,
        "obp": 0.353,
        "slg": 0.378,
        "rbi": 68,
        "sb": 19,
        "hr": 12
      },
      {
        "name": "호잉",
        "year": 21,
        "team": "KT",
        "pa": 294,
        "ops": 0.73,
        "avg": 0.239,
        "obp": 0.313,
        "slg": 0.417,
        "rbi": 52,
        "sb": 5,
        "hr": 11
      },
      {
        "name": "장성우",
        "year": 21,
        "team": "KT",
        "pa": 460,
        "ops": 0.711,
        "avg": 0.231,
        "obp": 0.337,
        "slg": 0.374,
        "rbi": 63,
        "sb": 1,
        "hr": 14
      },
      {
        "name": "유한준",
        "year": 21,
        "team": "KT",
        "pa": 337,
        "ops": 0.827,
        "avg": 0.309,
        "obp": 0.409,
        "slg": 0.418,
        "rbi": 42,
        "sb": 1,
        "hr": 5
      },
      {
        "name": "알몬테",
        "year": 21,
        "team": "KT",
        "pa": 250,
        "ops": 0.74,
        "avg": 0.271,
        "obp": 0.336,
        "slg": 0.404,
        "rbi": 36,
        "sb": 1,
        "hr": 7
      },
      {
        "name": "황재균",
        "year": 21,
        "team": "KT",
        "pa": 507,
        "ops": 0.76,
        "avg": 0.291,
        "obp": 0.358,
        "slg": 0.402,
        "rbi": 56,
        "sb": 11,
        "hr": 10
      },
      {
        "name": "박경수",
        "year": 21,
        "team": "KT",
        "pa": 280,
        "ops": 0.648,
        "avg": 0.192,
        "obp": 0.301,
        "slg": 0.347,
        "rbi": 33,
        "sb": 0,
        "hr": 9
      },
      {
        "name": "심우준",
        "year": 21,
        "team": "KT",
        "pa": 460,
        "ops": 0.694,
        "avg": 0.268,
        "obp": 0.323,
        "slg": 0.371,
        "rbi": 48,
        "sb": 16,
        "hr": 6
      }
    ]
  },
  {
    "generation": 22,
    "expected_score": 6.19,
    "lineup": [
      "강백호",
      "배정대",
      "호잉",
      "장성우",
      "유한준",
      "알몬테",
      "황재균",
      "박경수",
      "심우준"
    ],
    "player_stats": [
      {
        "name": "강백호",
        "year": 21,
        "team": "KT",
        "pa": 627,
        "ops": 0.971,
        "avg": 0.347,
        "obp": 0.45,
        "slg": 0.521,
        "rbi": 102,
        "sb": 10,
        "hr": 16
      },
      {
        "name": "배정대",
        "year": 21,
        "team": "KT",
        "pa": 595,
        "ops": 0.731,
        "avg": 0.259,
        "obp": 0.353,
        "slg": 0.378,
        "rbi": 68,
        "sb": 19,
        "hr": 12
      },
      {
        "name": "호잉",
        "year": 21,
        "team": "KT",
        "pa": 294,
        "ops": 0.73,
        "avg": 0.239,
        "obp": 0.313,
        "slg": 0.417,
        "rbi": 52,
        "sb": 5,
        "hr": 11
      },
      {
        "name": "장성우",
        "year": 21,
        "team": "KT",
        "pa": 460,
        "ops": 0.711,
        "avg": 0.231,
        "obp": 0.337,
        "slg": 0.374,
        "rbi": 63,
        "sb": 1,
        "hr": 14
      },
      {
        "name": "유한준",
        "year": 21,
        "team": "KT",
        "pa": 337,
        "ops": 0.827,
        "avg": 0.309,
        "obp": 0.409,
        "slg": 0.418,
        "rbi": 42,
        "sb": 1,
        "hr": 5
      },
      {
        "name": "알몬테",
        "year": 21,
        "team": "KT",
        "pa": 250,
        "ops": 0.74,
        "avg": 0.271,
        "obp": 0.336,
        "slg": 0.404,
        "rbi": 36,
        "sb": 1,
        "hr": 7
      },
      {
        "name": "황재균",
        "year": 21,
        "team": "KT",
        "pa": 507,
        "ops": 0.76,
        "avg": 0.291,
        "obp": 0.358,
        "slg": 0.402,
        "rbi": 56,
        "sb": 11,
        "hr": 10
      },
      {
        "name": "박경수",
        "year": 21,
        "team": "KT",
        "pa": 280,
        "ops": 0.648,
        "avg": 0.192,
        "obp": 0.301,
        "slg": 0.347,
        "rbi": 33,
        "sb": 0,
        "hr": 9
      },
      {
        "name": "심우준",
        "year": 21,
        "team": "KT",
        "pa": 460,
        "ops": 0.694,
        "avg": 0.268,
        "obp": 0.323,
        "slg": 0.371,
        "rbi": 48,
        "sb": 16,
        "hr": 6
      }
    ]
  },
  {
    "generation": 23,
    "expected_score": 6.11,
    "lineup": [
      "강백호",
      "배정대",
      "장성우",
      "박경수",
      "유한준",
      "황재균",
      "알몬테",
      "심우준",
      "호잉"
    ],
    "player_stats": [
      {
        "name": "강백호",
        "year": 21,
        "team": "KT",
        "pa": 627,
        "ops": 0.971,
        "avg": 0.347,
        "obp": 0.45,
        "slg": 0.521,
        "rbi": 102,
        "sb": 10,
        "hr": 16
      },
      {
        "name": "배정대",
        "year": 21,
        "team": "KT",
        "pa": 595,
        "ops": 0.731,
        "avg": 0.259,
        "obp": 0.353,
        "slg": 0.378,
        "rbi": 68,
        "sb": 19,
        "hr": 12
      },
      {
        "name": "장성우",
        "year": 21,
        "team": "KT",
        "pa": 460,
        "ops": 0.711,
        "avg": 0.231,
        "obp": 0.337,
        "slg": 0.374,
        "rbi": 63,
        "sb": 1,
        "hr": 14
      },
      {
        "name": "박경수",
        "year": 21,
        "team": "KT",
        "pa": 280,
        "ops": 0.648,
        "avg": 0.192,
        "obp": 0.301,
        "slg": 0.347,
        "rbi": 33,
        "sb": 0,
        "hr": 9
      },
      {
        "name": "유한준",
        "year": 21,
        "team": "KT",
        "pa": 337,
        "ops": 0.827,
        "avg": 0.309,
        "obp": 0.409,
        "slg": 0.418,
        "rbi": 42,
        "sb": 1,
        "hr": 5
      },
      {
        "name": "황재균",
        "year": 21,
        "team": "KT",
        "pa": 507,
        "ops": 0.76,
        "avg": 0.291,
        "obp": 0.358,
        "slg": 0.402,
        "rbi": 56,
        "sb": 11,
        "hr": 10
      },
      {
        "name": "알몬테",
        "year": 21,
        "team": "KT",
        "pa": 250,
        "ops": 0.74,
        "avg": 0.271,
        "obp": 0.336,
        "slg": 0.404,
        "rbi": 36,
        "sb": 1,
        "hr": 7
      },
      {
        "name": "심우준",
        "year": 21,
        "team": "KT",
        "pa": 460,
        "ops": 0.694,
        "avg": 0.268,
        "obp": 0.323,
        "slg": 0.371,
        "rbi": 48,
        "sb": 16,
        "hr": 6
      },
      {
        "name": "호잉",
        "year": 21,
        "team": "KT",
        "pa": 294,
        "ops": 0.73,
        "avg": 0.239,
        "obp": 0.313,
        "slg": 0.417,
        "rbi": 52,
        "sb": 5,
        "hr": 11
      }
    ]
  },
  {
    "generation": 24,
    "expected_score": 6.25,
    "lineup": [
      "장성우",
      "강백호",
      "배정대",
      "호잉",
      "유한준",
      "알몬테",
      "황재균",
      "박경수",
      "심우준"
    ],
    "player_stats": [
      {
        "name": "장성우",
        "year": 21,
        "team": "KT",
        "pa": 460,
        "ops": 0.711,
        "avg": 0.231,
        "obp": 0.337,
        "slg": 0.374,
        "rbi": 63,
        "sb": 1,
        "hr": 14
      },
      {
        "name": "강백호",
        "year": 21,
        "team": "KT",
        "pa": 627,
        "ops": 0.971,
        "avg": 0.347,
        "obp": 0.45,
        "slg": 0.521,
        "rbi": 102,
        "sb": 10,
        "hr": 16
      },
      {
        "name": "배정대",
        "year": 21,
        "team": "KT",
        "pa": 595,
        "ops": 0.731,
        "avg": 0.259,
        "obp": 0.353,
        "slg": 0.378,
        "rbi": 68,
        "sb": 19,
        "hr": 12
      },
      {
        "name": "호잉",
        "year": 21,
        "team": "KT",
        "pa": 294,
        "ops": 0.73,
        "avg": 0.239,
        "obp": 0.313,
        "slg": 0.417,
        "rbi": 52,
        "sb": 5,
        "hr": 11
      },
      {
        "name": "유한준",
        "year": 21,
        "team": "KT",
        "pa": 337,
        "ops": 0.827,
        "avg": 0.309,
        "obp": 0.409,
        "slg": 0.418,
        "rbi": 42,
        "sb": 1,
        "hr": 5
      },
      {
        "name": "알몬테",
        "year": 21,
        "team": "KT",
        "pa": 250,
        "ops": 0.74,
        "avg": 0.271,
        "obp": 0.336,
        "slg": 0.404,
        "rbi": 36,
        "sb": 1,
        "hr": 7
      },
      {
        "name": "황재균",
        "year": 21,
        "team": "KT",
        "pa": 507,
        "ops": 0.76,
        "avg": 0.291,
        "obp": 0.358,
        "slg": 0.402,
        "rbi": 56,
        "sb": 11,
        "hr": 10
      },
      {
        "name": "박경수",
        "year": 21,
        "team": "KT",
        "pa": 280,
        "ops": 0.648,
        "avg": 0.192,
        "obp": 0.301,
        "slg": 0.347,
        "rbi": 33,
        "sb": 0,
        "hr": 9
      },
      {
        "name": "심우준",
        "year": 21,
        "team": "KT",
        "pa": 460,
        "ops": 0.694,
        "avg": 0.268,
        "obp": 0.323,
        "slg": 0.371,
        "rbi": 48,
        "sb": 16,
        "hr": 6
      }
    ]
  },
  {
    "generation": 25,
    "expected_score": 5.93,
    "lineup": [
      "강백호",
      "유한준",
      "황재균",
      "배정대",
      "알몬테",
      "장성우",
      "박경수",
      "심우준",
      "호잉"
    ],
    "player_stats": [
      {
        "name": "강백호",
        "year": 21,
        "team": "KT",
        "pa": 627,
        "ops": 0.971,
        "avg": 0.347,
        "obp": 0.45,
        "slg": 0.521,
        "rbi": 102,
        "sb": 10,
        "hr": 16
      },
      {
        "name": "유한준",
        "year": 21,
        "team": "KT",
        "pa": 337,
        "ops": 0.827,
        "avg": 0.309,
        "obp": 0.409,
        "slg": 0.418,
        "rbi": 42,
        "sb": 1,
        "hr": 5
      },
      {
        "name": "황재균",
        "year": 21,
        "team": "KT",
        "pa": 507,
        "ops": 0.76,
        "avg": 0.291,
        "obp": 0.358,
        "slg": 0.402,
        "rbi": 56,
        "sb": 11,
        "hr": 10
      },
      {
        "name": "배정대",
        "year": 21,
        "team": "KT",
        "pa": 595,
        "ops": 0.731,
        "avg": 0.259,
        "obp": 0.353,
        "slg": 0.378,
        "rbi": 68,
        "sb": 19,
        "hr": 12
      },
      {
        "name": "알몬테",
        "year": 21,
        "team": "KT",
        "pa": 250,
        "ops": 0.74,
        "avg": 0.271,
        "obp": 0.336,
        "slg": 0.404,
        "rbi": 36,
        "sb": 1,
        "hr": 7
      },
      {
        "name": "장성우",
        "year": 21,
        "team": "KT",
        "pa": 460,
        "ops": 0.711,
        "avg": 0.231,
        "obp": 0.337,
        "slg": 0.374,
        "rbi": 63,
        "sb": 1,
        "hr": 14
      },
      {
        "name": "박경수",
        "year": 21,
        "team": "KT",
        "pa": 280,
        "ops": 0.648,
        "avg": 0.192,
        "obp": 0.301,
        "slg": 0.347,
        "rbi": 33,
        "sb": 0,
        "hr": 9
      },
      {
        "name": "심우준",
        "year": 21,
        "team": "KT",
        "pa": 460,
        "ops": 0.694,
        "avg": 0.268,
        "obp": 0.323,
        "slg": 0.371,
        "rbi": 48,
        "sb": 16,
        "hr": 6
      },
      {
        "name": "호잉",
        "year": 21,
        "team": "KT",
        "pa": 294,
        "ops": 0.73,
        "avg": 0.239,
        "obp": 0.313,
        "slg": 0.417,
        "rbi": 52,
        "sb": 5,
        "hr": 11
      }
    ]
  },
  {
    "generation": 26,
    "expected_score": 6.07,
    "lineup": [
      "강백호",
      "배정대",
      "장성우",
      "박경수",
      "유한준",
      "황재균",
      "알몬테",
      "호잉",
      "심우준"
    ],
    "player_stats": [
      {
        "name": "강백호",
        "year": 21,
        "team": "KT",
        "pa": 627,
        "ops": 0.971,
        "avg": 0.347,
        "obp": 0.45,
        "slg": 0.521,
        "rbi": 102,
        "sb": 10,
        "hr": 16
      },
      {
        "name": "배정대",
        "year": 21,
        "team": "KT",
        "pa": 595,
        "ops": 0.731,
        "avg": 0.259,
        "obp": 0.353,
        "slg": 0.378,
        "rbi": 68,
        "sb": 19,
        "hr": 12
      },
      {
        "name": "장성우",
        "year": 21,
        "team": "KT",
        "pa": 460,
        "ops": 0.711,
        "avg": 0.231,
        "obp": 0.337,
        "slg": 0.374,
        "rbi": 63,
        "sb": 1,
        "hr": 14
      },
      {
        "name": "박경수",
        "year": 21,
        "team": "KT",
        "pa": 280,
        "ops": 0.648,
        "avg": 0.192,
        "obp": 0.301,
        "slg": 0.347,
        "rbi": 33,
        "sb": 0,
        "hr": 9
      },
      {
        "name": "유한준",
        "year": 21,
        "team": "KT",
        "pa": 337,
        "ops": 0.827,
        "avg": 0.309,
        "obp": 0.409,
        "slg": 0.418,
        "rbi": 42,
        "sb": 1,
        "hr": 5
      },
      {
        "name": "황재균",
        "year": 21,
        "team": "KT",
        "pa": 507,
        "ops": 0.76,
        "avg": 0.291,
        "obp": 0.358,
        "slg": 0.402,
        "rbi": 56,
        "sb": 11,
        "hr": 10
      },
      {
        "name": "알몬테",
        "year": 21,
        "team": "KT",
        "pa": 250,
        "ops": 0.74,
        "avg": 0.271,
        "obp": 0.336,
        "slg": 0.404,
        "rbi": 36,
        "sb": 1,
        "hr": 7
      },
      {
        "name": "호잉",
        "year": 21,
        "team": "KT",
        "pa": 294,
        "ops": 0.73,
        "avg": 0.239,
        "obp": 0.313,
        "slg": 0.417,
        "rbi": 52,
        "sb": 5,
        "hr": 11
      },
      {
        "name": "심우준",
        "year": 21,
        "team": "KT",
        "pa": 460,
        "ops": 0.694,
        "avg": 0.268,
        "obp": 0.323,
        "slg": 0.371,
        "rbi": 48,
        "sb": 16,
        "hr": 6
      }
    ]
  },
  {
    "generation": 27,
    "expected_score": 5.985,
    "lineup": [
      "강백호",
      "배정대",
      "유한준",
      "황재균",
      "박경수",
      "장성우",
      "알몬테",
      "심우준",
      "호잉"
    ],
    "player_stats": [
      {
        "name": "강백호",
        "year": 21,
        "team": "KT",
        "pa": 627,
        "ops": 0.971,
        "avg": 0.347,
        "obp": 0.45,
        "slg": 0.521,
        "rbi": 102,
        "sb": 10,
        "hr": 16
      },
      {
        "name": "배정대",
        "year": 21,
        "team": "KT",
        "pa": 595,
        "ops": 0.731,
        "avg": 0.259,
        "obp": 0.353,
        "slg": 0.378,
        "rbi": 68,
        "sb": 19,
        "hr": 12
      },
      {
        "name": "유한준",
        "year": 21,
        "team": "KT",
        "pa": 337,
        "ops": 0.827,
        "avg": 0.309,
        "obp": 0.409,
        "slg": 0.418,
        "rbi": 42,
        "sb": 1,
        "hr": 5
      },
      {
        "name": "황재균",
        "year": 21,
        "team": "KT",
        "pa": 507,
        "ops": 0.76,
        "avg": 0.291,
        "obp": 0.358,
        "slg": 0.402,
        "rbi": 56,
        "sb": 11,
        "hr": 10
      },
      {
        "name": "박경수",
        "year": 21,
        "team": "KT",
        "pa": 280,
        "ops": 0.648,
        "avg": 0.192,
        "obp": 0.301,
        "slg": 0.347,
        "rbi": 33,
        "sb": 0,
        "hr": 9
      },
      {
        "name": "장성우",
        "year": 21,
        "team": "KT",
        "pa": 460,
        "ops": 0.711,
        "avg": 0.231,
        "obp": 0.337,
        "slg": 0.374,
        "rbi": 63,
        "sb": 1,
        "hr": 14
      },
      {
        "name": "알몬테",
        "year": 21,
        "team": "KT",
        "pa": 250,
        "ops": 0.74,
        "avg": 0.271,
        "obp": 0.336,
        "slg": 0.404,
        "rbi": 36,
        "sb": 1,
        "hr": 7
      },
      {
        "name": "심우준",
        "year": 21,
        "team": "KT",
        "pa": 460,
        "ops": 0.694,
        "avg": 0.268,
        "obp": 0.323,
        "slg": 0.371,
        "rbi": 48,
        "sb": 16,
        "hr": 6
      },
      {
        "name": "호잉",
        "year": 21,
        "team": "KT",
        "pa": 294,
        "ops": 0.73,
        "avg": 0.239,
        "obp": 0.313,
        "slg": 0.417,
        "rbi": 52,
        "sb": 5,
        "hr": 11
      }
    ]
  },
  {
    "generation": 28,
    "expected_score": 6.075,
    "lineup": [
      "강백호",
      "유한준",
      "황재균",
      "알몬테",
      "장성우",
      "배정대",
      "박경수",
      "심우준",
      "호잉"
    ],
    "player_stats": [
      {
        "name": "강백호",
        "year": 21,
        "team": "KT",
        "pa": 627,
        "ops": 0.971,
        "avg": 0.347,
        "obp": 0.45,
        "slg": 0.521,
        "rbi": 102,
        "sb": 10,
        "hr": 16
      },
      {
        "name": "유한준",
        "year": 21,
        "team": "KT",
        "pa": 337,
        "ops": 0.827,
        "avg": 0.309,
        "obp": 0.409,
        "slg": 0.418,
        "rbi": 42,
        "sb": 1,
        "hr": 5
      },
      {
        "name": "황재균",
        "year": 21,
        "team": "KT",
        "pa": 507,
        "ops": 0.76,
        "avg": 0.291,
        "obp": 0.358,
        "slg": 0.402,
        "rbi": 56,
        "sb": 11,
        "hr": 10
      },
      {
        "name": "알몬테",
        "year": 21,
        "team": "KT",
        "pa": 250,
        "ops": 0.74,
        "avg": 0.271,
        "obp": 0.336,
        "slg": 0.404,
        "rbi": 36,
        "sb": 1,
        "hr": 7
      },
      {
        "name": "장성우",
        "year": 21,
        "team": "KT",
        "pa": 460,
        "ops": 0.711,
        "avg": 0.231,
        "obp": 0.337,
        "slg": 0.374,
        "rbi": 63,
        "sb": 1,
        "hr": 14
      },
      {
        "name": "배정대",
        "year": 21,
        "team": "KT",
        "pa": 595,
        "ops": 0.731,
        "avg": 0.259,
        "obp": 0.353,
        "slg": 0.378,
        "rbi": 68,
        "sb": 19,
        "hr": 12
      },
      {
        "name": "박경수",
        "year": 21,
        "team": "KT",
        "pa": 280,
        "ops": 0.648,
        "avg": 0.192,
        "obp": 0.301,
        "slg": 0.347,
        "rbi": 33,
        "sb": 0,
        "hr": 9
      },
      {
        "name": "심우준",
        "year": 21,
        "team": "KT",
        "pa": 460,
        "ops": 0.694,
        "avg": 0.268,
        "obp": 0.323,
        "slg": 0.371,
        "rbi": 48,
        "sb": 16,
        "hr": 6
      },
      {
        "name": "호잉",
        "year": 21,
        "team": "KT",
        "pa": 294,
        "ops": 0.73,
        "avg": 0.239,
        "obp": 0.313,
        "slg": 0.417,
        "rbi": 52,
        "sb": 5,
        "hr": 11
      }
    ]
  },
  {
    "generation": 29,
    "expected_score": 6.33,
    "lineup": [
      "강백호",
      "배정대",
      "유한준",
      "황재균",
      "알몬테",
      "장성우",
      "박경수",
      "심우준",
      "호잉"
    ],
    "player_stats": [
      {
        "name": "강백호",
        "year": 21,
        "team": "KT",
        "pa": 627,
        "ops": 0.971,
        "avg": 0.347,
        "obp": 0.45,
        "slg": 0.521,
        "rbi": 102,
        "sb": 10,
        "hr": 16
      },
      {
        "name": "배정대",
        "year": 21,
        "team": "KT",
        "pa": 595,
        "ops": 0.731,
        "avg": 0.259,
        "obp": 0.353,
        "slg": 0.378,
        "rbi": 68,
        "sb": 19,
        "hr": 12
      },
      {
        "name": "유한준",
        "year": 21,
        "team": "KT",
        "pa": 337,
        "ops": 0.827,
        "avg": 0.309,
        "obp": 0.409,
        "slg": 0.418,
        "rbi": 42,
        "sb": 1,
        "hr": 5
      },
      {
        "name": "황재균",
        "year": 21,
        "team": "KT",
        "pa": 507,
        "ops": 0.76,
        "avg": 0.291,
        "obp": 0.358,
        "slg": 0.402,
        "rbi": 56,
        "sb": 11,
        "hr": 10
      },
      {
        "name": "알몬테",
        "year": 21,
        "team": "KT",
        "pa": 250,
        "ops": 0.74,
        "avg": 0.271,
        "obp": 0.336,
        "slg": 0.404,
        "rbi": 36,
        "sb": 1,
        "hr": 7
      },
      {
        "name": "장성우",
        "year": 21,
        "team": "KT",
        "pa": 460,
        "ops": 0.711,
        "avg": 0.231,
        "obp": 0.337,
        "slg": 0.374,
        "rbi": 63,
        "sb": 1,
        "hr": 14
      },
      {
        "name": "박경수",
        "year": 21,
        "team": "KT",
        "pa": 280,
        "ops": 0.648,
        "avg": 0.192,
        "obp": 0.301,
        "slg": 0.347,
        "rbi": 33,
        "sb": 0,
        "hr": 9
      },
      {
        "name": "심우준",
        "year": 21,
        "team": "KT",
        "pa": 460,
        "ops": 0.694,
        "avg": 0.268,
        "obp": 0.323,
        "slg": 0.371,
        "rbi": 48,
        "sb": 16,
        "hr": 6
      },
      {
        "name": "호잉",
        "year": 21,
        "team": "KT",
        "pa": 294,
        "ops": 0.73,
        "avg": 0.239,
        "obp": 0.313,
        "slg": 0.417,
        "rbi": 52,
        "sb": 5,
        "hr": 11
      }
    ]
  },
  {
    "generation": 30,
    "expected_score": 5.855,
    "lineup": [
      "호잉",
      "박경수",
      "황재균",
      "심우준",
      "장성우",
      "알몬테",
      "강백호",
      "유한준",
      "배정대"
    ],
    "player_stats": [
      {
        "name": "호잉",
        "year": 21,
        "team": "KT",
        "pa": 294,
        "ops": 0.73,
        "avg": 0.239,
        "obp": 0.313,
        "slg": 0.417,
        "rbi": 52,
        "sb": 5,
        "hr": 11
      },
      {
        "name": "박경수",
        "year": 21,
        "team": "KT",
        "pa": 280,
        "ops": 0.648,
        "avg": 0.192,
        "obp": 0.301,
        "slg": 0.347,
        "rbi": 33,
        "sb": 0,
        "hr": 9
      },
      {
        "name": "황재균",
        "year": 21,
        "team": "KT",
        "pa": 507,
        "ops": 0.76,
        "avg": 0.291,
        "obp": 0.358,
        "slg": 0.402,
        "rbi": 56,
        "sb": 11,
        "hr": 10
      },
      {
        "name": "심우준",
        "year": 21,
        "team": "KT",
        "pa": 460,
        "ops": 0.694,
        "avg": 0.268,
        "obp": 0.323,
        "slg": 0.371,
        "rbi": 48,
        "sb": 16,
        "hr": 6
      },
      {
        "name": "장성우",
        "year": 21,
        "team": "KT",
        "pa": 460,
        "ops": 0.711,
        "avg": 0.231,
        "obp": 0.337,
        "slg": 0.374,
        "rbi": 63,
        "sb": 1,
        "hr": 14
      },
      {
        "name": "알몬테",
        "year": 21,
        "team": "KT",
        "pa": 250,
        "ops": 0.74,
        "avg": 0.271,
        "obp": 0.336,
        "slg": 0.404,
        "rbi": 36,
        "sb": 1,
        "hr": 7
      },
      {
        "name": "강백호",
        "year": 21,
        "team": "KT",
        "pa": 627,
        "ops": 0.971,
        "avg": 0.347,
        "obp": 0.45,
        "slg": 0.521,
        "rbi": 102,
        "sb": 10,
        "hr": 16
      },
      {
        "name": "유한준",
        "year": 21,
        "team": "KT",
        "pa": 337,
        "ops": 0.827,
        "avg": 0.309,
        "obp": 0.409,
        "slg": 0.418,
        "rbi": 42,
        "sb": 1,
        "hr": 5
      },
      {
        "name": "배정대",
        "year": 21,
        "team": "KT",
        "pa": 595,
        "ops": 0.731,
        "avg": 0.259,
        "obp": 0.353,
        "slg": 0.378,
        "rbi": 68,
        "sb": 19,
        "hr": 12
      }
    ]
  }
]