[
  {
    "generation": 1,
    "expected_score": 5.725,
    "lineup": [
      "이창진",
      "터커",
      "최형우",
      "류지혁",
      "최원준",
      "김태진",
      "김선빈",
      "박찬호",
      "김민식"
    ],
    "player_stats": [
      {
        "name": "이창진",
        "year": 21,
        "team": "KIA",
        "pa": 293,
        "ops": 0.593,
        "avg": 0.209,
        "obp": 0.308,
        "slg": 0.285,
        "rbi": 33,
        "sb": 5,
        "hr": 3
      },
      {
        "name": "터커",
        "year": 21,
        "team": "KIA",
        "pa": 539,
        "ops": 0.684,
        "avg": 0.237,
        "obp": 0.334,
        "slg": 0.35,
        "rbi": 59,
        "sb": 0,
        "hr": 9
      },
      {
        "name": "최형우",
        "year": 21,
        "team": "KIA",
        "pa": 446,
        "ops": 0.729,
        "avg": 0.233,
        "obp": 0.354,
        "slg": 0.375,
        "rbi": 55,
        "sb": 0,
        "hr": 12
      },
      {
        "name": "류지혁",
        "year": 21,
        "team": "KIA",
        "pa": 327,
        "ops": 0.715,
        "avg": 0.278,
        "obp": 0.385,
        "slg": 0.33,
        "rbi": 34,
        "sb": 0,
        "hr": 2
      },
      {
        "name": "최원준",
        "year": 21,
        "team": "KIA",
        "pa": 668,
        "ops": 0.742,
        "avg": 0.295,
        "obp": 0.37,
        "slg": 0.372,
        "rbi": 44,
        "sb": 40,
        "hr": 4
      },
      {
        "name": "김태진",
        "year": 21,
        "team": "KIA",
        "pa": 414,
        "ops": 0.655,
        "avg": 0.276,
        "obp": 0.314,
        "slg": 0.341,
        "rbi": 36,
        "sb": 8,
        "hr": 1
      },
      {
        "name": "김선빈",
        "year": 21,
        "team": "KIA",
        "pa": 564,
        "ops": 0.776,
        "avg": 0.307,
        "obp": 0.375,
        "slg": 0.401,
        "rbi": 67,
        "sb": 0,
        "hr": 5
      },
      {
        "name": "박찬호",
        "year": 21,
        "team": "KIA",
        "pa": 483,
        "ops": 0.644,
        "avg": 0.246,
        "obp": 0.331,
        "slg": 0.313,
        "rbi": 59,
        "sb": 9,
        "hr": 1
      },
      {
        "name": "김민식",
        "year": 21,
        "team": "KIA",
        "pa": 301,
        "ops": 0.624,
        "avg": 0.22,
        "obp": 0.336,
        "slg": 0.288,
        "rbi": 26,
        "sb": 0,
        "hr": 3
      }
    ]
  },
  {
    "generation": 2,
    "expected_score": 5.515,
    "lineup": [
      "이창진",
      "류지혁",
      "최원준",
      "김태진",
      "김선빈",
      "박찬호",
      "김민식",
      "터커",
      "최형우"
    ],
    "player_stats": [
      {
        "name": "이창진",
        "year": 21,
        "team": "KIA",
        "pa": 293,
        "ops": 0.593,
        "avg": 0.209,
        "obp": 0.308,
        "slg": 0.285,
        "rbi": 33,
        "sb": 5,
        "hr": 3
      },
      {
        "name": "류지혁",
        "year": 21,
        "team": "KIA",
        "pa": 327,
        "ops": 0.715,
        "avg": 0.278,
        "obp": 0.385,
        "slg": 0.33,
        "rbi": 34,
        "sb": 0,
        "hr": 2
      },
      {
        "name": "최원준",
        "year": 21,
        "team": "KIA",
        "pa": 668,
        "ops": 0.742,
        "avg": 0.295,
        "obp": 0.37,
        "slg": 0.372,
        "rbi": 44,
        "sb": 40,
        "hr": 4
      },
      {
        "name": "김태진",
        "year": 21,
        "team": "KIA",
        "pa": 414,
        "ops": 0.655,
        "avg": 0.276,
        "obp": 0.314,
        "slg": 0.341,
        "rbi": 36,
        "sb": 8,
        "hr": 1
      },
      {
        "name": "김선빈",
        "year": 21,
        "team": "KIA",
        "pa": 564,
        "ops": 0.776,
        "avg": 0.307,
        "obp": 0.375,
        "slg": 0.401,
        "rbi": 67,
        "sb": 0,
        "hr": 5
      },
      {
        "name": "박찬호",
        "year": 21,
        "team": "KIA",
        "pa": 483,
        "ops": 0.644,
        "avg": 0.246,
        "obp": 0.331,
        "slg": 0.313,
        "rbi": 59,
        "sb": 9,
        "hr": 1
      },
      {
        "name": "김민식",
        "year": 21,
        "team": "KIA",
        "pa": 301,
        "ops": 0.624,
        "avg": 0.22,
        "obp": 0.336,
        "slg": 0.288,
        "rbi": 26,
        "sb": 0,
        "hr": 3
      },
      {
        "name": "터커",
        "year": 21,
        "team": "KIA",
        "pa": 539,
        "ops": 0.684,
        "avg": 0.237,
        "obp": 0.334,
        "slg": 0.35,
        "rbi": 59,
        "sb": 0,
        "hr": 9
      },
      {
        "name": "최형우",
        "year": 21,
        "team": "KIA",
        "pa": 446,
        "ops": 0.729,
        "avg": 0.233,
        "obp": 0.354,
        "slg": 0.375,
        "rbi": 55,
        "sb": 0,
        "hr": 12
      }
    ]
  },
  {
    "generation": 3,
    "expected_score": 5.64,
    "lineup": [
      "터커",
      "이창진",
      "박찬호",
      "최원준",
      "김선빈",
      "최형우",
      "김민식",
      "류지혁",
      "김태진"
    ],
    "player_stats": [
      {
        "name": "터커",
        "year": 21,
        "team": "KIA",
        "pa": 539,
        "ops": 0.684,
        "avg": 0.237,
        "obp": 0.334,
        "slg": 0.35,
        "rbi": 59,
        "sb": 0,
        "hr": 9
      },
      {
        "name": "이창진",
        "year": 21,
        "team": "KIA",
        "pa": 293,
        "ops": 0.593,
        "avg": 0.209,
        "obp": 0.308,
        "slg": 0.285,
        "rbi": 33,
        "sb": 5,
        "hr": 3
      },
      {
        "name": "박찬호",
        "year": 21,
        "team": "KIA",
        "pa": 483,
        "ops": 0.644,
        "avg": 0.246,
        "obp": 0.331,
        "slg": 0.313,
        "rbi": 59,
        "sb": 9,
        "hr": 1
      },
      {
        "name": "최원준",
        "year": 21,
        "team": "KIA",
        "pa": 668,
        "ops": 0.742,
        "avg": 0.295,
        "obp": 0.37,
        "slg": 0.372,
        "rbi": 44,
        "sb": 40,
        "hr": 4
      },
      {
        "name": "김선빈",
        "year": 21,
        "team": "KIA",
        "pa": 564,
        "ops": 0.776,
        "avg": 0.307,
        "obp": 0.375,
        "slg": 0.401,
        "rbi": 67,
        "sb": 0,
        "hr": 5
      },
      {
        "name": "최형우",
        "year": 21,
        "team": "KIA",
        "pa": 446,
        "ops": 0.729,
        "avg": 0.233,
        "obp": 0.354,
        "slg": 0.375,
        "rbi": 55,
        "sb": 0,
        "hr": 12
      },
      {
        "name": "김민식",
        "year": 21,
        "team": "KIA",
        "pa": 301,
        "ops": 0.624,
        "avg": 0.22,
        "obp": 0.336,
        "slg": 0.288,
        "rbi": 26,
        "sb": 0,
        "hr": 3
      },
      {
        "name": "류지혁",
        "year": 21,
        "team": "KIA",
        "pa": 327,
        "ops": 0.715,
        "avg": 0.278,
        "obp": 0.385,
        "slg": 0.33,
        "rbi": 34,
        "sb": 0,
        "hr": 2
      },
      {
        "name": "김태진",
        "year": 21,
        "team": "KIA",
        "pa": 414,
        "ops": 0.655,
        "avg": 0.276,
        "obp": 0.314,
        "slg": 0.341,
        "rbi": 36,
        "sb": 8,
        "hr": 1
      }
    ]
  },
  {
    "generation": 4,
    "expected_score": 5.68,
    "lineup": [
      "이창진",
      "최형우",
      "터커",
      "김민식",
      "류지혁",
      "최원준",
      "김태진",
      "김선빈",
      "박찬호"
    ],
    "player_stats": [
      {
        "name": "이창진",
        "year": 21,
        "team": "KIA",
        "pa": 293,
        "ops": 0.593,
        "avg": 0.209,
        "obp": 0.308,
        "slg": 0.285,
        "rbi": 33,
        "sb": 5,
        "hr": 3
      },
      {
        "name": "최형우",
        "year": 21,
        "team": "KIA",
        "pa": 446,
        "ops": 0.729,
        "avg": 0.233,
        "obp": 0.354,
        "slg": 0.375,
        "rbi": 55,
        "sb": 0,
        "hr": 12
      },
      {
        "name": "터커",
        "year": 21,
        "team": "KIA",
        "pa": 539,
        "ops": 0.684,
        "avg": 0.237,
        "obp": 0.334,
        "slg": 0.35,
        "rbi": 59,
        "sb": 0,
        "hr": 9
      },
      {
        "name": "김민식",
        "year": 21,
        "team": "KIA",
        "pa": 301,
        "ops": 0.624,
        "avg": 0.22,
        "obp": 0.336,
        "slg": 0.288,
        "rbi": 26,
        "sb": 0,
        "hr": 3
      },
      {
        "name": "류지혁",
        "year": 21,
        "team": "KIA",
        "pa": 327,
        "ops": 0.715,
        "avg": 0.278,
        "obp": 0.385,
        "slg": 0.33,
        "rbi": 34,
        "sb": 0,
        "hr": 2
      },
      {
        "name": "최원준",
        "year": 21,
        "team": "KIA",
        "pa": 668,
        "ops": 0.742,
        "avg": 0.295,
        "obp": 0.37,
        "slg": 0.372,
        "rbi": 44,
        "sb": 40,
        "hr": 4
      },
      {
        "name": "김태진",
        "year": 21,
        "team": "KIA",
        "pa": 414,
        "ops": 0.655,
        "avg": 0.276,
        "obp": 0.314,
        "slg": 0.341,
        "rbi": 36,
        "sb": 8,
        "hr": 1
      },
      {
        "name": "김선빈",
        "year": 21,
        "team": "KIA",
        "pa": 564,
        "ops": 0.776,
        "avg": 0.307,
        "obp": 0.375,
        "slg": 0.401,
        "rbi": 67,
        "sb": 0,
        "hr": 5
      },
      {
        "name": "박찬호",
        "year": 21,
        "team": "KIA",
        "pa": 483,
        "ops": 0.644,
        "avg": 0.246,
        "obp": 0.331,
        "slg": 0.313,
        "rbi": 59,
        "sb": 9,
        "hr": 1
      }
    ]
  },
  {
    "generation": 5,
    "expected_score": 5.84,
    "lineup": [
      "이창진",
      "최형우",
      "터커",
      "김민식",
      "류지혁",
      "최원준",
      "김태진",
      "김선빈",
      "박찬호"
    ],
    "player_stats": [
      {
        "name": "이창진",
        "year": 21,
        "team": "KIA",
        "pa": 293,
        "ops": 0.593,
        "avg": 0.209,
        "obp": 0.308,
        "slg": 0.285,
        "rbi": 33,
        "sb": 5,
        "hr": 3
      },
      {
        "name": "최형우",
        "year": 21,
        "team": "KIA",
        "pa": 446,
        "ops": 0.729,
        "avg": 0.233,
        "obp": 0.354,
        "slg": 0.375,
        "rbi": 55,
        "sb": 0,
        "hr": 12
      },
      {
        "name": "터커",
        "year": 21,
        "team": "KIA",
        "pa": 539,
        "ops": 0.684,
        "avg": 0.237,
        "obp": 0.334,
        "slg": 0.35,
        "rbi": 59,
        "sb": 0,
        "hr": 9
      },
      {
        "name": "김민식",
        "year": 21,
        "team": "KIA",
        "pa": 301,
        "ops": 0.624,
        "avg": 0.22,
        "obp": 0.336,
        "slg": 0.288,
        "rbi": 26,
        "sb": 0,
        "hr": 3
      },
      {
        "name": "류지혁",
        "year": 21,
        "team": "KIA",
        "pa": 327,
        "ops": 0.715,
        "avg": 0.278,
        "obp": 0.385,
        "slg": 0.33,
        "rbi": 34,
        "sb": 0,
        "hr": 2
      },
      {
        "name": "최원준",
        "year": 21,
        "team": "KIA",
        "pa": 668,
        "ops": 0.742,
        "avg": 0.295,
        "obp": 0.37,
        "slg": 0.372,
        "rbi": 44,
        "sb": 40,
        "hr": 4
      },
      {
        "name": "김태진",
        "year": 21,
        "team": "KIA",
        "pa": 414,
        "ops": 0.655,
        "avg": 0.276,
        "obp": 0.314,
        "slg": 0.341,
        "rbi": 36,
        "sb": 8,
        "hr": 1
      },
      {
        "name": "김선빈",
        "year": 21,
        "team": "KIA",
        "pa": 564,
        "ops": 0.776,
        "avg": 0.307,
        "obp": 0.375,
        "slg": 0.401,
        "rbi": 67,
        "sb": 0,
        "hr": 5
      },
      {
        "name": "박찬호",
        "year": 21,
        "team": "KIA",
        "pa": 483,
        "ops": 0.644,
        "avg": 0.246,
        "obp": 0.331,
        "slg": 0.313,
        "rbi": 59,
        "sb": 9,
        "hr": 1
      }
    ]
  },
  {
    "generation": 6,
    "expected_score": 5.63,
    "lineup": [
      "이창진",
      "최형우",
      "터커",
      "김민식",
      "류지혁",
      "최원준",
      "김태진",
      "김선빈",
      "박찬호"
    ],
    "player_stats": [
      {
        "name": "이창진",
        "year": 21,
        "team": "KIA",
        "pa": 293,
        "ops": 0.593,
        "avg": 0.209,
        "obp": 0.308,
        "slg": 0.285,
        "rbi": 33,
        "sb": 5,
        "hr": 3
      },
      {
        "name": "최형우",
        "year": 21,
        "team": "KIA",
        "pa": 446,
        "ops": 0.729,
        "avg": 0.233,
        "obp": 0.354,
        "slg": 0.375,
        "rbi": 55,
        "sb": 0,
        "hr": 12
      },
      {
        "name": "터커",
        "year": 21,
        "team": "KIA",
        "pa": 539,
        "ops": 0.684,
        "avg": 0.237,
        "obp": 0.334,
        "slg": 0.35,
        "rbi": 59,
        "sb": 0,
        "hr": 9
      },
      {
        "name": "김민식",
        "year": 21,
        "team": "KIA",
        "pa": 301,
        "ops": 0.624,
        "avg": 0.22,
        "obp": 0.336,
        "slg": 0.288,
        "rbi": 26,
        "sb": 0,
        "hr": 3
      },
      {
        "name": "류지혁",
        "year": 21,
        "team": "KIA",
        "pa": 327,
        "ops": 0.715,
        "avg": 0.278,
        "obp": 0.385,
        "slg": 0.33,
        "rbi": 34,
        "sb": 0,
        "hr": 2
      },
      {
        "name": "최원준",
        "year": 21,
        "team": "KIA",
        "pa": 668,
        "ops": 0.742,
        "avg": 0.295,
        "obp": 0.37,
        "slg": 0.372,
        "rbi": 44,
        "sb": 40,
        "hr": 4
      },
      {
        "name": "김태진",
        "year": 21,
        "team": "KIA",
        "pa": 414,
        "ops": 0.655,
        "avg": 0.276,
        "obp": 0.314,
        "slg": 0.341,
        "rbi": 36,
        "sb": 8,
        "hr": 1
      },
      {
        "name": "김선빈",
        "year": 21,
        "team": "KIA",
        "pa": 564,
        "ops": 0.776,
        "avg": 0.307,
        "obp": 0.375,
        "slg": 0.401,
        "rbi": 67,
        "sb": 0,
        "hr": 5
      },
      {
        "name": "박찬호",
        "year": 21,
        "team": "KIA",
        "pa": 483,
        "ops": 0.644,
        "avg": 0.246,
        "obp": 0.331,
        "slg": 0.313,
        "rbi": 59,
        "sb": 9,
        "hr": 1
      }
    ]
  },
  {
    "generation": 7,
    "expected_score": 5.79,
    "lineup": [
      "이창진",
      "최형우",
      "터커",
      "김민식",
      "류지혁",
      "최원준",
      "김태진",
      "김선빈",
      "박찬호"
    ],
    "player_stats": [
      {
        "name": "이창진",
        "year": 21,
        "team": "KIA",
        "pa": 293,
        "ops": 0.593,
        "avg": 0.209,
        "obp": 0.308,
        "slg": 0.285,
        "rbi": 33,
        "sb": 5,
        "hr": 3
      },
      {
        "name": "최형우",
        "year": 21,
        "team": "KIA",
        "pa": 446,
        "ops": 0.729,
        "avg": 0.233,
        "obp": 0.354,
        "slg": 0.375,
        "rbi": 55,
        "sb": 0,
        "hr": 12
      },
      {
        "name": "터커",
        "year": 21,
        "team": "KIA",
        "pa": 539,
        "ops": 0.684,
        "avg": 0.237,
        "obp": 0.334,
        "slg": 0.35,
        "rbi": 59,
        "sb": 0,
        "hr": 9
      },
      {
        "name": "김민식",
        "year": 21,
        "team": "KIA",
        "pa": 301,
        "ops": 0.624,
        "avg": 0.22,
        "obp": 0.336,
        "slg": 0.288,
        "rbi": 26,
        "sb": 0,
        "hr": 3
      },
      {
        "name": "류지혁",
        "year": 21,
        "team": "KIA",
        "pa": 327,
        "ops": 0.715,
        "avg": 0.278,
        "obp": 0.385,
        "slg": 0.33,
        "rbi": 34,
        "sb": 0,
        "hr": 2
      },
      {
        "name": "최원준",
        "year": 21,
        "team": "KIA",
        "pa": 668,
        "ops": 0.742,
        "avg": 0.295,
        "obp": 0.37,
        "slg": 0.372,
        "rbi": 44,
        "sb": 40,
        "hr": 4
      },
      {
        "name": "김태진",
        "year": 21,
        "team": "KIA",
        "pa": 414,
        "ops": 0.655,
        "avg": 0.276,
        "obp": 0.314,
        "slg": 0.341,
        "rbi": 36,
        "sb": 8,
        "hr": 1
      },
      {
        "name": "김선빈",
        "year": 21,
        "team": "KIA",
        "pa": 564,
        "ops": 0.776,
        "avg": 0.307,
        "obp": 0.375,
        "slg": 0.401,
        "rbi": 67,
        "sb": 0,
        "hr": 5
      },
      {
        "name": "박찬호",
        "year": 21,
        "team": "KIA",
        "pa": 483,
        "ops": 0.644,
        "avg": 0.246,
        "obp": 0.331,
        "slg": 0.313,
        "rbi": 59,
        "sb": 9,
        "hr": 1
      }
    ]
  },
  {
    "generation": 8,
    "expected_score": 5.565,
    "lineup": [
      "최형우",
      "터커",
      "김민식",
      "최원준",
      "김선빈",
      "류지혁",
      "김태진",
      "이창진",
      "박찬호"
    ],
    "player_stats": [
      {
        "name": "최형우",
        "year": 21,
        "team": "KIA",
        "pa": 446,
        "ops": 0.729,
        "avg": 0.233,
        "obp": 0.354,
        "slg": 0.375,
        "rbi": 55,
        "sb": 0,
        "hr": 12
      },
      {
        "name": "터커",
        "year": 21,
        "team": "KIA",
        "pa": 539,
        "ops": 0.684,
        "avg": 0.237,
        "obp": 0.334,
        "slg": 0.35,
        "rbi": 59,
        "sb": 0,
        "hr": 9
      },
      {
        "name": "김민식",
        "year": 21,
        "team": "KIA",
        "pa": 301,
        "ops": 0.624,
        "avg": 0.22,
        "obp": 0.336,
        "slg": 0.288,
        "rbi": 26,
        "sb": 0,
        "hr": 3
      },
      {
        "name": "최원준",
        "year": 21,
        "team": "KIA",
        "pa": 668,
        "ops": 0.742,
        "avg": 0.295,
        "obp": 0.37,
        "slg": 0.372,
        "rbi": 44,
        "sb": 40,
        "hr": 4
      },
      {
        "name": "김선빈",
        "year": 21,
        "team": "KIA",
        "pa": 564,
        "ops": 0.776,
        "avg": 0.307,
        "obp": 0.375,
        "slg": 0.401,
        "rbi": 67,
        "sb": 0,
        "hr": 5
      },
      {
        "name": "류지혁",
        "year": 21,
        "team": "KIA",
        "pa": 327,
        "ops": 0.715,
        "avg": 0.278,
        "obp": 0.385,
        "slg": 0.33,
        "rbi": 34,
        "sb": 0,
        "hr": 2
      },
      {
        "name": "김태진",
        "year": 21,
        "team": "KIA",
        "pa": 414,
        "ops": 0.655,
        "avg": 0.276,
        "obp": 0.314,
        "slg": 0.341,
        "rbi": 36,
        "sb": 8,
        "hr": 1
      },
      {
        "name": "이창진",
        "year": 21,
        "team": "KIA",
        "pa": 293,
        "ops": 0.593,
        "avg": 0.209,
        "obp": 0.308,
        "slg": 0.285,
        "rbi": 33,
        "sb": 5,
        "hr": 3
      },
      {
        "name": "박찬호",
        "year": 21,
        "team": "KIA",
        "pa": 483,
        "ops": 0.644,
        "avg": 0.246,
        "obp": 0.331,
        "slg": 0.313,
        "rbi": 59,
        "sb": 9,
        "hr": 1
      }
    ]
  },
  {
    "generation": 9,
    "expected_score": 5.66,
    "lineup": [
      "최형우",
      "터커",
      "최원준",
      "김민식",
      "류지혁",
      "김태진",
      "박찬호",
      "이창진",
      "김선빈"
    ],
    "player_stats": [
      {
        "name": "최형우",
        "year": 21,
        "team": "KIA",
        "pa": 446,
        "ops": 0.729,
        "avg": 0.233,
        "obp": 0.354,
        "slg": 0.375,
        "rbi": 55,
        "sb": 0,
        "hr": 12
      },
      {
        "name": "터커",
        "year": 21,
        "team": "KIA",
        "pa": 539,
        "ops": 0.684,
        "avg": 0.237,
        "obp": 0.334,
        "slg": 0.35,
        "rbi": 59,
        "sb": 0,
        "hr": 9
      },
      {
        "name": "최원준",
        "year": 21,
        "team": "KIA",
        "pa": 668,
        "ops": 0.742,
        "avg": 0.295,
        "obp": 0.37,
        "slg": 0.372,
        "rbi": 44,
        "sb": 40,
        "hr": 4
      },
      {
        "name": "김민식",
        "year": 21,
        "team": "KIA",
        "pa": 301,
        "ops": 0.624,
        "avg": 0.22,
        "obp": 0.336,
        "slg": 0.288,
        "rbi": 26,
        "sb": 0,
        "hr": 3
      },
      {
        "name": "류지혁",
        "year": 21,
        "team": "KIA",
        "pa": 327,
        "ops": 0.715,
        "avg": 0.278,
        "obp": 0.385,
        "slg": 0.33,
        "rbi": 34,
        "sb": 0,
        "hr": 2
      },
      {
        "name": "김태진",
        "year": 21,
        "team": "KIA",
        "pa": 414,
        "ops": 0.655,
        "avg": 0.276,
        "obp": 0.314,
        "slg": 0.341,
        "rbi": 36,
        "sb": 8,
        "hr": 1
      },
      {
        "name": "박찬호",
        "year": 21,
        "team": "KIA",
        "pa": 483,
        "ops": 0.644,
        "avg": 0.246,
        "obp": 0.331,
        "slg": 0.313,
        "rbi": 59,
        "sb": 9,
        "hr": 1
      },
      {
        "name": "이창진",
        "year": 21,
        "team": "KIA",
        "pa": 293,
        "ops": 0.593,
        "avg": 0.209,
        "obp": 0.308,
        "slg": 0.285,
        "rbi": 33,
        "sb": 5,
        "hr": 3
      },
      {
        "name": "김선빈",
        "year": 21,
        "team": "KIA",
        "pa": 564,
        "ops": 0.776,
        "avg": 0.307,
        "obp": 0.375,
        "slg": 0.401,
        "rbi": 67,
        "sb": 0,
        "hr": 5
      }
    ]
  },
  {
    "generation": 10,
    "expected_score": 5.465,
    "lineup": [
      "최형우",
      "최원준",
      "터커",
      "김민식",
      "류지혁",
      "김태진",
      "박찬호",
      "이창진",
      "김선빈"
    ],
    "player_stats": [
      {
        "name": "최형우",
        "year": 21,
        "team": "KIA",
        "pa": 446,
        "ops": 0.729,
        "avg": 0.233,
        "obp": 0.354,
        "slg": 0.375,
        "rbi": 55,
        "sb": 0,
        "hr": 12
      },
      {
        "name": "최원준",
        "year": 21,
        "team": "KIA",
        "pa": 668,
        "ops": 0.742,
        "avg": 0.295,
        "obp": 0.37,
        "slg": 0.372,
        "rbi": 44,
        "sb": 40,
        "hr": 4
      },
      {
        "name": "터커",
        "year": 21,
        "team": "KIA",
        "pa": 539,
        "ops": 0.684,
        "avg": 0.237,
        "obp": 0.334,
        "slg": 0.35,
        "rbi": 59,
        "sb": 0,
        "hr": 9
      },
      {
        "name": "김민식",
        "year": 21,
        "team": "KIA",
        "pa": 301,
        "ops": 0.624,
        "avg": 0.22,
        "obp": 0.336,
        "slg": 0.288,
        "rbi": 26,
        "sb": 0,
        "hr": 3
      },
      {
        "name": "류지혁",
        "year": 21,
        "team": "KIA",
        "pa": 327,
        "ops": 0.715,
        "avg": 0.278,
        "obp": 0.385,
        "slg": 0.33,
        "rbi": 34,
        "sb": 0,
        "hr": 2
      },
      {
        "name": "김태진",
        "year": 21,
        "team": "KIA",
        "pa": 414,
        "ops": 0.655,
        "avg": 0.276,
        "obp": 0.314,
        "slg": 0.341,
        "rbi": 36,
        "sb": 8,
        "hr": 1
      },
      {
        "name": "박찬호",
        "year": 21,
        "team": "KIA",
        "pa": 483,
        "ops": 0.644,
        "avg": 0.246,
        "obp": 0.331,
        "slg": 0.313,
        "rbi": 59,
        "sb": 9,
        "hr": 1
      },
      {
        "name": "이창진",
        "year": 21,
        "team": "KIA",
        "pa": 293,
        "ops": 0.593,
        "avg": 0.209,
        "obp": 0.308,
        "slg": 0.285,
        "rbi": 33,
        "sb": 5,
        "hr": 3
      },
      {
        "name": "김선빈",
        "year": 21,
        "team": "KIA",
        "pa": 564,
        "ops": 0.776,
        "avg": 0.307,
        "obp": 0.375,
        "slg": 0.401,
        "rbi": 67,
        "sb": 0,
        "hr": 5
      }
    ]
  },
  {
    "generation": 11,
    "expected_score": 5.66,
    "lineup": [
      "최형우",
      "터커",
      "김민식",
      "최원준",
      "김선빈",
      "류지혁",
      "김태진",
      "박찬호",
      "이창진"
    ],
    "player_stats": [
      {
        "name": "최형우",
        "year": 21,
        "team": "KIA",
        "pa": 446,
        "ops": 0.729,
        "avg": 0.233,
        "obp": 0.354,
        "slg": 0.375,
        "rbi": 55,
        "sb": 0,
        "hr": 12
      },
      {
        "name": "터커",
        "year": 21,
        "team": "KIA",
        "pa": 539,
        "ops": 0.684,
        "avg": 0.237,
        "obp": 0.334,
        "slg": 0.35,
        "rbi": 59,
        "sb": 0,
        "hr": 9
      },
      {
        "name": "김민식",
        "year": 21,
        "team": "KIA",
        "pa": 301,
        "ops": 0.624,
        "avg": 0.22,
        "obp": 0.336,
        "slg": 0.288,
        "rbi": 26,
        "sb": 0,
        "hr": 3
      },
      {
        "name": "최원준",
        "year": 21,
        "team": "KIA",
        "pa": 668,
        "ops": 0.742,
        "avg": 0.295,
        "obp": 0.37,
        "slg": 0.372,
        "rbi": 44,
        "sb": 40,
        "hr": 4
      },
      {
        "name": "김선빈",
        "year": 21,
        "team": "KIA",
        "pa": 564,
        "ops": 0.776,
        "avg": 0.307,
        "obp": 0.375,
        "slg": 0.401,
        "rbi": 67,
        "sb": 0,
        "hr": 5
      },
      {
        "name": "류지혁",
        "year": 21,
        "team": "KIA",
        "pa": 327,
        "ops": 0.715,
        "avg": 0.278,
        "obp": 0.385,
        "slg": 0.33,
        "rbi": 34,
        "sb": 0,
        "hr": 2
      },
      {
        "name": "김태진",
        "year": 21,
        "team": "KIA",
        "pa": 414,
        "ops": 0.655,
        "avg": 0.276,
        "obp": 0.314,
        "slg": 0.341,
        "rbi": 36,
        "sb": 8,
        "hr": 1
      },
      {
        "name": "박찬호",
        "year": 21,
        "team": "KIA",
        "pa": 483,
        "ops": 0.644,
        "avg": 0.246,
        "obp": 0.331,
        "slg": 0.313,
        "rbi": 59,
        "sb": 9,
        "hr": 1
      },
      {
        "name": "이창진",
        "year": 21,
        "team": "KIA",
        "pa": 293,
        "ops": 0.593,
        "avg": 0.209,
        "obp": 0.308,
        "slg": 0.285,
        "rbi": 33,
        "sb": 5,
        "hr": 3
      }
    ]
  },
  {
    "generation": 12,
    "expected_score": 5.68,
    "lineup": [
      "터커",
      "이창진",
      "김민식",
      "최원준",
      "김선빈",
      "류지혁",
      "김태진",
      "박찬호",
      "최형우"
    ],
    "player_stats": [
      {
        "name": "터커",
        "year": 21,
        "team": "KIA",
        "pa": 539,
        "ops": 0.684,
        "avg": 0.237,
        "obp": 0.334,
        "slg": 0.35,
        "rbi": 59,
        "sb": 0,
        "hr": 9
      },
      {
        "name": "이창진",
        "year": 21,
        "team": "KIA",
        "pa": 293,
        "ops": 0.593,
        "avg": 0.209,
        "obp": 0.308,
        "slg": 0.285,
        "rbi": 33,
        "sb": 5,
        "hr": 3
      },
      {
        "name": "김민식",
        "year": 21,
        "team": "KIA",
        "pa": 301,
        "ops": 0.624,
        "avg": 0.22,
        "obp": 0.336,
        "slg": 0.288,
        "rbi": 26,
        "sb": 0,
        "hr": 3
      },
      {
        "name": "최원준",
        "year": 21,
        "team": "KIA",
        "pa": 668,
        "ops": 0.742,
        "avg": 0.295,
        "obp": 0.37,
        "slg": 0.372,
        "rbi": 44,
        "sb": 40,
        "hr": 4
      },
      {
        "name": "김선빈",
        "year": 21,
        "team": "KIA",
        "pa": 564,
        "ops": 0.776,
        "avg": 0.307,
        "obp": 0.375,
        "slg": 0.401,
        "rbi": 67,
        "sb": 0,
        "hr": 5
      },
      {
        "name": "류지혁",
        "year": 21,
        "team": "KIA",
        "pa": 327,
        "ops": 0.715,
        "avg": 0.278,
        "obp": 0.385,
        "slg": 0.33,
        "rbi": 34,
        "sb": 0,
        "hr": 2
      },
      {
        "name": "김태진",
        "year": 21,
        "team": "KIA",
        "pa": 414,
        "ops": 0.655,
        "avg": 0.276,
        "obp": 0.314,
        "slg": 0.341,
        "rbi": 36,
        "sb": 8,
        "hr": 1
      },
      {
        "name": "박찬호",
        "year": 21,
        "team": "KIA",
        "pa": 483,
        "ops": 0.644,
        "avg": 0.246,
        "obp": 0.331,
        "slg": 0.313,
        "rbi": 59,
        "sb": 9,
        "hr": 1
      },
      {
        "name": "최형우",
        "year": 21,
        "team": "KIA",
        "pa": 446,
        "ops": 0.729,
        "avg": 0.233,
        "obp": 0.354,
        "slg": 0.375,
        "rbi": 55,
        "sb": 0,
        "hr": 12
      }
    ]
  },
  {
    "generation": 13,
    "expected_score": 5.655,
    "lineup": [
      "박찬호",
      "터커",
      "최원준",
      "류지혁",
      "최형우",
      "김민식",
      "이창진",
      "김태진",
      "김선빈"
    ],
    "player_stats": [
      {
        "name": "박찬호",
        "year": 21,
        "team": "KIA",
        "pa": 483,
        "ops": 0.644,
        "avg": 0.246,
        "obp": 0.331,
        "slg": 0.313,
        "rbi": 59,
        "sb": 9,
        "hr": 1
      },
      {
        "name": "터커",
        "year": 21,
        "team": "KIA",
        "pa": 539,
        "ops": 0.684,
        "avg": 0.237,
        "obp": 0.334,
        "slg": 0.35,
        "rbi": 59,
        "sb": 0,
        "hr": 9
      },
      {
        "name": "최원준",
        "year": 21,
        "team": "KIA",
        "pa": 668,
        "ops": 0.742,
        "avg": 0.295,
        "obp": 0.37,
        "slg": 0.372,
        "rbi": 44,
        "sb": 40,
        "hr": 4
      },
      {
        "name": "류지혁",
        "year": 21,
        "team": "KIA",
        "pa": 327,
        "ops": 0.715,
        "avg": 0.278,
        "obp": 0.385,
        "slg": 0.33,
        "rbi": 34,
        "sb": 0,
        "hr": 2
      },
      {
        "name": "최형우",
        "year": 21,
        "team": "KIA",
        "pa": 446,
        "ops": 0.729,
        "avg": 0.233,
        "obp": 0.354,
        "slg": 0.375,
        "rbi": 55,
        "sb": 0,
        "hr": 12
      },
      {
        "name": "김민식",
        "year": 21,
        "team": "KIA",
        "pa": 301,
        "ops": 0.624,
        "avg": 0.22,
        "obp": 0.336,
        "slg": 0.288,
        "rbi": 26,
        "sb": 0,
        "hr": 3
      },
      {
        "name": "이창진",
        "year": 21,
        "team": "KIA",
        "pa": 293,
        "ops": 0.593,
        "avg": 0.209,
        "obp": 0.308,
        "slg": 0.285,
        "rbi": 33,
        "sb": 5,
        "hr": 3
      },
      {
        "name": "김태진",
        "year": 21,
        "team": "KIA",
        "pa": 414,
        "ops": 0.655,
        "avg": 0.276,
        "obp": 0.314,
        "slg": 0.341,
        "rbi": 36,
        "sb": 8,
        "hr": 1
      },
      {
        "name": "김선빈",
        "year": 21,
        "team": "KIA",
        "pa": 564,
        "ops": 0.776,
        "avg": 0.307,
        "obp": 0.375,
        "slg": 0.401,
        "rbi": 67,
        "sb": 0,
        "hr": 5
      }
    ]
  },
  {
    "generation": 14,
    "expected_score": 5.775,
    "lineup": [
      "최형우",
      "최원준",
      "류지혁",
      "박찬호",
      "김태진",
      "터커",
      "이창진",
      "김민식",
      "김선빈"
    ],
    "player_stats": [
      {
        "name": "최형우",
        "year": 21,
        "team": "KIA",
        "pa": 446,
        "ops": 0.729,
        "avg": 0.233,
        "obp": 0.354,
        "slg": 0.375,
        "rbi": 55,
        "sb": 0,
        "hr": 12
      },
      {
        "name": "최원준",
        "year": 21,
        "team": "KIA",
        "pa": 668,
        "ops": 0.742,
        "avg": 0.295,
        "obp": 0.37,
        "slg": 0.372,
        "rbi": 44,
        "sb": 40,
        "hr": 4
      },
      {
        "name": "류지혁",
        "year": 21,
        "team": "KIA",
        "pa": 327,
        "ops": 0.715,
        "avg": 0.278,
        "obp": 0.385,
        "slg": 0.33,
        "rbi": 34,
        "sb": 0,
        "hr": 2
      },
      {
        "name": "박찬호",
        "year": 21,
        "team": "KIA",
        "pa": 483,
        "ops": 0.644,
        "avg": 0.246,
        "obp": 0.331,
        "slg": 0.313,
        "rbi": 59,
        "sb": 9,
        "hr": 1
      },
      {
        "name": "김태진",
        "year": 21,
        "team": "KIA",
        "pa": 414,
        "ops": 0.655,
        "avg": 0.276,
        "obp": 0.314,
        "slg": 0.341,
        "rbi": 36,
        "sb": 8,
        "hr": 1
      },
      {
        "name": "터커",
        "year": 21,
        "team": "KIA",
        "pa": 539,
        "ops": 0.684,
        "avg": 0.237,
        "obp": 0.334,
        "slg": 0.35,
        "rbi": 59,
        "sb": 0,
        "hr": 9
      },
      {
        "name": "이창진",
        "year": 21,
        "team": "KIA",
        "pa": 293,
        "ops": 0.593,
        "avg": 0.209,
        "obp": 0.308,
        "slg": 0.285,
        "rbi": 33,
        "sb": 5,
        "hr": 3
      },
      {
        "name": "김민식",
        "year": 21,
        "team": "KIA",
        "pa": 301,
        "ops": 0.624,
        "avg": 0.22,
        "obp": 0.336,
        "slg": 0.288,
        "rbi": 26,
        "sb": 0,
        "hr": 3
      },
      {
        "name": "김선빈",
        "year": 21,
        "team": "KIA",
        "pa": 564,
        "ops": 0.776,
        "avg": 0.307,
        "obp": 0.375,
        "slg": 0.401,
        "rbi": 67,
        "sb": 0,
        "hr": 5
      }
    ]
  },
  {
    "generation": 15,
    "expected_score": 5.78,
    "lineup": [
      "터커",
      "김선빈",
      "최원준",
      "김민식",
      "이창진",
      "최형우",
      "류지혁",
      "김태진",
      "박찬호"
    ],
    "player_stats": [
      {
        "name": "터커",
        "year": 21,
        "team": "KIA",
        "pa": 539,
        "ops": 0.684,
        "avg": 0.237,
        "obp": 0.334,
        "slg": 0.35,
        "rbi": 59,
        "sb": 0,
        "hr": 9
      },
      {
        "name": "김선빈",
        "year": 21,
        "team": "KIA",
        "pa": 564,
        "ops": 0.776,
        "avg": 0.307,
        "obp": 0.375,
        "slg": 0.401,
        "rbi": 67,
        "sb": 0,
        "hr": 5
      },
      {
        "name": "최원준",
        "year": 21,
        "team": "KIA",
        "pa": 668,
        "ops": 0.742,
        "avg": 0.295,
        "obp": 0.37,
        "slg": 0.372,
        "rbi": 44,
        "sb": 40,
        "hr": 4
      },
      {
        "name": "김민식",
        "year": 21,
        "team": "KIA",
        "pa": 301,
        "ops": 0.624,
        "avg": 0.22,
        "obp": 0.336,
        "slg": 0.288,
        "rbi": 26,
        "sb": 0,
        "hr": 3
      },
      {
        "name": "이창진",
        "year": 21,
        "team": "KIA",
        "pa": 293,
        "ops": 0.593,
        "avg": 0.209,
        "obp": 0.308,
        "slg": 0.285,
        "rbi": 33,
        "sb": 5,
        "hr": 3
      },
      {
        "name": "최형우",
        "year": 21,
        "team": "KIA",
        "pa": 446,
        "ops": 0.729,
        "avg": 0.233,
        "obp": 0.354,
        "slg": 0.375,
        "rbi": 55,
        "sb": 0,
        "hr": 12
      },
      {
        "name": "류지혁",
        "year": 21,
        "team": "KIA",
        "pa": 327,
        "ops": 0.715,
        "avg": 0.278,
        "obp": 0.385,
        "slg": 0.33,
        "rbi": 34,
        "sb": 0,
        "hr": 2
      },
      {
        "name": "김태진",
        "year": 21,
        "team": "KIA",
        "pa": 414,
        "ops": 0.655,
        "avg": 0.276,
        "obp": 0.314,
        "slg": 0.341,
        "rbi": 36,
        "sb": 8,
        "hr": 1
      },
      {
        "name": "박찬호",
        "year": 21,
        "team": "KIA",
        "pa": 483,
        "ops": 0.644,
        "avg": 0.246,
        "obp": 0.331,
        "slg": 0.313,
        "rbi": 59,
        "sb": 9,
        "hr": 1
      }
    ]
  },
  {
    "generation": 16,
    "expected_score": 5.525,
    "lineup": [
      "터커",
      "최형우",
      "김선빈",
      "류지혁",
      "최원준",
      "김민식",
      "이창진",
      "김태진",
      "박찬호"
    ],
    "player_stats": [
      {
        "name": "터커",
        "year": 21,
        "team": "KIA",
        "pa": 539,
        "ops": 0.684,
        "avg": 0.237,
        "obp": 0.334,
        "slg": 0.35,
        "rbi": 59,
        "sb": 0,
        "hr": 9
      },
      {
        "name": "최형우",
        "year": 21,
        "team": "KIA",
        "pa": 446,
        "ops": 0.729,
        "avg": 0.233,
        "obp": 0.354,
        "slg": 0.375,
        "rbi": 55,
        "sb": 0,
        "hr": 12
      },
      {
        "name": "김선빈",
        "year": 21,
        "team": "KIA",
        "pa": 564,
        "ops": 0.776,
        "avg": 0.307,
        "obp": 0.375,
        "slg": 0.401,
        "rbi": 67,
        "sb": 0,
        "hr": 5
      },
      {
        "name": "류지혁",
        "year": 21,
        "team": "KIA",
        "pa": 327,
        "ops": 0.715,
        "avg": 0.278,
        "obp": 0.385,
        "slg": 0.33,
        "rbi": 34,
        "sb": 0,
        "hr": 2
      },
      {
        "name": "최원준",
        "year": 21,
        "team": "KIA",
        "pa": 668,
        "ops": 0.742,
        "avg": 0.295,
        "obp": 0.37,
        "slg": 0.372,
        "rbi": 44,
        "sb": 40,
        "hr": 4
      },
      {
        "name": "김민식",
        "year": 21,
        "team": "KIA",
        "pa": 301,
        "ops": 0.624,
        "avg": 0.22,
        "obp": 0.336,
        "slg": 0.288,
        "rbi": 26,
        "sb": 0,
        "hr": 3
      },
      {
        "name": "이창진",
        "year": 21,
        "team": "KIA",
        "pa": 293,
        "ops": 0.593,
        "avg": 0.209,
        "obp": 0.308,
        "slg": 0.285,
        "rbi": 33,
        "sb": 5,
        "hr": 3
      },
      {
        "name": "김태진",
        "year": 21,
        "team": "KIA",
        "pa": 414,
        "ops": 0.655,
        "avg": 0.276,
        "obp": 0.314,
        "slg": 0.341,
        "rbi": 36,
        "sb": 8,
        "hr": 1
      },
      {
        "name": "박찬호",
        "year": 21,
        "team": "KIA",
        "pa": 483,
        "ops": 0.644,
        "avg": 0.246,
        "obp": 0.331,
        "slg": 0.313,
        "rbi": 59,
        "sb": 9,
        "hr": 1
      }
    ]
  },
  {
    "generation": 17,
    "expected_score": 5.78,
    "lineup": [
      "최원준",
      "김민식",
      "최형우",
      "박찬호",
      "김선빈",
      "류지혁",
      "터커",
      "이창진",
      "김태진"
    ],
    "player_stats": [
      {
        "name": "최원준",
        "year": 21,
        "team": "KIA",
        "pa": 668,
        "ops": 0.742,
        "avg": 0.295,
        "obp": 0.37,
        "slg": 0.372,
        "rbi": 44,
        "sb": 40,
        "hr": 4
      },
      {
        "name": "김민식",
        "year": 21,
        "team": "KIA",
        "pa": 301,
        "ops": 0.624,
        "avg": 0.22,
        "obp": 0.336,
        "slg": 0.288,
        "rbi": 26,
        "sb": 0,
        "hr": 3
      },
      {
        "name": "최형우",
        "year": 21,
        "team": "KIA",
        "pa": 446,
        "ops": 0.729,
        "avg": 0.233,
        "obp": 0.354,
        "slg": 0.375,
        "rbi": 55,
        "sb": 0,
        "hr": 12
      },
      {
        "name": "박찬호",
        "year": 21,
        "team": "KIA",
        "pa": 483,
        "ops": 0.644,
        "avg": 0.246,
        "obp": 0.331,
        "slg": 0.313,
        "rbi": 59,
        "sb": 9,
        "hr": 1
      },
      {
        "name": "김선빈",
        "year": 21,
        "team": "KIA",
        "pa": 564,
        "ops": 0.776,
        "avg": 0.307,
        "obp": 0.375,
        "slg": 0.401,
        "rbi": 67,
        "sb": 0,
        "hr": 5
      },
      {
        "name": "류지혁",
        "year": 21,
        "team": "KIA",
        "pa": 327,
        "ops": 0.715,
        "avg": 0.278,
        "obp": 0.385,
        "slg": 0.33,
        "rbi": 34,
        "sb": 0,
        "hr": 2
      },
      {
        "name": "터커",
        "year": 21,
        "team": "KIA",
        "pa": 539,
        "ops": 0.684,
        "avg": 0.237,
        "obp": 0.334,
        "slg": 0.35,
        "rbi": 59,
        "sb": 0,
        "hr": 9
      },
      {
        "name": "이창진",
        "year": 21,
        "team": "KIA",
        "pa": 293,
        "ops": 0.593,
        "avg": 0.209,
        "obp": 0.308,
        "slg": 0.285,
        "rbi": 33,
        "sb": 5,
        "hr": 3
      },
      {
        "name": "김태진",
        "year": 21,
        "team": "KIA",
        "pa": 414,
        "ops": 0.655,
        "avg": 0.276,
        "obp": 0.314,
        "slg": 0.341,
        "rbi": 36,
        "sb": 8,
        "hr": 1
      }
    ]
  },
  {
    "generation": 18,
    "expected_score": 5.55,
    "lineup": [
      "최원준",
      "최형우",
      "박찬호",
      "김선빈",
      "류지혁",
      "김민식",
      "터커",
      "이창진",
      "김태진"
    ],
    "player_stats": [
      {
        "name": "최원준",
        "year": 21,
        "team": "KIA",
        "pa": 668,
        "ops": 0.742,
        "avg": 0.295,
        "obp": 0.37,
        "slg": 0.372,
        "rbi": 44,
        "sb": 40,
        "hr": 4
      },
      {
        "name": "최형우",
        "year": 21,
        "team": "KIA",
        "pa": 446,
        "ops": 0.729,
        "avg": 0.233,
        "obp": 0.354,
        "slg": 0.375,
        "rbi": 55,
        "sb": 0,
        "hr": 12
      },
      {
        "name": "박찬호",
        "year": 21,
        "team": "KIA",
        "pa": 483,
        "ops": 0.644,
        "avg": 0.246,
        "obp": 0.331,
        "slg": 0.313,
        "rbi": 59,
        "sb": 9,
        "hr": 1
      },
      {
        "name": "김선빈",
        "year": 21,
        "team": "KIA",
        "pa": 564,
        "ops": 0.776,
        "avg": 0.307,
        "obp": 0.375,
        "slg": 0.401,
        "rbi": 67,
        "sb": 0,
        "hr": 5
      },
      {
        "name": "류지혁",
        "year": 21,
        "team": "KIA",
        "pa": 327,
        "ops": 0.715,
        "avg": 0.278,
        "obp": 0.385,
        "slg": 0.33,
        "rbi": 34,
        "sb": 0,
        "hr": 2
      },
      {
        "name": "김민식",
        "year": 21,
        "team": "KIA",
        "pa": 301,
        "ops": 0.624,
        "avg": 0.22,
        "obp": 0.336,
        "slg": 0.288,
        "rbi": 26,
        "sb": 0,
        "hr": 3
      },
      {
        "name": "터커",
        "year": 21,
        "team": "KIA",
        "pa": 539,
        "ops": 0.684,
        "avg": 0.237,
        "obp": 0.334,
        "slg": 0.35,
        "rbi": 59,
        "sb": 0,
        "hr": 9
      },
      {
        "name": "이창진",
        "year": 21,
        "team": "KIA",
        "pa": 293,
        "ops": 0.593,
        "avg": 0.209,
        "obp": 0.308,
        "slg": 0.285,
        "rbi": 33,
        "sb": 5,
        "hr": 3
      },
      {
        "name": "김태진",
        "year": 21,
        "team": "KIA",
        "pa": 414,
        "ops": 0.655,
        "avg": 0.276,
        "obp": 0.314,
        "slg": 0.341,
        "rbi": 36,
        "sb": 8,
        "hr": 1
      }
    ]
  },
  {
    "generation": 19,
    "expected_score": 5.665,
    "lineup": [
      "박찬호",
      "터커",
      "최형우",
      "최원준",
      "김선빈",
      "김민식",
      "이창진",
      "류지혁",
      "김태진"
    ],
    "player_stats": [
      {
        "name": "박찬호",
        "year": 21,
        "team": "KIA",
        "pa": 483,
        "ops": 0.644,
        "avg": 0.246,
        "obp": 0.331,
        "slg": 0.313,
        "rbi": 59,
        "sb": 9,
        "hr": 1
      },
      {
        "name": "터커",
        "year": 21,
        "team": "KIA",
        "pa": 539,
        "ops": 0.684,
        "avg": 0.237,
        "obp": 0.334,
        "slg": 0.35,
        "rbi": 59,
        "sb": 0,
        "hr": 9
      },
      {
        "name": "최형우",
        "year": 21,
        "team": "KIA",
        "pa": 446,
        "ops": 0.729,
        "avg": 0.233,
        "obp": 0.354,
        "slg": 0.375,
        "rbi": 55,
        "sb": 0,
        "hr": 12
      },
      {
        "name": "최원준",
        "year": 21,
        "team": "KIA",
        "pa": 668,
        "ops": 0.742,
        "avg": 0.295,
        "obp": 0.37,
        "slg": 0.372,
        "rbi": 44,
        "sb": 40,
        "hr": 4
      },
      {
        "name": "김선빈",
        "year": 21,
        "team": "KIA",
        "pa": 564,
        "ops": 0.776,
        "avg": 0.307,
        "obp": 0.375,
        "slg": 0.401,
        "rbi": 67,
        "sb": 0,
        "hr": 5
      },
      {
        "name": "김민식",
        "year": 21,
        "team": "KIA",
        "pa": 301,
        "ops": 0.624,
        "avg": 0.22,
        "obp": 0.336,
        "slg": 0.288,
        "rbi": 26,
        "sb": 0,
        "hr": 3
      },
      {
        "name": "이창진",
        "year": 21,
        "team": "KIA",
        "pa": 293,
        "ops": 0.593,
        "avg": 0.209,
        "obp": 0.308,
        "slg": 0.285,
        "rbi": 33,
        "sb": 5,
        "hr": 3
      },
      {
        "name": "류지혁",
        "year": 21,
        "team": "KIA",
        "pa": 327,
        "ops": 0.715,
        "avg": 0.278,
        "obp": 0.385,
        "slg": 0.33,
        "rbi": 34,
        "sb": 0,
        "hr": 2
      },
      {
        "name": "김태진",
        "year": 21,
        "team": "KIA",
        "pa": 414,
        "ops": 0.655,
        "avg": 0.276,
        "obp": 0.314,
        "slg": 0.341,
        "rbi": 36,
        "sb": 8,
        "hr": 1
      }
    ]
  },
  {
    "generation": 20,
    "expected_score": 5.58,
    "lineup": [
      "최원준",
      "최형우",
      "박찬호",
      "김선빈",
      "류지혁",
      "김민식",
      "터커",
      "이창진",
      "김태진"
    ],
    "player_stats": [
      {
        "name": "최원준",
        "year": 21,
        "team": "KIA",
        "pa": 668,
        "ops": 0.742,
        "avg": 0.295,
        "obp": 0.37,
        "slg": 0.372,
        "rbi": 44,
        "sb": 40,
        "hr": 4
      },
      {
        "name": "최형우",
        "year": 21,
        "team": "KIA",
        "pa": 446,
        "ops": 0.729,
        "avg": 0.233,
        "obp": 0.354,
        "slg": 0.375,
        "rbi": 55,
        "sb": 0,
        "hr": 12
      },
      {
        "name": "박찬호",
        "year": 21,
        "team": "KIA",
        "pa": 483,
        "ops": 0.644,
        "avg": 0.246,
        "obp": 0.331,
        "slg": 0.313,
        "rbi": 59,
        "sb": 9,
        "hr": 1
      },
      {
        "name": "김선빈",
        "year": 21,
        "team": "KIA",
        "pa": 564,
        "ops": 0.776,
        "avg": 0.307,
        "obp": 0.375,
        "slg": 0.401,
        "rbi": 67,
        "sb": 0,
        "hr": 5
      },
      {
        "name": "류지혁",
        "year": 21,
        "team": "KIA",
        "pa": 327,
        "ops": 0.715,
        "avg": 0.278,
        "obp": 0.385,
        "slg": 0.33,
        "rbi": 34,
        "sb": 0,
        "hr": 2
      },
      {
        "name": "김민식",
        "year": 21,
        "team": "KIA",
        "pa": 301,
        "ops": 0.624,
        "avg": 0.22,
        "obp": 0.336,
        "slg": 0.288,
        "rbi": 26,
        "sb": 0,
        "hr": 3
      },
      {
        "name": "터커",
        "year": 21,
        "team": "KIA",
        "pa": 539,
        "ops": 0.684,
        "avg": 0.237,
        "obp": 0.334,
        "slg": 0.35,
        "rbi": 59,
        "sb": 0,
        "hr": 9
      },
      {
        "name": "이창진",
        "year": 21,
        "team": "KIA",
        "pa": 293,
        "ops": 0.593,
        "avg": 0.209,
        "obp": 0.308,
        "slg": 0.285,
        "rbi": 33,
        "sb": 5,
        "hr": 3
      },
      {
        "name": "김태진",
        "year": 21,
        "team": "KIA",
        "pa": 414,
        "ops": 0.655,
        "avg": 0.276,
        "obp": 0.314,
        "slg": 0.341,
        "rbi": 36,
        "sb": 8,
        "hr": 1
      }
    ]
  },
  {
    "generation": 21,
    "expected_score": 5.56,
    "lineup": [
      "최원준",
      "박찬호",
      "이창진",
      "김선빈",
      "류지혁",
      "최형우",
      "김민식",
      "터커",
      "김태진"
    ],
    "player_stats": [
      {
        "name": "최원준",
        "year": 21,
        "team": "KIA",
        "pa": 668,
        "ops": 0.742,
        "avg": 0.295,
        "obp": 0.37,
        "slg": 0.372,
        "rbi": 44,
        "sb": 40,
        "hr": 4
      },
      {
        "name": "박찬호",
        "year": 21,
        "team": "KIA",
        "pa": 483,
        "ops": 0.644,
        "avg": 0.246,
        "obp": 0.331,
        "slg": 0.313,
        "rbi": 59,
        "sb": 9,
        "hr": 1
      },
      {
        "name": "이창진",
        "year": 21,
        "team": "KIA",
        "pa": 293,
        "ops": 0.593,
        "avg": 0.209,
        "obp": 0.308,
        "slg": 0.285,
        "rbi": 33,
        "sb": 5,
        "hr": 3
      },
      {
        "name": "김선빈",
        "year": 21,
        "team": "KIA",
        "pa": 564,
        "ops": 0.776,
        "avg": 0.307,
        "obp": 0.375,
        "slg": 0.401,
        "rbi": 67,
        "sb": 0,
        "hr": 5
      },
      {
        "name": "류지혁",
        "year": 21,
        "team": "KIA",
        "pa": 327,
        "ops": 0.715,
        "avg": 0.278,
        "obp": 0.385,
        "slg": 0.33,
        "rbi": 34,
        "sb": 0,
        "hr": 2
      },
      {
        "name": "최형우",
        "year": 21,
        "team": "KIA",
        "pa": 446,
        "ops": 0.729,
        "avg": 0.233,
        "obp": 0.354,
        "slg": 0.375,
        "rbi": 55,
        "sb": 0,
        "hr": 12
      },
      {
        "name": "김민식",
        "year": 21,
        "team": "KIA",
        "pa": 301,
        "ops": 0.624,
        "avg": 0.22,
        "obp": 0.336,
        "slg": 0.288,
        "rbi": 26,
        "sb": 0,
        "hr": 3
      },
      {
        "name": "터커",
        "year": 21,
        "team": "KIA",
        "pa": 539,
        "ops": 0.684,
        "avg": 0.237,
        "obp": 0.334,
        "slg": 0.35,
        "rbi": 59,
        "sb": 0,
        "hr": 9
      },
      {
        "name": "김태진",
        "year": 21,
        "team": "KIA",
        "pa": 414,
        "ops": 0.655,
        "avg": 0.276,
        "obp": 0.314,
        "slg": 0.341,
        "rbi": 36,
        "sb": 8,
        "hr": 1
      }
    ]
  },
  {
    "generation": 22,
    "expected_score": 5.73,
    "lineup": [
      "최형우",
      "최원준",
      "박찬호",
      "김선빈",
      "김민식",
      "이창진",
      "터커",
      "류지혁",
      "김태진"
    ],
    "player_stats": [
      {
        "name": "최형우",
        "year": 21,
        "team": "KIA",
        "pa": 446,
        "ops": 0.729,
        "avg": 0.233,
        "obp": 0.354,
        "slg": 0.375,
        "rbi": 55,
        "sb": 0,
        "hr": 12
      },
      {
        "name": "최원준",
        "year": 21,
        "team": "KIA",
        "pa": 668,
        "ops": 0.742,
        "avg": 0.295,
        "obp": 0.37,
        "slg": 0.372,
        "rbi": 44,
        "sb": 40,
        "hr": 4
      },
      {
        "name": "박찬호",
        "year": 21,
        "team": "KIA",
        "pa": 483,
        "ops": 0.644,
        "avg": 0.246,
        "obp": 0.331,
        "slg": 0.313,
        "rbi": 59,
        "sb": 9,
        "hr": 1
      },
      {
        "name": "김선빈",
        "year": 21,
        "team": "KIA",
        "pa": 564,
        "ops": 0.776,
        "avg": 0.307,
        "obp": 0.375,
        "slg": 0.401,
        "rbi": 67,
        "sb": 0,
        "hr": 5
      },
      {
        "name": "김민식",
        "year": 21,
        "team": "KIA",
        "pa": 301,
        "ops": 0.624,
        "avg": 0.22,
        "obp": 0.336,
        "slg": 0.288,
        "rbi": 26,
        "sb": 0,
        "hr": 3
      },
      {
        "name": "이창진",
        "year": 21,
        "team": "KIA",
        "pa": 293,
        "ops": 0.593,
        "avg": 0.209,
        "obp": 0.308,
        "slg": 0.285,
        "rbi": 33,
        "sb": 5,
        "hr": 3
      },
      {
        "name": "터커",
        "year": 21,
        "team": "KIA",
        "pa": 539,
        "ops": 0.684,
        "avg": 0.237,
        "obp": 0.334,
        "slg": 0.35,
        "rbi": 59,
        "sb": 0,
        "hr": 9
      },
      {
        "name": "류지혁",
        "year": 21,
        "team": "KIA",
        "pa": 327,
        "ops": 0.715,
        "avg": 0.278,
        "obp": 0.385,
        "slg": 0.33,
        "rbi": 34,
        "sb": 0,
        "hr": 2
      },
      {
        "name": "김태진",
        "year": 21,
        "team": "KIA",
        "pa": 414,
        "ops": 0.655,
        "avg": 0.276,
        "obp": 0.314,
        "slg": 0.341,
        "rbi": 36,
        "sb": 8,
        "hr": 1
      }
    ]
  },
  {
    "generation": 23,
    "expected_score": 5.755,
    "lineup": [
      "최형우",
      "박찬호",
      "최원준",
      "김선빈",
      "김민식",
      "이창진",
      "류지혁",
      "터커",
      "김태진"
    ],
    "player_stats": [
      {
        "name": "최형우",
        "year": 21,
        "team": "KIA",
        "pa": 446,
        "ops": 0.729,
        "avg": 0.233,
        "obp": 0.354,
        "slg": 0.375,
        "rbi": 55,
        "sb": 0,
        "hr": 12
      },
      {
        "name": "박찬호",
        "year": 21,
        "team": "KIA",
        "pa": 483,
        "ops": 0.644,
        "avg": 0.246,
        "obp": 0.331,
        "slg": 0.313,
        "rbi": 59,
        "sb": 9,
        "hr": 1
      },
      {
        "name": "최원준",
        "year": 21,
        "team": "KIA",
        "pa": 668,
        "ops": 0.742,
        "avg": 0.295,
        "obp": 0.37,
        "slg": 0.372,
        "rbi": 44,
        "sb": 40,
        "hr": 4
      },
      {
        "name": "김선빈",
        "year": 21,
        "team": "KIA",
        "pa": 564,
        "ops": 0.776,
        "avg": 0.307,
        "obp": 0.375,
        "slg": 0.401,
        "rbi": 67,
        "sb": 0,
        "hr": 5
      },
      {
        "name": "김민식",
        "year": 21,
        "team": "KIA",
        "pa": 301,
        "ops": 0.624,
        "avg": 0.22,
        "obp": 0.336,
        "slg": 0.288,
        "rbi": 26,
        "sb": 0,
        "hr": 3
      },
      {
        "name": "이창진",
        "year": 21,
        "team": "KIA",
        "pa": 293,
        "ops": 0.593,
        "avg": 0.209,
        "obp": 0.308,
        "slg": 0.285,
        "rbi": 33,
        "sb": 5,
        "hr": 3
      },
      {
        "name": "류지혁",
        "year": 21,
        "team": "KIA",
        "pa": 327,
        "ops": 0.715,
        "avg": 0.278,
        "obp": 0.385,
        "slg": 0.33,
        "rbi": 34,
        "sb": 0,
        "hr": 2
      },
      {
        "name": "터커",
        "year": 21,
        "team": "KIA",
        "pa": 539,
        "ops": 0.684,
        "avg": 0.237,
        "obp": 0.334,
        "slg": 0.35,
        "rbi": 59,
        "sb": 0,
        "hr": 9
      },
      {
        "name": "김태진",
        "year": 21,
        "team": "KIA",
        "pa": 414,
        "ops": 0.655,
        "avg": 0.276,
        "obp": 0.314,
        "slg": 0.341,
        "rbi": 36,
        "sb": 8,
        "hr": 1
      }
    ]
  },
  {
    "generation": 24,
    "expected_score": 5.675,
    "lineup": [
      "이창진",
      "박찬호",
      "최원준",
      "김선빈",
      "류지혁",
      "최형우",
      "김민식",
      "터커",
      "김태진"
    ],
    "player_stats": [
      {
        "name": "이창진",
        "year": 21,
        "team": "KIA",
        "pa": 293,
        "ops": 0.593,
        "avg": 0.209,
        "obp": 0.308,
        "slg": 0.285,
        "rbi": 33,
        "sb": 5,
        "hr": 3
      },
      {
        "name": "박찬호",
        "year": 21,
        "team": "KIA",
        "pa": 483,
        "ops": 0.644,
        "avg": 0.246,
        "obp": 0.331,
        "slg": 0.313,
        "rbi": 59,
        "sb": 9,
        "hr": 1
      },
      {
        "name": "최원준",
        "year": 21,
        "team": "KIA",
        "pa": 668,
        "ops": 0.742,
        "avg": 0.295,
        "obp": 0.37,
        "slg": 0.372,
        "rbi": 44,
        "sb": 40,
        "hr": 4
      },
      {
        "name": "김선빈",
        "year": 21,
        "team": "KIA",
        "pa": 564,
        "ops": 0.776,
        "avg": 0.307,
        "obp": 0.375,
        "slg": 0.401,
        "rbi": 67,
        "sb": 0,
        "hr": 5
      },
      {
        "name": "류지혁",
        "year": 21,
        "team": "KIA",
        "pa": 327,
        "ops": 0.715,
        "avg": 0.278,
        "obp": 0.385,
        "slg": 0.33,
        "rbi": 34,
        "sb": 0,
        "hr": 2
      },
      {
        "name": "최형우",
        "year": 21,
        "team": "KIA",
        "pa": 446,
        "ops": 0.729,
        "avg": 0.233,
        "obp": 0.354,
        "slg": 0.375,
        "rbi": 55,
        "sb": 0,
        "hr": 12
      },
      {
        "name": "김민식",
        "year": 21,
        "team": "KIA",
        "pa": 301,
        "ops": 0.624,
        "avg": 0.22,
        "obp": 0.336,
        "slg": 0.288,
        "rbi": 26,
        "sb": 0,
        "hr": 3
      },
      {
        "name": "터커",
        "year": 21,
        "team": "KIA",
        "pa": 539,
        "ops": 0.684,
        "avg": 0.237,
        "obp": 0.334,
        "slg": 0.35,
        "rbi": 59,
        "sb": 0,
        "hr": 9
      },
      {
        "name": "김태진",
        "year": 21,
        "team": "KIA",
        "pa": 414,
        "ops": 0.655,
        "avg": 0.276,
        "obp": 0.314,
        "slg": 0.341,
        "rbi": 36,
        "sb": 8,
        "hr": 1
      }
    ]
  },
  {
    "generation": 25,
    "expected_score": 5.8,
    "lineup": [
      "최형우",
      "최원준",
      "박찬호",
      "김선빈",
      "이창진",
      "류지혁",
      "김민식",
      "터커",
      "김태진"
    ],
    "player_stats": [
      {
        "name": "최형우",
        "year": 21,
        "team": "KIA",
        "pa": 446,
        "ops": 0.729,
        "avg": 0.233,
        "obp": 0.354,
        "slg": 0.375,
        "rbi": 55,
        "sb": 0,
        "hr": 12
      },
      {
        "name": "최원준",
        "year": 21,
        "team": "KIA",
        "pa": 668,
        "ops": 0.742,
        "avg": 0.295,
        "obp": 0.37,
        "slg": 0.372,
        "rbi": 44,
        "sb": 40,
        "hr": 4
      },
      {
        "name": "박찬호",
        "year": 21,
        "team": "KIA",
        "pa": 483,
        "ops": 0.644,
        "avg": 0.246,
        "obp": 0.331,
        "slg": 0.313,
        "rbi": 59,
        "sb": 9,
        "hr": 1
      },
      {
        "name": "김선빈",
        "year": 21,
        "team": "KIA",
        "pa": 564,
        "ops": 0.776,
        "avg": 0.307,
        "obp": 0.375,
        "slg": 0.401,
        "rbi": 67,
        "sb": 0,
        "hr": 5
      },
      {
        "name": "이창진",
        "year": 21,
        "team": "KIA",
        "pa": 293,
        "ops": 0.593,
        "avg": 0.209,
        "obp": 0.308,
        "slg": 0.285,
        "rbi": 33,
        "sb": 5,
        "hr": 3
      },
      {
        "name": "류지혁",
        "year": 21,
        "team": "KIA",
        "pa": 327,
        "ops": 0.715,
        "avg": 0.278,
        "obp": 0.385,
        "slg": 0.33,
        "rbi": 34,
        "sb": 0,
        "hr": 2
      },
      {
        "name": "김민식",
        "year": 21,
        "team": "KIA",
        "pa": 301,
        "ops": 0.624,
        "avg": 0.22,
        "obp": 0.336,
        "slg": 0.288,
        "rbi": 26,
        "sb": 0,
        "hr": 3
      },
      {
        "name": "터커",
        "year": 21,
        "team": "KIA",
        "pa": 539,
        "ops": 0.684,
        "avg": 0.237,
        "obp": 0.334,
        "slg": 0.35,
        "rbi": 59,
        "sb": 0,
        "hr": 9
      },
      {
        "name": "김태진",
        "year": 21,
        "team": "KIA",
        "pa": 414,
        "ops": 0.655,
        "avg": 0.276,
        "obp": 0.314,
        "slg": 0.341,
        "rbi": 36,
        "sb": 8,
        "hr": 1
      }
    ]
  },
  {
    "generation": 26,
    "expected_score": 5.68,
    "lineup": [
      "최원준",
      "이창진",
      "박찬호",
      "김선빈",
      "류지혁",
      "최형우",
      "김민식",
      "터커",
      "김태진"
    ],
    "player_stats": [
      {
        "name": "최원준",
        "year": 21,
        "team": "KIA",
        "pa": 668,
        "ops": 0.742,
        "avg": 0.295,
        "obp": 0.37,
        "slg": 0.372,
        "rbi": 44,
        "sb": 40,
        "hr": 4
      },
      {
        "name": "이창진",
        "year": 21,
        "team": "KIA",
        "pa": 293,
        "ops": 0.593,
        "avg": 0.209,
        "obp": 0.308,
        "slg": 0.285,
        "rbi": 33,
        "sb": 5,
        "hr": 3
      },
      {
        "name": "박찬호",
        "year": 21,
        "team": "KIA",
        "pa": 483,
        "ops": 0.644,
        "avg": 0.246,
        "obp": 0.331,
        "slg": 0.313,
        "rbi": 59,
        "sb": 9,
        "hr": 1
      },
      {
        "name": "김선빈",
        "year": 21,
        "team": "KIA",
        "pa": 564,
        "ops": 0.776,
        "avg": 0.307,
        "obp": 0.375,
        "slg": 0.401,
        "rbi": 67,
        "sb": 0,
        "hr": 5
      },
      {
        "name": "류지혁",
        "year": 21,
        "team": "KIA",
        "pa": 327,
        "ops": 0.715,
        "avg": 0.278,
        "obp": 0.385,
        "slg": 0.33,
        "rbi": 34,
        "sb": 0,
        "hr": 2
      },
      {
        "name": "최형우",
        "year": 21,
        "team": "KIA",
        "pa": 446,
        "ops": 0.729,
        "avg": 0.233,
        "obp": 0.354,
        "slg": 0.375,
        "rbi": 55,
        "sb": 0,
        "hr": 12
      },
      {
        "name": "김민식",
        "year": 21,
        "team": "KIA",
        "pa": 301,
        "ops": 0.624,
        "avg": 0.22,
        "obp": 0.336,
        "slg": 0.288,
        "rbi": 26,
        "sb": 0,
        "hr": 3
      },
      {
        "name": "터커",
        "year": 21,
        "team": "KIA",
        "pa": 539,
        "ops": 0.684,
        "avg": 0.237,
        "obp": 0.334,
        "slg": 0.35,
        "rbi": 59,
        "sb": 0,
        "hr": 9
      },
      {
        "name": "김태진",
        "year": 21,
        "team": "KIA",
        "pa": 414,
        "ops": 0.655,
        "avg": 0.276,
        "obp": 0.314,
        "slg": 0.341,
        "rbi": 36,
        "sb": 8,
        "hr": 1
      }
    ]
  },
  {
    "generation": 27,
    "expected_score": 5.655,
    "lineup": [
      "최원준",
      "이창진",
      "박찬호",
      "김선빈",
      "류지혁",
      "최형우",
      "김민식",
      "터커",
      "김태진"
    ],
    "player_stats": [
      {
        "name": "최원준",
        "year": 21,
        "team": "KIA",
        "pa": 668,
        "ops": 0.742,
        "avg": 0.295,
        "obp": 0.37,
        "slg": 0.372,
        "rbi": 44,
        "sb": 40,
        "hr": 4
      },
      {
        "name": "이창진",
        "year": 21,
        "team": "KIA",
        "pa": 293,
        "ops": 0.593,
        "avg": 0.209,
        "obp": 0.308,
        "slg": 0.285,
        "rbi": 33,
        "sb": 5,
        "hr": 3
      },
      {
        "name": "박찬호",
        "year": 21,
        "team": "KIA",
        "pa": 483,
        "ops": 0.644,
        "avg": 0.246,
        "obp": 0.331,
        "slg": 0.313,
        "rbi": 59,
        "sb": 9,
        "hr": 1
      },
      {
        "name": "김선빈",
        "year": 21,
        "team": "KIA",
        "pa": 564,
        "ops": 0.776,
        "avg": 0.307,
        "obp": 0.375,
        "slg": 0.401,
        "rbi": 67,
        "sb": 0,
        "hr": 5
      },
      {
        "name": "류지혁",
        "year": 21,
        "team": "KIA",
        "pa": 327,
        "ops": 0.715,
        "avg": 0.278,
        "obp": 0.385,
        "slg": 0.33,
        "rbi": 34,
        "sb": 0,
        "hr": 2
      },
      {
        "name": "최형우",
        "year": 21,
        "team": "KIA",
        "pa": 446,
        "ops": 0.729,
        "avg": 0.233,
        "obp": 0.354,
        "slg": 0.375,
        "rbi": 55,
        "sb": 0,
        "hr": 12
      },
      {
        "name": "김민식",
        "year": 21,
        "team": "KIA",
        "pa": 301,
        "ops": 0.624,
        "avg": 0.22,
        "obp": 0.336,
        "slg": 0.288,
        "rbi": 26,
        "sb": 0,
        "hr": 3
      },
      {
        "name": "터커",
        "year": 21,
        "team": "KIA",
        "pa": 539,
        "ops": 0.684,
        "avg": 0.237,
        "obp": 0.334,
        "slg": 0.35,
        "rbi": 59,
        "sb": 0,
        "hr": 9
      },
      {
        "name": "김태진",
        "year": 21,
        "team": "KIA",
        "pa": 414,
        "ops": 0.655,
        "avg": 0.276,
        "obp": 0.314,
        "slg": 0.341,
        "rbi": 36,
        "sb": 8,
        "hr": 1
      }
    ]
  },
  {
    "generation": 28,
    "expected_score": 5.755,
    "lineup": [
      "최원준",
      "최형우",
      "박찬호",
      "김선빈",
      "이창진",
      "류지혁",
      "김민식",
      "터커",
      "김태진"
    ],
    "player_stats": [
      {
        "name": "최원준",
        "year": 21,
        "team": "KIA",
        "pa": 668,
        "ops": 0.742,
        "avg": 0.295,
        "obp": 0.37,
        "slg": 0.372,
        "rbi": 44,
        "sb": 40,
        "hr": 4
      },
      {
        "name": "최형우",
        "year": 21,
        "team": "KIA",
        "pa": 446,
        "ops": 0.729,
        "avg": 0.233,
        "obp": 0.354,
        "slg": 0.375,
        "rbi": 55,
        "sb": 0,
        "hr": 12
      },
      {
        "name": "박찬호",
        "year": 21,
        "team": "KIA",
        "pa": 483,
        "ops": 0.644,
        "avg": 0.246,
        "obp": 0.331,
        "slg": 0.313,
        "rbi": 59,
        "sb": 9,
        "hr": 1
      },
      {
        "name": "김선빈",
        "year": 21,
        "team": "KIA",
        "pa": 564,
        "ops": 0.776,
        "avg": 0.307,
        "obp": 0.375,
        "slg": 0.401,
        "rbi": 67,
        "sb": 0,
        "hr": 5
      },
      {
        "name": "이창진",
        "year": 21,
        "team": "KIA",
        "pa": 293,
        "ops": 0.593,
        "avg": 0.209,
        "obp": 0.308,
        "slg": 0.285,
        "rbi": 33,
        "sb": 5,
        "hr": 3
      },
      {
        "name": "류지혁",
        "year": 21,
        "team": "KIA",
        "pa": 327,
        "ops": 0.715,
        "avg": 0.278,
        "obp": 0.385,
        "slg": 0.33,
        "rbi": 34,
        "sb": 0,
        "hr": 2
      },
      {
        "name": "김민식",
        "year": 21,
        "team": "KIA",
        "pa": 301,
        "ops": 0.624,
        "avg": 0.22,
        "obp": 0.336,
        "slg": 0.288,
        "rbi": 26,
        "sb": 0,
        "hr": 3
      },
      {
        "name": "터커",
        "year": 21,
        "team": "KIA",
        "pa": 539,
        "ops": 0.684,
        "avg": 0.237,
        "obp": 0.334,
        "slg": 0.35,
        "rbi": 59,
        "sb": 0,
        "hr": 9
      },
      {
        "name": "김태진",
        "year": 21,
        "team": "KIA",
        "pa": 414,
        "ops": 0.655,
        "avg": 0.276,
        "obp": 0.314,
        "slg": 0.341,
        "rbi": 36,
        "sb": 8,
        "hr": 1
      }
    ]
  },
  {
    "generation": 29,
    "expected_score": 5.66,
    "lineup": [
      "최원준",
      "최형우",
      "박찬호",
      "김선빈",
      "류지혁",
      "김민식",
      "이창진",
      "터커",
      "김태진"
    ],
    "player_stats": [
      {
        "name": "최원준",
        "year": 21,
        "team": "KIA",
        "pa": 668,
        "ops": 0.742,
        "avg": 0.295,
        "obp": 0.37,
        "slg": 0.372,
        "rbi": 44,
        "sb": 40,
        "hr": 4
      },
      {
        "name": "최형우",
        "year": 21,
        "team": "KIA",
        "pa": 446,
        "ops": 0.729,
        "avg": 0.233,
        "obp": 0.354,
        "slg": 0.375,
        "rbi": 55,
        "sb": 0,
        "hr": 12
      },
      {
        "name": "박찬호",
        "year": 21,
        "team": "KIA",
        "pa": 483,
        "ops": 0.644,
        "avg": 0.246,
        "obp": 0.331,
        "slg": 0.313,
        "rbi": 59,
        "sb": 9,
        "hr": 1
      },
      {
        "name": "김선빈",
        "year": 21,
        "team": "KIA",
        "pa": 564,
        "ops": 0.776,
        "avg": 0.307,
        "obp": 0.375,
        "slg": 0.401,
        "rbi": 67,
        "sb": 0,
        "hr": 5
      },
      {
        "name": "류지혁",
        "year": 21,
        "team": "KIA",
        "pa": 327,
        "ops": 0.715,
        "avg": 0.278,
        "obp": 0.385,
        "slg": 0.33,
        "rbi": 34,
        "sb": 0,
        "hr": 2
      },
      {
        "name": "김민식",
        "year": 21,
        "team": "KIA",
        "pa": 301,
        "ops": 0.624,
        "avg": 0.22,
        "obp": 0.336,
        "slg": 0.288,
        "rbi": 26,
        "sb": 0,
        "hr": 3
      },
      {
        "name": "이창진",
        "year": 21,
        "team": "KIA",
        "pa": 293,
        "ops": 0.593,
        "avg": 0.209,
        "obp": 0.308,
        "slg": 0.285,
        "rbi": 33,
        "sb": 5,
        "hr": 3
      },
      {
        "name": "터커",
        "year": 21,
        "team": "KIA",
        "pa": 539,
        "ops": 0.684,
        "avg": 0.237,
        "obp": 0.334,
        "slg": 0.35,
        "rbi": 59,
        "sb": 0,
        "hr": 9
      },
      {
        "name": "김태진",
        "year": 21,
        "team": "KIA",
        "pa": 414,
        "ops": 0.655,
        "avg": 0.276,
        "obp": 0.314,
        "slg": 0.341,
        "rbi": 36,
        "sb": 8,
        "hr": 1
      }
    ]
  },
  {
    "generation": 30,
    "expected_score": 5.965,
    "lineup": [
      "최원준",
      "최형우",
      "박찬호",
      "김선빈",
      "류지혁",
      "이창진",
      "김민식",
      "터커",
      "김태진"
    ],
    "player_stats": [
      {
        "name": "최원준",
        "year": 21,
        "team": "KIA",
        "pa": 668,
        "ops": 0.742,
        "avg": 0.295,
        "obp": 0.37,
        "slg": 0.372,
        "rbi": 44,
        "sb": 40,
        "hr": 4
      },
      {
        "name": "최형우",
        "year": 21,
        "team": "KIA",
        "pa": 446,
        "ops": 0.729,
        "avg": 0.233,
        "obp": 0.354,
        "slg": 0.375,
        "rbi": 55,
        "sb": 0,
        "hr": 12
      },
      {
        "name": "박찬호",
        "year": 21,
        "team": "KIA",
        "pa": 483,
        "ops": 0.644,
        "avg": 0.246,
        "obp": 0.331,
        "slg": 0.313,
        "rbi": 59,
        "sb": 9,
        "hr": 1
      },
      {
        "name": "김선빈",
        "year": 21,
        "team": "KIA",
        "pa": 564,
        "ops": 0.776,
        "avg": 0.307,
        "obp": 0.375,
        "slg": 0.401,
        "rbi": 67,
        "sb": 0,
        "hr": 5
      },
      {
        "name": "류지혁",
        "year": 21,
        "team": "KIA",
        "pa": 327,
        "ops": 0.715,
        "avg": 0.278,
        "obp": 0.385,
        "slg": 0.33,
        "rbi": 34,
        "sb": 0,
        "hr": 2
      },
      {
        "name": "이창진",
        "year": 21,
        "team": "KIA",
        "pa": 293,
        "ops": 0.593,
        "avg": 0.209,
        "obp": 0.308,
        "slg": 0.285,
        "rbi": 33,
        "sb": 5,
        "hr": 3
      },
      {
        "name": "김민식",
        "year": 21,
        "team": "KIA",
        "pa": 301,
        "ops": 0.624,
        "avg": 0.22,
        "obp": 0.336,
        "slg": 0.288,
        "rbi": 26,
        "sb": 0,
        "hr": 3
      },
      {
        "name": "터커",
        "year": 21,
        "team": "KIA",
        "pa": 539,
        "ops": 0.684,
        "avg": 0.237,
        "obp": 0.334,
        "slg": 0.35,
        "rbi": 59,
        "sb": 0,
        "hr": 9
      },
      {
        "name": "김태진",
        "year": 21,
        "team": "KIA",
        "pa": 414,
        "ops": 0.655,
        "avg": 0.276,
        "obp": 0.314,
        "slg": 0.341,
        "rbi": 36,
        "sb": 8,
        "hr": 1
      }
    ]
  }
]