[
  {
    "generation": 1,
    "expected_score": 5.91,
    "lineup": [
      "채은성",
      "문보경",
      "김현수",
      "홍창기",
      "이형종",
      "김민성",
      "서건창",
      "오지환",
      "유강남"
    ],
    "player_stats": [
      {
        "name": "채은성",
        "year": 21,
        "team": "LG",
        "pa": 448,
        "ops": 0.811,
        "avg": 0.276,
        "obp": 0.359,
        "slg": 0.452,
        "rbi": 82,
        "sb": 4,
        "hr": 16
      },
      {
        "name": "문보경",
        "year": 21,
        "team": "LG",
        "pa": 329,
        "ops": 0.7,
        "avg": 0.23,
        "obp": 0.337,
        "slg": 0.363,
        "rbi": 39,
        "sb": 3,
        "hr": 8
      },
      {
        "name": "김현수",
        "year": 21,
        "team": "LG",
        "pa": 595,
        "ops": 0.811,
        "avg": 0.285,
        "obp": 0.376,
        "slg": 0.435,
        "rbi": 96,
        "sb": 3,
        "hr": 17
      },
      {
        "name": "홍창기",
        "year": 21,
        "team": "LG",
        "pa": 651,
        "ops": 0.864,
        "avg": 0.328,
        "obp": 0.456,
        "slg": 0.408,
        "rbi": 52,
        "sb": 23,
        "hr": 4
      },
      {
        "name": "이형종",
        "year": 21,
        "team": "LG",
        "pa": 281,
        "ops": 0.721,
        "avg": 0.218,
        "obp": 0.332,
        "slg": 0.389,
        "rbi": 34,
        "sb": 3,
        "hr": 10
      },
      {
        "name": "김민성",
        "year": 21,
        "team": "LG",
        "pa": 426,
        "ops": 0.663,
        "avg": 0.222,
        "obp": 0.313,
        "slg": 0.35,
        "rbi": 39,
        "sb": 3,
        "hr": 8
      },
      {
        "name": "서건창",
        "year": 21,
        "team": "LG",
        "pa": 267,
        "ops": 0.655,
        "avg": 0.247,
        "obp": 0.323,
        "slg": 0.332,
        "rbi": 24,
        "sb": 6,
        "hr": 2
      },
      {
        "name": "오지환",
        "year": 21,
        "team": "LG",
        "pa": 532,
        "ops": 0.691,
        "avg": 0.254,
        "obp": 0.335,
        "slg": 0.356,
        "rbi": 57,
        "sb": 12,
        "hr": 8
      },
      {
        "name": "유강남",
        "year": 21,
        "team": "LG",
        "pa": 441,
        "ops": 0.692,
        "avg": 0.252,
        "obp": 0.317,
        "slg": 0.375,
        "rbi": 60,
        "sb": 2,
        "hr": 11
      }
    ]
  },
  {
    "generation": 2,
    "expected_score": 5.93,
    "lineup": [
      "채은성",
      "유강남",
      "김현수",
      "오지환",
      "문보경",
      "홍창기",
      "이형종",
      "김민성",
      "서건창"
    ],
    "player_stats": [
      {
        "name": "채은성",
        "year": 21,
        "team": "LG",
        "pa": 448,
        "ops": 0.811,
        "avg": 0.276,
        "obp": 0.359,
        "slg": 0.452,
        "rbi": 82,
        "sb": 4,
        "hr": 16
      },
      {
        "name": "유강남",
        "year": 21,
        "team": "LG",
        "pa": 441,
        "ops": 0.692,
        "avg": 0.252,
        "obp": 0.317,
        "slg": 0.375,
        "rbi": 60,
        "sb": 2,
        "hr": 11
      },
      {
        "name": "김현수",
        "year": 21,
        "team": "LG",
        "pa": 595,
        "ops": 0.811,
        "avg": 0.285,
        "obp": 0.376,
        "slg": 0.435,
        "rbi": 96,
        "sb": 3,
        "hr": 17
      },
      {
        "name": "오지환",
        "year": 21,
        "team": "LG",
        "pa": 532,
        "ops": 0.691,
        "avg": 0.254,
        "obp": 0.335,
        "slg": 0.356,
        "rbi": 57,
        "sb": 12,
        "hr": 8
      },
      {
        "name": "문보경",
        "year": 21,
        "team": "LG",
        "pa": 329,
        "ops": 0.7,
        "avg": 0.23,
        "obp": 0.337,
        "slg": 0.363,
        "rbi": 39,
        "sb": 3,
        "hr": 8
      },
      {
        "name": "홍창기",
        "year": 21,
        "team": "LG",
        "pa": 651,
        "ops": 0.864,
        "avg": 0.328,
        "obp": 0.456,
        "slg": 0.408,
        "rbi": 52,
        "sb": 23,
        "hr": 4
      },
      {
        "name": "이형종",
        "year": 21,
        "team": "LG",
        "pa": 281,
        "ops": 0.721,
        "avg": 0.218,
        "obp": 0.332,
        "slg": 0.389,
        "rbi": 34,
        "sb": 3,
        "hr": 10
      },
      {
        "name": "김민성",
        "year": 21,
        "team": "LG",
        "pa": 426,
        "ops": 0.663,
        "avg": 0.222,
        "obp": 0.313,
        "slg": 0.35,
        "rbi": 39,
        "sb": 3,
        "hr": 8
      },
      {
        "name": "서건창",
        "year": 21,
        "team": "LG",
        "pa": 267,
        "ops": 0.655,
        "avg": 0.247,
        "obp": 0.323,
        "slg": 0.332,
        "rbi": 24,
        "sb": 6,
        "hr": 2
      }
    ]
  },
  {
    "generation": 3,
    "expected_score": 5.74,
    "lineup": [
      "채은성",
      "유강남",
      "김현수",
      "오지환",
      "김민성",
      "이형종",
      "문보경",
      "홍창기",
      "서건창"
    ],
    "player_stats": [
      {
        "name": "채은성",
        "year": 21,
        "team": "LG",
        "pa": 448,
        "ops": 0.811,
        "avg": 0.276,
        "obp": 0.359,
        "slg": 0.452,
        "rbi": 82,
        "sb": 4,
        "hr": 16
      },
      {
        "name": "유강남",
        "year": 21,
        "team": "LG",
        "pa": 441,
        "ops": 0.692,
        "avg": 0.252,
        "obp": 0.317,
        "slg": 0.375,
        "rbi": 60,
        "sb": 2,
        "hr": 11
      },
      {
        "name": "김현수",
        "year": 21,
        "team": "LG",
        "pa": 595,
        "ops": 0.811,
        "avg": 0.285,
        "obp": 0.376,
        "slg": 0.435,
        "rbi": 96,
        "sb": 3,
        "hr": 17
      },
      {
        "name": "오지환",
        "year": 21,
        "team": "LG",
        "pa": 532,
        "ops": 0.691,
        "avg": 0.254,
        "obp": 0.335,
        "slg": 0.356,
        "rbi": 57,
        "sb": 12,
        "hr": 8
      },
      {
        "name": "김민성",
        "year": 21,
        "team": "LG",
        "pa": 426,
        "ops": 0.663,
        "avg": 0.222,
        "obp": 0.313,
        "slg": 0.35,
        "rbi": 39,
        "sb": 3,
        "hr": 8
      },
      {
        "name": "이형종",
        "year": 21,
        "team": "LG",
        "pa": 281,
        "ops": 0.721,
        "avg": 0.218,
        "obp": 0.332,
        "slg": 0.389,
        "rbi": 34,
        "sb": 3,
        "hr": 10
      },
      {
        "name": "문보경",
        "year": 21,
        "team": "LG",
        "pa": 329,
        "ops": 0.7,
        "avg": 0.23,
        "obp": 0.337,
        "slg": 0.363,
        "rbi": 39,
        "sb": 3,
        "hr": 8
      },
      {
        "name": "홍창기",
        "year": 21,
        "team": "LG",
        "pa": 651,
        "ops": 0.864,
        "avg": 0.328,
        "obp": 0.456,
        "slg": 0.408,
        "rbi": 52,
        "sb": 23,
        "hr": 4
      },
      {
        "name": "서건창",
        "year": 21,
        "team": "LG",
        "pa": 267,
        "ops": 0.655,
        "avg": 0.247,
        "obp": 0.323,
        "slg": 0.332,
        "rbi": 24,
        "sb": 6,
        "hr": 2
      }
    ]
  },
  {
    "generation": 4,
    "expected_score": 5.79,
    "lineup": [
      "홍창기",
      "김현수",
      "문보경",
      "이형종",
      "서건창",
      "오지환",
      "채은성",
      "김민성",
      "유강남"
    ],
    "player_stats": [
      {
        "name": "홍창기",
        "year": 21,
        "team": "LG",
        "pa": 651,
        "ops": 0.864,
        "avg": 0.328,
        "obp": 0.456,
        "slg": 0.408,
        "rbi": 52,
        "sb": 23,
        "hr": 4
      },
      {
        "name": "김현수",
        "year": 21,
        "team": "LG",
        "pa": 595,
        "ops": 0.811,
        "avg": 0.285,
        "obp": 0.376,
        "slg": 0.435,
        "rbi": 96,
        "sb": 3,
        "hr": 17
      },
      {
        "name": "문보경",
        "year": 21,
        "team": "LG",
        "pa": 329,
        "ops": 0.7,
        "avg": 0.23,
        "obp": 0.337,
        "slg": 0.363,
        "rbi": 39,
        "sb": 3,
        "hr": 8
      },
      {
        "name": "이형종",
        "year": 21,
        "team": "LG",
        "pa": 281,
        "ops": 0.721,
        "avg": 0.218,
        "obp": 0.332,
        "slg": 0.389,
        "rbi": 34,
        "sb": 3,
        "hr": 10
      },
      {
        "name": "서건창",
        "year": 21,
        "team": "LG",
        "pa": 267,
        "ops": 0.655,
        "avg": 0.247,
        "obp": 0.323,
        "slg": 0.332,
        "rbi": 24,
        "sb": 6,
        "hr": 2
      },
      {
        "name": "오지환",
        "year": 21,
        "team": "LG",
        "pa": 532,
        "ops": 0.691,
        "avg": 0.254,
        "obp": 0.335,
        "slg": 0.356,
        "rbi": 57,
        "sb": 12,
        "hr": 8
      },
      {
        "name": "채은성",
        "year": 21,
        "team": "LG",
        "pa": 448,
        "ops": 0.811,
        "avg": 0.276,
        "obp": 0.359,
        "slg": 0.452,
        "rbi": 82,
        "sb": 4,
        "hr": 16
      },
      {
        "name": "김민성",
        "year": 21,
        "team": "LG",
        "pa": 426,
        "ops": 0.663,
        "avg": 0.222,
        "obp": 0.313,
        "slg": 0.35,
        "rbi": 39,
        "sb": 3,
        "hr": 8
      },
      {
        "name": "유강남",
        "year": 21,
        "team": "LG",
        "pa": 441,
        "ops": 0.692,
        "avg": 0.252,
        "obp": 0.317,
        "slg": 0.375,
        "rbi": 60,
        "sb": 2,
        "hr": 11
      }
    ]
  },
  {
    "generation": 5,
    "expected_score": 5.985,
    "lineup": [
      "홍창기",
      "김현수",
      "서건창",
      "오지환",
      "문보경",
      "채은성",
      "유강남",
      "이형종",
      "김민성"
    ],
    "player_stats": [
      {
        "name": "홍창기",
        "year": 21,
        "team": "LG",
        "pa": 651,
        "ops": 0.864,
        "avg": 0.328,
        "obp": 0.456,
        "slg": 0.408,
        "rbi": 52,
        "sb": 23,
        "hr": 4
      },
      {
        "name": "김현수",
        "year": 21,
        "team": "LG",
        "pa": 595,
        "ops": 0.811,
        "avg": 0.285,
        "obp": 0.376,
        "slg": 0.435,
        "rbi": 96,
        "sb": 3,
        "hr": 17
      },
      {
        "name": "서건창",
        "year": 21,
        "team": "LG",
        "pa": 267,
        "ops": 0.655,
        "avg": 0.247,
        "obp": 0.323,
        "slg": 0.332,
        "rbi": 24,
        "sb": 6,
        "hr": 2
      },
      {
        "name": "오지환",
        "year": 21,
        "team": "LG",
        "pa": 532,
        "ops": 0.691,
        "avg": 0.254,
        "obp": 0.335,
        "slg": 0.356,
        "rbi": 57,
        "sb": 12,
        "hr": 8
      },
      {
        "name": "문보경",
        "year": 21,
        "team": "LG",
        "pa": 329,
        "ops": 0.7,
        "avg": 0.23,
        "obp": 0.337,
        "slg": 0.363,
        "rbi": 39,
        "sb": 3,
        "hr": 8
      },
      {
        "name": "채은성",
        "year": 21,
        "team": "LG",
        "pa": 448,
        "ops": 0.811,
        "avg": 0.276,
        "obp": 0.359,
        "slg": 0.452,
        "rbi": 82,
        "sb": 4,
        "hr": 16
      },
      {
        "name": "유강남",
        "year": 21,
        "team": "LG",
        "pa": 441,
        "ops": 0.692,
        "avg": 0.252,
        "obp": 0.317,
        "slg": 0.375,
        "rbi": 60,
        "sb": 2,
        "hr": 11
      },
      {
        "name": "이형종",
        "year": 21,
        "team": "LG",
        "pa": 281,
        "ops": 0.721,
        "avg": 0.218,
        "obp": 0.332,
        "slg": 0.389,
        "rbi": 34,
        "sb": 3,
        "hr": 10
      },
      {
        "name": "김민성",
        "year": 21,
        "team": "LG",
        "pa": 426,
        "ops": 0.663,
        "avg": 0.222,
        "obp": 0.313,
        "slg": 0.35,
        "rbi": 39,
        "sb": 3,
        "hr": 8
      }
    ]
  },
  {
    "generation": 6,
    "expected_score": 5.675,
    "lineup": [
      "김현수",
      "서건창",
      "홍창기",
      "이형종",
      "문보경",
      "오지환",
      "채은성",
      "김민성",
      "유강남"
    ],
    "player_stats": [
      {
        "name": "김현수",
        "year": 21,
        "team": "LG",
        "pa": 595,
        "ops": 0.811,
        "avg": 0.285,
        "obp": 0.376,
        "slg": 0.435,
        "rbi": 96,
        "sb": 3,
        "hr": 17
      },
      {
        "name": "서건창",
        "year": 21,
        "team": "LG",
        "pa": 267,
        "ops": 0.655,
        "avg": 0.247,
        "obp": 0.323,
        "slg": 0.332,
        "rbi": 24,
        "sb": 6,
        "hr": 2
      },
      {
        "name": "홍창기",
        "year": 21,
        "team": "LG",
        "pa": 651,
        "ops": 0.864,
        "avg": 0.328,
        "obp": 0.456,
        "slg": 0.408,
        "rbi": 52,
        "sb": 23,
        "hr": 4
      },
      {
        "name": "이형종",
        "year": 21,
        "team": "LG",
        "pa": 281,
        "ops": 0.721,
        "avg": 0.218,
        "obp": 0.332,
        "slg": 0.389,
        "rbi": 34,
        "sb": 3,
        "hr": 10
      },
      {
        "name": "문보경",
        "year": 21,
        "team": "LG",
        "pa": 329,
        "ops": 0.7,
        "avg": 0.23,
        "obp": 0.337,
        "slg": 0.363,
        "rbi": 39,
        "sb": 3,
        "hr": 8
      },
      {
        "name": "오지환",
        "year": 21,
        "team": "LG",
        "pa": 532,
        "ops": 0.691,
        "avg": 0.254,
        "obp": 0.335,
        "slg": 0.356,
        "rbi": 57,
        "sb": 12,
        "hr": 8
      },
      {
        "name": "채은성",
        "year": 21,
        "team": "LG",
        "pa": 448,
        "ops": 0.811,
        "avg": 0.276,
        "obp": 0.359,
        "slg": 0.452,
        "rbi": 82,
        "sb": 4,
        "hr": 16
      },
      {
        "name": "김민성",
        "year": 21,
        "team": "LG",
        "pa": 426,
        "ops": 0.663,
        "avg": 0.222,
        "obp": 0.313,
        "slg": 0.35,
        "rbi": 39,
        "sb": 3,
        "hr": 8
      },
      {
        "name": "유강남",
        "year": 21,
        "team": "LG",
        "pa": 441,
        "ops": 0.692,
        "avg": 0.252,
        "obp": 0.317,
        "slg": 0.375,
        "rbi": 60,
        "sb": 2,
        "hr": 11
      }
    ]
  },
  {
    "generation": 7,
    "expected_score": 5.675,
    "lineup": [
      "홍창기",
      "김현수",
      "서건창",
      "오지환",
      "이형종",
      "문보경",
      "채은성",
      "김민성",
      "유강남"
    ],
    "player_stats": [
      {
        "name": "홍창기",
        "year": 21,
        "team": "LG",
        "pa": 651,
        "ops": 0.864,
        "avg": 0.328,
        "obp": 0.456,
        "slg": 0.408,
        "rbi": 52,
        "sb": 23,
        "hr": 4
      },
      {
        "name": "김현수",
        "year": 21,
        "team": "LG",
        "pa": 595,
        "ops": 0.811,
        "avg": 0.285,
        "obp": 0.376,
        "slg": 0.435,
        "rbi": 96,
        "sb": 3,
        "hr": 17
      },
      {
        "name": "서건창",
        "year": 21,
        "team": "LG",
        "pa": 267,
        "ops": 0.655,
        "avg": 0.247,
        "obp": 0.323,
        "slg": 0.332,
        "rbi": 24,
        "sb": 6,
        "hr": 2
      },
      {
        "name": "오지환",
        "year": 21,
        "team": "LG",
        "pa": 532,
        "ops": 0.691,
        "avg": 0.254,
        "obp": 0.335,
        "slg": 0.356,
        "rbi": 57,
        "sb": 12,
        "hr": 8
      },
      {
        "name": "이형종",
        "year": 21,
        "team": "LG",
        "pa": 281,
        "ops": 0.721,
        "avg": 0.218,
        "obp": 0.332,
        "slg": 0.389,
        "rbi": 34,
        "sb": 3,
        "hr": 10
      },
      {
        "name": "문보경",
        "year": 21,
        "team": "LG",
        "pa": 329,
        "ops": 0.7,
        "avg": 0.23,
        "obp": 0.337,
        "slg": 0.363,
        "rbi": 39,
        "sb": 3,
        "hr": 8
      },
      {
        "name": "채은성",
        "year": 21,
        "team": "LG",
        "pa": 448,
        "ops": 0.811,
        "avg": 0.276,
        "obp": 0.359,
        "slg": 0.452,
        "rbi": 82,
        "sb": 4,
        "hr": 16
      },
      {
        "name": "김민성",
        "year": 21,
        "team": "LG",
        "pa": 426,
        "ops": 0.663,
        "avg": 0.222,
        "obp": 0.313,
        "slg": 0.35,
        "rbi": 39,
        "sb": 3,
        "hr": 8
      },
      {
        "name": "유강남",
        "year": 21,
        "team": "LG",
        "pa": 441,
        "ops": 0.692,
        "avg": 0.252,
        "obp": 0.317,
        "slg": 0.375,
        "rbi": 60,
        "sb": 2,
        "hr": 11
      }
    ]
  },
  {
    "generation": 8,
    "expected_score": 5.905,
    "lineup": [
      "김현수",
      "서건창",
      "홍창기",
      "이형종",
      "문보경",
      "오지환",
      "채은성",
      "김민성",
      "유강남"
    ],
    "player_stats": [
      {
        "name": "김현수",
        "year": 21,
        "team": "LG",
        "pa": 595,
        "ops": 0.811,
        "avg": 0.285,
        "obp": 0.376,
        "slg": 0.435,
        "rbi": 96,
        "sb": 3,
        "hr": 17
      },
      {
        "name": "서건창",
        "year": 21,
        "team": "LG",
        "pa": 267,
        "ops": 0.655,
        "avg": 0.247,
        "obp": 0.323,
        "slg": 0.332,
        "rbi": 24,
        "sb": 6,
        "hr": 2
      },
      {
        "name": "홍창기",
        "year": 21,
        "team": "LG",
        "pa": 651,
        "ops": 0.864,
        "avg": 0.328,
        "obp": 0.456,
        "slg": 0.408,
        "rbi": 52,
        "sb": 23,
        "hr": 4
      },
      {
        "name": "이형종",
        "year": 21,
        "team": "LG",
        "pa": 281,
        "ops": 0.721,
        "avg": 0.218,
        "obp": 0.332,
        "slg": 0.389,
        "rbi": 34,
        "sb": 3,
        "hr": 10
      },
      {
        "name": "문보경",
        "year": 21,
        "team": "LG",
        "pa": 329,
        "ops": 0.7,
        "avg": 0.23,
        "obp": 0.337,
        "slg": 0.363,
        "rbi": 39,
        "sb": 3,
        "hr": 8
      },
      {
        "name": "오지환",
        "year": 21,
        "team": "LG",
        "pa": 532,
        "ops": 0.691,
        "avg": 0.254,
        "obp": 0.335,
        "slg": 0.356,
        "rbi": 57,
        "sb": 12,
        "hr": 8
      },
      {
        "name": "채은성",
        "year": 21,
        "team": "LG",
        "pa": 448,
        "ops": 0.811,
        "avg": 0.276,
        "obp": 0.359,
        "slg": 0.452,
        "rbi": 82,
        "sb": 4,
        "hr": 16
      },
      {
        "name": "김민성",
        "year": 21,
        "team": "LG",
        "pa": 426,
        "ops": 0.663,
        "avg": 0.222,
        "obp": 0.313,
        "slg": 0.35,
        "rbi": 39,
        "sb": 3,
        "hr": 8
      },
      {
        "name": "유강남",
        "year": 21,
        "team": "LG",
        "pa": 441,
        "ops": 0.692,
        "avg": 0.252,
        "obp": 0.317,
        "slg": 0.375,
        "rbi": 60,
        "sb": 2,
        "hr": 11
      }
    ]
  },
  {
    "generation": 9,
    "expected_score": 5.85,
    "lineup": [
      "홍창기",
      "문보경",
      "김현수",
      "이형종",
      "오지환",
      "서건창",
      "채은성",
      "김민성",
      "유강남"
    ],
    "player_stats": [
      {
        "name": "홍창기",
        "year": 21,
        "team": "LG",
        "pa": 651,
        "ops": 0.864,
        "avg": 0.328,
        "obp": 0.456,
        "slg": 0.408,
        "rbi": 52,
        "sb": 23,
        "hr": 4
      },
      {
        "name": "문보경",
        "year": 21,
        "team": "LG",
        "pa": 329,
        "ops": 0.7,
        "avg": 0.23,
        "obp": 0.337,
        "slg": 0.363,
        "rbi": 39,
        "sb": 3,
        "hr": 8
      },
      {
        "name": "김현수",
        "year": 21,
        "team": "LG",
        "pa": 595,
        "ops": 0.811,
        "avg": 0.285,
        "obp": 0.376,
        "slg": 0.435,
        "rbi": 96,
        "sb": 3,
        "hr": 17
      },
      {
        "name": "이형종",
        "year": 21,
        "team": "LG",
        "pa": 281,
        "ops": 0.721,
        "avg": 0.218,
        "obp": 0.332,
        "slg": 0.389,
        "rbi": 34,
        "sb": 3,
        "hr": 10
      },
      {
        "name": "오지환",
        "year": 21,
        "team": "LG",
        "pa": 532,
        "ops": 0.691,
        "avg": 0.254,
        "obp": 0.335,
        "slg": 0.356,
        "rbi": 57,
        "sb": 12,
        "hr": 8
      },
      {
        "name": "서건창",
        "year": 21,
        "team": "LG",
        "pa": 267,
        "ops": 0.655,
        "avg": 0.247,
        "obp": 0.323,
        "slg": 0.332,
        "rbi": 24,
        "sb": 6,
        "hr": 2
      },
      {
        "name": "채은성",
        "year": 21,
        "team": "LG",
        "pa": 448,
        "ops": 0.811,
        "avg": 0.276,
        "obp": 0.359,
        "slg": 0.452,
        "rbi": 82,
        "sb": 4,
        "hr": 16
      },
      {
        "name": "김민성",
        "year": 21,
        "team": "LG",
        "pa": 426,
        "ops": 0.663,
        "avg": 0.222,
        "obp": 0.313,
        "slg": 0.35,
        "rbi": 39,
        "sb": 3,
        "hr": 8
      },
      {
        "name": "유강남",
        "year": 21,
        "team": "LG",
        "pa": 441,
        "ops": 0.692,
        "avg": 0.252,
        "obp": 0.317,
        "slg": 0.375,
        "rbi": 60,
        "sb": 2,
        "hr": 11
      }
    ]
  },
  {
    "generation": 10,
    "expected_score": 5.705,
    "lineup": [
      "김현수",
      "이형종",
      "서건창",
      "김민성",
      "문보경",
      "오지환",
      "채은성",
      "유강남",
      "홍창기"
    ],
    "player_stats": [
      {
        "name": "김현수",
        "year": 21,
        "team": "LG",
        "pa": 595,
        "ops": 0.811,
        "avg": 0.285,
        "obp": 0.376,
        "slg": 0.435,
        "rbi": 96,
        "sb": 3,
        "hr": 17
      },
      {
        "name": "이형종",
        "year": 21,
        "team": "LG",
        "pa": 281,
        "ops": 0.721,
        "avg": 0.218,
        "obp": 0.332,
        "slg": 0.389,
        "rbi": 34,
        "sb": 3,
        "hr": 10
      },
      {
        "name": "서건창",
        "year": 21,
        "team": "LG",
        "pa": 267,
        "ops": 0.655,
        "avg": 0.247,
        "obp": 0.323,
        "slg": 0.332,
        "rbi": 24,
        "sb": 6,
        "hr": 2
      },
      {
        "name": "김민성",
        "year": 21,
        "team": "LG",
        "pa": 426,
        "ops": 0.663,
        "avg": 0.222,
        "obp": 0.313,
        "slg": 0.35,
        "rbi": 39,
        "sb": 3,
        "hr": 8
      },
      {
        "name": "문보경",
        "year": 21,
        "team": "LG",
        "pa": 329,
        "ops": 0.7,
        "avg": 0.23,
        "obp": 0.337,
        "slg": 0.363,
        "rbi": 39,
        "sb": 3,
        "hr": 8
      },
      {
        "name": "오지환",
        "year": 21,
        "team": "LG",
        "pa": 532,
        "ops": 0.691,
        "avg": 0.254,
        "obp": 0.335,
        "slg": 0.356,
        "rbi": 57,
        "sb": 12,
        "hr": 8
      },
      {
        "name": "채은성",
        "year": 21,
        "team": "LG",
        "pa": 448,
        "ops": 0.811,
        "avg": 0.276,
        "obp": 0.359,
        "slg": 0.452,
        "rbi": 82,
        "sb": 4,
        "hr": 16
      },
      {
        "name": "유강남",
        "year": 21,
        "team": "LG",
        "pa": 441,
        "ops": 0.692,
        "avg": 0.252,
        "obp": 0.317,
        "slg": 0.375,
        "rbi": 60,
        "sb": 2,
        "hr": 11
      },
      {
        "name": "홍창기",
        "year": 21,
        "team": "LG",
        "pa": 651,
        "ops": 0.864,
        "avg": 0.328,
        "obp": 0.456,
        "slg": 0.408,
        "rbi": 52,
        "sb": 23,
        "hr": 4
      }
    ]
  },
  {
    "generation": 11,
    "expected_score": 5.955,
    "lineup": [
      "홍창기",
      "김현수",
      "김민성",
      "문보경",
      "오지환",
      "서건창",
      "채은성",
      "이형종",
      "유강남"
    ],
    "player_stats": [
      {
        "name": "홍창기",
        "year": 21,
        "team": "LG",
        "pa": 651,
        "ops": 0.864,
        "avg": 0.328,
        "obp": 0.456,
        "slg": 0.408,
        "rbi": 52,
        "sb": 23,
        "hr": 4
      },
      {
        "name": "김현수",
        "year": 21,
        "team": "LG",
        "pa": 595,
        "ops": 0.811,
        "avg": 0.285,
        "obp": 0.376,
        "slg": 0.435,
        "rbi": 96,
        "sb": 3,
        "hr": 17
      },
      {
        "name": "김민성",
        "year": 21,
        "team": "LG",
        "pa": 426,
        "ops": 0.663,
        "avg": 0.222,
        "obp": 0.313,
        "slg": 0.35,
        "rbi": 39,
        "sb": 3,
        "hr": 8
      },
      {
        "name": "문보경",
        "year": 21,
        "team": "LG",
        "pa": 329,
        "ops": 0.7,
        "avg": 0.23,
        "obp": 0.337,
        "slg": 0.363,
        "rbi": 39,
        "sb": 3,
        "hr": 8
      },
      {
        "name": "오지환",
        "year": 21,
        "team": "LG",
        "pa": 532,
        "ops": 0.691,
        "avg": 0.254,
        "obp": 0.335,
        "slg": 0.356,
        "rbi": 57,
        "sb": 12,
        "hr": 8
      },
      {
        "name": "서건창",
        "year": 21,
        "team": "LG",
        "pa": 267,
        "ops": 0.655,
        "avg": 0.247,
        "obp": 0.323,
        "slg": 0.332,
        "rbi": 24,
        "sb": 6,
        "hr": 2
      },
      {
        "name": "채은성",
        "year": 21,
        "team": "LG",
        "pa": 448,
        "ops": 0.811,
        "avg": 0.276,
        "obp": 0.359,
        "slg": 0.452,
        "rbi": 82,
        "sb": 4,
        "hr": 16
      },
      {
        "name": "이형종",
        "year": 21,
        "team": "LG",
        "pa": 281,
        "ops": 0.721,
        "avg": 0.218,
        "obp": 0.332,
        "slg": 0.389,
        "rbi": 34,
        "sb": 3,
        "hr": 10
      },
      {
        "name": "유강남",
        "year": 21,
        "team": "LG",
        "pa": 441,
        "ops": 0.692,
        "avg": 0.252,
        "obp": 0.317,
        "slg": 0.375,
        "rbi": 60,
        "sb": 2,
        "hr": 11
      }
    ]
  },
  {
    "generation": 12,
    "expected_score": 5.955,
    "lineup": [
      "김현수",
      "홍창기",
      "이형종",
      "오지환",
      "서건창",
      "채은성",
      "문보경",
      "김민성",
      "유강남"
    ],
    "player_stats": [
      {
        "name": "김현수",
        "year": 21,
        "team": "LG",
        "pa": 595,
        "ops": 0.811,
        "avg": 0.285,
        "obp": 0.376,
        "slg": 0.435,
        "rbi": 96,
        "sb": 3,
        "hr": 17
      },
      {
        "name": "홍창기",
        "year": 21,
        "team": "LG",
        "pa": 651,
        "ops": 0.864,
        "avg": 0.328,
        "obp": 0.456,
        "slg": 0.408,
        "rbi": 52,
        "sb": 23,
        "hr": 4
      },
      {
        "name": "이형종",
        "year": 21,
        "team": "LG",
        "pa": 281,
        "ops": 0.721,
        "avg": 0.218,
        "obp": 0.332,
        "slg": 0.389,
        "rbi": 34,
        "sb": 3,
        "hr": 10
      },
      {
        "name": "오지환",
        "year": 21,
        "team": "LG",
        "pa": 532,
        "ops": 0.691,
        "avg": 0.254,
        "obp": 0.335,
        "slg": 0.356,
        "rbi": 57,
        "sb": 12,
        "hr": 8
      },
      {
        "name": "서건창",
        "year": 21,
        "team": "LG",
        "pa": 267,
        "ops": 0.655,
        "avg": 0.247,
        "obp": 0.323,
        "slg": 0.332,
        "rbi": 24,
        "sb": 6,
        "hr": 2
      },
      {
        "name": "채은성",
        "year": 21,
        "team": "LG",
        "pa": 448,
        "ops": 0.811,
        "avg": 0.276,
        "obp": 0.359,
        "slg": 0.452,
        "rbi": 82,
        "sb": 4,
        "hr": 16
      },
      {
        "name": "문보경",
        "year": 21,
        "team": "LG",
        "pa": 329,
        "ops": 0.7,
        "avg": 0.23,
        "obp": 0.337,
        "slg": 0.363,
        "rbi": 39,
        "sb": 3,
        "hr": 8
      },
      {
        "name": "김민성",
        "year": 21,
        "team": "LG",
        "pa": 426,
        "ops": 0.663,
        "avg": 0.222,
        "obp": 0.313,
        "slg": 0.35,
        "rbi": 39,
        "sb": 3,
        "hr": 8
      },
      {
        "name": "유강남",
        "year": 21,
        "team": "LG",
        "pa": 441,
        "ops": 0.692,
        "avg": 0.252,
        "obp": 0.317,
        "slg": 0.375,
        "rbi": 60,
        "sb": 2,
        "hr": 11
      }
    ]
  },
  {
    "generation": 13,
    "expected_score": 5.73,
    "lineup": [
      "채은성",
      "서건창",
      "김현수",
      "홍창기",
      "문보경",
      "김민성",
      "이형종",
      "오지환",
      "유강남"
    ],
    "player_stats": [
      {
        "name": "채은성",
        "year": 21,
        "team": "LG",
        "pa": 448,
        "ops": 0.811,
        "avg": 0.276,
        "obp": 0.359,
        "slg": 0.452,
        "rbi": 82,
        "sb": 4,
        "hr": 16
      },
      {
        "name": "서건창",
        "year": 21,
        "team": "LG",
        "pa": 267,
        "ops": 0.655,
        "avg": 0.247,
        "obp": 0.323,
        "slg": 0.332,
        "rbi": 24,
        "sb": 6,
        "hr": 2
      },
      {
        "name": "김현수",
        "year": 21,
        "team": "LG",
        "pa": 595,
        "ops": 0.811,
        "avg": 0.285,
        "obp": 0.376,
        "slg": 0.435,
        "rbi": 96,
        "sb": 3,
        "hr": 17
      },
      {
        "name": "홍창기",
        "year": 21,
        "team": "LG",
        "pa": 651,
        "ops": 0.864,
        "avg": 0.328,
        "obp": 0.456,
        "slg": 0.408,
        "rbi": 52,
        "sb": 23,
        "hr": 4
      },
      {
        "name": "문보경",
        "year": 21,
        "team": "LG",
        "pa": 329,
        "ops": 0.7,
        "avg": 0.23,
        "obp": 0.337,
        "slg": 0.363,
        "rbi": 39,
        "sb": 3,
        "hr": 8
      },
      {
        "name": "김민성",
        "year": 21,
        "team": "LG",
        "pa": 426,
        "ops": 0.663,
        "avg": 0.222,
        "obp": 0.313,
        "slg": 0.35,
        "rbi": 39,
        "sb": 3,
        "hr": 8
      },
      {
        "name": "이형종",
        "year": 21,
        "team": "LG",
        "pa": 281,
        "ops": 0.721,
        "avg": 0.218,
        "obp": 0.332,
        "slg": 0.389,
        "rbi": 34,
        "sb": 3,
        "hr": 10
      },
      {
        "name": "오지환",
        "year": 21,
        "team": "LG",
        "pa": 532,
        "ops": 0.691,
        "avg": 0.254,
        "obp": 0.335,
        "slg": 0.356,
        "rbi": 57,
        "sb": 12,
        "hr": 8
      },
      {
        "name": "유강남",
        "year": 21,
        "team": "LG",
        "pa": 441,
        "ops": 0.692,
        "avg": 0.252,
        "obp": 0.317,
        "slg": 0.375,
        "rbi": 60,
        "sb": 2,
        "hr": 11
      }
    ]
  },
  {
    "generation": 14,
    "expected_score": 5.72,
    "lineup": [
      "홍창기",
      "채은성",
      "김현수",
      "문보경",
      "오지환",
      "이형종",
      "서건창",
      "김민성",
      "유강남"
    ],
    "player_stats": [
      {
        "name": "홍창기",
        "year": 21,
        "team": "LG",
        "pa": 651,
        "ops": 0.864,
        "avg": 0.328,
        "obp": 0.456,
        "slg": 0.408,
        "rbi": 52,
        "sb": 23,
        "hr": 4
      },
      {
        "name": "채은성",
        "year": 21,
        "team": "LG",
        "pa": 448,
        "ops": 0.811,
        "avg": 0.276,
        "obp": 0.359,
        "slg": 0.452,
        "rbi": 82,
        "sb": 4,
        "hr": 16
      },
      {
        "name": "김현수",
        "year": 21,
        "team": "LG",
        "pa": 595,
        "ops": 0.811,
        "avg": 0.285,
        "obp": 0.376,
        "slg": 0.435,
        "rbi": 96,
        "sb": 3,
        "hr": 17
      },
      {
        "name": "문보경",
        "year": 21,
        "team": "LG",
        "pa": 329,
        "ops": 0.7,
        "avg": 0.23,
        "obp": 0.337,
        "slg": 0.363,
        "rbi": 39,
        "sb": 3,
        "hr": 8
      },
      {
        "name": "오지환",
        "year": 21,
        "team": "LG",
        "pa": 532,
        "ops": 0.691,
        "avg": 0.254,
        "obp": 0.335,
        "slg": 0.356,
        "rbi": 57,
        "sb": 12,
        "hr": 8
      },
      {
        "name": "이형종",
        "year": 21,
        "team": "LG",
        "pa": 281,
        "ops": 0.721,
        "avg": 0.218,
        "obp": 0.332,
        "slg": 0.389,
        "rbi": 34,
        "sb": 3,
        "hr": 10
      },
      {
        "name": "서건창",
        "year": 21,
        "team": "LG",
        "pa": 267,
        "ops": 0.655,
        "avg": 0.247,
        "obp": 0.323,
        "slg": 0.332,
        "rbi": 24,
        "sb": 6,
        "hr": 2
      },
      {
        "name": "김민성",
        "year": 21,
        "team": "LG",
        "pa": 426,
        "ops": 0.663,
        "avg": 0.222,
        "obp": 0.313,
        "slg": 0.35,
        "rbi": 39,
        "sb": 3,
        "hr": 8
      },
      {
        "name": "유강남",
        "year": 21,
        "team": "LG",
        "pa": 441,
        "ops": 0.692,
        "avg": 0.252,
        "obp": 0.317,
        "slg": 0.375,
        "rbi": 60,
        "sb": 2,
        "hr": 11
      }
    ]
  },
  {
    "generation": 15,
    "expected_score": 5.83,
    "lineup": [
      "김현수",
      "서건창",
      "이형종",
      "채은성",
      "오지환",
      "홍창기",
      "문보경",
      "김민성",
      "유강남"
    ],
    "player_stats": [
      {
        "name": "김현수",
        "year": 21,
        "team": "LG",
        "pa": 595,
        "ops": 0.811,
        "avg": 0.285,
        "obp": 0.376,
        "slg": 0.435,
        "rbi": 96,
        "sb": 3,
        "hr": 17
      },
      {
        "name": "서건창",
        "year": 21,
        "team": "LG",
        "pa": 267,
        "ops": 0.655,
        "avg": 0.247,
        "obp": 0.323,
        "slg": 0.332,
        "rbi": 24,
        "sb": 6,
        "hr": 2
      },
      {
        "name": "이형종",
        "year": 21,
        "team": "LG",
        "pa": 281,
        "ops": 0.721,
        "avg": 0.218,
        "obp": 0.332,
        "slg": 0.389,
        "rbi": 34,
        "sb": 3,
        "hr": 10
      },
      {
        "name": "채은성",
        "year": 21,
        "team": "LG",
        "pa": 448,
        "ops": 0.811,
        "avg": 0.276,
        "obp": 0.359,
        "slg": 0.452,
        "rbi": 82,
        "sb": 4,
        "hr": 16
      },
      {
        "name": "오지환",
        "year": 21,
        "team": "LG",
        "pa": 532,
        "ops": 0.691,
        "avg": 0.254,
        "obp": 0.335,
        "slg": 0.356,
        "rbi": 57,
        "sb": 12,
        "hr": 8
      },
      {
        "name": "홍창기",
        "year": 21,
        "team": "LG",
        "pa": 651,
        "ops": 0.864,
        "avg": 0.328,
        "obp": 0.456,
        "slg": 0.408,
        "rbi": 52,
        "sb": 23,
        "hr": 4
      },
      {
        "name": "문보경",
        "year": 21,
        "team": "LG",
        "pa": 329,
        "ops": 0.7,
        "avg": 0.23,
        "obp": 0.337,
        "slg": 0.363,
        "rbi": 39,
        "sb": 3,
        "hr": 8
      },
      {
        "name": "김민성",
        "year": 21,
        "team": "LG",
        "pa": 426,
        "ops": 0.663,
        "avg": 0.222,
        "obp": 0.313,
        "slg": 0.35,
        "rbi": 39,
        "sb": 3,
        "hr": 8
      },
      {
        "name": "유강남",
        "year": 21,
        "team": "LG",
        "pa": 441,
        "ops": 0.692,
        "avg": 0.252,
        "obp": 0.317,
        "slg": 0.375,
        "rbi": 60,
        "sb": 2,
        "hr": 11
      }
    ]
  },
  {
    "generation": 16,
    "expected_score": 5.895,
    "lineup": [
      "홍창기",
      "김현수",
      "채은성",
      "이형종",
      "오지환",
      "문보경",
      "서건창",
      "김민성",
      "유강남"
    ],
    "player_stats": [
      {
        "name": "홍창기",
        "year": 21,
        "team": "LG",
        "pa": 651,
        "ops": 0.864,
        "avg": 0.328,
        "obp": 0.456,
        "slg": 0.408,
        "rbi": 52,
        "sb": 23,
        "hr": 4
      },
      {
        "name": "김현수",
        "year": 21,
        "team": "LG",
        "pa": 595,
        "ops": 0.811,
        "avg": 0.285,
        "obp": 0.376,
        "slg": 0.435,
        "rbi": 96,
        "sb": 3,
        "hr": 17
      },
      {
        "name": "채은성",
        "year": 21,
        "team": "LG",
        "pa": 448,
        "ops": 0.811,
        "avg": 0.276,
        "obp": 0.359,
        "slg": 0.452,
        "rbi": 82,
        "sb": 4,
        "hr": 16
      },
      {
        "name": "이형종",
        "year": 21,
        "team": "LG",
        "pa": 281,
        "ops": 0.721,
        "avg": 0.218,
        "obp": 0.332,
        "slg": 0.389,
        "rbi": 34,
        "sb": 3,
        "hr": 10
      },
      {
        "name": "오지환",
        "year": 21,
        "team": "LG",
        "pa": 532,
        "ops": 0.691,
        "avg": 0.254,
        "obp": 0.335,
        "slg": 0.356,
        "rbi": 57,
        "sb": 12,
        "hr": 8
      },
      {
        "name": "문보경",
        "year": 21,
        "team": "LG",
        "pa": 329,
        "ops": 0.7,
        "avg": 0.23,
        "obp": 0.337,
        "slg": 0.363,
        "rbi": 39,
        "sb": 3,
        "hr": 8
      },
      {
        "name": "서건창",
        "year": 21,
        "team": "LG",
        "pa": 267,
        "ops": 0.655,
        "avg": 0.247,
        "obp": 0.323,
        "slg": 0.332,
        "rbi": 24,
        "sb": 6,
        "hr": 2
      },
      {
        "name": "김민성",
        "year": 21,
        "team": "LG",
        "pa": 426,
        "ops": 0.663,
        "avg": 0.222,
        "obp": 0.313,
        "slg": 0.35,
        "rbi": 39,
        "sb": 3,
        "hr": 8
      },
      {
        "name": "유강남",
        "year": 21,
        "team": "LG",
        "pa": 441,
        "ops": 0.692,
        "avg": 0.252,
        "obp": 0.317,
        "slg": 0.375,
        "rbi": 60,
        "sb": 2,
        "hr": 11
      }
    ]
  },
  {
    "generation": 17,
    "expected_score": 5.9,
    "lineup": [
      "김현수",
      "이형종",
      "문보경",
      "오지환",
      "채은성",
      "홍창기",
      "서건창",
      "김민성",
      "유강남"
    ],
    "player_stats": [
      {
        "name": "김현수",
        "year": 21,
        "team": "LG",
        "pa": 595,
        "ops": 0.811,
        "avg": 0.285,
        "obp": 0.376,
        "slg": 0.435,
        "rbi": 96,
        "sb": 3,
        "hr": 17
      },
      {
        "name": "이형종",
        "year": 21,
        "team": "LG",
        "pa": 281,
        "ops": 0.721,
        "avg": 0.218,
        "obp": 0.332,
        "slg": 0.389,
        "rbi": 34,
        "sb": 3,
        "hr": 10
      },
      {
        "name": "문보경",
        "year": 21,
        "team": "LG",
        "pa": 329,
        "ops": 0.7,
        "avg": 0.23,
        "obp": 0.337,
        "slg": 0.363,
        "rbi": 39,
        "sb": 3,
        "hr": 8
      },
      {
        "name": "오지환",
        "year": 21,
        "team": "LG",
        "pa": 532,
        "ops": 0.691,
        "avg": 0.254,
        "obp": 0.335,
        "slg": 0.356,
        "rbi": 57,
        "sb": 12,
        "hr": 8
      },
      {
        "name": "채은성",
        "year": 21,
        "team": "LG",
        "pa": 448,
        "ops": 0.811,
        "avg": 0.276,
        "obp": 0.359,
        "slg": 0.452,
        "rbi": 82,
        "sb": 4,
        "hr": 16
      },
      {
        "name": "홍창기",
        "year": 21,
        "team": "LG",
        "pa": 651,
        "ops": 0.864,
        "avg": 0.328,
        "obp": 0.456,
        "slg": 0.408,
        "rbi": 52,
        "sb": 23,
        "hr": 4
      },
      {
        "name": "서건창",
        "year": 21,
        "team": "LG",
        "pa": 267,
        "ops": 0.655,
        "avg": 0.247,
        "obp": 0.323,
        "slg": 0.332,
        "rbi": 24,
        "sb": 6,
        "hr": 2
      },
      {
        "name": "김민성",
        "year": 21,
        "team": "LG",
        "pa": 426,
        "ops": 0.663,
        "avg": 0.222,
        "obp": 0.313,
        "slg": 0.35,
        "rbi": 39,
        "sb": 3,
        "hr": 8
      },
      {
        "name": "유강남",
        "year": 21,
        "team": "LG",
        "pa": 441,
        "ops": 0.692,
        "avg": 0.252,
        "obp": 0.317,
        "slg": 0.375,
        "rbi": 60,
        "sb": 2,
        "hr": 11
      }
    ]
  },
  {
    "generation": 18,
    "expected_score": 6.05,
    "lineup": [
      "홍창기",
      "채은성",
      "문보경",
      "오지환",
      "김현수",
      "이형종",
      "서건창",
      "김민성",
      "유강남"
    ],
    "player_stats": [
      {
        "name": "홍창기",
        "year": 21,
        "team": "LG",
        "pa": 651,
        "ops": 0.864,
        "avg": 0.328,
        "obp": 0.456,
        "slg": 0.408,
        "rbi": 52,
        "sb": 23,
        "hr": 4
      },
      {
        "name": "채은성",
        "year": 21,
        "team": "LG",
        "pa": 448,
        "ops": 0.811,
        "avg": 0.276,
        "obp": 0.359,
        "slg": 0.452,
        "rbi": 82,
        "sb": 4,
        "hr": 16
      },
      {
        "name": "문보경",
        "year": 21,
        "team": "LG",
        "pa": 329,
        "ops": 0.7,
        "avg": 0.23,
        "obp": 0.337,
        "slg": 0.363,
        "rbi": 39,
        "sb": 3,
        "hr": 8
      },
      {
        "name": "오지환",
        "year": 21,
        "team": "LG",
        "pa": 532,
        "ops": 0.691,
        "avg": 0.254,
        "obp": 0.335,
        "slg": 0.356,
        "rbi": 57,
        "sb": 12,
        "hr": 8
      },
      {
        "name": "김현수",
        "year": 21,
        "team": "LG",
        "pa": 595,
        "ops": 0.811,
        "avg": 0.285,
        "obp": 0.376,
        "slg": 0.435,
        "rbi": 96,
        "sb": 3,
        "hr": 17
      },
      {
        "name": "이형종",
        "year": 21,
        "team": "LG",
        "pa": 281,
        "ops": 0.721,
        "avg": 0.218,
        "obp": 0.332,
        "slg": 0.389,
        "rbi": 34,
        "sb": 3,
        "hr": 10
      },
      {
        "name": "서건창",
        "year": 21,
        "team": "LG",
        "pa": 267,
        "ops": 0.655,
        "avg": 0.247,
        "obp": 0.323,
        "slg": 0.332,
        "rbi": 24,
        "sb": 6,
        "hr": 2
      },
      {
        "name": "김민성",
        "year": 21,
        "team": "LG",
        "pa": 426,
        "ops": 0.663,
        "avg": 0.222,
        "obp": 0.313,
        "slg": 0.35,
        "rbi": 39,
        "sb": 3,
        "hr": 8
      },
      {
        "name": "유강남",
        "year": 21,
        "team": "LG",
        "pa": 441,
        "ops": 0.692,
        "avg": 0.252,
        "obp": 0.317,
        "slg": 0.375,
        "rbi": 60,
        "sb": 2,
        "hr": 11
      }
    ]
  },
  {
    "generation": 19,
    "expected_score": 5.795,
    "lineup": [
      "홍창기",
      "김현수",
      "채은성",
      "오지환",
      "문보경",
      "서건창",
      "이형종",
      "김민성",
      "유강남"
    ],
    "player_stats": [
      {
        "name": "홍창기",
        "year": 21,
        "team": "LG",
        "pa": 651,
        "ops": 0.864,
        "avg": 0.328,
        "obp": 0.456,
        "slg": 0.408,
        "rbi": 52,
        "sb": 23,
        "hr": 4
      },
      {
        "name": "김현수",
        "year": 21,
        "team": "LG",
        "pa": 595,
        "ops": 0.811,
        "avg": 0.285,
        "obp": 0.376,
        "slg": 0.435,
        "rbi": 96,
        "sb": 3,
        "hr": 17
      },
      {
        "name": "채은성",
        "year": 21,
        "team": "LG",
        "pa": 448,
        "ops": 0.811,
        "avg": 0.276,
        "obp": 0.359,
        "slg": 0.452,
        "rbi": 82,
        "sb": 4,
        "hr": 16
      },
      {
        "name": "오지환",
        "year": 21,
        "team": "LG",
        "pa": 532,
        "ops": 0.691,
        "avg": 0.254,
        "obp": 0.335,
        "slg": 0.356,
        "rbi": 57,
        "sb": 12,
        "hr": 8
      },
      {
        "name": "문보경",
        "year": 21,
        "team": "LG",
        "pa": 329,
        "ops": 0.7,
        "avg": 0.23,
        "obp": 0.337,
        "slg": 0.363,
        "rbi": 39,
        "sb": 3,
        "hr": 8
      },
      {
        "name": "서건창",
        "year": 21,
        "team": "LG",
        "pa": 267,
        "ops": 0.655,
        "avg": 0.247,
        "obp": 0.323,
        "slg": 0.332,
        "rbi": 24,
        "sb": 6,
        "hr": 2
      },
      {
        "name": "이형종",
        "year": 21,
        "team": "LG",
        "pa": 281,
        "ops": 0.721,
        "avg": 0.218,
        "obp": 0.332,
        "slg": 0.389,
        "rbi": 34,
        "sb": 3,
        "hr": 10
      },
      {
        "name": "김민성",
        "year": 21,
        "team": "LG",
        "pa": 426,
        "ops": 0.663,
        "avg": 0.222,
        "obp": 0.313,
        "slg": 0.35,
        "rbi": 39,
        "sb": 3,
        "hr": 8
      },
      {
        "name": "유강남",
        "year": 21,
        "team": "LG",
        "pa": 441,
        "ops": 0.692,
        "avg": 0.252,
        "obp": 0.317,
        "slg": 0.375,
        "rbi": 60,
        "sb": 2,
        "hr": 11
      }
    ]
  },
  {
    "generation": 20,
    "expected_score": 5.78,
    "lineup": [
      "김현수",
      "채은성",
      "홍창기",
      "이형종",
      "서건창",
      "김민성",
      "오지환",
      "문보경",
      "유강남"
    ],
    "player_stats": [
      {
        "name": "김현수",
        "year": 21,
        "team": "LG",
        "pa": 595,
        "ops": 0.811,
        "avg": 0.285,
        "obp": 0.376,
        "slg": 0.435,
        "rbi": 96,
        "sb": 3,
        "hr": 17
      },
      {
        "name": "채은성",
        "year": 21,
        "team": "LG",
        "pa": 448,
        "ops": 0.811,
        "avg": 0.276,
        "obp": 0.359,
        "slg": 0.452,
        "rbi": 82,
        "sb": 4,
        "hr": 16
      },
      {
        "name": "홍창기",
        "year": 21,
        "team": "LG",
        "pa": 651,
        "ops": 0.864,
        "avg": 0.328,
        "obp": 0.456,
        "slg": 0.408,
        "rbi": 52,
        "sb": 23,
        "hr": 4
      },
      {
        "name": "이형종",
        "year": 21,
        "team": "LG",
        "pa": 281,
        "ops": 0.721,
        "avg": 0.218,
        "obp": 0.332,
        "slg": 0.389,
        "rbi": 34,
        "sb": 3,
        "hr": 10
      },
      {
        "name": "서건창",
        "year": 21,
        "team": "LG",
        "pa": 267,
        "ops": 0.655,
        "avg": 0.247,
        "obp": 0.323,
        "slg": 0.332,
        "rbi": 24,
        "sb": 6,
        "hr": 2
      },
      {
        "name": "김민성",
        "year": 21,
        "team": "LG",
        "pa": 426,
        "ops": 0.663,
        "avg": 0.222,
        "obp": 0.313,
        "slg": 0.35,
        "rbi": 39,
        "sb": 3,
        "hr": 8
      },
      {
        "name": "오지환",
        "year": 21,
        "team": "LG",
        "pa": 532,
        "ops": 0.691,
        "avg": 0.254,
        "obp": 0.335,
        "slg": 0.356,
        "rbi": 57,
        "sb": 12,
        "hr": 8
      },
      {
        "name": "문보경",
        "year": 21,
        "team": "LG",
        "pa": 329,
        "ops": 0.7,
        "avg": 0.23,
        "obp": 0.337,
        "slg": 0.363,
        "rbi": 39,
        "sb": 3,
        "hr": 8
      },
      {
        "name": "유강남",
        "year": 21,
        "team": "LG",
        "pa": 441,
        "ops": 0.692,
        "avg": 0.252,
        "obp": 0.317,
        "slg": 0.375,
        "rbi": 60,
        "sb": 2,
        "hr": 11
      }
    ]
  },
  {
    "generation": 21,
    "expected_score": 5.88,
    "lineup": [
      "채은성",
      "김현수",
      "홍창기",
      "오지환",
      "문보경",
      "서건창",
      "이형종",
      "김민성",
      "유강남"
    ],
    "player_stats": [
      {
        "name": "채은성",
        "year": 21,
        "team": "LG",
        "pa": 448,
        "ops": 0.811,
        "avg": 0.276,
        "obp": 0.359,
        "slg": 0.452,
        "rbi": 82,
        "sb": 4,
        "hr": 16
      },
      {
        "name": "김현수",
        "year": 21,
        "team": "LG",
        "pa": 595,
        "ops": 0.811,
        "avg": 0.285,
        "obp": 0.376,
        "slg": 0.435,
        "rbi": 96,
        "sb": 3,
        "hr": 17
      },
      {
        "name": "홍창기",
        "year": 21,
        "team": "LG",
        "pa": 651,
        "ops": 0.864,
        "avg": 0.328,
        "obp": 0.456,
        "slg": 0.408,
        "rbi": 52,
        "sb": 23,
        "hr": 4
      },
      {
        "name": "오지환",
        "year": 21,
        "team": "LG",
        "pa": 532,
        "ops": 0.691,
        "avg": 0.254,
        "obp": 0.335,
        "slg": 0.356,
        "rbi": 57,
        "sb": 12,
        "hr": 8
      },
      {
        "name": "문보경",
        "year": 21,
        "team": "LG",
        "pa": 329,
        "ops": 0.7,
        "avg": 0.23,
        "obp": 0.337,
        "slg": 0.363,
        "rbi": 39,
        "sb": 3,
        "hr": 8
      },
      {
        "name": "서건창",
        "year": 21,
        "team": "LG",
        "pa": 267,
        "ops": 0.655,
        "avg": 0.247,
        "obp": 0.323,
        "slg": 0.332,
        "rbi": 24,
        "sb": 6,
        "hr": 2
      },
      {
        "name": "이형종",
        "year": 21,
        "team": "LG",
        "pa": 281,
        "ops": 0.721,
        "avg": 0.218,
        "obp": 0.332,
        "slg": 0.389,
        "rbi": 34,
        "sb": 3,
        "hr": 10
      },
      {
        "name": "김민성",
        "year": 21,
        "team": "LG",
        "pa": 426,
        "ops": 0.663,
        "avg": 0.222,
        "obp": 0.313,
        "slg": 0.35,
        "rbi": 39,
        "sb": 3,
        "hr": 8
      },
      {
        "name": "유강남",
        "year": 21,
        "team": "LG",
        "pa": 441,
        "ops": 0.692,
        "avg": 0.252,
        "obp": 0.317,
        "slg": 0.375,
        "rbi": 60,
        "sb": 2,
        "hr": 11
      }
    ]
  },
  {
    "generation": 22,
    "expected_score": 5.715,
    "lineup": [
      "김현수",
      "채은성",
      "오지환",
      "이형종",
      "서건창",
      "홍창기",
      "김민성",
      "문보경",
      "유강남"
    ],
    "player_stats": [
      {
        "name": "김현수",
        "year": 21,
        "team": "LG",
        "pa": 595,
        "ops": 0.811,
        "avg": 0.285,
        "obp": 0.376,
        "slg": 0.435,
        "rbi": 96,
        "sb": 3,
        "hr": 17
      },
      {
        "name": "채은성",
        "year": 21,
        "team": "LG",
        "pa": 448,
        "ops": 0.811,
        "avg": 0.276,
        "obp": 0.359,
        "slg": 0.452,
        "rbi": 82,
        "sb": 4,
        "hr": 16
      },
      {
        "name": "오지환",
        "year": 21,
        "team": "LG",
        "pa": 532,
        "ops": 0.691,
        "avg": 0.254,
        "obp": 0.335,
        "slg": 0.356,
        "rbi": 57,
        "sb": 12,
        "hr": 8
      },
      {
        "name": "이형종",
        "year": 21,
        "team": "LG",
        "pa": 281,
        "ops": 0.721,
        "avg": 0.218,
        "obp": 0.332,
        "slg": 0.389,
        "rbi": 34,
        "sb": 3,
        "hr": 10
      },
      {
        "name": "서건창",
        "year": 21,
        "team": "LG",
        "pa": 267,
        "ops": 0.655,
        "avg": 0.247,
        "obp": 0.323,
        "slg": 0.332,
        "rbi": 24,
        "sb": 6,
        "hr": 2
      },
      {
        "name": "홍창기",
        "year": 21,
        "team": "LG",
        "pa": 651,
        "ops": 0.864,
        "avg": 0.328,
        "obp": 0.456,
        "slg": 0.408,
        "rbi": 52,
        "sb": 23,
        "hr": 4
      },
      {
        "name": "김민성",
        "year": 21,
        "team": "LG",
        "pa": 426,
        "ops": 0.663,
        "avg": 0.222,
        "obp": 0.313,
        "slg": 0.35,
        "rbi": 39,
        "sb": 3,
        "hr": 8
      },
      {
        "name": "문보경",
        "year": 21,
        "team": "LG",
        "pa": 329,
        "ops": 0.7,
        "avg": 0.23,
        "obp": 0.337,
        "slg": 0.363,
        "rbi": 39,
        "sb": 3,
        "hr": 8
      },
      {
        "name": "유강남",
        "year": 21,
        "team": "LG",
        "pa": 441,
        "ops": 0.692,
        "avg": 0.252,
        "obp": 0.317,
        "slg": 0.375,
        "rbi": 60,
        "sb": 2,
        "hr": 11
      }
    ]
  },
  {
    "generation": 23,
    "expected_score": 5.715,
    "lineup": [
      "채은성",
      "홍창기",
      "김현수",
      "이형종",
      "서건창",
      "김민성",
      "문보경",
      "오지환",
      "유강남"
    ],
    "player_stats": [
      {
        "name": "채은성",
        "year": 21,
        "team": "LG",
        "pa": 448,
        "ops": 0.811,
        "avg": 0.276,
        "obp": 0.359,
        "slg": 0.452,
        "rbi": 82,
        "sb": 4,
        "hr": 16
      },
      {
        "name": "홍창기",
        "year": 21,
        "team": "LG",
        "pa": 651,
        "ops": 0.864,
        "avg": 0.328,
        "obp": 0.456,
        "slg": 0.408,
        "rbi": 52,
        "sb": 23,
        "hr": 4
      },
      {
        "name": "김현수",
        "year": 21,
        "team": "LG",
        "pa": 595,
        "ops": 0.811,
        "avg": 0.285,
        "obp": 0.376,
        "slg": 0.435,
        "rbi": 96,
        "sb": 3,
        "hr": 17
      },
      {
        "name": "이형종",
        "year": 21,
        "team": "LG",
        "pa": 281,
        "ops": 0.721,
        "avg": 0.218,
        "obp": 0.332,
        "slg": 0.389,
        "rbi": 34,
        "sb": 3,
        "hr": 10
      },
      {
        "name": "서건창",
        "year": 21,
        "team": "LG",
        "pa": 267,
        "ops": 0.655,
        "avg": 0.247,
        "obp": 0.323,
        "slg": 0.332,
        "rbi": 24,
        "sb": 6,
        "hr": 2
      },
      {
        "name": "김민성",
        "year": 21,
        "team": "LG",
        "pa": 426,
        "ops": 0.663,
        "avg": 0.222,
        "obp": 0.313,
        "slg": 0.35,
        "rbi": 39,
        "sb": 3,
        "hr": 8
      },
      {
        "name": "문보경",
        "year": 21,
        "team": "LG",
        "pa": 329,
        "ops": 0.7,
        "avg": 0.23,
        "obp": 0.337,
        "slg": 0.363,
        "rbi": 39,
        "sb": 3,
        "hr": 8
      },
      {
        "name": "오지환",
        "year": 21,
        "team": "LG",
        "pa": 532,
        "ops": 0.691,
        "avg": 0.254,
        "obp": 0.335,
        "slg": 0.356,
        "rbi": 57,
        "sb": 12,
        "hr": 8
      },
      {
        "name": "유강남",
        "year": 21,
        "team": "LG",
        "pa": 441,
        "ops": 0.692,
        "avg": 0.252,
        "obp": 0.317,
        "slg": 0.375,
        "rbi": 60,
        "sb": 2,
        "hr": 11
      }
    ]
  },
  {
    "generation": 24,
    "expected_score": 5.835,
    "lineup": [
      "홍창기",
      "채은성",
      "김현수",
      "문보경",
      "오지환",
      "서건창",
      "이형종",
      "김민성",
      "유강남"
    ],
    "player_stats": [
      {
        "name": "홍창기",
        "year": 21,
        "team": "LG",
        "pa": 651,
        "ops": 0.864,
        "avg": 0.328,
        "obp": 0.456,
        "slg": 0.408,
        "rbi": 52,
        "sb": 23,
        "hr": 4
      },
      {
        "name": "채은성",
        "year": 21,
        "team": "LG",
        "pa": 448,
        "ops": 0.811,
        "avg": 0.276,
        "obp": 0.359,
        "slg": 0.452,
        "rbi": 82,
        "sb": 4,
        "hr": 16
      },
      {
        "name": "김현수",
        "year": 21,
        "team": "LG",
        "pa": 595,
        "ops": 0.811,
        "avg": 0.285,
        "obp": 0.376,
        "slg": 0.435,
        "rbi": 96,
        "sb": 3,
        "hr": 17
      },
      {
        "name": "문보경",
        "year": 21,
        "team": "LG",
        "pa": 329,
        "ops": 0.7,
        "avg": 0.23,
        "obp": 0.337,
        "slg": 0.363,
        "rbi": 39,
        "sb": 3,
        "hr": 8
      },
      {
        "name": "오지환",
        "year": 21,
        "team": "LG",
        "pa": 532,
        "ops": 0.691,
        "avg": 0.254,
        "obp": 0.335,
        "slg": 0.356,
        "rbi": 57,
        "sb": 12,
        "hr": 8
      },
      {
        "name": "서건창",
        "year": 21,
        "team": "LG",
        "pa": 267,
        "ops": 0.655,
        "avg": 0.247,
        "obp": 0.323,
        "slg": 0.332,
        "rbi": 24,
        "sb": 6,
        "hr": 2
      },
      {
        "name": "이형종",
        "year": 21,
        "team": "LG",
        "pa": 281,
        "ops": 0.721,
        "avg": 0.218,
        "obp": 0.332,
        "slg": 0.389,
        "rbi": 34,
        "sb": 3,
        "hr": 10
      },
      {
        "name": "김민성",
        "year": 21,
        "team": "LG",
        "pa": 426,
        "ops": 0.663,
        "avg": 0.222,
        "obp": 0.313,
        "slg": 0.35,
        "rbi": 39,
        "sb": 3,
        "hr": 8
      },
      {
        "name": "유강남",
        "year": 21,
        "team": "LG",
        "pa": 441,
        "ops": 0.692,
        "avg": 0.252,
        "obp": 0.317,
        "slg": 0.375,
        "rbi": 60,
        "sb": 2,
        "hr": 11
      }
    ]
  },
  {
    "generation": 25,
    "expected_score": 5.825,
    "lineup": [
      "홍창기",
      "채은성",
      "김현수",
      "이형종",
      "문보경",
      "서건창",
      "오지환",
      "김민성",
      "유강남"
    ],
    "player_stats": [
      {
        "name": "홍창기",
        "year": 21,
        "team": "LG",
        "pa": 651,
        "ops": 0.864,
        "avg": 0.328,
        "obp": 0.456,
        "slg": 0.408,
        "rbi": 52,
        "sb": 23,
        "hr": 4
      },
      {
        "name": "채은성",
        "year": 21,
        "team": "LG",
        "pa": 448,
        "ops": 0.811,
        "avg": 0.276,
        "obp": 0.359,
        "slg": 0.452,
        "rbi": 82,
        "sb": 4,
        "hr": 16
      },
      {
        "name": "김현수",
        "year": 21,
        "team": "LG",
        "pa": 595,
        "ops": 0.811,
        "avg": 0.285,
        "obp": 0.376,
        "slg": 0.435,
        "rbi": 96,
        "sb": 3,
        "hr": 17
      },
      {
        "name": "이형종",
        "year": 21,
        "team": "LG",
        "pa": 281,
        "ops": 0.721,
        "avg": 0.218,
        "obp": 0.332,
        "slg": 0.389,
        "rbi": 34,
        "sb": 3,
        "hr": 10
      },
      {
        "name": "문보경",
        "year": 21,
        "team": "LG",
        "pa": 329,
        "ops": 0.7,
        "avg": 0.23,
        "obp": 0.337,
        "slg": 0.363,
        "rbi": 39,
        "sb": 3,
        "hr": 8
      },
      {
        "name": "서건창",
        "year": 21,
        "team": "LG",
        "pa": 267,
        "ops": 0.655,
        "avg": 0.247,
        "obp": 0.323,
        "slg": 0.332,
        "rbi": 24,
        "sb": 6,
        "hr": 2
      },
      {
        "name": "오지환",
        "year": 21,
        "team": "LG",
        "pa": 532,
        "ops": 0.691,
        "avg": 0.254,
        "obp": 0.335,
        "slg": 0.356,
        "rbi": 57,
        "sb": 12,
        "hr": 8
      },
      {
        "name": "김민성",
        "year": 21,
        "team": "LG",
        "pa": 426,
        "ops": 0.663,
        "avg": 0.222,
        "obp": 0.313,
        "slg": 0.35,
        "rbi": 39,
        "sb": 3,
        "hr": 8
      },
      {
        "name": "유강남",
        "year": 21,
        "team": "LG",
        "pa": 441,
        "ops": 0.692,
        "avg": 0.252,
        "obp": 0.317,
        "slg": 0.375,
        "rbi": 60,
        "sb": 2,
        "hr": 11
      }
    ]
  },
  {
    "generation": 26,
    "expected_score": 6.11,
    "lineup": [
      "홍창기",
      "채은성",
      "김현수",
      "문보경",
      "오지환",
      "서건창",
      "이형종",
      "김민성",
      "유강남"
    ],
    "player_stats": [
      {
        "name": "홍창기",
        "year": 21,
        "team": "LG",
        "pa": 651,
        "ops": 0.864,
        "avg": 0.328,
        "obp": 0.456,
        "slg": 0.408,
        "rbi": 52,
        "sb": 23,
        "hr": 4
      },
      {
        "name": "채은성",
        "year": 21,
        "team": "LG",
        "pa": 448,
        "ops": 0.811,
        "avg": 0.276,
        "obp": 0.359,
        "slg": 0.452,
        "rbi": 82,
        "sb": 4,
        "hr": 16
      },
      {
        "name": "김현수",
        "year": 21,
        "team": "LG",
        "pa": 595,
        "ops": 0.811,
        "avg": 0.285,
        "obp": 0.376,
        "slg": 0.435,
        "rbi": 96,
        "sb": 3,
        "hr": 17
      },
      {
        "name": "문보경",
        "year": 21,
        "team": "LG",
        "pa": 329,
        "ops": 0.7,
        "avg": 0.23,
        "obp": 0.337,
        "slg": 0.363,
        "rbi": 39,
        "sb": 3,
        "hr": 8
      },
      {
        "name": "오지환",
        "year": 21,
        "team": "LG",
        "pa": 532,
        "ops": 0.691,
        "avg": 0.254,
        "obp": 0.335,
        "slg": 0.356,
        "rbi": 57,
        "sb": 12,
        "hr": 8
      },
      {
        "name": "서건창",
        "year": 21,
        "team": "LG",
        "pa": 267,
        "ops": 0.655,
        "avg": 0.247,
        "obp": 0.323,
        "slg": 0.332,
        "rbi": 24,
        "sb": 6,
        "hr": 2
      },
      {
        "name": "이형종",
        "year": 21,
        "team": "LG",
        "pa": 281,
        "ops": 0.721,
        "avg": 0.218,
        "obp": 0.332,
        "slg": 0.389,
        "rbi": 34,
        "sb": 3,
        "hr": 10
      },
      {
        "name": "김민성",
        "year": 21,
        "team": "LG",
        "pa": 426,
        "ops": 0.663,
        "avg": 0.222,
        "obp": 0.313,
        "slg": 0.35,
        "rbi": 39,
        "sb": 3,
        "hr": 8
      },
      {
        "name": "유강남",
        "year": 21,
        "team": "LG",
        "pa": 441,
        "ops": 0.692,
        "avg": 0.252,
        "obp": 0.317,
        "slg": 0.375,
        "rbi": 60,
        "sb": 2,
        "hr": 11
      }
    ]
  },
  {
    "generation": 27,
    "expected_score": 5.745,
    "lineup": [
      "채은성",
      "홍창기",
      "문보경",
      "김현수",
      "오지환",
      "서건창",
      "이형종",
      "김민성",
      "유강남"
    ],
    "player_stats": [
      {
        "name": "채은성",
        "year": 21,
        "team": "LG",
        "pa": 448,
        "ops": 0.811,
        "avg": 0.276,
        "obp": 0.359,
        "slg": 0.452,
        "rbi": 82,
        "sb": 4,
        "hr": 16
      },
      {
        "name": "홍창기",
        "year": 21,
        "team": "LG",
        "pa": 651,
        "ops": 0.864,
        "avg": 0.328,
        "obp": 0.456,
        "slg": 0.408,
        "rbi": 52,
        "sb": 23,
        "hr": 4
      },
      {
        "name": "문보경",
        "year": 21,
        "team": "LG",
        "pa": 329,
        "ops": 0.7,
        "avg": 0.23,
        "obp": 0.337,
        "slg": 0.363,
        "rbi": 39,
        "sb": 3,
        "hr": 8
      },
      {
        "name": "김현수",
        "year": 21,
        "team": "LG",
        "pa": 595,
        "ops": 0.811,
        "avg": 0.285,
        "obp": 0.376,
        "slg": 0.435,
        "rbi": 96,
        "sb": 3,
        "hr": 17
      },
      {
        "name": "오지환",
        "year": 21,
        "team": "LG",
        "pa": 532,
        "ops": 0.691,
        "avg": 0.254,
        "obp": 0.335,
        "slg": 0.356,
        "rbi": 57,
        "sb": 12,
        "hr": 8
      },
      {
        "name": "서건창",
        "year": 21,
        "team": "LG",
        "pa": 267,
        "ops": 0.655,
        "avg": 0.247,
        "obp": 0.323,
        "slg": 0.332,
        "rbi": 24,
        "sb": 6,
        "hr": 2
      },
      {
        "name": "이형종",
        "year": 21,
        "team": "LG",
        "pa": 281,
        "ops": 0.721,
        "avg": 0.218,
        "obp": 0.332,
        "slg": 0.389,
        "rbi": 34,
        "sb": 3,
        "hr": 10
      },
      {
        "name": "김민성",
        "year": 21,
        "team": "LG",
        "pa": 426,
        "ops": 0.663,
        "avg": 0.222,
        "obp": 0.313,
        "slg": 0.35,
        "rbi": 39,
        "sb": 3,
        "hr": 8
      },
      {
        "name": "유강남",
        "year": 21,
        "team": "LG",
        "pa": 441,
        "ops": 0.692,
        "avg": 0.252,
        "obp": 0.317,
        "slg": 0.375,
        "rbi": 60,
        "sb": 2,
        "hr": 11
      }
    ]
  },
  {
    "generation": 28,
    "expected_score": 5.92,
    "lineup": [
      "홍창기",
      "채은성",
      "김현수",
      "이형종",
      "오지환",
      "문보경",
      "서건창",
      "김민성",
      "유강남"
    ],
    "player_stats": [
      {
        "name": "홍창기",
        "year": 21,
        "team": "LG",
        "pa": 651,
        "ops": 0.864,
        "avg": 0.328,
        "obp": 0.456,
        "slg": 0.408,
        "rbi": 52,
        "sb": 23,
        "hr": 4
      },
      {
        "name": "채은성",
        "year": 21,
        "team": "LG",
        "pa": 448,
        "ops": 0.811,
        "avg": 0.276,
        "obp": 0.359,
        "slg": 0.452,
        "rbi": 82,
        "sb": 4,
        "hr": 16
      },
      {
        "name": "김현수",
        "year": 21,
        "team": "LG",
        "pa": 595,
        "ops": 0.811,
        "avg": 0.285,
        "obp": 0.376,
        "slg": 0.435,
        "rbi": 96,
        "sb": 3,
        "hr": 17
      },
      {
        "name": "이형종",
        "year": 21,
        "team": "LG",
        "pa": 281,
        "ops": 0.721,
        "avg": 0.218,
        "obp": 0.332,
        "slg": 0.389,
        "rbi": 34,
        "sb": 3,
        "hr": 10
      },
      {
        "name": "오지환",
        "year": 21,
        "team": "LG",
        "pa": 532,
        "ops": 0.691,
        "avg": 0.254,
        "obp": 0.335,
        "slg": 0.356,
        "rbi": 57,
        "sb": 12,
        "hr": 8
      },
      {
        "name": "문보경",
        "year": 21,
        "team": "LG",
        "pa": 329,
        "ops": 0.7,
        "avg": 0.23,
        "obp": 0.337,
        "slg": 0.363,
        "rbi": 39,
        "sb": 3,
        "hr": 8
      },
      {
        "name": "서건창",
        "year": 21,
        "team": "LG",
        "pa": 267,
        "ops": 0.655,
        "avg": 0.247,
        "obp": 0.323,
        "slg": 0.332,
        "rbi": 24,
        "sb": 6,
        "hr": 2
      },
      {
        "name": "김민성",
        "year": 21,
        "team": "LG",
        "pa": 426,
        "ops": 0.663,
        "avg": 0.222,
        "obp": 0.313,
        "slg": 0.35,
        "rbi": 39,
        "sb": 3,
        "hr": 8
      },
      {
        "name": "유강남",
        "year": 21,
        "team": "LG",
        "pa": 441,
        "ops": 0.692,
        "avg": 0.252,
        "obp": 0.317,
        "slg": 0.375,
        "rbi": 60,
        "sb": 2,
        "hr": 11
      }
    ]
  },
  {
    "generation": 29,
    "expected_score": 5.96,
    "lineup": [
      "홍창기",
      "채은성",
      "김현수",
      "서건창",
      "오지환",
      "문보경",
      "이형종",
      "김민성",
      "유강남"
    ],
    "player_stats": [
      {
        "name": "홍창기",
        "year": 21,
        "team": "LG",
        "pa": 651,
        "ops": 0.864,
        "avg": 0.328,
        "obp": 0.456,
        "slg": 0.408,
        "rbi": 52,
        "sb": 23,
        "hr": 4
      },
      {
        "name": "채은성",
        "year": 21,
        "team": "LG",
        "pa": 448,
        "ops": 0.811,
        "avg": 0.276,
        "obp": 0.359,
        "slg": 0.452,
        "rbi": 82,
        "sb": 4,
        "hr": 16
      },
      {
        "name": "김현수",
        "year": 21,
        "team": "LG",
        "pa": 595,
        "ops": 0.811,
        "avg": 0.285,
        "obp": 0.376,
        "slg": 0.435,
        "rbi": 96,
        "sb": 3,
        "hr": 17
      },
      {
        "name": "서건창",
        "year": 21,
        "team": "LG",
        "pa": 267,
        "ops": 0.655,
        "avg": 0.247,
        "obp": 0.323,
        "slg": 0.332,
        "rbi": 24,
        "sb": 6,
        "hr": 2
      },
      {
        "name": "오지환",
        "year": 21,
        "team": "LG",
        "pa": 532,
        "ops": 0.691,
        "avg": 0.254,
        "obp": 0.335,
        "slg": 0.356,
        "rbi": 57,
        "sb": 12,
        "hr": 8
      },
      {
        "name": "문보경",
        "year": 21,
        "team": "LG",
        "pa": 329,
        "ops": 0.7,
        "avg": 0.23,
        "obp": 0.337,
        "slg": 0.363,
        "rbi": 39,
        "sb": 3,
        "hr": 8
      },
      {
        "name": "이형종",
        "year": 21,
        "team": "LG",
        "pa": 281,
        "ops": 0.721,
        "avg": 0.218,
        "obp": 0.332,
        "slg": 0.389,
        "rbi": 34,
        "sb": 3,
        "hr": 10
      },
      {
        "name": "김민성",
        "year": 21,
        "team": "LG",
        "pa": 426,
        "ops": 0.663,
        "avg": 0.222,
        "obp": 0.313,
        "slg": 0.35,
        "rbi": 39,
        "sb": 3,
        "hr": 8
      },
      {
        "name": "유강남",
        "year": 21,
        "team": "LG",
        "pa": 441,
        "ops": 0.692,
        "avg": 0.252,
        "obp": 0.317,
        "slg": 0.375,
        "rbi": 60,
        "sb": 2,
        "hr": 11
      }
    ]
  },
  {
    "generation": 30,
    "expected_score": 6.035,
    "lineup": [
      "채은성",
      "문보경",
      "홍창기",
      "김현수",
      "오지환",
      "서건창",
      "이형종",
      "김민성",
      "유강남"
    ],
    "player_stats": [
      {
        "name": "채은성",
        "year": 21,
        "team": "LG",
        "pa": 448,
        "ops": 0.811,
        "avg": 0.276,
        "obp": 0.359,
        "slg": 0.452,
        "rbi": 82,
        "sb": 4,
        "hr": 16
      },
      {
        "name": "문보경",
        "year": 21,
        "team": "LG",
        "pa": 329,
        "ops": 0.7,
        "avg": 0.23,
        "obp": 0.337,
        "slg": 0.363,
        "rbi": 39,
        "sb": 3,
        "hr": 8
      },
      {
        "name": "홍창기",
        "year": 21,
        "team": "LG",
        "pa": 651,
        "ops": 0.864,
        "avg": 0.328,
        "obp": 0.456,
        "slg": 0.408,
        "rbi": 52,
        "sb": 23,
        "hr": 4
      },
      {
        "name": "김현수",
        "year": 21,
        "team": "LG",
        "pa": 595,
        "ops": 0.811,
        "avg": 0.285,
        "obp": 0.376,
        "slg": 0.435,
        "rbi": 96,
        "sb": 3,
        "hr": 17
      },
      {
        "name": "오지환",
        "year": 21,
        "team": "LG",
        "pa": 532,
        "ops": 0.691,
        "avg": 0.254,
        "obp": 0.335,
        "slg": 0.356,
        "rbi": 57,
        "sb": 12,
        "hr": 8
      },
      {
        "name": "서건창",
        "year": 21,
        "team": "LG",
        "pa": 267,
        "ops": 0.655,
        "avg": 0.247,
        "obp": 0.323,
        "slg": 0.332,
        "rbi": 24,
        "sb": 6,
        "hr": 2
      },
      {
        "name": "이형종",
        "year": 21,
        "team": "LG",
        "pa": 281,
        "ops": 0.721,
        "avg": 0.218,
        "obp": 0.332,
        "slg": 0.389,
        "rbi": 34,
        "sb": 3,
        "hr": 10
      },
      {
        "name": "김민성",
        "year": 21,
        "team": "LG",
        "pa": 426,
        "ops": 0.663,
        "avg": 0.222,
        "obp": 0.313,
        "slg": 0.35,
        "rbi": 39,
        "sb": 3,
        "hr": 8
      },
      {
        "name": "유강남",
        "year": 21,
        "team": "LG",
        "pa": 441,
        "ops": 0.692,
        "avg": 0.252,
        "obp": 0.317,
        "slg": 0.375,
        "rbi": 60,
        "sb": 2,
        "hr": 11
      }
    ]
  }
]