[
  {
    "generation": 1,
    "expected_score": 6.575,
    "lineup": [
      "김성현",
      "최정",
      "로맥",
      "최지훈",
      "이재원",
      "추신수",
      "한유섬",
      "최주환",
      "박성한"
    ],
    "player_stats": [
      {
        "name": "김성현",
        "year": 21,
        "team": "SSG",
        "pa": 274,
        "ops": 0.778,
        "avg": 0.283,
        "obp": 0.356,
        "slg": 0.422,
        "rbi": 37,
        "sb": 5,
        "hr": 6
      },
      {
        "name": "최정",
        "year": 21,
        "team": "SSG",
        "pa": 555,
        "ops": 0.972,
        "avg": 0.278,
        "obp": 0.41,
        "slg": 0.562,
        "rbi": 100,
        "sb": 8,
        "hr": 35
      },
      {
        "name": "로맥",
        "year": 21,
        "team": "SSG",
        "pa": 421,
        "ops": 0.765,
        "avg": 0.225,
        "obp": 0.34,
        "slg": 0.425,
        "rbi": 52,
        "sb": 1,
        "hr": 20
      },
      {
        "name": "최지훈",
        "year": 21,
        "team": "SSG",
        "pa": 534,
        "ops": 0.704,
        "avg": 0.262,
        "obp": 0.342,
        "slg": 0.362,
        "rbi": 45,
        "sb": 26,
        "hr": 5
      },
      {
        "name": "이재원",
        "year": 21,
        "team": "SSG",
        "pa": 313,
        "ops": 0.72,
        "avg": 0.28,
        "obp": 0.358,
        "slg": 0.362,
        "rbi": 30,
        "sb": 0,
        "hr": 3
      },
      {
        "name": "추신수",
        "year": 21,
        "team": "SSG",
        "pa": 580,
        "ops": 0.86,
        "avg": 0.265,
        "obp": 0.409,
        "slg": 0.451,
        "rbi": 69,
        "sb": 25,
        "hr": 21
      },
      {
        "name": "한유섬",
        "year": 21,
        "team": "SSG",
        "pa": 519,
        "ops": 0.907,
        "avg": 0.278,
        "obp": 0.373,
        "slg": 0.534,
        "rbi": 95,
        "sb": 1,
        "hr": 31
      },
      {
        "name": "최주환",
        "year": 21,
        "team": "SSG",
        "pa": 470,
        "ops": 0.782,
        "avg": 0.256,
        "obp": 0.353,
        "slg": 0.429,
        "rbi": 67,
        "sb": 2,
        "hr": 18
      },
      {
        "name": "박성한",
        "year": 21,
        "team": "SSG",
        "pa": 471,
        "ops": 0.765,
        "avg": 0.302,
        "obp": 0.377,
        "slg": 0.388,
        "rbi": 44,
        "sb": 12,
        "hr": 4
      }
    ]
  },
  {
    "generation": 2,
    "expected_score": 6.85,
    "lineup": [
      "추신수",
      "최정",
      "이재원",
      "한유섬",
      "박성한",
      "로맥",
      "김성현",
      "최주환",
      "최지훈"
    ],
    "player_stats": [
      {
        "name": "추신수",
        "year": 21,
        "team": "SSG",
        "pa": 580,
        "ops": 0.86,
        "avg": 0.265,
        "obp": 0.409,
        "slg": 0.451,
        "rbi": 69,
        "sb": 25,
        "hr": 21
      },
      {
        "name": "최정",
        "year": 21,
        "team": "SSG",
        "pa": 555,
        "ops": 0.972,
        "avg": 0.278,
        "obp": 0.41,
        "slg": 0.562,
        "rbi": 100,
        "sb": 8,
        "hr": 35
      },
      {
        "name": "이재원",
        "year": 21,
        "team": "SSG",
        "pa": 313,
        "ops": 0.72,
        "avg": 0.28,
        "obp": 0.358,
        "slg": 0.362,
        "rbi": 30,
        "sb": 0,
        "hr": 3
      },
      {
        "name": "한유섬",
        "year": 21,
        "team": "SSG",
        "pa": 519,
        "ops": 0.907,
        "avg": 0.278,
        "obp": 0.373,
        "slg": 0.534,
        "rbi": 95,
        "sb": 1,
        "hr": 31
      },
      {
        "name": "박성한",
        "year": 21,
        "team": "SSG",
        "pa": 471,
        "ops": 0.765,
        "avg": 0.302,
        "obp": 0.377,
        "slg": 0.388,
        "rbi": 44,
        "sb": 12,
        "hr": 4
      },
      {
        "name": "로맥",
        "year": 21,
        "team": "SSG",
        "pa": 421,
        "ops": 0.765,
        "avg": 0.225,
        "obp": 0.34,
        "slg": 0.425,
        "rbi": 52,
        "sb": 1,
        "hr": 20
      },
      {
        "name": "김성현",
        "year": 21,
        "team": "SSG",
        "pa": 274,
        "ops": 0.778,
        "avg": 0.283,
        "obp": 0.356,
        "slg": 0.422,
        "rbi": 37,
        "sb": 5,
        "hr": 6
      },
      {
        "name": "최주환",
        "year": 21,
        "team": "SSG",
        "pa": 470,
        "ops": 0.782,
        "avg": 0.256,
        "obp": 0.353,
        "slg": 0.429,
        "rbi": 67,
        "sb": 2,
        "hr": 18
      },
      {
        "name": "최지훈",
        "year": 21,
        "team": "SSG",
        "pa": 534,
        "ops": 0.704,
        "avg": 0.262,
        "obp": 0.342,
        "slg": 0.362,
        "rbi": 45,
        "sb": 26,
        "hr": 5
      }
    ]
  },
  {
    "generation": 3,
    "expected_score": 6.51,
    "lineup": [
      "박성한",
      "최주환",
      "로맥",
      "김성현",
      "추신수",
      "최지훈",
      "최정",
      "이재원",
      "한유섬"
    ],
    "player_stats": [
      {
        "name": "박성한",
        "year": 21,
        "team": "SSG",
        "pa": 471,
        "ops": 0.765,
        "avg": 0.302,
        "obp": 0.377,
        "slg": 0.388,
        "rbi": 44,
        "sb": 12,
        "hr": 4
      },
      {
        "name": "최주환",
        "year": 21,
        "team": "SSG",
        "pa": 470,
        "ops": 0.782,
        "avg": 0.256,
        "obp": 0.353,
        "slg": 0.429,
        "rbi": 67,
        "sb": 2,
        "hr": 18
      },
      {
        "name": "로맥",
        "year": 21,
        "team": "SSG",
        "pa": 421,
        "ops": 0.765,
        "avg": 0.225,
        "obp": 0.34,
        "slg": 0.425,
        "rbi": 52,
        "sb": 1,
        "hr": 20
      },
      {
        "name": "김성현",
        "year": 21,
        "team": "SSG",
        "pa": 274,
        "ops": 0.778,
        "avg": 0.283,
        "obp": 0.356,
        "slg": 0.422,
        "rbi": 37,
        "sb": 5,
        "hr": 6
      },
      {
        "name": "추신수",
        "year": 21,
        "team": "SSG",
        "pa": 580,
        "ops": 0.86,
        "avg": 0.265,
        "obp": 0.409,
        "slg": 0.451,
        "rbi": 69,
        "sb": 25,
        "hr": 21
      },
      {
        "name": "최지훈",
        "year": 21,
        "team": "SSG",
        "pa": 534,
        "ops": 0.704,
        "avg": 0.262,
        "obp": 0.342,
        "slg": 0.362,
        "rbi": 45,
        "sb": 26,
        "hr": 5
      },
      {
        "name": "최정",
        "year": 21,
        "team": "SSG",
        "pa": 555,
        "ops": 0.972,
        "avg": 0.278,
        "obp": 0.41,
        "slg": 0.562,
        "rbi": 100,
        "sb": 8,
        "hr": 35
      },
      {
        "name": "이재원",
        "year": 21,
        "team": "SSG",
        "pa": 313,
        "ops": 0.72,
        "avg": 0.28,
        "obp": 0.358,
        "slg": 0.362,
        "rbi": 30,
        "sb": 0,
        "hr": 3
      },
      {
        "name": "한유섬",
        "year": 21,
        "team": "SSG",
        "pa": 519,
        "ops": 0.907,
        "avg": 0.278,
        "obp": 0.373,
        "slg": 0.534,
        "rbi": 95,
        "sb": 1,
        "hr": 31
      }
    ]
  },
  {
    "generation": 4,
    "expected_score": 6.845,
    "lineup": [
      "박성한",
      "이재원",
      "추신수",
      "최정",
      "김성현",
      "최지훈",
      "로맥",
      "최주환",
      "한유섬"
    ],
    "player_stats": [
      {
        "name": "박성한",
        "year": 21,
        "team": "SSG",
        "pa": 471,
        "ops": 0.765,
        "avg": 0.302,
        "obp": 0.377,
        "slg": 0.388,
        "rbi": 44,
        "sb": 12,
        "hr": 4
      },
      {
        "name": "이재원",
        "year": 21,
        "team": "SSG",
        "pa": 313,
        "ops": 0.72,
        "avg": 0.28,
        "obp": 0.358,
        "slg": 0.362,
        "rbi": 30,
        "sb": 0,
        "hr": 3
      },
      {
        "name": "추신수",
        "year": 21,
        "team": "SSG",
        "pa": 580,
        "ops": 0.86,
        "avg": 0.265,
        "obp": 0.409,
        "slg": 0.451,
        "rbi": 69,
        "sb": 25,
        "hr": 21
      },
      {
        "name": "최정",
        "year": 21,
        "team": "SSG",
        "pa": 555,
        "ops": 0.972,
        "avg": 0.278,
        "obp": 0.41,
        "slg": 0.562,
        "rbi": 100,
        "sb": 8,
        "hr": 35
      },
      {
        "name": "김성현",
        "year": 21,
        "team": "SSG",
        "pa": 274,
        "ops": 0.778,
        "avg": 0.283,
        "obp": 0.356,
        "slg": 0.422,
        "rbi": 37,
        "sb": 5,
        "hr": 6
      },
      {
        "name": "최지훈",
        "year": 21,
        "team": "SSG",
        "pa": 534,
        "ops": 0.704,
        "avg": 0.262,
        "obp": 0.342,
        "slg": 0.362,
        "rbi": 45,
        "sb": 26,
        "hr": 5
      },
      {
        "name": "로맥",
        "year": 21,
        "team": "SSG",
        "pa": 421,
        "ops": 0.765,
        "avg": 0.225,
        "obp": 0.34,
        "slg": 0.425,
        "rbi": 52,
        "sb": 1,
        "hr": 20
      },
      {
        "name": "최주환",
        "year": 21,
        "team": "SSG",
        "pa": 470,
        "ops": 0.782,
        "avg": 0.256,
        "obp": 0.353,
        "slg": 0.429,
        "rbi": 67,
        "sb": 2,
        "hr": 18
      },
      {
        "name": "한유섬",
        "year": 21,
        "team": "SSG",
        "pa": 519,
        "ops": 0.907,
        "avg": 0.278,
        "obp": 0.373,
        "slg": 0.534,
        "rbi": 95,
        "sb": 1,
        "hr": 31
      }
    ]
  },
  {
    "generation": 5,
    "expected_score": 6.91,
    "lineup": [
      "박성한",
      "추신수",
      "한유섬",
      "최주환",
      "김성현",
      "로맥",
      "최정",
      "이재원",
      "최지훈"
    ],
    "player_stats": [
      {
        "name": "박성한",
        "year": 21,
        "team": "SSG",
        "pa": 471,
        "ops": 0.765,
        "avg": 0.302,
        "obp": 0.377,
        "slg": 0.388,
        "rbi": 44,
        "sb": 12,
        "hr": 4
      },
      {
        "name": "추신수",
        "year": 21,
        "team": "SSG",
        "pa": 580,
        "ops": 0.86,
        "avg": 0.265,
        "obp": 0.409,
        "slg": 0.451,
        "rbi": 69,
        "sb": 25,
        "hr": 21
      },
      {
        "name": "한유섬",
        "year": 21,
        "team": "SSG",
        "pa": 519,
        "ops": 0.907,
        "avg": 0.278,
        "obp": 0.373,
        "slg": 0.534,
        "rbi": 95,
        "sb": 1,
        "hr": 31
      },
      {
        "name": "최주환",
        "year": 21,
        "team": "SSG",
        "pa": 470,
        "ops": 0.782,
        "avg": 0.256,
        "obp": 0.353,
        "slg": 0.429,
        "rbi": 67,
        "sb": 2,
        "hr": 18
      },
      {
        "name": "김성현",
        "year": 21,
        "team": "SSG",
        "pa": 274,
        "ops": 0.778,
        "avg": 0.283,
        "obp": 0.356,
        "slg": 0.422,
        "rbi": 37,
        "sb": 5,
        "hr": 6
      },
      {
        "name": "로맥",
        "year": 21,
        "team": "SSG",
        "pa": 421,
        "ops": 0.765,
        "avg": 0.225,
        "obp": 0.34,
        "slg": 0.425,
        "rbi": 52,
        "sb": 1,
        "hr": 20
      },
      {
        "name": "최정",
        "year": 21,
        "team": "SSG",
        "pa": 555,
        "ops": 0.972,
        "avg": 0.278,
        "obp": 0.41,
        "slg": 0.562,
        "rbi": 100,
        "sb": 8,
        "hr": 35
      },
      {
        "name": "이재원",
        "year": 21,
        "team": "SSG",
        "pa": 313,
        "ops": 0.72,
        "avg": 0.28,
        "obp": 0.358,
        "slg": 0.362,
        "rbi": 30,
        "sb": 0,
        "hr": 3
      },
      {
        "name": "최지훈",
        "year": 21,
        "team": "SSG",
        "pa": 534,
        "ops": 0.704,
        "avg": 0.262,
        "obp": 0.342,
        "slg": 0.362,
        "rbi": 45,
        "sb": 26,
        "hr": 5
      }
    ]
  },
  {
    "generation": 6,
    "expected_score": 6.615,
    "lineup": [
      "최정",
      "최주환",
      "박성한",
      "추신수",
      "김성현",
      "최지훈",
      "로맥",
      "이재원",
      "한유섬"
    ],
    "player_stats": [
      {
        "name": "최정",
        "year": 21,
        "team": "SSG",
        "pa": 555,
        "ops": 0.972,
        "avg": 0.278,
        "obp": 0.41,
        "slg": 0.562,
        "rbi": 100,
        "sb": 8,
        "hr": 35
      },
      {
        "name": "최주환",
        "year": 21,
        "team": "SSG",
        "pa": 470,
        "ops": 0.782,
        "avg": 0.256,
        "obp": 0.353,
        "slg": 0.429,
        "rbi": 67,
        "sb": 2,
        "hr": 18
      },
      {
        "name": "박성한",
        "year": 21,
        "team": "SSG",
        "pa": 471,
        "ops": 0.765,
        "avg": 0.302,
        "obp": 0.377,
        "slg": 0.388,
        "rbi": 44,
        "sb": 12,
        "hr": 4
      },
      {
        "name": "추신수",
        "year": 21,
        "team": "SSG",
        "pa": 580,
        "ops": 0.86,
        "avg": 0.265,
        "obp": 0.409,
        "slg": 0.451,
        "rbi": 69,
        "sb": 25,
        "hr": 21
      },
      {
        "name": "김성현",
        "year": 21,
        "team": "SSG",
        "pa": 274,
        "ops": 0.778,
        "avg": 0.283,
        "obp": 0.356,
        "slg": 0.422,
        "rbi": 37,
        "sb": 5,
        "hr": 6
      },
      {
        "name": "최지훈",
        "year": 21,
        "team": "SSG",
        "pa": 534,
        "ops": 0.704,
        "avg": 0.262,
        "obp": 0.342,
        "slg": 0.362,
        "rbi": 45,
        "sb": 26,
        "hr": 5
      },
      {
        "name": "로맥",
        "year": 21,
        "team": "SSG",
        "pa": 421,
        "ops": 0.765,
        "avg": 0.225,
        "obp": 0.34,
        "slg": 0.425,
        "rbi": 52,
        "sb": 1,
        "hr": 20
      },
      {
        "name": "이재원",
        "year": 21,
        "team": "SSG",
        "pa": 313,
        "ops": 0.72,
        "avg": 0.28,
        "obp": 0.358,
        "slg": 0.362,
        "rbi": 30,
        "sb": 0,
        "hr": 3
      },
      {
        "name": "한유섬",
        "year": 21,
        "team": "SSG",
        "pa": 519,
        "ops": 0.907,
        "avg": 0.278,
        "obp": 0.373,
        "slg": 0.534,
        "rbi": 95,
        "sb": 1,
        "hr": 31
      }
    ]
  },
  {
    "generation": 7,
    "expected_score": 6.84,
    "lineup": [
      "박성한",
      "한유섬",
      "최정",
      "추신수",
      "김성현",
      "최지훈",
      "로맥",
      "이재원",
      "최주환"
    ],
    "player_stats": [
      {
        "name": "박성한",
        "year": 21,
        "team": "SSG",
        "pa": 471,
        "ops": 0.765,
        "avg": 0.302,
        "obp": 0.377,
        "slg": 0.388,
        "rbi": 44,
        "sb": 12,
        "hr": 4
      },
      {
        "name": "한유섬",
        "year": 21,
        "team": "SSG",
        "pa": 519,
        "ops": 0.907,
        "avg": 0.278,
        "obp": 0.373,
        "slg": 0.534,
        "rbi": 95,
        "sb": 1,
        "hr": 31
      },
      {
        "name": "최정",
        "year": 21,
        "team": "SSG",
        "pa": 555,
        "ops": 0.972,
        "avg": 0.278,
        "obp": 0.41,
        "slg": 0.562,
        "rbi": 100,
        "sb": 8,
        "hr": 35
      },
      {
        "name": "추신수",
        "year": 21,
        "team": "SSG",
        "pa": 580,
        "ops": 0.86,
        "avg": 0.265,
        "obp": 0.409,
        "slg": 0.451,
        "rbi": 69,
        "sb": 25,
        "hr": 21
      },
      {
        "name": "김성현",
        "year": 21,
        "team": "SSG",
        "pa": 274,
        "ops": 0.778,
        "avg": 0.283,
        "obp": 0.356,
        "slg": 0.422,
        "rbi": 37,
        "sb": 5,
        "hr": 6
      },
      {
        "name": "최지훈",
        "year": 21,
        "team": "SSG",
        "pa": 534,
        "ops": 0.704,
        "avg": 0.262,
        "obp": 0.342,
        "slg": 0.362,
        "rbi": 45,
        "sb": 26,
        "hr": 5
      },
      {
        "name": "로맥",
        "year": 21,
        "team": "SSG",
        "pa": 421,
        "ops": 0.765,
        "avg": 0.225,
        "obp": 0.34,
        "slg": 0.425,
        "rbi": 52,
        "sb": 1,
        "hr": 20
      },
      {
        "name": "이재원",
        "year": 21,
        "team": "SSG",
        "pa": 313,
        "ops": 0.72,
        "avg": 0.28,
        "obp": 0.358,
        "slg": 0.362,
        "rbi": 30,
        "sb": 0,
        "hr": 3
      },
      {
        "name": "최주환",
        "year": 21,
        "team": "SSG",
        "pa": 470,
        "ops": 0.782,
        "avg": 0.256,
        "obp": 0.353,
        "slg": 0.429,
        "rbi": 67,
        "sb": 2,
        "hr": 18
      }
    ]
  },
  {
    "generation": 8,
    "expected_score": 7.38,
    "lineup": [
      "박성한",
      "한유섬",
      "최정",
      "추신수",
      "김성현",
      "최지훈",
      "로맥",
      "이재원",
      "최주환"
    ],
    "player_stats": [
      {
        "name": "박성한",
        "year": 21,
        "team": "SSG",
        "pa": 471,
        "ops": 0.765,
        "avg": 0.302,
        "obp": 0.377,
        "slg": 0.388,
        "rbi": 44,
        "sb": 12,
        "hr": 4
      },
      {
        "name": "한유섬",
        "year": 21,
        "team": "SSG",
        "pa": 519,
        "ops": 0.907,
        "avg": 0.278,
        "obp": 0.373,
        "slg": 0.534,
        "rbi": 95,
        "sb": 1,
        "hr": 31
      },
      {
        "name": "최정",
        "year": 21,
        "team": "SSG",
        "pa": 555,
        "ops": 0.972,
        "avg": 0.278,
        "obp": 0.41,
        "slg": 0.562,
        "rbi": 100,
        "sb": 8,
        "hr": 35
      },
      {
        "name": "추신수",
        "year": 21,
        "team": "SSG",
        "pa": 580,
        "ops": 0.86,
        "avg": 0.265,
        "obp": 0.409,
        "slg": 0.451,
        "rbi": 69,
        "sb": 25,
        "hr": 21
      },
      {
        "name": "김성현",
        "year": 21,
        "team": "SSG",
        "pa": 274,
        "ops": 0.778,
        "avg": 0.283,
        "obp": 0.356,
        "slg": 0.422,
        "rbi": 37,
        "sb": 5,
        "hr": 6
      },
      {
        "name": "최지훈",
        "year": 21,
        "team": "SSG",
        "pa": 534,
        "ops": 0.704,
        "avg": 0.262,
        "obp": 0.342,
        "slg": 0.362,
        "rbi": 45,
        "sb": 26,
        "hr": 5
      },
      {
        "name": "로맥",
        "year": 21,
        "team": "SSG",
        "pa": 421,
        "ops": 0.765,
        "avg": 0.225,
        "obp": 0.34,
        "slg": 0.425,
        "rbi": 52,
        "sb": 1,
        "hr": 20
      },
      {
        "name": "이재원",
        "year": 21,
        "team": "SSG",
        "pa": 313,
        "ops": 0.72,
        "avg": 0.28,
        "obp": 0.358,
        "slg": 0.362,
        "rbi": 30,
        "sb": 0,
        "hr": 3
      },
      {
        "name": "최주환",
        "year": 21,
        "team": "SSG",
        "pa": 470,
        "ops": 0.782,
        "avg": 0.256,
        "obp": 0.353,
        "slg": 0.429,
        "rbi": 67,
        "sb": 2,
        "hr": 18
      }
    ]
  },
  {
    "generation": 9,
    "expected_score": 6.915,
    "lineup": [
      "박성한",
      "추신수",
      "한유섬",
      "최주환",
      "최정",
      "김성현",
      "최지훈",
      "로맥",
      "이재원"
    ],
    "player_stats": [
      {
        "name": "박성한",
        "year": 21,
        "team": "SSG",
        "pa": 471,
        "ops": 0.765,
        "avg": 0.302,
        "obp": 0.377,
        "slg": 0.388,
        "rbi": 44,
        "sb": 12,
        "hr": 4
      },
      {
        "name": "추신수",
        "year": 21,
        "team": "SSG",
        "pa": 580,
        "ops": 0.86,
        "avg": 0.265,
        "obp": 0.409,
        "slg": 0.451,
        "rbi": 69,
        "sb": 25,
        "hr": 21
      },
      {
        "name": "한유섬",
        "year": 21,
        "team": "SSG",
        "pa": 519,
        "ops": 0.907,
        "avg": 0.278,
        "obp": 0.373,
        "slg": 0.534,
        "rbi": 95,
        "sb": 1,
        "hr": 31
      },
      {
        "name": "최주환",
        "year": 21,
        "team": "SSG",
        "pa": 470,
        "ops": 0.782,
        "avg": 0.256,
        "obp": 0.353,
        "slg": 0.429,
        "rbi": 67,
        "sb": 2,
        "hr": 18
      },
      {
        "name": "최정",
        "year": 21,
        "team": "SSG",
        "pa": 555,
        "ops": 0.972,
        "avg": 0.278,
        "obp": 0.41,
        "slg": 0.562,
        "rbi": 100,
        "sb": 8,
        "hr": 35
      },
      {
        "name": "김성현",
        "year": 21,
        "team": "SSG",
        "pa": 274,
        "ops": 0.778,
        "avg": 0.283,
        "obp": 0.356,
        "slg": 0.422,
        "rbi": 37,
        "sb": 5,
        "hr": 6
      },
      {
        "name": "최지훈",
        "year": 21,
        "team": "SSG",
        "pa": 534,
        "ops": 0.704,
        "avg": 0.262,
        "obp": 0.342,
        "slg": 0.362,
        "rbi": 45,
        "sb": 26,
        "hr": 5
      },
      {
        "name": "로맥",
        "year": 21,
        "team": "SSG",
        "pa": 421,
        "ops": 0.765,
        "avg": 0.225,
        "obp": 0.34,
        "slg": 0.425,
        "rbi": 52,
        "sb": 1,
        "hr": 20
      },
      {
        "name": "이재원",
        "year": 21,
        "team": "SSG",
        "pa": 313,
        "ops": 0.72,
        "avg": 0.28,
        "obp": 0.358,
        "slg": 0.362,
        "rbi": 30,
        "sb": 0,
        "hr": 3
      }
    ]
  },
  {
    "generation": 10,
    "expected_score": 6.79,
    "lineup": [
      "박성한",
      "추신수",
      "한유섬",
      "김성현",
      "최정",
      "최주환",
      "최지훈",
      "로맥",
      "이재원"
    ],
    "player_stats": [
      {
        "name": "박성한",
        "year": 21,
        "team": "SSG",
        "pa": 471,
        "ops": 0.765,
        "avg": 0.302,
        "obp": 0.377,
        "slg": 0.388,
        "rbi": 44,
        "sb": 12,
        "hr": 4
      },
      {
        "name": "추신수",
        "year": 21,
        "team": "SSG",
        "pa": 580,
        "ops": 0.86,
        "avg": 0.265,
        "obp": 0.409,
        "slg": 0.451,
        "rbi": 69,
        "sb": 25,
        "hr": 21
      },
      {
        "name": "한유섬",
        "year": 21,
        "team": "SSG",
        "pa": 519,
        "ops": 0.907,
        "avg": 0.278,
        "obp": 0.373,
        "slg": 0.534,
        "rbi": 95,
        "sb": 1,
        "hr": 31
      },
      {
        "name": "김성현",
        "year": 21,
        "team": "SSG",
        "pa": 274,
        "ops": 0.778,
        "avg": 0.283,
        "obp": 0.356,
        "slg": 0.422,
        "rbi": 37,
        "sb": 5,
        "hr": 6
      },
      {
        "name": "최정",
        "year": 21,
        "team": "SSG",
        "pa": 555,
        "ops": 0.972,
        "avg": 0.278,
        "obp": 0.41,
        "slg": 0.562,
        "rbi": 100,
        "sb": 8,
        "hr": 35
      },
      {
        "name": "최주환",
        "year": 21,
        "team": "SSG",
        "pa": 470,
        "ops": 0.782,
        "avg": 0.256,
        "obp": 0.353,
        "slg": 0.429,
        "rbi": 67,
        "sb": 2,
        "hr": 18
      },
      {
        "name": "최지훈",
        "year": 21,
        "team": "SSG",
        "pa": 534,
        "ops": 0.704,
        "avg": 0.262,
        "obp": 0.342,
        "slg": 0.362,
        "rbi": 45,
        "sb": 26,
        "hr": 5
      },
      {
        "name": "로맥",
        "year": 21,
        "team": "SSG",
        "pa": 421,
        "ops": 0.765,
        "avg": 0.225,
        "obp": 0.34,
        "slg": 0.425,
        "rbi": 52,
        "sb": 1,
        "hr": 20
      },
      {
        "name": "이재원",
        "year": 21,
        "team": "SSG",
        "pa": 313,
        "ops": 0.72,
        "avg": 0.28,
        "obp": 0.358,
        "slg": 0.362,
        "rbi": 30,
        "sb": 0,
        "hr": 3
      }
    ]
  },
  {
    "generation": 11,
    "expected_score": 6.665,
    "lineup": [
      "박성한",
      "한유섬",
      "추신수",
      "최주환",
      "김성현",
      "최지훈",
      "로맥",
      "이재원",
      "최정"
    ],
    "player_stats": [
      {
        "name": "박성한",
        "year": 21,
        "team": "SSG",
        "pa": 471,
        "ops": 0.765,
        "avg": 0.302,
        "obp": 0.377,
        "slg": 0.388,
        "rbi": 44,
        "sb": 12,
        "hr": 4
      },
      {
        "name": "한유섬",
        "year": 21,
        "team": "SSG",
        "pa": 519,
        "ops": 0.907,
        "avg": 0.278,
        "obp": 0.373,
        "slg": 0.534,
        "rbi": 95,
        "sb": 1,
        "hr": 31
      },
      {
        "name": "추신수",
        "year": 21,
        "team": "SSG",
        "pa": 580,
        "ops": 0.86,
        "avg": 0.265,
        "obp": 0.409,
        "slg": 0.451,
        "rbi": 69,
        "sb": 25,
        "hr": 21
      },
      {
        "name": "최주환",
        "year": 21,
        "team": "SSG",
        "pa": 470,
        "ops": 0.782,
        "avg": 0.256,
        "obp": 0.353,
        "slg": 0.429,
        "rbi": 67,
        "sb": 2,
        "hr": 18
      },
      {
        "name": "김성현",
        "year": 21,
        "team": "SSG",
        "pa": 274,
        "ops": 0.778,
        "avg": 0.283,
        "obp": 0.356,
        "slg": 0.422,
        "rbi": 37,
        "sb": 5,
        "hr": 6
      },
      {
        "name": "최지훈",
        "year": 21,
        "team": "SSG",
        "pa": 534,
        "ops": 0.704,
        "avg": 0.262,
        "obp": 0.342,
        "slg": 0.362,
        "rbi": 45,
        "sb": 26,
        "hr": 5
      },
      {
        "name": "로맥",
        "year": 21,
        "team": "SSG",
        "pa": 421,
        "ops": 0.765,
        "avg": 0.225,
        "obp": 0.34,
        "slg": 0.425,
        "rbi": 52,
        "sb": 1,
        "hr": 20
      },
      {
        "name": "이재원",
        "year": 21,
        "team": "SSG",
        "pa": 313,
        "ops": 0.72,
        "avg": 0.28,
        "obp": 0.358,
        "slg": 0.362,
        "rbi": 30,
        "sb": 0,
        "hr": 3
      },
      {
        "name": "최정",
        "year": 21,
        "team": "SSG",
        "pa": 555,
        "ops": 0.972,
        "avg": 0.278,
        "obp": 0.41,
        "slg": 0.562,
        "rbi": 100,
        "sb": 8,
        "hr": 35
      }
    ]
  },
  {
    "generation": 12,
    "expected_score": 6.88,
    "lineup": [
      "최주환",
      "한유섬",
      "박성한",
      "추신수",
      "최정",
      "김성현",
      "최지훈",
      "로맥",
      "이재원"
    ],
    "player_stats": [
      {
        "name": "최주환",
        "year": 21,
        "team": "SSG",
        "pa": 470,
        "ops": 0.782,
        "avg": 0.256,
        "obp": 0.353,
        "slg": 0.429,
        "rbi": 67,
        "sb": 2,
        "hr": 18
      },
      {
        "name": "한유섬",
        "year": 21,
        "team": "SSG",
        "pa": 519,
        "ops": 0.907,
        "avg": 0.278,
        "obp": 0.373,
        "slg": 0.534,
        "rbi": 95,
        "sb": 1,
        "hr": 31
      },
      {
        "name": "박성한",
        "year": 21,
        "team": "SSG",
        "pa": 471,
        "ops": 0.765,
        "avg": 0.302,
        "obp": 0.377,
        "slg": 0.388,
        "rbi": 44,
        "sb": 12,
        "hr": 4
      },
      {
        "name": "추신수",
        "year": 21,
        "team": "SSG",
        "pa": 580,
        "ops": 0.86,
        "avg": 0.265,
        "obp": 0.409,
        "slg": 0.451,
        "rbi": 69,
        "sb": 25,
        "hr": 21
      },
      {
        "name": "최정",
        "year": 21,
        "team": "SSG",
        "pa": 555,
        "ops": 0.972,
        "avg": 0.278,
        "obp": 0.41,
        "slg": 0.562,
        "rbi": 100,
        "sb": 8,
        "hr": 35
      },
      {
        "name": "김성현",
        "year": 21,
        "team": "SSG",
        "pa": 274,
        "ops": 0.778,
        "avg": 0.283,
        "obp": 0.356,
        "slg": 0.422,
        "rbi": 37,
        "sb": 5,
        "hr": 6
      },
      {
        "name": "최지훈",
        "year": 21,
        "team": "SSG",
        "pa": 534,
        "ops": 0.704,
        "avg": 0.262,
        "obp": 0.342,
        "slg": 0.362,
        "rbi": 45,
        "sb": 26,
        "hr": 5
      },
      {
        "name": "로맥",
        "year": 21,
        "team": "SSG",
        "pa": 421,
        "ops": 0.765,
        "avg": 0.225,
        "obp": 0.34,
        "slg": 0.425,
        "rbi": 52,
        "sb": 1,
        "hr": 20
      },
      {
        "name": "이재원",
        "year": 21,
        "team": "SSG",
        "pa": 313,
        "ops": 0.72,
        "avg": 0.28,
        "obp": 0.358,
        "slg": 0.362,
        "rbi": 30,
        "sb": 0,
        "hr": 3
      }
    ]
  },
  {
    "generation": 13,
    "expected_score": 6.74,
    "lineup": [
      "박성한",
      "한유섬",
      "추신수",
      "이재원",
      "최지훈",
      "김성현",
      "최주환",
      "최정",
      "로맥"
    ],
    "player_stats": [
      {
        "name": "박성한",
        "year": 21,
        "team": "SSG",
        "pa": 471,
        "ops": 0.765,
        "avg": 0.302,
        "obp": 0.377,
        "slg": 0.388,
        "rbi": 44,
        "sb": 12,
        "hr": 4
      },
      {
        "name": "한유섬",
        "year": 21,
        "team": "SSG",
        "pa": 519,
        "ops": 0.907,
        "avg": 0.278,
        "obp": 0.373,
        "slg": 0.534,
        "rbi": 95,
        "sb": 1,
        "hr": 31
      },
      {
        "name": "추신수",
        "year": 21,
        "team": "SSG",
        "pa": 580,
        "ops": 0.86,
        "avg": 0.265,
        "obp": 0.409,
        "slg": 0.451,
        "rbi": 69,
        "sb": 25,
        "hr": 21
      },
      {
        "name": "이재원",
        "year": 21,
        "team": "SSG",
        "pa": 313,
        "ops": 0.72,
        "avg": 0.28,
        "obp": 0.358,
        "slg": 0.362,
        "rbi": 30,
        "sb": 0,
        "hr": 3
      },
      {
        "name": "최지훈",
        "year": 21,
        "team": "SSG",
        "pa": 534,
        "ops": 0.704,
        "avg": 0.262,
        "obp": 0.342,
        "slg": 0.362,
        "rbi": 45,
        "sb": 26,
        "hr": 5
      },
      {
        "name": "김성현",
        "year": 21,
        "team": "SSG",
        "pa": 274,
        "ops": 0.778,
        "avg": 0.283,
        "obp": 0.356,
        "slg": 0.422,
        "rbi": 37,
        "sb": 5,
        "hr": 6
      },
      {
        "name": "최주환",
        "year": 21,
        "team": "SSG",
        "pa": 470,
        "ops": 0.782,
        "avg": 0.256,
        "obp": 0.353,
        "slg": 0.429,
        "rbi": 67,
        "sb": 2,
        "hr": 18
      },
      {
        "name": "최정",
        "year": 21,
        "team": "SSG",
        "pa": 555,
        "ops": 0.972,
        "avg": 0.278,
        "obp": 0.41,
        "slg": 0.562,
        "rbi": 100,
        "sb": 8,
        "hr": 35
      },
      {
        "name": "로맥",
        "year": 21,
        "team": "SSG",
        "pa": 421,
        "ops": 0.765,
        "avg": 0.225,
        "obp": 0.34,
        "slg": 0.425,
        "rbi": 52,
        "sb": 1,
        "hr": 20
      }
    ]
  },
  {
    "generation": 14,
    "expected_score": 6.69,
    "lineup": [
      "박성한",
      "한유섬",
      "추신수",
      "이재원",
      "최지훈",
      "김성현",
      "최정",
      "최주환",
      "로맥"
    ],
    "player_stats": [
      {
        "name": "박성한",
        "year": 21,
        "team": "SSG",
        "pa": 471,
        "ops": 0.765,
        "avg": 0.302,
        "obp": 0.377,
        "slg": 0.388,
        "rbi": 44,
        "sb": 12,
        "hr": 4
      },
      {
        "name": "한유섬",
        "year": 21,
        "team": "SSG",
        "pa": 519,
        "ops": 0.907,
        "avg": 0.278,
        "obp": 0.373,
        "slg": 0.534,
        "rbi": 95,
        "sb": 1,
        "hr": 31
      },
      {
        "name": "추신수",
        "year": 21,
        "team": "SSG",
        "pa": 580,
        "ops": 0.86,
        "avg": 0.265,
        "obp": 0.409,
        "slg": 0.451,
        "rbi": 69,
        "sb": 25,
        "hr": 21
      },
      {
        "name": "이재원",
        "year": 21,
        "team": "SSG",
        "pa": 313,
        "ops": 0.72,
        "avg": 0.28,
        "obp": 0.358,
        "slg": 0.362,
        "rbi": 30,
        "sb": 0,
        "hr": 3
      },
      {
        "name": "최지훈",
        "year": 21,
        "team": "SSG",
        "pa": 534,
        "ops": 0.704,
        "avg": 0.262,
        "obp": 0.342,
        "slg": 0.362,
        "rbi": 45,
        "sb": 26,
        "hr": 5
      },
      {
        "name": "김성현",
        "year": 21,
        "team": "SSG",
        "pa": 274,
        "ops": 0.778,
        "avg": 0.283,
        "obp": 0.356,
        "slg": 0.422,
        "rbi": 37,
        "sb": 5,
        "hr": 6
      },
      {
        "name": "최정",
        "year": 21,
        "team": "SSG",
        "pa": 555,
        "ops": 0.972,
        "avg": 0.278,
        "obp": 0.41,
        "slg": 0.562,
        "rbi": 100,
        "sb": 8,
        "hr": 35
      },
      {
        "name": "최주환",
        "year": 21,
        "team": "SSG",
        "pa": 470,
        "ops": 0.782,
        "avg": 0.256,
        "obp": 0.353,
        "slg": 0.429,
        "rbi": 67,
        "sb": 2,
        "hr": 18
      },
      {
        "name": "로맥",
        "year": 21,
        "team": "SSG",
        "pa": 421,
        "ops": 0.765,
        "avg": 0.225,
        "obp": 0.34,
        "slg": 0.425,
        "rbi": 52,
        "sb": 1,
        "hr": 20
      }
    ]
  },
  {
    "generation": 15,
    "expected_score": 6.985,
    "lineup": [
      "한유섬",
      "추신수",
      "최지훈",
      "박성한",
      "최정",
      "최주환",
      "김성현",
      "이재원",
      "로맥"
    ],
    "player_stats": [
      {
        "name": "한유섬",
        "year": 21,
        "team": "SSG",
        "pa": 519,
        "ops": 0.907,
        "avg": 0.278,
        "obp": 0.373,
        "slg": 0.534,
        "rbi": 95,
        "sb": 1,
        "hr": 31
      },
      {
        "name": "추신수",
        "year": 21,
        "team": "SSG",
        "pa": 580,
        "ops": 0.86,
        "avg": 0.265,
        "obp": 0.409,
        "slg": 0.451,
        "rbi": 69,
        "sb": 25,
        "hr": 21
      },
      {
        "name": "최지훈",
        "year": 21,
        "team": "SSG",
        "pa": 534,
        "ops": 0.704,
        "avg": 0.262,
        "obp": 0.342,
        "slg": 0.362,
        "rbi": 45,
        "sb": 26,
        "hr": 5
      },
      {
        "name": "박성한",
        "year": 21,
        "team": "SSG",
        "pa": 471,
        "ops": 0.765,
        "avg": 0.302,
        "obp": 0.377,
        "slg": 0.388,
        "rbi": 44,
        "sb": 12,
        "hr": 4
      },
      {
        "name": "최정",
        "year": 21,
        "team": "SSG",
        "pa": 555,
        "ops": 0.972,
        "avg": 0.278,
        "obp": 0.41,
        "slg": 0.562,
        "rbi": 100,
        "sb": 8,
        "hr": 35
      },
      {
        "name": "최주환",
        "year": 21,
        "team": "SSG",
        "pa": 470,
        "ops": 0.782,
        "avg": 0.256,
        "obp": 0.353,
        "slg": 0.429,
        "rbi": 67,
        "sb": 2,
        "hr": 18
      },
      {
        "name": "김성현",
        "year": 21,
        "team": "SSG",
        "pa": 274,
        "ops": 0.778,
        "avg": 0.283,
        "obp": 0.356,
        "slg": 0.422,
        "rbi": 37,
        "sb": 5,
        "hr": 6
      },
      {
        "name": "이재원",
        "year": 21,
        "team": "SSG",
        "pa": 313,
        "ops": 0.72,
        "avg": 0.28,
        "obp": 0.358,
        "slg": 0.362,
        "rbi": 30,
        "sb": 0,
        "hr": 3
      },
      {
        "name": "로맥",
        "year": 21,
        "team": "SSG",
        "pa": 421,
        "ops": 0.765,
        "avg": 0.225,
        "obp": 0.34,
        "slg": 0.425,
        "rbi": 52,
        "sb": 1,
        "hr": 20
      }
    ]
  },
  {
    "generation": 16,
    "expected_score": 6.75,
    "lineup": [
      "박성한",
      "한유섬",
      "이재원",
      "최지훈",
      "추신수",
      "최주환",
      "김성현",
      "최정",
      "로맥"
    ],
    "player_stats": [
      {
        "name": "박성한",
        "year": 21,
        "team": "SSG",
        "pa": 471,
        "ops": 0.765,
        "avg": 0.302,
        "obp": 0.377,
        "slg": 0.388,
        "rbi": 44,
        "sb": 12,
        "hr": 4
      },
      {
        "name": "한유섬",
        "year": 21,
        "team": "SSG",
        "pa": 519,
        "ops": 0.907,
        "avg": 0.278,
        "obp": 0.373,
        "slg": 0.534,
        "rbi": 95,
        "sb": 1,
        "hr": 31
      },
      {
        "name": "이재원",
        "year": 21,
        "team": "SSG",
        "pa": 313,
        "ops": 0.72,
        "avg": 0.28,
        "obp": 0.358,
        "slg": 0.362,
        "rbi": 30,
        "sb": 0,
        "hr": 3
      },
      {
        "name": "최지훈",
        "year": 21,
        "team": "SSG",
        "pa": 534,
        "ops": 0.704,
        "avg": 0.262,
        "obp": 0.342,
        "slg": 0.362,
        "rbi": 45,
        "sb": 26,
        "hr": 5
      },
      {
        "name": "추신수",
        "year": 21,
        "team": "SSG",
        "pa": 580,
        "ops": 0.86,
        "avg": 0.265,
        "obp": 0.409,
        "slg": 0.451,
        "rbi": 69,
        "sb": 25,
        "hr": 21
      },
      {
        "name": "최주환",
        "year": 21,
        "team": "SSG",
        "pa": 470,
        "ops": 0.782,
        "avg": 0.256,
        "obp": 0.353,
        "slg": 0.429,
        "rbi": 67,
        "sb": 2,
        "hr": 18
      },
      {
        "name": "김성현",
        "year": 21,
        "team": "SSG",
        "pa": 274,
        "ops": 0.778,
        "avg": 0.283,
        "obp": 0.356,
        "slg": 0.422,
        "rbi": 37,
        "sb": 5,
        "hr": 6
      },
      {
        "name": "최정",
        "year": 21,
        "team": "SSG",
        "pa": 555,
        "ops": 0.972,
        "avg": 0.278,
        "obp": 0.41,
        "slg": 0.562,
        "rbi": 100,
        "sb": 8,
        "hr": 35
      },
      {
        "name": "로맥",
        "year": 21,
        "team": "SSG",
        "pa": 421,
        "ops": 0.765,
        "avg": 0.225,
        "obp": 0.34,
        "slg": 0.425,
        "rbi": 52,
        "sb": 1,
        "hr": 20
      }
    ]
  },
  {
    "generation": 17,
    "expected_score": 6.535,
    "lineup": [
      "박성한",
      "한유섬",
      "추신수",
      "이재원",
      "최지훈",
      "김성현",
      "최정",
      "최주환",
      "로맥"
    ],
    "player_stats": [
      {
        "name": "박성한",
        "year": 21,
        "team": "SSG",
        "pa": 471,
        "ops": 0.765,
        "avg": 0.302,
        "obp": 0.377,
        "slg": 0.388,
        "rbi": 44,
        "sb": 12,
        "hr": 4
      },
      {
        "name": "한유섬",
        "year": 21,
        "team": "SSG",
        "pa": 519,
        "ops": 0.907,
        "avg": 0.278,
        "obp": 0.373,
        "slg": 0.534,
        "rbi": 95,
        "sb": 1,
        "hr": 31
      },
      {
        "name": "추신수",
        "year": 21,
        "team": "SSG",
        "pa": 580,
        "ops": 0.86,
        "avg": 0.265,
        "obp": 0.409,
        "slg": 0.451,
        "rbi": 69,
        "sb": 25,
        "hr": 21
      },
      {
        "name": "이재원",
        "year": 21,
        "team": "SSG",
        "pa": 313,
        "ops": 0.72,
        "avg": 0.28,
        "obp": 0.358,
        "slg": 0.362,
        "rbi": 30,
        "sb": 0,
        "hr": 3
      },
      {
        "name": "최지훈",
        "year": 21,
        "team": "SSG",
        "pa": 534,
        "ops": 0.704,
        "avg": 0.262,
        "obp": 0.342,
        "slg": 0.362,
        "rbi": 45,
        "sb": 26,
        "hr": 5
      },
      {
        "name": "김성현",
        "year": 21,
        "team": "SSG",
        "pa": 274,
        "ops": 0.778,
        "avg": 0.283,
        "obp": 0.356,
        "slg": 0.422,
        "rbi": 37,
        "sb": 5,
        "hr": 6
      },
      {
        "name": "최정",
        "year": 21,
        "team": "SSG",
        "pa": 555,
        "ops": 0.972,
        "avg": 0.278,
        "obp": 0.41,
        "slg": 0.562,
        "rbi": 100,
        "sb": 8,
        "hr": 35
      },
      {
        "name": "최주환",
        "year": 21,
        "team": "SSG",
        "pa": 470,
        "ops": 0.782,
        "avg": 0.256,
        "obp": 0.353,
        "slg": 0.429,
        "rbi": 67,
        "sb": 2,
        "hr": 18
      },
      {
        "name": "로맥",
        "year": 21,
        "team": "SSG",
        "pa": 421,
        "ops": 0.765,
        "avg": 0.225,
        "obp": 0.34,
        "slg": 0.425,
        "rbi": 52,
        "sb": 1,
        "hr": 20
      }
    ]
  },
  {
    "generation": 18,
    "expected_score": 6.735,
    "lineup": [
      "박성한",
      "한유섬",
      "추신수",
      "최지훈",
      "김성현",
      "최정",
      "최주환",
      "로맥",
      "이재원"
    ],
    "player_stats": [
      {
        "name": "박성한",
        "year": 21,
        "team": "SSG",
        "pa": 471,
        "ops": 0.765,
        "avg": 0.302,
        "obp": 0.377,
        "slg": 0.388,
        "rbi": 44,
        "sb": 12,
        "hr": 4
      },
      {
        "name": "한유섬",
        "year": 21,
        "team": "SSG",
        "pa": 519,
        "ops": 0.907,
        "avg": 0.278,
        "obp": 0.373,
        "slg": 0.534,
        "rbi": 95,
        "sb": 1,
        "hr": 31
      },
      {
        "name": "추신수",
        "year": 21,
        "team": "SSG",
        "pa": 580,
        "ops": 0.86,
        "avg": 0.265,
        "obp": 0.409,
        "slg": 0.451,
        "rbi": 69,
        "sb": 25,
        "hr": 21
      },
      {
        "name": "최지훈",
        "year": 21,
        "team": "SSG",
        "pa": 534,
        "ops": 0.704,
        "avg": 0.262,
        "obp": 0.342,
        "slg": 0.362,
        "rbi": 45,
        "sb": 26,
        "hr": 5
      },
      {
        "name": "김성현",
        "year": 21,
        "team": "SSG",
        "pa": 274,
        "ops": 0.778,
        "avg": 0.283,
        "obp": 0.356,
        "slg": 0.422,
        "rbi": 37,
        "sb": 5,
        "hr": 6
      },
      {
        "name": "최정",
        "year": 21,
        "team": "SSG",
        "pa": 555,
        "ops": 0.972,
        "avg": 0.278,
        "obp": 0.41,
        "slg": 0.562,
        "rbi": 100,
        "sb": 8,
        "hr": 35
      },
      {
        "name": "최주환",
        "year": 21,
        "team": "SSG",
        "pa": 470,
        "ops": 0.782,
        "avg": 0.256,
        "obp": 0.353,
        "slg": 0.429,
        "rbi": 67,
        "sb": 2,
        "hr": 18
      },
      {
        "name": "로맥",
        "year": 21,
        "team": "SSG",
        "pa": 421,
        "ops": 0.765,
        "avg": 0.225,
        "obp": 0.34,
        "slg": 0.425,
        "rbi": 52,
        "sb": 1,
        "hr": 20
      },
      {
        "name": "이재원",
        "year": 21,
        "team": "SSG",
        "pa": 313,
        "ops": 0.72,
        "avg": 0.28,
        "obp": 0.358,
        "slg": 0.362,
        "rbi": 30,
        "sb": 0,
        "hr": 3
      }
    ]
  },
  {
    "generation": 19,
    "expected_score": 6.59,
    "lineup": [
      "박성한",
      "한유섬",
      "최정",
      "최지훈",
      "추신수",
      "최주환",
      "김성현",
      "이재원",
      "로맥"
    ],
    "player_stats": [
      {
        "name": "박성한",
        "year": 21,
        "team": "SSG",
        "pa": 471,
        "ops": 0.765,
        "avg": 0.302,
        "obp": 0.377,
        "slg": 0.388,
        "rbi": 44,
        "sb": 12,
        "hr": 4
      },
      {
        "name": "한유섬",
        "year": 21,
        "team": "SSG",
        "pa": 519,
        "ops": 0.907,
        "avg": 0.278,
        "obp": 0.373,
        "slg": 0.534,
        "rbi": 95,
        "sb": 1,
        "hr": 31
      },
      {
        "name": "최정",
        "year": 21,
        "team": "SSG",
        "pa": 555,
        "ops": 0.972,
        "avg": 0.278,
        "obp": 0.41,
        "slg": 0.562,
        "rbi": 100,
        "sb": 8,
        "hr": 35
      },
      {
        "name": "최지훈",
        "year": 21,
        "team": "SSG",
        "pa": 534,
        "ops": 0.704,
        "avg": 0.262,
        "obp": 0.342,
        "slg": 0.362,
        "rbi": 45,
        "sb": 26,
        "hr": 5
      },
      {
        "name": "추신수",
        "year": 21,
        "team": "SSG",
        "pa": 580,
        "ops": 0.86,
        "avg": 0.265,
        "obp": 0.409,
        "slg": 0.451,
        "rbi": 69,
        "sb": 25,
        "hr": 21
      },
      {
        "name": "최주환",
        "year": 21,
        "team": "SSG",
        "pa": 470,
        "ops": 0.782,
        "avg": 0.256,
        "obp": 0.353,
        "slg": 0.429,
        "rbi": 67,
        "sb": 2,
        "hr": 18
      },
      {
        "name": "김성현",
        "year": 21,
        "team": "SSG",
        "pa": 274,
        "ops": 0.778,
        "avg": 0.283,
        "obp": 0.356,
        "slg": 0.422,
        "rbi": 37,
        "sb": 5,
        "hr": 6
      },
      {
        "name": "이재원",
        "year": 21,
        "team": "SSG",
        "pa": 313,
        "ops": 0.72,
        "avg": 0.28,
        "obp": 0.358,
        "slg": 0.362,
        "rbi": 30,
        "sb": 0,
        "hr": 3
      },
      {
        "name": "로맥",
        "year": 21,
        "team": "SSG",
        "pa": 421,
        "ops": 0.765,
        "avg": 0.225,
        "obp": 0.34,
        "slg": 0.425,
        "rbi": 52,
        "sb": 1,
        "hr": 20
      }
    ]
  },
  {
    "generation": 20,
    "expected_score": 6.66,
    "lineup": [
      "박성한",
      "한유섬",
      "추신수",
      "최지훈",
      "김성현",
      "최정",
      "최주환",
      "로맥",
      "이재원"
    ],
    "player_stats": [
      {
        "name": "박성한",
        "year": 21,
        "team": "SSG",
        "pa": 471,
        "ops": 0.765,
        "avg": 0.302,
        "obp": 0.377,
        "slg": 0.388,
        "rbi": 44,
        "sb": 12,
        "hr": 4
      },
      {
        "name": "한유섬",
        "year": 21,
        "team": "SSG",
        "pa": 519,
        "ops": 0.907,
        "avg": 0.278,
        "obp": 0.373,
        "slg": 0.534,
        "rbi": 95,
        "sb": 1,
        "hr": 31
      },
      {
        "name": "추신수",
        "year": 21,
        "team": "SSG",
        "pa": 580,
        "ops": 0.86,
        "avg": 0.265,
        "obp": 0.409,
        "slg": 0.451,
        "rbi": 69,
        "sb": 25,
        "hr": 21
      },
      {
        "name": "최지훈",
        "year": 21,
        "team": "SSG",
        "pa": 534,
        "ops": 0.704,
        "avg": 0.262,
        "obp": 0.342,
        "slg": 0.362,
        "rbi": 45,
        "sb": 26,
        "hr": 5
      },
      {
        "name": "김성현",
        "year": 21,
        "team": "SSG",
        "pa": 274,
        "ops": 0.778,
        "avg": 0.283,
        "obp": 0.356,
        "slg": 0.422,
        "rbi": 37,
        "sb": 5,
        "hr": 6
      },
      {
        "name": "최정",
        "year": 21,
        "team": "SSG",
        "pa": 555,
        "ops": 0.972,
        "avg": 0.278,
        "obp": 0.41,
        "slg": 0.562,
        "rbi": 100,
        "sb": 8,
        "hr": 35
      },
      {
        "name": "최주환",
        "year": 21,
        "team": "SSG",
        "pa": 470,
        "ops": 0.782,
        "avg": 0.256,
        "obp": 0.353,
        "slg": 0.429,
        "rbi": 67,
        "sb": 2,
        "hr": 18
      },
      {
        "name": "로맥",
        "year": 21,
        "team": "SSG",
        "pa": 421,
        "ops": 0.765,
        "avg": 0.225,
        "obp": 0.34,
        "slg": 0.425,
        "rbi": 52,
        "sb": 1,
        "hr": 20
      },
      {
        "name": "이재원",
        "year": 21,
        "team": "SSG",
        "pa": 313,
        "ops": 0.72,
        "avg": 0.28,
        "obp": 0.358,
        "slg": 0.362,
        "rbi": 30,
        "sb": 0,
        "hr": 3
      }
    ]
  },
  {
    "generation": 21,
    "expected_score": 6.59,
    "lineup": [
      "박성한",
      "한유섬",
      "추신수",
      "이재원",
      "최지훈",
      "최주환",
      "김성현",
      "최정",
      "로맥"
    ],
    "player_stats": [
      {
        "name": "박성한",
        "year": 21,
        "team": "SSG",
        "pa": 471,
        "ops": 0.765,
        "avg": 0.302,
        "obp": 0.377,
        "slg": 0.388,
        "rbi": 44,
        "sb": 12,
        "hr": 4
      },
      {
        "name": "한유섬",
        "year": 21,
        "team": "SSG",
        "pa": 519,
        "ops": 0.907,
        "avg": 0.278,
        "obp": 0.373,
        "slg": 0.534,
        "rbi": 95,
        "sb": 1,
        "hr": 31
      },
      {
        "name": "추신수",
        "year": 21,
        "team": "SSG",
        "pa": 580,
        "ops": 0.86,
        "avg": 0.265,
        "obp": 0.409,
        "slg": 0.451,
        "rbi": 69,
        "sb": 25,
        "hr": 21
      },
      {
        "name": "이재원",
        "year": 21,
        "team": "SSG",
        "pa": 313,
        "ops": 0.72,
        "avg": 0.28,
        "obp": 0.358,
        "slg": 0.362,
        "rbi": 30,
        "sb": 0,
        "hr": 3
      },
      {
        "name": "최지훈",
        "year": 21,
        "team": "SSG",
        "pa": 534,
        "ops": 0.704,
        "avg": 0.262,
        "obp": 0.342,
        "slg": 0.362,
        "rbi": 45,
        "sb": 26,
        "hr": 5
      },
      {
        "name": "최주환",
        "year": 21,
        "team": "SSG",
        "pa": 470,
        "ops": 0.782,
        "avg": 0.256,
        "obp": 0.353,
        "slg": 0.429,
        "rbi": 67,
        "sb": 2,
        "hr": 18
      },
      {
        "name": "김성현",
        "year": 21,
        "team": "SSG",
        "pa": 274,
        "ops": 0.778,
        "avg": 0.283,
        "obp": 0.356,
        "slg": 0.422,
        "rbi": 37,
        "sb": 5,
        "hr": 6
      },
      {
        "name": "최정",
        "year": 21,
        "team": "SSG",
        "pa": 555,
        "ops": 0.972,
        "avg": 0.278,
        "obp": 0.41,
        "slg": 0.562,
        "rbi": 100,
        "sb": 8,
        "hr": 35
      },
      {
        "name": "로맥",
        "year": 21,
        "team": "SSG",
        "pa": 421,
        "ops": 0.765,
        "avg": 0.225,
        "obp": 0.34,
        "slg": 0.425,
        "rbi": 52,
        "sb": 1,
        "hr": 20
      }
    ]
  },
  {
    "generation": 22,
    "expected_score": 6.565,
    "lineup": [
      "박성한",
      "한유섬",
      "김성현",
      "최지훈",
      "추신수",
      "최정",
      "최주환",
      "이재원",
      "로맥"
    ],
    "player_stats": [
      {
        "name": "박성한",
        "year": 21,
        "team": "SSG",
        "pa": 471,
        "ops": 0.765,
        "avg": 0.302,
        "obp": 0.377,
        "slg": 0.388,
        "rbi": 44,
        "sb": 12,
        "hr": 4
      },
      {
        "name": "한유섬",
        "year": 21,
        "team": "SSG",
        "pa": 519,
        "ops": 0.907,
        "avg": 0.278,
        "obp": 0.373,
        "slg": 0.534,
        "rbi": 95,
        "sb": 1,
        "hr": 31
      },
      {
        "name": "김성현",
        "year": 21,
        "team": "SSG",
        "pa": 274,
        "ops": 0.778,
        "avg": 0.283,
        "obp": 0.356,
        "slg": 0.422,
        "rbi": 37,
        "sb": 5,
        "hr": 6
      },
      {
        "name": "최지훈",
        "year": 21,
        "team": "SSG",
        "pa": 534,
        "ops": 0.704,
        "avg": 0.262,
        "obp": 0.342,
        "slg": 0.362,
        "rbi": 45,
        "sb": 26,
        "hr": 5
      },
      {
        "name": "추신수",
        "year": 21,
        "team": "SSG",
        "pa": 580,
        "ops": 0.86,
        "avg": 0.265,
        "obp": 0.409,
        "slg": 0.451,
        "rbi": 69,
        "sb": 25,
        "hr": 21
      },
      {
        "name": "최정",
        "year": 21,
        "team": "SSG",
        "pa": 555,
        "ops": 0.972,
        "avg": 0.278,
        "obp": 0.41,
        "slg": 0.562,
        "rbi": 100,
        "sb": 8,
        "hr": 35
      },
      {
        "name": "최주환",
        "year": 21,
        "team": "SSG",
        "pa": 470,
        "ops": 0.782,
        "avg": 0.256,
        "obp": 0.353,
        "slg": 0.429,
        "rbi": 67,
        "sb": 2,
        "hr": 18
      },
      {
        "name": "이재원",
        "year": 21,
        "team": "SSG",
        "pa": 313,
        "ops": 0.72,
        "avg": 0.28,
        "obp": 0.358,
        "slg": 0.362,
        "rbi": 30,
        "sb": 0,
        "hr": 3
      },
      {
        "name": "로맥",
        "year": 21,
        "team": "SSG",
        "pa": 421,
        "ops": 0.765,
        "avg": 0.225,
        "obp": 0.34,
        "slg": 0.425,
        "rbi": 52,
        "sb": 1,
        "hr": 20
      }
    ]
  },
  {
    "generation": 23,
    "expected_score": 6.605,
    "lineup": [
      "박성한",
      "한유섬",
      "추신수",
      "이재원",
      "최지훈",
      "김성현",
      "로맥",
      "최주환",
      "최정"
    ],
    "player_stats": [
      {
        "name": "박성한",
        "year": 21,
        "team": "SSG",
        "pa": 471,
        "ops": 0.765,
        "avg": 0.302,
        "obp": 0.377,
        "slg": 0.388,
        "rbi": 44,
        "sb": 12,
        "hr": 4
      },
      {
        "name": "한유섬",
        "year": 21,
        "team": "SSG",
        "pa": 519,
        "ops": 0.907,
        "avg": 0.278,
        "obp": 0.373,
        "slg": 0.534,
        "rbi": 95,
        "sb": 1,
        "hr": 31
      },
      {
        "name": "추신수",
        "year": 21,
        "team": "SSG",
        "pa": 580,
        "ops": 0.86,
        "avg": 0.265,
        "obp": 0.409,
        "slg": 0.451,
        "rbi": 69,
        "sb": 25,
        "hr": 21
      },
      {
        "name": "이재원",
        "year": 21,
        "team": "SSG",
        "pa": 313,
        "ops": 0.72,
        "avg": 0.28,
        "obp": 0.358,
        "slg": 0.362,
        "rbi": 30,
        "sb": 0,
        "hr": 3
      },
      {
        "name": "최지훈",
        "year": 21,
        "team": "SSG",
        "pa": 534,
        "ops": 0.704,
        "avg": 0.262,
        "obp": 0.342,
        "slg": 0.362,
        "rbi": 45,
        "sb": 26,
        "hr": 5
      },
      {
        "name": "김성현",
        "year": 21,
        "team": "SSG",
        "pa": 274,
        "ops": 0.778,
        "avg": 0.283,
        "obp": 0.356,
        "slg": 0.422,
        "rbi": 37,
        "sb": 5,
        "hr": 6
      },
      {
        "name": "로맥",
        "year": 21,
        "team": "SSG",
        "pa": 421,
        "ops": 0.765,
        "avg": 0.225,
        "obp": 0.34,
        "slg": 0.425,
        "rbi": 52,
        "sb": 1,
        "hr": 20
      },
      {
        "name": "최주환",
        "year": 21,
        "team": "SSG",
        "pa": 470,
        "ops": 0.782,
        "avg": 0.256,
        "obp": 0.353,
        "slg": 0.429,
        "rbi": 67,
        "sb": 2,
        "hr": 18
      },
      {
        "name": "최정",
        "year": 21,
        "team": "SSG",
        "pa": 555,
        "ops": 0.972,
        "avg": 0.278,
        "obp": 0.41,
        "slg": 0.562,
        "rbi": 100,
        "sb": 8,
        "hr": 35
      }
    ]
  },
  {
    "generation": 24,
    "expected_score": 6.955,
    "lineup": [
      "박성한",
      "한유섬",
      "이재원",
      "최주환",
      "추신수",
      "김성현",
      "최정",
      "최지훈",
      "로맥"
    ],
    "player_stats": [
      {
        "name": "박성한",
        "year": 21,
        "team": "SSG",
        "pa": 471,
        "ops": 0.765,
        "avg": 0.302,
        "obp": 0.377,
        "slg": 0.388,
        "rbi": 44,
        "sb": 12,
        "hr": 4
      },
      {
        "name": "한유섬",
        "year": 21,
        "team": "SSG",
        "pa": 519,
        "ops": 0.907,
        "avg": 0.278,
        "obp": 0.373,
        "slg": 0.534,
        "rbi": 95,
        "sb": 1,
        "hr": 31
      },
      {
        "name": "이재원",
        "year": 21,
        "team": "SSG",
        "pa": 313,
        "ops": 0.72,
        "avg": 0.28,
        "obp": 0.358,
        "slg": 0.362,
        "rbi": 30,
        "sb": 0,
        "hr": 3
      },
      {
        "name": "최주환",
        "year": 21,
        "team": "SSG",
        "pa": 470,
        "ops": 0.782,
        "avg": 0.256,
        "obp": 0.353,
        "slg": 0.429,
        "rbi": 67,
        "sb": 2,
        "hr": 18
      },
      {
        "name": "추신수",
        "year": 21,
        "team": "SSG",
        "pa": 580,
        "ops": 0.86,
        "avg": 0.265,
        "obp": 0.409,
        "slg": 0.451,
        "rbi": 69,
        "sb": 25,
        "hr": 21
      },
      {
        "name": "김성현",
        "year": 21,
        "team": "SSG",
        "pa": 274,
        "ops": 0.778,
        "avg": 0.283,
        "obp": 0.356,
        "slg": 0.422,
        "rbi": 37,
        "sb": 5,
        "hr": 6
      },
      {
        "name": "최정",
        "year": 21,
        "team": "SSG",
        "pa": 555,
        "ops": 0.972,
        "avg": 0.278,
        "obp": 0.41,
        "slg": 0.562,
        "rbi": 100,
        "sb": 8,
        "hr": 35
      },
      {
        "name": "최지훈",
        "year": 21,
        "team": "SSG",
        "pa": 534,
        "ops": 0.704,
        "avg": 0.262,
        "obp": 0.342,
        "slg": 0.362,
        "rbi": 45,
        "sb": 26,
        "hr": 5
      },
      {
        "name": "로맥",
        "year": 21,
        "team": "SSG",
        "pa": 421,
        "ops": 0.765,
        "avg": 0.225,
        "obp": 0.34,
        "slg": 0.425,
        "rbi": 52,
        "sb": 1,
        "hr": 20
      }
    ]
  },
  {
    "generation": 25,
    "expected_score": 6.595,
    "lineup": [
      "박성한",
      "한유섬",
      "이재원",
      "최지훈",
      "추신수",
      "로맥",
      "김성현",
      "최정",
      "최주환"
    ],
    "player_stats": [
      {
        "name": "박성한",
        "year": 21,
        "team": "SSG",
        "pa": 471,
        "ops": 0.765,
        "avg": 0.302,
        "obp": 0.377,
        "slg": 0.388,
        "rbi": 44,
        "sb": 12,
        "hr": 4
      },
      {
        "name": "한유섬",
        "year": 21,
        "team": "SSG",
        "pa": 519,
        "ops": 0.907,
        "avg": 0.278,
        "obp": 0.373,
        "slg": 0.534,
        "rbi": 95,
        "sb": 1,
        "hr": 31
      },
      {
        "name": "이재원",
        "year": 21,
        "team": "SSG",
        "pa": 313,
        "ops": 0.72,
        "avg": 0.28,
        "obp": 0.358,
        "slg": 0.362,
        "rbi": 30,
        "sb": 0,
        "hr": 3
      },
      {
        "name": "최지훈",
        "year": 21,
        "team": "SSG",
        "pa": 534,
        "ops": 0.704,
        "avg": 0.262,
        "obp": 0.342,
        "slg": 0.362,
        "rbi": 45,
        "sb": 26,
        "hr": 5
      },
      {
        "name": "추신수",
        "year": 21,
        "team": "SSG",
        "pa": 580,
        "ops": 0.86,
        "avg": 0.265,
        "obp": 0.409,
        "slg": 0.451,
        "rbi": 69,
        "sb": 25,
        "hr": 21
      },
      {
        "name": "로맥",
        "year": 21,
        "team": "SSG",
        "pa": 421,
        "ops": 0.765,
        "avg": 0.225,
        "obp": 0.34,
        "slg": 0.425,
        "rbi": 52,
        "sb": 1,
        "hr": 20
      },
      {
        "name": "김성현",
        "year": 21,
        "team": "SSG",
        "pa": 274,
        "ops": 0.778,
        "avg": 0.283,
        "obp": 0.356,
        "slg": 0.422,
        "rbi": 37,
        "sb": 5,
        "hr": 6
      },
      {
        "name": "최정",
        "year": 21,
        "team": "SSG",
        "pa": 555,
        "ops": 0.972,
        "avg": 0.278,
        "obp": 0.41,
        "slg": 0.562,
        "rbi": 100,
        "sb": 8,
        "hr": 35
      },
      {
        "name": "최주환",
        "year": 21,
        "team": "SSG",
        "pa": 470,
        "ops": 0.782,
        "avg": 0.256,
        "obp": 0.353,
        "slg": 0.429,
        "rbi": 67,
        "sb": 2,
        "hr": 18
      }
    ]
  },
  {
    "generation": 26,
    "expected_score": 6.54,
    "lineup": [
      "박성한",
      "한유섬",
      "이재원",
      "추신수",
      "최지훈",
      "김성현",
      "최정",
      "로맥",
      "최주환"
    ],
    "player_stats": [
      {
        "name": "박성한",
        "year": 21,
        "team": "SSG",
        "pa": 471,
        "ops": 0.765,
        "avg": 0.302,
        "obp": 0.377,
        "slg": 0.388,
        "rbi": 44,
        "sb": 12,
        "hr": 4
      },
      {
        "name": "한유섬",
        "year": 21,
        "team": "SSG",
        "pa": 519,
        "ops": 0.907,
        "avg": 0.278,
        "obp": 0.373,
        "slg": 0.534,
        "rbi": 95,
        "sb": 1,
        "hr": 31
      },
      {
        "name": "이재원",
        "year": 21,
        "team": "SSG",
        "pa": 313,
        "ops": 0.72,
        "avg": 0.28,
        "obp": 0.358,
        "slg": 0.362,
        "rbi": 30,
        "sb": 0,
        "hr": 3
      },
      {
        "name": "추신수",
        "year": 21,
        "team": "SSG",
        "pa": 580,
        "ops": 0.86,
        "avg": 0.265,
        "obp": 0.409,
        "slg": 0.451,
        "rbi": 69,
        "sb": 25,
        "hr": 21
      },
      {
        "name": "최지훈",
        "year": 21,
        "team": "SSG",
        "pa": 534,
        "ops": 0.704,
        "avg": 0.262,
        "obp": 0.342,
        "slg": 0.362,
        "rbi": 45,
        "sb": 26,
        "hr": 5
      },
      {
        "name": "김성현",
        "year": 21,
        "team": "SSG",
        "pa": 274,
        "ops": 0.778,
        "avg": 0.283,
        "obp": 0.356,
        "slg": 0.422,
        "rbi": 37,
        "sb": 5,
        "hr": 6
      },
      {
        "name": "최정",
        "year": 21,
        "team": "SSG",
        "pa": 555,
        "ops": 0.972,
        "avg": 0.278,
        "obp": 0.41,
        "slg": 0.562,
        "rbi": 100,
        "sb": 8,
        "hr": 35
      },
      {
        "name": "로맥",
        "year": 21,
        "team": "SSG",
        "pa": 421,
        "ops": 0.765,
        "avg": 0.225,
        "obp": 0.34,
        "slg": 0.425,
        "rbi": 52,
        "sb": 1,
        "hr": 20
      },
      {
        "name": "최주환",
        "year": 21,
        "team": "SSG",
        "pa": 470,
        "ops": 0.782,
        "avg": 0.256,
        "obp": 0.353,
        "slg": 0.429,
        "rbi": 67,
        "sb": 2,
        "hr": 18
      }
    ]
  },
  {
    "generation": 27,
    "expected_score": 6.805,
    "lineup": [
      "박성한",
      "한유섬",
      "이재원",
      "최지훈",
      "추신수",
      "김성현",
      "최정",
      "최주환",
      "로맥"
    ],
    "player_stats": [
      {
        "name": "박성한",
        "year": 21,
        "team": "SSG",
        "pa": 471,
        "ops": 0.765,
        "avg": 0.302,
        "obp": 0.377,
        "slg": 0.388,
        "rbi": 44,
        "sb": 12,
        "hr": 4
      },
      {
        "name": "한유섬",
        "year": 21,
        "team": "SSG",
        "pa": 519,
        "ops": 0.907,
        "avg": 0.278,
        "obp": 0.373,
        "slg": 0.534,
        "rbi": 95,
        "sb": 1,
        "hr": 31
      },
      {
        "name": "이재원",
        "year": 21,
        "team": "SSG",
        "pa": 313,
        "ops": 0.72,
        "avg": 0.28,
        "obp": 0.358,
        "slg": 0.362,
        "rbi": 30,
        "sb": 0,
        "hr": 3
      },
      {
        "name": "최지훈",
        "year": 21,
        "team": "SSG",
        "pa": 534,
        "ops": 0.704,
        "avg": 0.262,
        "obp": 0.342,
        "slg": 0.362,
        "rbi": 45,
        "sb": 26,
        "hr": 5
      },
      {
        "name": "추신수",
        "year": 21,
        "team": "SSG",
        "pa": 580,
        "ops": 0.86,
        "avg": 0.265,
        "obp": 0.409,
        "slg": 0.451,
        "rbi": 69,
        "sb": 25,
        "hr": 21
      },
      {
        "name": "김성현",
        "year": 21,
        "team": "SSG",
        "pa": 274,
        "ops": 0.778,
        "avg": 0.283,
        "obp": 0.356,
        "slg": 0.422,
        "rbi": 37,
        "sb": 5,
        "hr": 6
      },
      {
        "name": "최정",
        "year": 21,
        "team": "SSG",
        "pa": 555,
        "ops": 0.972,
        "avg": 0.278,
        "obp": 0.41,
        "slg": 0.562,
        "rbi": 100,
        "sb": 8,
        "hr": 35
      },
      {
        "name": "최주환",
        "year": 21,
        "team": "SSG",
        "pa": 470,
        "ops": 0.782,
        "avg": 0.256,
        "obp": 0.353,
        "slg": 0.429,
        "rbi": 67,
        "sb": 2,
        "hr": 18
      },
      {
        "name": "로맥",
        "year": 21,
        "team": "SSG",
        "pa": 421,
        "ops": 0.765,
        "avg": 0.225,
        "obp": 0.34,
        "slg": 0.425,
        "rbi": 52,
        "sb": 1,
        "hr": 20
      }
    ]
  },
  {
    "generation": 28,
    "expected_score": 6.6,
    "lineup": [
      "박성한",
      "한유섬",
      "이재원",
      "최정",
      "최지훈",
      "추신수",
      "김성현",
      "최주환",
      "로맥"
    ],
    "player_stats": [
      {
        "name": "박성한",
        "year": 21,
        "team": "SSG",
        "pa": 471,
        "ops": 0.765,
        "avg": 0.302,
        "obp": 0.377,
        "slg": 0.388,
        "rbi": 44,
        "sb": 12,
        "hr": 4
      },
      {
        "name": "한유섬",
        "year": 21,
        "team": "SSG",
        "pa": 519,
        "ops": 0.907,
        "avg": 0.278,
        "obp": 0.373,
        "slg": 0.534,
        "rbi": 95,
        "sb": 1,
        "hr": 31
      },
      {
        "name": "이재원",
        "year": 21,
        "team": "SSG",
        "pa": 313,
        "ops": 0.72,
        "avg": 0.28,
        "obp": 0.358,
        "slg": 0.362,
        "rbi": 30,
        "sb": 0,
        "hr": 3
      },
      {
        "name": "최정",
        "year": 21,
        "team": "SSG",
        "pa": 555,
        "ops": 0.972,
        "avg": 0.278,
        "obp": 0.41,
        "slg": 0.562,
        "rbi": 100,
        "sb": 8,
        "hr": 35
      },
      {
        "name": "최지훈",
        "year": 21,
        "team": "SSG",
        "pa": 534,
        "ops": 0.704,
        "avg": 0.262,
        "obp": 0.342,
        "slg": 0.362,
        "rbi": 45,
        "sb": 26,
        "hr": 5
      },
      {
        "name": "추신수",
        "year": 21,
        "team": "SSG",
        "pa": 580,
        "ops": 0.86,
        "avg": 0.265,
        "obp": 0.409,
        "slg": 0.451,
        "rbi": 69,
        "sb": 25,
        "hr": 21
      },
      {
        "name": "김성현",
        "year": 21,
        "team": "SSG",
        "pa": 274,
        "ops": 0.778,
        "avg": 0.283,
        "obp": 0.356,
        "slg": 0.422,
        "rbi": 37,
        "sb": 5,
        "hr": 6
      },
      {
        "name": "최주환",
        "year": 21,
        "team": "SSG",
        "pa": 470,
        "ops": 0.782,
        "avg": 0.256,
        "obp": 0.353,
        "slg": 0.429,
        "rbi": 67,
        "sb": 2,
        "hr": 18
      },
      {
        "name": "로맥",
        "year": 21,
        "team": "SSG",
        "pa": 421,
        "ops": 0.765,
        "avg": 0.225,
        "obp": 0.34,
        "slg": 0.425,
        "rbi": 52,
        "sb": 1,
        "hr": 20
      }
    ]
  },
  {
    "generation": 29,
    "expected_score": 6.52,
    "lineup": [
      "박성한",
      "한유섬",
      "이재원",
      "김성현",
      "최지훈",
      "최주환",
      "추신수",
      "최정",
      "로맥"
    ],
    "player_stats": [
      {
        "name": "박성한",
        "year": 21,
        "team": "SSG",
        "pa": 471,
        "ops": 0.765,
        "avg": 0.302,
        "obp": 0.377,
        "slg": 0.388,
        "rbi": 44,
        "sb": 12,
        "hr": 4
      },
      {
        "name": "한유섬",
        "year": 21,
        "team": "SSG",
        "pa": 519,
        "ops": 0.907,
        "avg": 0.278,
        "obp": 0.373,
        "slg": 0.534,
        "rbi": 95,
        "sb": 1,
        "hr": 31
      },
      {
        "name": "이재원",
        "year": 21,
        "team": "SSG",
        "pa": 313,
        "ops": 0.72,
        "avg": 0.28,
        "obp": 0.358,
        "slg": 0.362,
        "rbi": 30,
        "sb": 0,
        "hr": 3
      },
      {
        "name": "김성현",
        "year": 21,
        "team": "SSG",
        "pa": 274,
        "ops": 0.778,
        "avg": 0.283,
        "obp": 0.356,
        "slg": 0.422,
        "rbi": 37,
        "sb": 5,
        "hr": 6
      },
      {
        "name": "최지훈",
        "year": 21,
        "team": "SSG",
        "pa": 534,
        "ops": 0.704,
        "avg": 0.262,
        "obp": 0.342,
        "slg": 0.362,
        "rbi": 45,
        "sb": 26,
        "hr": 5
      },
      {
        "name": "최주환",
        "year": 21,
        "team": "SSG",
        "pa": 470,
        "ops": 0.782,
        "avg": 0.256,
        "obp": 0.353,
        "slg": 0.429,
        "rbi": 67,
        "sb": 2,
        "hr": 18
      },
      {
        "name": "추신수",
        "year": 21,
        "team": "SSG",
        "pa": 580,
        "ops": 0.86,
        "avg": 0.265,
        "obp": 0.409,
        "slg": 0.451,
        "rbi": 69,
        "sb": 25,
        "hr": 21
      },
      {
        "name": "최정",
        "year": 21,
        "team": "SSG",
        "pa": 555,
        "ops": 0.972,
        "avg": 0.278,
        "obp": 0.41,
        "slg": 0.562,
        "rbi": 100,
        "sb": 8,
        "hr": 35
      },
      {
        "name": "로맥",
        "year": 21,
        "team": "SSG",
        "pa": 421,
        "ops": 0.765,
        "avg": 0.225,
        "obp": 0.34,
        "slg": 0.425,
        "rbi": 52,
        "sb": 1,
        "hr": 20
      }
    ]
  },
  {
    "generation": 30,
    "expected_score": 6.52,
    "lineup": [
      "박성한",
      "한유섬",
      "이재원",
      "최정",
      "추신수",
      "김성현",
      "최지훈",
      "로맥",
      "최주환"
    ],
    "player_stats": [
      {
        "name": "박성한",
        "year": 21,
        "team": "SSG",
        "pa": 471,
        "ops": 0.765,
        "avg": 0.302,
        "obp": 0.377,
        "slg": 0.388,
        "rbi": 44,
        "sb": 12,
        "hr": 4
      },
      {
        "name": "한유섬",
        "year": 21,
        "team": "SSG",
        "pa": 519,
        "ops": 0.907,
        "avg": 0.278,
        "obp": 0.373,
        "slg": 0.534,
        "rbi": 95,
        "sb": 1,
        "hr": 31
      },
      {
        "name": "이재원",
        "year": 21,
        "team": "SSG",
        "pa": 313,
        "ops": 0.72,
        "avg": 0.28,
        "obp": 0.358,
        "slg": 0.362,
        "rbi": 30,
        "sb": 0,
        "hr": 3
      },
      {
        "name": "최정",
        "year": 21,
        "team": "SSG",
        "pa": 555,
        "ops": 0.972,
        "avg": 0.278,
        "obp": 0.41,
        "slg": 0.562,
        "rbi": 100,
        "sb": 8,
        "hr": 35
      },
      {
        "name": "추신수",
        "year": 21,
        "team": "SSG",
        "pa": 580,
        "ops": 0.86,
        "avg": 0.265,
        "obp": 0.409,
        "slg": 0.451,
        "rbi": 69,
        "sb": 25,
        "hr": 21
      },
      {
        "name": "김성현",
        "year": 21,
        "team": "SSG",
        "pa": 274,
        "ops": 0.778,
        "avg": 0.283,
        "obp": 0.356,
        "slg": 0.422,
        "rbi": 37,
        "sb": 5,
        "hr": 6
      },
      {
        "name": "최지훈",
        "year": 21,
        "team": "SSG",
        "pa": 534,
        "ops": 0.704,
        "avg": 0.262,
        "obp": 0.342,
        "slg": 0.362,
        "rbi": 45,
        "sb": 26,
        "hr": 5
      },
      {
        "name": "로맥",
        "year": 21,
        "team": "SSG",
        "pa": 421,
        "ops": 0.765,
        "avg": 0.225,
        "obp": 0.34,
        "slg": 0.425,
        "rbi": 52,
        "sb": 1,
        "hr": 20
      },
      {
        "name": "최주환",
        "year": 21,
        "team": "SSG",
        "pa": 470,
        "ops": 0.782,
        "avg": 0.256,
        "obp": 0.353,
        "slg": 0.429,
        "rbi": 67,
        "sb": 2,
        "hr": 18
      }
    ]
  }
]