[
  {
    "generation": 1,
    "expected_score": 6.585,
    "lineup": [
      "안치홍",
      "마차도",
      "이대호",
      "추재현",
      "정훈",
      "한동희",
      "손아섭",
      "김민수",
      "전준우"
    ],
    "player_stats": [
      {
        "name": "안치홍",
        "year": 21,
        "team": "롯데",
        "pa": 490,
        "ops": 0.837,
        "avg": 0.306,
        "obp": 0.379,
        "slg": 0.458,
        "rbi": 82,
        "sb": 3,
        "hr": 10
      },
      {
        "name": "마차도",
        "year": 21,
        "team": "롯데",
        "pa": 539,
        "ops": 0.72,
        "avg": 0.279,
        "obp": 0.359,
        "slg": 0.361,
        "rbi": 58,
        "sb": 8,
        "hr": 5
      },
      {
        "name": "이대호",
        "year": 21,
        "team": "롯데",
        "pa": 465,
        "ops": 0.79,
        "avg": 0.286,
        "obp": 0.342,
        "slg": 0.448,
        "rbi": 81,
        "sb": 0,
        "hr": 19
      },
      {
        "name": "추재현",
        "year": 21,
        "team": "롯데",
        "pa": 300,
        "ops": 0.702,
        "avg": 0.252,
        "obp": 0.336,
        "slg": 0.366,
        "rbi": 26,
        "sb": 4,
        "hr": 5
      },
      {
        "name": "정훈",
        "year": 21,
        "team": "롯데",
        "pa": 561,
        "ops": 0.818,
        "avg": 0.292,
        "obp": 0.38,
        "slg": 0.438,
        "rbi": 79,
        "sb": 8,
        "hr": 14
      },
      {
        "name": "한동희",
        "year": 21,
        "team": "롯데",
        "pa": 496,
        "ops": 0.807,
        "avg": 0.267,
        "obp": 0.364,
        "slg": 0.443,
        "rbi": 69,
        "sb": 0,
        "hr": 17
      },
      {
        "name": "손아섭",
        "year": 21,
        "team": "롯데",
        "pa": 610,
        "ops": 0.787,
        "avg": 0.319,
        "obp": 0.39,
        "slg": 0.397,
        "rbi": 58,
        "sb": 11,
        "hr": 3
      },
      {
        "name": "김민수",
        "year": 21,
        "team": "롯데",
        "pa": 224,
        "ops": 0.664,
        "avg": 0.241,
        "obp": 0.312,
        "slg": 0.352,
        "rbi": 25,
        "sb": 0,
        "hr": 3
      },
      {
        "name": "전준우",
        "year": 21,
        "team": "롯데",
        "pa": 619,
        "ops": 0.874,
        "avg": 0.348,
        "obp": 0.405,
        "slg": 0.469,
        "rbi": 92,
        "sb": 6,
        "hr": 7
      }
    ]
  },
  {
    "generation": 2,
    "expected_score": 6.365,
    "lineup": [
      "김민수",
      "전준우",
      "이대호",
      "추재현",
      "정훈",
      "한동희",
      "손아섭",
      "마차도",
      "안치홍"
    ],
    "player_stats": [
      {
        "name": "김민수",
        "year": 21,
        "team": "롯데",
        "pa": 224,
        "ops": 0.664,
        "avg": 0.241,
        "obp": 0.312,
        "slg": 0.352,
        "rbi": 25,
        "sb": 0,
        "hr": 3
      },
      {
        "name": "전준우",
        "year": 21,
        "team": "롯데",
        "pa": 619,
        "ops": 0.874,
        "avg": 0.348,
        "obp": 0.405,
        "slg": 0.469,
        "rbi": 92,
        "sb": 6,
        "hr": 7
      },
      {
        "name": "이대호",
        "year": 21,
        "team": "롯데",
        "pa": 465,
        "ops": 0.79,
        "avg": 0.286,
        "obp": 0.342,
        "slg": 0.448,
        "rbi": 81,
        "sb": 0,
        "hr": 19
      },
      {
        "name": "추재현",
        "year": 21,
        "team": "롯데",
        "pa": 300,
        "ops": 0.702,
        "avg": 0.252,
        "obp": 0.336,
        "slg": 0.366,
        "rbi": 26,
        "sb": 4,
        "hr": 5
      },
      {
        "name": "정훈",
        "year": 21,
        "team": "롯데",
        "pa": 561,
        "ops": 0.818,
        "avg": 0.292,
        "obp": 0.38,
        "slg": 0.438,
        "rbi": 79,
        "sb": 8,
        "hr": 14
      },
      {
        "name": "한동희",
        "year": 21,
        "team": "롯데",
        "pa": 496,
        "ops": 0.807,
        "avg": 0.267,
        "obp": 0.364,
        "slg": 0.443,
        "rbi": 69,
        "sb": 0,
        "hr": 17
      },
      {
        "name": "손아섭",
        "year": 21,
        "team": "롯데",
        "pa": 610,
        "ops": 0.787,
        "avg": 0.319,
        "obp": 0.39,
        "slg": 0.397,
        "rbi": 58,
        "sb": 11,
        "hr": 3
      },
      {
        "name": "마차도",
        "year": 21,
        "team": "롯데",
        "pa": 539,
        "ops": 0.72,
        "avg": 0.279,
        "obp": 0.359,
        "slg": 0.361,
        "rbi": 58,
        "sb": 8,
        "hr": 5
      },
      {
        "name": "안치홍",
        "year": 21,
        "team": "롯데",
        "pa": 490,
        "ops": 0.837,
        "avg": 0.306,
        "obp": 0.379,
        "slg": 0.458,
        "rbi": 82,
        "sb": 3,
        "hr": 10
      }
    ]
  },
  {
    "generation": 3,
    "expected_score": 6.615,
    "lineup": [
      "손아섭",
      "정훈",
      "전준우",
      "마차도",
      "안치홍",
      "김민수",
      "이대호",
      "추재현",
      "한동희"
    ],
    "player_stats": [
      {
        "name": "손아섭",
        "year": 21,
        "team": "롯데",
        "pa": 610,
        "ops": 0.787,
        "avg": 0.319,
        "obp": 0.39,
        "slg": 0.397,
        "rbi": 58,
        "sb": 11,
        "hr": 3
      },
      {
        "name": "정훈",
        "year": 21,
        "team": "롯데",
        "pa": 561,
        "ops": 0.818,
        "avg": 0.292,
        "obp": 0.38,
        "slg": 0.438,
        "rbi": 79,
        "sb": 8,
        "hr": 14
      },
      {
        "name": "전준우",
        "year": 21,
        "team": "롯데",
        "pa": 619,
        "ops": 0.874,
        "avg": 0.348,
        "obp": 0.405,
        "slg": 0.469,
        "rbi": 92,
        "sb": 6,
        "hr": 7
      },
      {
        "name": "마차도",
        "year": 21,
        "team": "롯데",
        "pa": 539,
        "ops": 0.72,
        "avg": 0.279,
        "obp": 0.359,
        "slg": 0.361,
        "rbi": 58,
        "sb": 8,
        "hr": 5
      },
      {
        "name": "안치홍",
        "year": 21,
        "team": "롯데",
        "pa": 490,
        "ops": 0.837,
        "avg": 0.306,
        "obp": 0.379,
        "slg": 0.458,
        "rbi": 82,
        "sb": 3,
        "hr": 10
      },
      {
        "name": "김민수",
        "year": 21,
        "team": "롯데",
        "pa": 224,
        "ops": 0.664,
        "avg": 0.241,
        "obp": 0.312,
        "slg": 0.352,
        "rbi": 25,
        "sb": 0,
        "hr": 3
      },
      {
        "name": "이대호",
        "year": 21,
        "team": "롯데",
        "pa": 465,
        "ops": 0.79,
        "avg": 0.286,
        "obp": 0.342,
        "slg": 0.448,
        "rbi": 81,
        "sb": 0,
        "hr": 19
      },
      {
        "name": "추재현",
        "year": 21,
        "team": "롯데",
        "pa": 300,
        "ops": 0.702,
        "avg": 0.252,
        "obp": 0.336,
        "slg": 0.366,
        "rbi": 26,
        "sb": 4,
        "hr": 5
      },
      {
        "name": "한동희",
        "year": 21,
        "team": "롯데",
        "pa": 496,
        "ops": 0.807,
        "avg": 0.267,
        "obp": 0.364,
        "slg": 0.443,
        "rbi": 69,
        "sb": 0,
        "hr": 17
      }
    ]
  },
  {
    "generation": 4,
    "expected_score": 6.64,
    "lineup": [
      "손아섭",
      "정훈",
      "전준우",
      "마차도",
      "안치홍",
      "김민수",
      "이대호",
      "추재현",
      "한동희"
    ],
    "player_stats": [
      {
        "name": "손아섭",
        "year": 21,
        "team": "롯데",
        "pa": 610,
        "ops": 0.787,
        "avg": 0.319,
        "obp": 0.39,
        "slg": 0.397,
        "rbi": 58,
        "sb": 11,
        "hr": 3
      },
      {
        "name": "정훈",
        "year": 21,
        "team": "롯데",
        "pa": 561,
        "ops": 0.818,
        "avg": 0.292,
        "obp": 0.38,
        "slg": 0.438,
        "rbi": 79,
        "sb": 8,
        "hr": 14
      },
      {
        "name": "전준우",
        "year": 21,
        "team": "롯데",
        "pa": 619,
        "ops": 0.874,
        "avg": 0.348,
        "obp": 0.405,
        "slg": 0.469,
        "rbi": 92,
        "sb": 6,
        "hr": 7
      },
      {
        "name": "마차도",
        "year": 21,
        "team": "롯데",
        "pa": 539,
        "ops": 0.72,
        "avg": 0.279,
        "obp": 0.359,
        "slg": 0.361,
        "rbi": 58,
        "sb": 8,
        "hr": 5
      },
      {
        "name": "안치홍",
        "year": 21,
        "team": "롯데",
        "pa": 490,
        "ops": 0.837,
        "avg": 0.306,
        "obp": 0.379,
        "slg": 0.458,
        "rbi": 82,
        "sb": 3,
        "hr": 10
      },
      {
        "name": "김민수",
        "year": 21,
        "team": "롯데",
        "pa": 224,
        "ops": 0.664,
        "avg": 0.241,
        "obp": 0.312,
        "slg": 0.352,
        "rbi": 25,
        "sb": 0,
        "hr": 3
      },
      {
        "name": "이대호",
        "year": 21,
        "team": "롯데",
        "pa": 465,
        "ops": 0.79,
        "avg": 0.286,
        "obp": 0.342,
        "slg": 0.448,
        "rbi": 81,
        "sb": 0,
        "hr": 19
      },
      {
        "name": "추재현",
        "year": 21,
        "team": "롯데",
        "pa": 300,
        "ops": 0.702,
        "avg": 0.252,
        "obp": 0.336,
        "slg": 0.366,
        "rbi": 26,
        "sb": 4,
        "hr": 5
      },
      {
        "name": "한동희",
        "year": 21,
        "team": "롯데",
        "pa": 496,
        "ops": 0.807,
        "avg": 0.267,
        "obp": 0.364,
        "slg": 0.443,
        "rbi": 69,
        "sb": 0,
        "hr": 17
      }
    ]
  },
  {
    "generation": 5,
    "expected_score": 6.285,
    "lineup": [
      "전준우",
      "마차도",
      "추재현",
      "손아섭",
      "안치홍",
      "한동희",
      "이대호",
      "정훈",
      "김민수"
    ],
    "player_stats": [
      {
        "name": "전준우",
        "year": 21,
        "team": "롯데",
        "pa": 619,
        "ops": 0.874,
        "avg": 0.348,
        "obp": 0.405,
        "slg": 0.469,
        "rbi": 92,
        "sb": 6,
        "hr": 7
      },
      {
        "name": "마차도",
        "year": 21,
        "team": "롯데",
        "pa": 539,
        "ops": 0.72,
        "avg": 0.279,
        "obp": 0.359,
        "slg": 0.361,
        "rbi": 58,
        "sb": 8,
        "hr": 5
      },
      {
        "name": "추재현",
        "year": 21,
        "team": "롯데",
        "pa": 300,
        "ops": 0.702,
        "avg": 0.252,
        "obp": 0.336,
        "slg": 0.366,
        "rbi": 26,
        "sb": 4,
        "hr": 5
      },
      {
        "name": "손아섭",
        "year": 21,
        "team": "롯데",
        "pa": 610,
        "ops": 0.787,
        "avg": 0.319,
        "obp": 0.39,
        "slg": 0.397,
        "rbi": 58,
        "sb": 11,
        "hr": 3
      },
      {
        "name": "안치홍",
        "year": 21,
        "team": "롯데",
        "pa": 490,
        "ops": 0.837,
        "avg": 0.306,
        "obp": 0.379,
        "slg": 0.458,
        "rbi": 82,
        "sb": 3,
        "hr": 10
      },
      {
        "name": "한동희",
        "year": 21,
        "team": "롯데",
        "pa": 496,
        "ops": 0.807,
        "avg": 0.267,
        "obp": 0.364,
        "slg": 0.443,
        "rbi": 69,
        "sb": 0,
        "hr": 17
      },
      {
        "name": "이대호",
        "year": 21,
        "team": "롯데",
        "pa": 465,
        "ops": 0.79,
        "avg": 0.286,
        "obp": 0.342,
        "slg": 0.448,
        "rbi": 81,
        "sb": 0,
        "hr": 19
      },
      {
        "name": "정훈",
        "year": 21,
        "team": "롯데",
        "pa": 561,
        "ops": 0.818,
        "avg": 0.292,
        "obp": 0.38,
        "slg": 0.438,
        "rbi": 79,
        "sb": 8,
        "hr": 14
      },
      {
        "name": "김민수",
        "year": 21,
        "team": "롯데",
        "pa": 224,
        "ops": 0.664,
        "avg": 0.241,
        "obp": 0.312,
        "slg": 0.352,
        "rbi": 25,
        "sb": 0,
        "hr": 3
      }
    ]
  },
  {
    "generation": 6,
    "expected_score": 6.58,
    "lineup": [
      "손아섭",
      "정훈",
      "전준우",
      "마차도",
      "안치홍",
      "김민수",
      "이대호",
      "추재현",
      "한동희"
    ],
    "player_stats": [
      {
        "name": "손아섭",
        "year": 21,
        "team": "롯데",
        "pa": 610,
        "ops": 0.787,
        "avg": 0.319,
        "obp": 0.39,
        "slg": 0.397,
        "rbi": 58,
        "sb": 11,
        "hr": 3
      },
      {
        "name": "정훈",
        "year": 21,
        "team": "롯데",
        "pa": 561,
        "ops": 0.818,
        "avg": 0.292,
        "obp": 0.38,
        "slg": 0.438,
        "rbi": 79,
        "sb": 8,
        "hr": 14
      },
      {
        "name": "전준우",
        "year": 21,
        "team": "롯데",
        "pa": 619,
        "ops": 0.874,
        "avg": 0.348,
        "obp": 0.405,
        "slg": 0.469,
        "rbi": 92,
        "sb": 6,
        "hr": 7
      },
      {
        "name": "마차도",
        "year": 21,
        "team": "롯데",
        "pa": 539,
        "ops": 0.72,
        "avg": 0.279,
        "obp": 0.359,
        "slg": 0.361,
        "rbi": 58,
        "sb": 8,
        "hr": 5
      },
      {
        "name": "안치홍",
        "year": 21,
        "team": "롯데",
        "pa": 490,
        "ops": 0.837,
        "avg": 0.306,
        "obp": 0.379,
        "slg": 0.458,
        "rbi": 82,
        "sb": 3,
        "hr": 10
      },
      {
        "name": "김민수",
        "year": 21,
        "team": "롯데",
        "pa": 224,
        "ops": 0.664,
        "avg": 0.241,
        "obp": 0.312,
        "slg": 0.352,
        "rbi": 25,
        "sb": 0,
        "hr": 3
      },
      {
        "name": "이대호",
        "year": 21,
        "team": "롯데",
        "pa": 465,
        "ops": 0.79,
        "avg": 0.286,
        "obp": 0.342,
        "slg": 0.448,
        "rbi": 81,
        "sb": 0,
        "hr": 19
      },
      {
        "name": "추재현",
        "year": 21,
        "team": "롯데",
        "pa": 300,
        "ops": 0.702,
        "avg": 0.252,
        "obp": 0.336,
        "slg": 0.366,
        "rbi": 26,
        "sb": 4,
        "hr": 5
      },
      {
        "name": "한동희",
        "year": 21,
        "team": "롯데",
        "pa": 496,
        "ops": 0.807,
        "avg": 0.267,
        "obp": 0.364,
        "slg": 0.443,
        "rbi": 69,
        "sb": 0,
        "hr": 17
      }
    ]
  },
  {
    "generation": 7,
    "expected_score": 6.44,
    "lineup": [
      "손아섭",
      "정훈",
      "전준우",
      "마차도",
      "안치홍",
      "김민수",
      "이대호",
      "추재현",
      "한동희"
    ],
    "player_stats": [
      {
        "name": "손아섭",
        "year": 21,
        "team": "롯데",
        "pa": 610,
        "ops": 0.787,
        "avg": 0.319,
        "obp": 0.39,
        "slg": 0.397,
        "rbi": 58,
        "sb": 11,
        "hr": 3
      },
      {
        "name": "정훈",
        "year": 21,
        "team": "롯데",
        "pa": 561,
        "ops": 0.818,
        "avg": 0.292,
        "obp": 0.38,
        "slg": 0.438,
        "rbi": 79,
        "sb": 8,
        "hr": 14
      },
      {
        "name": "전준우",
        "year": 21,
        "team": "롯데",
        "pa": 619,
        "ops": 0.874,
        "avg": 0.348,
        "obp": 0.405,
        "slg": 0.469,
        "rbi": 92,
        "sb": 6,
        "hr": 7
      },
      {
        "name": "마차도",
        "year": 21,
        "team": "롯데",
        "pa": 539,
        "ops": 0.72,
        "avg": 0.279,
        "obp": 0.359,
        "slg": 0.361,
        "rbi": 58,
        "sb": 8,
        "hr": 5
      },
      {
        "name": "안치홍",
        "year": 21,
        "team": "롯데",
        "pa": 490,
        "ops": 0.837,
        "avg": 0.306,
        "obp": 0.379,
        "slg": 0.458,
        "rbi": 82,
        "sb": 3,
        "hr": 10
      },
      {
        "name": "김민수",
        "year": 21,
        "team": "롯데",
        "pa": 224,
        "ops": 0.664,
        "avg": 0.241,
        "obp": 0.312,
        "slg": 0.352,
        "rbi": 25,
        "sb": 0,
        "hr": 3
      },
      {
        "name": "이대호",
        "year": 21,
        "team": "롯데",
        "pa": 465,
        "ops": 0.79,
        "avg": 0.286,
        "obp": 0.342,
        "slg": 0.448,
        "rbi": 81,
        "sb": 0,
        "hr": 19
      },
      {
        "name": "추재현",
        "year": 21,
        "team": "롯데",
        "pa": 300,
        "ops": 0.702,
        "avg": 0.252,
        "obp": 0.336,
        "slg": 0.366,
        "rbi": 26,
        "sb": 4,
        "hr": 5
      },
      {
        "name": "한동희",
        "year": 21,
        "team": "롯데",
        "pa": 496,
        "ops": 0.807,
        "avg": 0.267,
        "obp": 0.364,
        "slg": 0.443,
        "rbi": 69,
        "sb": 0,
        "hr": 17
      }
    ]
  },
  {
    "generation": 8,
    "expected_score": 6.545,
    "lineup": [
      "손아섭",
      "정훈",
      "전준우",
      "마차도",
      "안치홍",
      "김민수",
      "이대호",
      "추재현",
      "한동희"
    ],
    "player_stats": [
      {
        "name": "손아섭",
        "year": 21,
        "team": "롯데",
        "pa": 610,
        "ops": 0.787,
        "avg": 0.319,
        "obp": 0.39,
        "slg": 0.397,
        "rbi": 58,
        "sb": 11,
        "hr": 3
      },
      {
        "name": "정훈",
        "year": 21,
        "team": "롯데",
        "pa": 561,
        "ops": 0.818,
        "avg": 0.292,
        "obp": 0.38,
        "slg": 0.438,
        "rbi": 79,
        "sb": 8,
        "hr": 14
      },
      {
        "name": "전준우",
        "year": 21,
        "team": "롯데",
        "pa": 619,
        "ops": 0.874,
        "avg": 0.348,
        "obp": 0.405,
        "slg": 0.469,
        "rbi": 92,
        "sb": 6,
        "hr": 7
      },
      {
        "name": "마차도",
        "year": 21,
        "team": "롯데",
        "pa": 539,
        "ops": 0.72,
        "avg": 0.279,
        "obp": 0.359,
        "slg": 0.361,
        "rbi": 58,
        "sb": 8,
        "hr": 5
      },
      {
        "name": "안치홍",
        "year": 21,
        "team": "롯데",
        "pa": 490,
        "ops": 0.837,
        "avg": 0.306,
        "obp": 0.379,
        "slg": 0.458,
        "rbi": 82,
        "sb": 3,
        "hr": 10
      },
      {
        "name": "김민수",
        "year": 21,
        "team": "롯데",
        "pa": 224,
        "ops": 0.664,
        "avg": 0.241,
        "obp": 0.312,
        "slg": 0.352,
        "rbi": 25,
        "sb": 0,
        "hr": 3
      },
      {
        "name": "이대호",
        "year": 21,
        "team": "롯데",
        "pa": 465,
        "ops": 0.79,
        "avg": 0.286,
        "obp": 0.342,
        "slg": 0.448,
        "rbi": 81,
        "sb": 0,
        "hr": 19
      },
      {
        "name": "추재현",
        "year": 21,
        "team": "롯데",
        "pa": 300,
        "ops": 0.702,
        "avg": 0.252,
        "obp": 0.336,
        "slg": 0.366,
        "rbi": 26,
        "sb": 4,
        "hr": 5
      },
      {
        "name": "한동희",
        "year": 21,
        "team": "롯데",
        "pa": 496,
        "ops": 0.807,
        "avg": 0.267,
        "obp": 0.364,
        "slg": 0.443,
        "rbi": 69,
        "sb": 0,
        "hr": 17
      }
    ]
  },
  {
    "generation": 9,
    "expected_score": 6.32,
    "lineup": [
      "마차도",
      "손아섭",
      "전준우",
      "추재현",
      "안치홍",
      "김민수",
      "한동희",
      "이대호",
      "정훈"
    ],
    "player_stats": [
      {
        "name": "마차도",
        "year": 21,
        "team": "롯데",
        "pa": 539,
        "ops": 0.72,
        "avg": 0.279,
        "obp": 0.359,
        "slg": 0.361,
        "rbi": 58,
        "sb": 8,
        "hr": 5
      },
      {
        "name": "손아섭",
        "year": 21,
        "team": "롯데",
        "pa": 610,
        "ops": 0.787,
        "avg": 0.319,
        "obp": 0.39,
        "slg": 0.397,
        "rbi": 58,
        "sb": 11,
        "hr": 3
      },
      {
        "name": "전준우",
        "year": 21,
        "team": "롯데",
        "pa": 619,
        "ops": 0.874,
        "avg": 0.348,
        "obp": 0.405,
        "slg": 0.469,
        "rbi": 92,
        "sb": 6,
        "hr": 7
      },
      {
        "name": "추재현",
        "year": 21,
        "team": "롯데",
        "pa": 300,
        "ops": 0.702,
        "avg": 0.252,
        "obp": 0.336,
        "slg": 0.366,
        "rbi": 26,
        "sb": 4,
        "hr": 5
      },
      {
        "name": "안치홍",
        "year": 21,
        "team": "롯데",
        "pa": 490,
        "ops": 0.837,
        "avg": 0.306,
        "obp": 0.379,
        "slg": 0.458,
        "rbi": 82,
        "sb": 3,
        "hr": 10
      },
      {
        "name": "김민수",
        "year": 21,
        "team": "롯데",
        "pa": 224,
        "ops": 0.664,
        "avg": 0.241,
        "obp": 0.312,
        "slg": 0.352,
        "rbi": 25,
        "sb": 0,
        "hr": 3
      },
      {
        "name": "한동희",
        "year": 21,
        "team": "롯데",
        "pa": 496,
        "ops": 0.807,
        "avg": 0.267,
        "obp": 0.364,
        "slg": 0.443,
        "rbi": 69,
        "sb": 0,
        "hr": 17
      },
      {
        "name": "이대호",
        "year": 21,
        "team": "롯데",
        "pa": 465,
        "ops": 0.79,
        "avg": 0.286,
        "obp": 0.342,
        "slg": 0.448,
        "rbi": 81,
        "sb": 0,
        "hr": 19
      },
      {
        "name": "정훈",
        "year": 21,
        "team": "롯데",
        "pa": 561,
        "ops": 0.818,
        "avg": 0.292,
        "obp": 0.38,
        "slg": 0.438,
        "rbi": 79,
        "sb": 8,
        "hr": 14
      }
    ]
  },
  {
    "generation": 10,
    "expected_score": 6.345,
    "lineup": [
      "손아섭",
      "정훈",
      "전준우",
      "마차도",
      "안치홍",
      "김민수",
      "이대호",
      "추재현",
      "한동희"
    ],
    "player_stats": [
      {
        "name": "손아섭",
        "year": 21,
        "team": "롯데",
        "pa": 610,
        "ops": 0.787,
        "avg": 0.319,
        "obp": 0.39,
        "slg": 0.397,
        "rbi": 58,
        "sb": 11,
        "hr": 3
      },
      {
        "name": "정훈",
        "year": 21,
        "team": "롯데",
        "pa": 561,
        "ops": 0.818,
        "avg": 0.292,
        "obp": 0.38,
        "slg": 0.438,
        "rbi": 79,
        "sb": 8,
        "hr": 14
      },
      {
        "name": "전준우",
        "year": 21,
        "team": "롯데",
        "pa": 619,
        "ops": 0.874,
        "avg": 0.348,
        "obp": 0.405,
        "slg": 0.469,
        "rbi": 92,
        "sb": 6,
        "hr": 7
      },
      {
        "name": "마차도",
        "year": 21,
        "team": "롯데",
        "pa": 539,
        "ops": 0.72,
        "avg": 0.279,
        "obp": 0.359,
        "slg": 0.361,
        "rbi": 58,
        "sb": 8,
        "hr": 5
      },
      {
        "name": "안치홍",
        "year": 21,
        "team": "롯데",
        "pa": 490,
        "ops": 0.837,
        "avg": 0.306,
        "obp": 0.379,
        "slg": 0.458,
        "rbi": 82,
        "sb": 3,
        "hr": 10
      },
      {
        "name": "김민수",
        "year": 21,
        "team": "롯데",
        "pa": 224,
        "ops": 0.664,
        "avg": 0.241,
        "obp": 0.312,
        "slg": 0.352,
        "rbi": 25,
        "sb": 0,
        "hr": 3
      },
      {
        "name": "이대호",
        "year": 21,
        "team": "롯데",
        "pa": 465,
        "ops": 0.79,
        "avg": 0.286,
        "obp": 0.342,
        "slg": 0.448,
        "rbi": 81,
        "sb": 0,
        "hr": 19
      },
      {
        "name": "추재현",
        "year": 21,
        "team": "롯데",
        "pa": 300,
        "ops": 0.702,
        "avg": 0.252,
        "obp": 0.336,
        "slg": 0.366,
        "rbi": 26,
        "sb": 4,
        "hr": 5
      },
      {
        "name": "한동희",
        "year": 21,
        "team": "롯데",
        "pa": 496,
        "ops": 0.807,
        "avg": 0.267,
        "obp": 0.364,
        "slg": 0.443,
        "rbi": 69,
        "sb": 0,
        "hr": 17
      }
    ]
  },
  {
    "generation": 11,
    "expected_score": 6.555,
    "lineup": [
      "손아섭",
      "정훈",
      "추재현",
      "전준우",
      "이대호",
      "마차도",
      "안치홍",
      "김민수",
      "한동희"
    ],
    "player_stats": [
      {
        "name": "손아섭",
        "year": 21,
        "team": "롯데",
        "pa": 610,
        "ops": 0.787,
        "avg": 0.319,
        "obp": 0.39,
        "slg": 0.397,
        "rbi": 58,
        "sb": 11,
        "hr": 3
      },
      {
        "name": "정훈",
        "year": 21,
        "team": "롯데",
        "pa": 561,
        "ops": 0.818,
        "avg": 0.292,
        "obp": 0.38,
        "slg": 0.438,
        "rbi": 79,
        "sb": 8,
        "hr": 14
      },
      {
        "name": "추재현",
        "year": 21,
        "team": "롯데",
        "pa": 300,
        "ops": 0.702,
        "avg": 0.252,
        "obp": 0.336,
        "slg": 0.366,
        "rbi": 26,
        "sb": 4,
        "hr": 5
      },
      {
        "name": "전준우",
        "year": 21,
        "team": "롯데",
        "pa": 619,
        "ops": 0.874,
        "avg": 0.348,
        "obp": 0.405,
        "slg": 0.469,
        "rbi": 92,
        "sb": 6,
        "hr": 7
      },
      {
        "name": "이대호",
        "year": 21,
        "team": "롯데",
        "pa": 465,
        "ops": 0.79,
        "avg": 0.286,
        "obp": 0.342,
        "slg": 0.448,
        "rbi": 81,
        "sb": 0,
        "hr": 19
      },
      {
        "name": "마차도",
        "year": 21,
        "team": "롯데",
        "pa": 539,
        "ops": 0.72,
        "avg": 0.279,
        "obp": 0.359,
        "slg": 0.361,
        "rbi": 58,
        "sb": 8,
        "hr": 5
      },
      {
        "name": "안치홍",
        "year": 21,
        "team": "롯데",
        "pa": 490,
        "ops": 0.837,
        "avg": 0.306,
        "obp": 0.379,
        "slg": 0.458,
        "rbi": 82,
        "sb": 3,
        "hr": 10
      },
      {
        "name": "김민수",
        "year": 21,
        "team": "롯데",
        "pa": 224,
        "ops": 0.664,
        "avg": 0.241,
        "obp": 0.312,
        "slg": 0.352,
        "rbi": 25,
        "sb": 0,
        "hr": 3
      },
      {
        "name": "한동희",
        "year": 21,
        "team": "롯데",
        "pa": 496,
        "ops": 0.807,
        "avg": 0.267,
        "obp": 0.364,
        "slg": 0.443,
        "rbi": 69,
        "sb": 0,
        "hr": 17
      }
    ]
  },
  {
    "generation": 12,
    "expected_score": 6.4,
    "lineup": [
      "정훈",
      "손아섭",
      "마차도",
      "안치홍",
      "전준우",
      "김민수",
      "한동희",
      "이대호",
      "추재현"
    ],
    "player_stats": [
      {
        "name": "정훈",
        "year": 21,
        "team": "롯데",
        "pa": 561,
        "ops": 0.818,
        "avg": 0.292,
        "obp": 0.38,
        "slg": 0.438,
        "rbi": 79,
        "sb": 8,
        "hr": 14
      },
      {
        "name": "손아섭",
        "year": 21,
        "team": "롯데",
        "pa": 610,
        "ops": 0.787,
        "avg": 0.319,
        "obp": 0.39,
        "slg": 0.397,
        "rbi": 58,
        "sb": 11,
        "hr": 3
      },
      {
        "name": "마차도",
        "year": 21,
        "team": "롯데",
        "pa": 539,
        "ops": 0.72,
        "avg": 0.279,
        "obp": 0.359,
        "slg": 0.361,
        "rbi": 58,
        "sb": 8,
        "hr": 5
      },
      {
        "name": "안치홍",
        "year": 21,
        "team": "롯데",
        "pa": 490,
        "ops": 0.837,
        "avg": 0.306,
        "obp": 0.379,
        "slg": 0.458,
        "rbi": 82,
        "sb": 3,
        "hr": 10
      },
      {
        "name": "전준우",
        "year": 21,
        "team": "롯데",
        "pa": 619,
        "ops": 0.874,
        "avg": 0.348,
        "obp": 0.405,
        "slg": 0.469,
        "rbi": 92,
        "sb": 6,
        "hr": 7
      },
      {
        "name": "김민수",
        "year": 21,
        "team": "롯데",
        "pa": 224,
        "ops": 0.664,
        "avg": 0.241,
        "obp": 0.312,
        "slg": 0.352,
        "rbi": 25,
        "sb": 0,
        "hr": 3
      },
      {
        "name": "한동희",
        "year": 21,
        "team": "롯데",
        "pa": 496,
        "ops": 0.807,
        "avg": 0.267,
        "obp": 0.364,
        "slg": 0.443,
        "rbi": 69,
        "sb": 0,
        "hr": 17
      },
      {
        "name": "이대호",
        "year": 21,
        "team": "롯데",
        "pa": 465,
        "ops": 0.79,
        "avg": 0.286,
        "obp": 0.342,
        "slg": 0.448,
        "rbi": 81,
        "sb": 0,
        "hr": 19
      },
      {
        "name": "추재현",
        "year": 21,
        "team": "롯데",
        "pa": 300,
        "ops": 0.702,
        "avg": 0.252,
        "obp": 0.336,
        "slg": 0.366,
        "rbi": 26,
        "sb": 4,
        "hr": 5
      }
    ]
  },
  {
    "generation": 13,
    "expected_score": 6.38,
    "lineup": [
      "손아섭",
      "정훈",
      "전준우",
      "마차도",
      "안치홍",
      "김민수",
      "이대호",
      "추재현",
      "한동희"
    ],
    "player_stats": [
      {
        "name": "손아섭",
        "year": 21,
        "team": "롯데",
        "pa": 610,
        "ops": 0.787,
        "avg": 0.319,
        "obp": 0.39,
        "slg": 0.397,
        "rbi": 58,
        "sb": 11,
        "hr": 3
      },
      {
        "name": "정훈",
        "year": 21,
        "team": "롯데",
        "pa": 561,
        "ops": 0.818,
        "avg": 0.292,
        "obp": 0.38,
        "slg": 0.438,
        "rbi": 79,
        "sb": 8,
        "hr": 14
      },
      {
        "name": "전준우",
        "year": 21,
        "team": "롯데",
        "pa": 619,
        "ops": 0.874,
        "avg": 0.348,
        "obp": 0.405,
        "slg": 0.469,
        "rbi": 92,
        "sb": 6,
        "hr": 7
      },
      {
        "name": "마차도",
        "year": 21,
        "team": "롯데",
        "pa": 539,
        "ops": 0.72,
        "avg": 0.279,
        "obp": 0.359,
        "slg": 0.361,
        "rbi": 58,
        "sb": 8,
        "hr": 5
      },
      {
        "name": "안치홍",
        "year": 21,
        "team": "롯데",
        "pa": 490,
        "ops": 0.837,
        "avg": 0.306,
        "obp": 0.379,
        "slg": 0.458,
        "rbi": 82,
        "sb": 3,
        "hr": 10
      },
      {
        "name": "김민수",
        "year": 21,
        "team": "롯데",
        "pa": 224,
        "ops": 0.664,
        "avg": 0.241,
        "obp": 0.312,
        "slg": 0.352,
        "rbi": 25,
        "sb": 0,
        "hr": 3
      },
      {
        "name": "이대호",
        "year": 21,
        "team": "롯데",
        "pa": 465,
        "ops": 0.79,
        "avg": 0.286,
        "obp": 0.342,
        "slg": 0.448,
        "rbi": 81,
        "sb": 0,
        "hr": 19
      },
      {
        "name": "추재현",
        "year": 21,
        "team": "롯데",
        "pa": 300,
        "ops": 0.702,
        "avg": 0.252,
        "obp": 0.336,
        "slg": 0.366,
        "rbi": 26,
        "sb": 4,
        "hr": 5
      },
      {
        "name": "한동희",
        "year": 21,
        "team": "롯데",
        "pa": 496,
        "ops": 0.807,
        "avg": 0.267,
        "obp": 0.364,
        "slg": 0.443,
        "rbi": 69,
        "sb": 0,
        "hr": 17
      }
    ]
  },
  {
    "generation": 14,
    "expected_score": 6.32,
    "lineup": [
      "손아섭",
      "전준우",
      "정훈",
      "마차도",
      "안치홍",
      "김민수",
      "이대호",
      "추재현",
      "한동희"
    ],
    "player_stats": [
      {
        "name": "손아섭",
        "year": 21,
        "team": "롯데",
        "pa": 610,
        "ops": 0.787,
        "avg": 0.319,
        "obp": 0.39,
        "slg": 0.397,
        "rbi": 58,
        "sb": 11,
        "hr": 3
      },
      {
        "name": "전준우",
        "year": 21,
        "team": "롯데",
        "pa": 619,
        "ops": 0.874,
        "avg": 0.348,
        "obp": 0.405,
        "slg": 0.469,
        "rbi": 92,
        "sb": 6,
        "hr": 7
      },
      {
        "name": "정훈",
        "year": 21,
        "team": "롯데",
        "pa": 561,
        "ops": 0.818,
        "avg": 0.292,
        "obp": 0.38,
        "slg": 0.438,
        "rbi": 79,
        "sb": 8,
        "hr": 14
      },
      {
        "name": "마차도",
        "year": 21,
        "team": "롯데",
        "pa": 539,
        "ops": 0.72,
        "avg": 0.279,
        "obp": 0.359,
        "slg": 0.361,
        "rbi": 58,
        "sb": 8,
        "hr": 5
      },
      {
        "name": "안치홍",
        "year": 21,
        "team": "롯데",
        "pa": 490,
        "ops": 0.837,
        "avg": 0.306,
        "obp": 0.379,
        "slg": 0.458,
        "rbi": 82,
        "sb": 3,
        "hr": 10
      },
      {
        "name": "김민수",
        "year": 21,
        "team": "롯데",
        "pa": 224,
        "ops": 0.664,
        "avg": 0.241,
        "obp": 0.312,
        "slg": 0.352,
        "rbi": 25,
        "sb": 0,
        "hr": 3
      },
      {
        "name": "이대호",
        "year": 21,
        "team": "롯데",
        "pa": 465,
        "ops": 0.79,
        "avg": 0.286,
        "obp": 0.342,
        "slg": 0.448,
        "rbi": 81,
        "sb": 0,
        "hr": 19
      },
      {
        "name": "추재현",
        "year": 21,
        "team": "롯데",
        "pa": 300,
        "ops": 0.702,
        "avg": 0.252,
        "obp": 0.336,
        "slg": 0.366,
        "rbi": 26,
        "sb": 4,
        "hr": 5
      },
      {
        "name": "한동희",
        "year": 21,
        "team": "롯데",
        "pa": 496,
        "ops": 0.807,
        "avg": 0.267,
        "obp": 0.364,
        "slg": 0.443,
        "rbi": 69,
        "sb": 0,
        "hr": 17
      }
    ]
  },
  {
    "generation": 15,
    "expected_score": 6.49,
    "lineup": [
      "손아섭",
      "전준우",
      "정훈",
      "마차도",
      "안치홍",
      "김민수",
      "이대호",
      "한동희",
      "추재현"
    ],
    "player_stats": [
      {
        "name": "손아섭",
        "year": 21,
        "team": "롯데",
        "pa": 610,
        "ops": 0.787,
        "avg": 0.319,
        "obp": 0.39,
        "slg": 0.397,
        "rbi": 58,
        "sb": 11,
        "hr": 3
      },
      {
        "name": "전준우",
        "year": 21,
        "team": "롯데",
        "pa": 619,
        "ops": 0.874,
        "avg": 0.348,
        "obp": 0.405,
        "slg": 0.469,
        "rbi": 92,
        "sb": 6,
        "hr": 7
      },
      {
        "name": "정훈",
        "year": 21,
        "team": "롯데",
        "pa": 561,
        "ops": 0.818,
        "avg": 0.292,
        "obp": 0.38,
        "slg": 0.438,
        "rbi": 79,
        "sb": 8,
        "hr": 14
      },
      {
        "name": "마차도",
        "year": 21,
        "team": "롯데",
        "pa": 539,
        "ops": 0.72,
        "avg": 0.279,
        "obp": 0.359,
        "slg": 0.361,
        "rbi": 58,
        "sb": 8,
        "hr": 5
      },
      {
        "name": "안치홍",
        "year": 21,
        "team": "롯데",
        "pa": 490,
        "ops": 0.837,
        "avg": 0.306,
        "obp": 0.379,
        "slg": 0.458,
        "rbi": 82,
        "sb": 3,
        "hr": 10
      },
      {
        "name": "김민수",
        "year": 21,
        "team": "롯데",
        "pa": 224,
        "ops": 0.664,
        "avg": 0.241,
        "obp": 0.312,
        "slg": 0.352,
        "rbi": 25,
        "sb": 0,
        "hr": 3
      },
      {
        "name": "이대호",
        "year": 21,
        "team": "롯데",
        "pa": 465,
        "ops": 0.79,
        "avg": 0.286,
        "obp": 0.342,
        "slg": 0.448,
        "rbi": 81,
        "sb": 0,
        "hr": 19
      },
      {
        "name": "한동희",
        "year": 21,
        "team": "롯데",
        "pa": 496,
        "ops": 0.807,
        "avg": 0.267,
        "obp": 0.364,
        "slg": 0.443,
        "rbi": 69,
        "sb": 0,
        "hr": 17
      },
      {
        "name": "추재현",
        "year": 21,
        "team": "롯데",
        "pa": 300,
        "ops": 0.702,
        "avg": 0.252,
        "obp": 0.336,
        "slg": 0.366,
        "rbi": 26,
        "sb": 4,
        "hr": 5
      }
    ]
  },
  {
    "generation": 16,
    "expected_score": 6.27,
    "lineup": [
      "손아섭",
      "전준우",
      "마차도",
      "정훈",
      "안치홍",
      "김민수",
      "추재현",
      "이대호",
      "한동희"
    ],
    "player_stats": [
      {
        "name": "손아섭",
        "year": 21,
        "team": "롯데",
        "pa": 610,
        "ops": 0.787,
        "avg": 0.319,
        "obp": 0.39,
        "slg": 0.397,
        "rbi": 58,
        "sb": 11,
        "hr": 3
      },
      {
        "name": "전준우",
        "year": 21,
        "team": "롯데",
        "pa": 619,
        "ops": 0.874,
        "avg": 0.348,
        "obp": 0.405,
        "slg": 0.469,
        "rbi": 92,
        "sb": 6,
        "hr": 7
      },
      {
        "name": "마차도",
        "year": 21,
        "team": "롯데",
        "pa": 539,
        "ops": 0.72,
        "avg": 0.279,
        "obp": 0.359,
        "slg": 0.361,
        "rbi": 58,
        "sb": 8,
        "hr": 5
      },
      {
        "name": "정훈",
        "year": 21,
        "team": "롯데",
        "pa": 561,
        "ops": 0.818,
        "avg": 0.292,
        "obp": 0.38,
        "slg": 0.438,
        "rbi": 79,
        "sb": 8,
        "hr": 14
      },
      {
        "name": "안치홍",
        "year": 21,
        "team": "롯데",
        "pa": 490,
        "ops": 0.837,
        "avg": 0.306,
        "obp": 0.379,
        "slg": 0.458,
        "rbi": 82,
        "sb": 3,
        "hr": 10
      },
      {
        "name": "김민수",
        "year": 21,
        "team": "롯데",
        "pa": 224,
        "ops": 0.664,
        "avg": 0.241,
        "obp": 0.312,
        "slg": 0.352,
        "rbi": 25,
        "sb": 0,
        "hr": 3
      },
      {
        "name": "추재현",
        "year": 21,
        "team": "롯데",
        "pa": 300,
        "ops": 0.702,
        "avg": 0.252,
        "obp": 0.336,
        "slg": 0.366,
        "rbi": 26,
        "sb": 4,
        "hr": 5
      },
      {
        "name": "이대호",
        "year": 21,
        "team": "롯데",
        "pa": 465,
        "ops": 0.79,
        "avg": 0.286,
        "obp": 0.342,
        "slg": 0.448,
        "rbi": 81,
        "sb": 0,
        "hr": 19
      },
      {
        "name": "한동희",
        "year": 21,
        "team": "롯데",
        "pa": 496,
        "ops": 0.807,
        "avg": 0.267,
        "obp": 0.364,
        "slg": 0.443,
        "rbi": 69,
        "sb": 0,
        "hr": 17
      }
    ]
  },
  {
    "generation": 17,
    "expected_score": 6.31,
    "lineup": [
      "손아섭",
      "전준우",
      "정훈",
      "마차도",
      "안치홍",
      "김민수",
      "이대호",
      "추재현",
      "한동희"
    ],
    "player_stats": [
      {
        "name": "손아섭",
        "year": 21,
        "team": "롯데",
        "pa": 610,
        "ops": 0.787,
        "avg": 0.319,
        "obp": 0.39,
        "slg": 0.397,
        "rbi": 58,
        "sb": 11,
        "hr": 3
      },
      {
        "name": "전준우",
        "year": 21,
        "team": "롯데",
        "pa": 619,
        "ops": 0.874,
        "avg": 0.348,
        "obp": 0.405,
        "slg": 0.469,
        "rbi": 92,
        "sb": 6,
        "hr": 7
      },
      {
        "name": "정훈",
        "year": 21,
        "team": "롯데",
        "pa": 561,
        "ops": 0.818,
        "avg": 0.292,
        "obp": 0.38,
        "slg": 0.438,
        "rbi": 79,
        "sb": 8,
        "hr": 14
      },
      {
        "name": "마차도",
        "year": 21,
        "team": "롯데",
        "pa": 539,
        "ops": 0.72,
        "avg": 0.279,
        "obp": 0.359,
        "slg": 0.361,
        "rbi": 58,
        "sb": 8,
        "hr": 5
      },
      {
        "name": "안치홍",
        "year": 21,
        "team": "롯데",
        "pa": 490,
        "ops": 0.837,
        "avg": 0.306,
        "obp": 0.379,
        "slg": 0.458,
        "rbi": 82,
        "sb": 3,
        "hr": 10
      },
      {
        "name": "김민수",
        "year": 21,
        "team": "롯데",
        "pa": 224,
        "ops": 0.664,
        "avg": 0.241,
        "obp": 0.312,
        "slg": 0.352,
        "rbi": 25,
        "sb": 0,
        "hr": 3
      },
      {
        "name": "이대호",
        "year": 21,
        "team": "롯데",
        "pa": 465,
        "ops": 0.79,
        "avg": 0.286,
        "obp": 0.342,
        "slg": 0.448,
        "rbi": 81,
        "sb": 0,
        "hr": 19
      },
      {
        "name": "추재현",
        "year": 21,
        "team": "롯데",
        "pa": 300,
        "ops": 0.702,
        "avg": 0.252,
        "obp": 0.336,
        "slg": 0.366,
        "rbi": 26,
        "sb": 4,
        "hr": 5
      },
      {
        "name": "한동희",
        "year": 21,
        "team": "롯데",
        "pa": 496,
        "ops": 0.807,
        "avg": 0.267,
        "obp": 0.364,
        "slg": 0.443,
        "rbi": 69,
        "sb": 0,
        "hr": 17
      }
    ]
  },
  {
    "generation": 18,
    "expected_score": 6.505,
    "lineup": [
      "손아섭",
      "전준우",
      "이대호",
      "정훈",
      "안치홍",
      "김민수",
      "추재현",
      "마차도",
      "한동희"
    ],
    "player_stats": [
      {
        "name": "손아섭",
        "year": 21,
        "team": "롯데",
        "pa": 610,
        "ops": 0.787,
        "avg": 0.319,
        "obp": 0.39,
        "slg": 0.397,
        "rbi": 58,
        "sb": 11,
        "hr": 3
      },
      {
        "name": "전준우",
        "year": 21,
        "team": "롯데",
        "pa": 619,
        "ops": 0.874,
        "avg": 0.348,
        "obp": 0.405,
        "slg": 0.469,
        "rbi": 92,
        "sb": 6,
        "hr": 7
      },
      {
        "name": "이대호",
        "year": 21,
        "team": "롯데",
        "pa": 465,
        "ops": 0.79,
        "avg": 0.286,
        "obp": 0.342,
        "slg": 0.448,
        "rbi": 81,
        "sb": 0,
        "hr": 19
      },
      {
        "name": "정훈",
        "year": 21,
        "team": "롯데",
        "pa": 561,
        "ops": 0.818,
        "avg": 0.292,
        "obp": 0.38,
        "slg": 0.438,
        "rbi": 79,
        "sb": 8,
        "hr": 14
      },
      {
        "name": "안치홍",
        "year": 21,
        "team": "롯데",
        "pa": 490,
        "ops": 0.837,
        "avg": 0.306,
        "obp": 0.379,
        "slg": 0.458,
        "rbi": 82,
        "sb": 3,
        "hr": 10
      },
      {
        "name": "김민수",
        "year": 21,
        "team": "롯데",
        "pa": 224,
        "ops": 0.664,
        "avg": 0.241,
        "obp": 0.312,
        "slg": 0.352,
        "rbi": 25,
        "sb": 0,
        "hr": 3
      },
      {
        "name": "추재현",
        "year": 21,
        "team": "롯데",
        "pa": 300,
        "ops": 0.702,
        "avg": 0.252,
        "obp": 0.336,
        "slg": 0.366,
        "rbi": 26,
        "sb": 4,
        "hr": 5
      },
      {
        "name": "마차도",
        "year": 21,
        "team": "롯데",
        "pa": 539,
        "ops": 0.72,
        "avg": 0.279,
        "obp": 0.359,
        "slg": 0.361,
        "rbi": 58,
        "sb": 8,
        "hr": 5
      },
      {
        "name": "한동희",
        "year": 21,
        "team": "롯데",
        "pa": 496,
        "ops": 0.807,
        "avg": 0.267,
        "obp": 0.364,
        "slg": 0.443,
        "rbi": 69,
        "sb": 0,
        "hr": 17
      }
    ]
  },
  {
    "generation": 19,
    "expected_score": 6.59,
    "lineup": [
      "손아섭",
      "전준우",
      "정훈",
      "마차도",
      "안치홍",
      "김민수",
      "이대호",
      "추재현",
      "한동희"
    ],
    "player_stats": [
      {
        "name": "손아섭",
        "year": 21,
        "team": "롯데",
        "pa": 610,
        "ops": 0.787,
        "avg": 0.319,
        "obp": 0.39,
        "slg": 0.397,
        "rbi": 58,
        "sb": 11,
        "hr": 3
      },
      {
        "name": "전준우",
        "year": 21,
        "team": "롯데",
        "pa": 619,
        "ops": 0.874,
        "avg": 0.348,
        "obp": 0.405,
        "slg": 0.469,
        "rbi": 92,
        "sb": 6,
        "hr": 7
      },
      {
        "name": "정훈",
        "year": 21,
        "team": "롯데",
        "pa": 561,
        "ops": 0.818,
        "avg": 0.292,
        "obp": 0.38,
        "slg": 0.438,
        "rbi": 79,
        "sb": 8,
        "hr": 14
      },
      {
        "name": "마차도",
        "year": 21,
        "team": "롯데",
        "pa": 539,
        "ops": 0.72,
        "avg": 0.279,
        "obp": 0.359,
        "slg": 0.361,
        "rbi": 58,
        "sb": 8,
        "hr": 5
      },
      {
        "name": "안치홍",
        "year": 21,
        "team": "롯데",
        "pa": 490,
        "ops": 0.837,
        "avg": 0.306,
        "obp": 0.379,
        "slg": 0.458,
        "rbi": 82,
        "sb": 3,
        "hr": 10
      },
      {
        "name": "김민수",
        "year": 21,
        "team": "롯데",
        "pa": 224,
        "ops": 0.664,
        "avg": 0.241,
        "obp": 0.312,
        "slg": 0.352,
        "rbi": 25,
        "sb": 0,
        "hr": 3
      },
      {
        "name": "이대호",
        "year": 21,
        "team": "롯데",
        "pa": 465,
        "ops": 0.79,
        "avg": 0.286,
        "obp": 0.342,
        "slg": 0.448,
        "rbi": 81,
        "sb": 0,
        "hr": 19
      },
      {
        "name": "추재현",
        "year": 21,
        "team": "롯데",
        "pa": 300,
        "ops": 0.702,
        "avg": 0.252,
        "obp": 0.336,
        "slg": 0.366,
        "rbi": 26,
        "sb": 4,
        "hr": 5
      },
      {
        "name": "한동희",
        "year": 21,
        "team": "롯데",
        "pa": 496,
        "ops": 0.807,
        "avg": 0.267,
        "obp": 0.364,
        "slg": 0.443,
        "rbi": 69,
        "sb": 0,
        "hr": 17
      }
    ]
  },
  {
    "generation": 20,
    "expected_score": 6.545,
    "lineup": [
      "손아섭",
      "마차도",
      "정훈",
      "전준우",
      "안치홍",
      "이대호",
      "추재현",
      "김민수",
      "한동희"
    ],
    "player_stats": [
      {
        "name": "손아섭",
        "year": 21,
        "team": "롯데",
        "pa": 610,
        "ops": 0.787,
        "avg": 0.319,
        "obp": 0.39,
        "slg": 0.397,
        "rbi": 58,
        "sb": 11,
        "hr": 3
      },
      {
        "name": "마차도",
        "year": 21,
        "team": "롯데",
        "pa": 539,
        "ops": 0.72,
        "avg": 0.279,
        "obp": 0.359,
        "slg": 0.361,
        "rbi": 58,
        "sb": 8,
        "hr": 5
      },
      {
        "name": "정훈",
        "year": 21,
        "team": "롯데",
        "pa": 561,
        "ops": 0.818,
        "avg": 0.292,
        "obp": 0.38,
        "slg": 0.438,
        "rbi": 79,
        "sb": 8,
        "hr": 14
      },
      {
        "name": "전준우",
        "year": 21,
        "team": "롯데",
        "pa": 619,
        "ops": 0.874,
        "avg": 0.348,
        "obp": 0.405,
        "slg": 0.469,
        "rbi": 92,
        "sb": 6,
        "hr": 7
      },
      {
        "name": "안치홍",
        "year": 21,
        "team": "롯데",
        "pa": 490,
        "ops": 0.837,
        "avg": 0.306,
        "obp": 0.379,
        "slg": 0.458,
        "rbi": 82,
        "sb": 3,
        "hr": 10
      },
      {
        "name": "이대호",
        "year": 21,
        "team": "롯데",
        "pa": 465,
        "ops": 0.79,
        "avg": 0.286,
        "obp": 0.342,
        "slg": 0.448,
        "rbi": 81,
        "sb": 0,
        "hr": 19
      },
      {
        "name": "추재현",
        "year": 21,
        "team": "롯데",
        "pa": 300,
        "ops": 0.702,
        "avg": 0.252,
        "obp": 0.336,
        "slg": 0.366,
        "rbi": 26,
        "sb": 4,
        "hr": 5
      },
      {
        "name": "김민수",
        "year": 21,
        "team": "롯데",
        "pa": 224,
        "ops": 0.664,
        "avg": 0.241,
        "obp": 0.312,
        "slg": 0.352,
        "rbi": 25,
        "sb": 0,
        "hr": 3
      },
      {
        "name": "한동희",
        "year": 21,
        "team": "롯데",
        "pa": 496,
        "ops": 0.807,
        "avg": 0.267,
        "obp": 0.364,
        "slg": 0.443,
        "rbi": 69,
        "sb": 0,
        "hr": 17
      }
    ]
  },
  {
    "generation": 21,
    "expected_score": 6.43,
    "lineup": [
      "손아섭",
      "전준우",
      "정훈",
      "마차도",
      "안치홍",
      "김민수",
      "추재현",
      "이대호",
      "한동희"
    ],
    "player_stats": [
      {
        "name": "손아섭",
        "year": 21,
        "team": "롯데",
        "pa": 610,
        "ops": 0.787,
        "avg": 0.319,
        "obp": 0.39,
        "slg": 0.397,
        "rbi": 58,
        "sb": 11,
        "hr": 3
      },
      {
        "name": "전준우",
        "year": 21,
        "team": "롯데",
        "pa": 619,
        "ops": 0.874,
        "avg": 0.348,
        "obp": 0.405,
        "slg": 0.469,
        "rbi": 92,
        "sb": 6,
        "hr": 7
      },
      {
        "name": "정훈",
        "year": 21,
        "team": "롯데",
        "pa": 561,
        "ops": 0.818,
        "avg": 0.292,
        "obp": 0.38,
        "slg": 0.438,
        "rbi": 79,
        "sb": 8,
        "hr": 14
      },
      {
        "name": "마차도",
        "year": 21,
        "team": "롯데",
        "pa": 539,
        "ops": 0.72,
        "avg": 0.279,
        "obp": 0.359,
        "slg": 0.361,
        "rbi": 58,
        "sb": 8,
        "hr": 5
      },
      {
        "name": "안치홍",
        "year": 21,
        "team": "롯데",
        "pa": 490,
        "ops": 0.837,
        "avg": 0.306,
        "obp": 0.379,
        "slg": 0.458,
        "rbi": 82,
        "sb": 3,
        "hr": 10
      },
      {
        "name": "김민수",
        "year": 21,
        "team": "롯데",
        "pa": 224,
        "ops": 0.664,
        "avg": 0.241,
        "obp": 0.312,
        "slg": 0.352,
        "rbi": 25,
        "sb": 0,
        "hr": 3
      },
      {
        "name": "추재현",
        "year": 21,
        "team": "롯데",
        "pa": 300,
        "ops": 0.702,
        "avg": 0.252,
        "obp": 0.336,
        "slg": 0.366,
        "rbi": 26,
        "sb": 4,
        "hr": 5
      },
      {
        "name": "이대호",
        "year": 21,
        "team": "롯데",
        "pa": 465,
        "ops": 0.79,
        "avg": 0.286,
        "obp": 0.342,
        "slg": 0.448,
        "rbi": 81,
        "sb": 0,
        "hr": 19
      },
      {
        "name": "한동희",
        "year": 21,
        "team": "롯데",
        "pa": 496,
        "ops": 0.807,
        "avg": 0.267,
        "obp": 0.364,
        "slg": 0.443,
        "rbi": 69,
        "sb": 0,
        "hr": 17
      }
    ]
  },
  {
    "generation": 22,
    "expected_score": 6.635,
    "lineup": [
      "손아섭",
      "마차도",
      "정훈",
      "전준우",
      "안치홍",
      "이대호",
      "김민수",
      "추재현",
      "한동희"
    ],
    "player_stats": [
      {
        "name": "손아섭",
        "year": 21,
        "team": "롯데",
        "pa": 610,
        "ops": 0.787,
        "avg": 0.319,
        "obp": 0.39,
        "slg": 0.397,
        "rbi": 58,
        "sb": 11,
        "hr": 3
      },
      {
        "name": "마차도",
        "year": 21,
        "team": "롯데",
        "pa": 539,
        "ops": 0.72,
        "avg": 0.279,
        "obp": 0.359,
        "slg": 0.361,
        "rbi": 58,
        "sb": 8,
        "hr": 5
      },
      {
        "name": "정훈",
        "year": 21,
        "team": "롯데",
        "pa": 561,
        "ops": 0.818,
        "avg": 0.292,
        "obp": 0.38,
        "slg": 0.438,
        "rbi": 79,
        "sb": 8,
        "hr": 14
      },
      {
        "name": "전준우",
        "year": 21,
        "team": "롯데",
        "pa": 619,
        "ops": 0.874,
        "avg": 0.348,
        "obp": 0.405,
        "slg": 0.469,
        "rbi": 92,
        "sb": 6,
        "hr": 7
      },
      {
        "name": "안치홍",
        "year": 21,
        "team": "롯데",
        "pa": 490,
        "ops": 0.837,
        "avg": 0.306,
        "obp": 0.379,
        "slg": 0.458,
        "rbi": 82,
        "sb": 3,
        "hr": 10
      },
      {
        "name": "이대호",
        "year": 21,
        "team": "롯데",
        "pa": 465,
        "ops": 0.79,
        "avg": 0.286,
        "obp": 0.342,
        "slg": 0.448,
        "rbi": 81,
        "sb": 0,
        "hr": 19
      },
      {
        "name": "김민수",
        "year": 21,
        "team": "롯데",
        "pa": 224,
        "ops": 0.664,
        "avg": 0.241,
        "obp": 0.312,
        "slg": 0.352,
        "rbi": 25,
        "sb": 0,
        "hr": 3
      },
      {
        "name": "추재현",
        "year": 21,
        "team": "롯데",
        "pa": 300,
        "ops": 0.702,
        "avg": 0.252,
        "obp": 0.336,
        "slg": 0.366,
        "rbi": 26,
        "sb": 4,
        "hr": 5
      },
      {
        "name": "한동희",
        "year": 21,
        "team": "롯데",
        "pa": 496,
        "ops": 0.807,
        "avg": 0.267,
        "obp": 0.364,
        "slg": 0.443,
        "rbi": 69,
        "sb": 0,
        "hr": 17
      }
    ]
  },
  {
    "generation": 23,
    "expected_score": 6.435,
    "lineup": [
      "손아섭",
      "마차도",
      "정훈",
      "전준우",
      "안치홍",
      "김민수",
      "이대호",
      "추재현",
      "한동희"
    ],
    "player_stats": [
      {
        "name": "손아섭",
        "year": 21,
        "team": "롯데",
        "pa": 610,
        "ops": 0.787,
        "avg": 0.319,
        "obp": 0.39,
        "slg": 0.397,
        "rbi": 58,
        "sb": 11,
        "hr": 3
      },
      {
        "name": "마차도",
        "year": 21,
        "team": "롯데",
        "pa": 539,
        "ops": 0.72,
        "avg": 0.279,
        "obp": 0.359,
        "slg": 0.361,
        "rbi": 58,
        "sb": 8,
        "hr": 5
      },
      {
        "name": "정훈",
        "year": 21,
        "team": "롯데",
        "pa": 561,
        "ops": 0.818,
        "avg": 0.292,
        "obp": 0.38,
        "slg": 0.438,
        "rbi": 79,
        "sb": 8,
        "hr": 14
      },
      {
        "name": "전준우",
        "year": 21,
        "team": "롯데",
        "pa": 619,
        "ops": 0.874,
        "avg": 0.348,
        "obp": 0.405,
        "slg": 0.469,
        "rbi": 92,
        "sb": 6,
        "hr": 7
      },
      {
        "name": "안치홍",
        "year": 21,
        "team": "롯데",
        "pa": 490,
        "ops": 0.837,
        "avg": 0.306,
        "obp": 0.379,
        "slg": 0.458,
        "rbi": 82,
        "sb": 3,
        "hr": 10
      },
      {
        "name": "김민수",
        "year": 21,
        "team": "롯데",
        "pa": 224,
        "ops": 0.664,
        "avg": 0.241,
        "obp": 0.312,
        "slg": 0.352,
        "rbi": 25,
        "sb": 0,
        "hr": 3
      },
      {
        "name": "이대호",
        "year": 21,
        "team": "롯데",
        "pa": 465,
        "ops": 0.79,
        "avg": 0.286,
        "obp": 0.342,
        "slg": 0.448,
        "rbi": 81,
        "sb": 0,
        "hr": 19
      },
      {
        "name": "추재현",
        "year": 21,
        "team": "롯데",
        "pa": 300,
        "ops": 0.702,
        "avg": 0.252,
        "obp": 0.336,
        "slg": 0.366,
        "rbi": 26,
        "sb": 4,
        "hr": 5
      },
      {
        "name": "한동희",
        "year": 21,
        "team": "롯데",
        "pa": 496,
        "ops": 0.807,
        "avg": 0.267,
        "obp": 0.364,
        "slg": 0.443,
        "rbi": 69,
        "sb": 0,
        "hr": 17
      }
    ]
  },
  {
    "generation": 24,
    "expected_score": 6.345,
    "lineup": [
      "손아섭",
      "정훈",
      "전준우",
      "마차도",
      "안치홍",
      "김민수",
      "추재현",
      "이대호",
      "한동희"
    ],
    "player_stats": [
      {
        "name": "손아섭",
        "year": 21,
        "team": "롯데",
        "pa": 610,
        "ops": 0.787,
        "avg": 0.319,
        "obp": 0.39,
        "slg": 0.397,
        "rbi": 58,
        "sb": 11,
        "hr": 3
      },
      {
        "name": "정훈",
        "year": 21,
        "team": "롯데",
        "pa": 561,
        "ops": 0.818,
        "avg": 0.292,
        "obp": 0.38,
        "slg": 0.438,
        "rbi": 79,
        "sb": 8,
        "hr": 14
      },
      {
        "name": "전준우",
        "year": 21,
        "team": "롯데",
        "pa": 619,
        "ops": 0.874,
        "avg": 0.348,
        "obp": 0.405,
        "slg": 0.469,
        "rbi": 92,
        "sb": 6,
        "hr": 7
      },
      {
        "name": "마차도",
        "year": 21,
        "team": "롯데",
        "pa": 539,
        "ops": 0.72,
        "avg": 0.279,
        "obp": 0.359,
        "slg": 0.361,
        "rbi": 58,
        "sb": 8,
        "hr": 5
      },
      {
        "name": "안치홍",
        "year": 21,
        "team": "롯데",
        "pa": 490,
        "ops": 0.837,
        "avg": 0.306,
        "obp": 0.379,
        "slg": 0.458,
        "rbi": 82,
        "sb": 3,
        "hr": 10
      },
      {
        "name": "김민수",
        "year": 21,
        "team": "롯데",
        "pa": 224,
        "ops": 0.664,
        "avg": 0.241,
        "obp": 0.312,
        "slg": 0.352,
        "rbi": 25,
        "sb": 0,
        "hr": 3
      },
      {
        "name": "추재현",
        "year": 21,
        "team": "롯데",
        "pa": 300,
        "ops": 0.702,
        "avg": 0.252,
        "obp": 0.336,
        "slg": 0.366,
        "rbi": 26,
        "sb": 4,
        "hr": 5
      },
      {
        "name": "이대호",
        "year": 21,
        "team": "롯데",
        "pa": 465,
        "ops": 0.79,
        "avg": 0.286,
        "obp": 0.342,
        "slg": 0.448,
        "rbi": 81,
        "sb": 0,
        "hr": 19
      },
      {
        "name": "한동희",
        "year": 21,
        "team": "롯데",
        "pa": 496,
        "ops": 0.807,
        "avg": 0.267,
        "obp": 0.364,
        "slg": 0.443,
        "rbi": 69,
        "sb": 0,
        "hr": 17
      }
    ]
  },
  {
    "generation": 25,
    "expected_score": 6.805,
    "lineup": [
      "손아섭",
      "마차도",
      "정훈",
      "전준우",
      "안치홍",
      "김민수",
      "이대호",
      "추재현",
      "한동희"
    ],
    "player_stats": [
      {
        "name": "손아섭",
        "year": 21,
        "team": "롯데",
        "pa": 610,
        "ops": 0.787,
        "avg": 0.319,
        "obp": 0.39,
        "slg": 0.397,
        "rbi": 58,
        "sb": 11,
        "hr": 3
      },
      {
        "name": "마차도",
        "year": 21,
        "team": "롯데",
        "pa": 539,
        "ops": 0.72,
        "avg": 0.279,
        "obp": 0.359,
        "slg": 0.361,
        "rbi": 58,
        "sb": 8,
        "hr": 5
      },
      {
        "name": "정훈",
        "year": 21,
        "team": "롯데",
        "pa": 561,
        "ops": 0.818,
        "avg": 0.292,
        "obp": 0.38,
        "slg": 0.438,
        "rbi": 79,
        "sb": 8,
        "hr": 14
      },
      {
        "name": "전준우",
        "year": 21,
        "team": "롯데",
        "pa": 619,
        "ops": 0.874,
        "avg": 0.348,
        "obp": 0.405,
        "slg": 0.469,
        "rbi": 92,
        "sb": 6,
        "hr": 7
      },
      {
        "name": "안치홍",
        "year": 21,
        "team": "롯데",
        "pa": 490,
        "ops": 0.837,
        "avg": 0.306,
        "obp": 0.379,
        "slg": 0.458,
        "rbi": 82,
        "sb": 3,
        "hr": 10
      },
      {
        "name": "김민수",
        "year": 21,
        "team": "롯데",
        "pa": 224,
        "ops": 0.664,
        "avg": 0.241,
        "obp": 0.312,
        "slg": 0.352,
        "rbi": 25,
        "sb": 0,
        "hr": 3
      },
      {
        "name": "이대호",
        "year": 21,
        "team": "롯데",
        "pa": 465,
        "ops": 0.79,
        "avg": 0.286,
        "obp": 0.342,
        "slg": 0.448,
        "rbi": 81,
        "sb": 0,
        "hr": 19
      },
      {
        "name": "추재현",
        "year": 21,
        "team": "롯데",
        "pa": 300,
        "ops": 0.702,
        "avg": 0.252,
        "obp": 0.336,
        "slg": 0.366,
        "rbi": 26,
        "sb": 4,
        "hr": 5
      },
      {
        "name": "한동희",
        "year": 21,
        "team": "롯데",
        "pa": 496,
        "ops": 0.807,
        "avg": 0.267,
        "obp": 0.364,
        "slg": 0.443,
        "rbi": 69,
        "sb": 0,
        "hr": 17
      }
    ]
  },
  {
    "generation": 26,
    "expected_score": 6.455,
    "lineup": [
      "손아섭",
      "전준우",
      "정훈",
      "마차도",
      "안치홍",
      "김민수",
      "추재현",
      "이대호",
      "한동희"
    ],
    "player_stats": [
      {
        "name": "손아섭",
        "year": 21,
        "team": "롯데",
        "pa": 610,
        "ops": 0.787,
        "avg": 0.319,
        "obp": 0.39,
        "slg": 0.397,
        "rbi": 58,
        "sb": 11,
        "hr": 3
      },
      {
        "name": "전준우",
        "year": 21,
        "team": "롯데",
        "pa": 619,
        "ops": 0.874,
        "avg": 0.348,
        "obp": 0.405,
        "slg": 0.469,
        "rbi": 92,
        "sb": 6,
        "hr": 7
      },
      {
        "name": "정훈",
        "year": 21,
        "team": "롯데",
        "pa": 561,
        "ops": 0.818,
        "avg": 0.292,
        "obp": 0.38,
        "slg": 0.438,
        "rbi": 79,
        "sb": 8,
        "hr": 14
      },
      {
        "name": "마차도",
        "year": 21,
        "team": "롯데",
        "pa": 539,
        "ops": 0.72,
        "avg": 0.279,
        "obp": 0.359,
        "slg": 0.361,
        "rbi": 58,
        "sb": 8,
        "hr": 5
      },
      {
        "name": "안치홍",
        "year": 21,
        "team": "롯데",
        "pa": 490,
        "ops": 0.837,
        "avg": 0.306,
        "obp": 0.379,
        "slg": 0.458,
        "rbi": 82,
        "sb": 3,
        "hr": 10
      },
      {
        "name": "김민수",
        "year": 21,
        "team": "롯데",
        "pa": 224,
        "ops": 0.664,
        "avg": 0.241,
        "obp": 0.312,
        "slg": 0.352,
        "rbi": 25,
        "sb": 0,
        "hr": 3
      },
      {
        "name": "추재현",
        "year": 21,
        "team": "롯데",
        "pa": 300,
        "ops": 0.702,
        "avg": 0.252,
        "obp": 0.336,
        "slg": 0.366,
        "rbi": 26,
        "sb": 4,
        "hr": 5
      },
      {
        "name": "이대호",
        "year": 21,
        "team": "롯데",
        "pa": 465,
        "ops": 0.79,
        "avg": 0.286,
        "obp": 0.342,
        "slg": 0.448,
        "rbi": 81,
        "sb": 0,
        "hr": 19
      },
      {
        "name": "한동희",
        "year": 21,
        "team": "롯데",
        "pa": 496,
        "ops": 0.807,
        "avg": 0.267,
        "obp": 0.364,
        "slg": 0.443,
        "rbi": 69,
        "sb": 0,
        "hr": 17
      }
    ]
  },
  {
    "generation": 27,
    "expected_score": 6.58,
    "lineup": [
      "손아섭",
      "마차도",
      "정훈",
      "전준우",
      "안치홍",
      "김민수",
      "이대호",
      "추재현",
      "한동희"
    ],
    "player_stats": [
      {
        "name": "손아섭",
        "year": 21,
        "team": "롯데",
        "pa": 610,
        "ops": 0.787,
        "avg": 0.319,
        "obp": 0.39,
        "slg": 0.397,
        "rbi": 58,
        "sb": 11,
        "hr": 3
      },
      {
        "name": "마차도",
        "year": 21,
        "team": "롯데",
        "pa": 539,
        "ops": 0.72,
        "avg": 0.279,
        "obp": 0.359,
        "slg": 0.361,
        "rbi": 58,
        "sb": 8,
        "hr": 5
      },
      {
        "name": "정훈",
        "year": 21,
        "team": "롯데",
        "pa": 561,
        "ops": 0.818,
        "avg": 0.292,
        "obp": 0.38,
        "slg": 0.438,
        "rbi": 79,
        "sb": 8,
        "hr": 14
      },
      {
        "name": "전준우",
        "year": 21,
        "team": "롯데",
        "pa": 619,
        "ops": 0.874,
        "avg": 0.348,
        "obp": 0.405,
        "slg": 0.469,
        "rbi": 92,
        "sb": 6,
        "hr": 7
      },
      {
        "name": "안치홍",
        "year": 21,
        "team": "롯데",
        "pa": 490,
        "ops": 0.837,
        "avg": 0.306,
        "obp": 0.379,
        "slg": 0.458,
        "rbi": 82,
        "sb": 3,
        "hr": 10
      },
      {
        "name": "김민수",
        "year": 21,
        "team": "롯데",
        "pa": 224,
        "ops": 0.664,
        "avg": 0.241,
        "obp": 0.312,
        "slg": 0.352,
        "rbi": 25,
        "sb": 0,
        "hr": 3
      },
      {
        "name": "이대호",
        "year": 21,
        "team": "롯데",
        "pa": 465,
        "ops": 0.79,
        "avg": 0.286,
        "obp": 0.342,
        "slg": 0.448,
        "rbi": 81,
        "sb": 0,
        "hr": 19
      },
      {
        "name": "추재현",
        "year": 21,
        "team": "롯데",
        "pa": 300,
        "ops": 0.702,
        "avg": 0.252,
        "obp": 0.336,
        "slg": 0.366,
        "rbi": 26,
        "sb": 4,
        "hr": 5
      },
      {
        "name": "한동희",
        "year": 21,
        "team": "롯데",
        "pa": 496,
        "ops": 0.807,
        "avg": 0.267,
        "obp": 0.364,
        "slg": 0.443,
        "rbi": 69,
        "sb": 0,
        "hr": 17
      }
    ]
  },
  {
    "generation": 28,
    "expected_score": 6.315,
    "lineup": [
      "손아섭",
      "전준우",
      "정훈",
      "마차도",
      "안치홍",
      "이대호",
      "김민수",
      "추재현",
      "한동희"
    ],
    "player_stats": [
      {
        "name": "손아섭",
        "year": 21,
        "team": "롯데",
        "pa": 610,
        "ops": 0.787,
        "avg": 0.319,
        "obp": 0.39,
        "slg": 0.397,
        "rbi": 58,
        "sb": 11,
        "hr": 3
      },
      {
        "name": "전준우",
        "year": 21,
        "team": "롯데",
        "pa": 619,
        "ops": 0.874,
        "avg": 0.348,
        "obp": 0.405,
        "slg": 0.469,
        "rbi": 92,
        "sb": 6,
        "hr": 7
      },
      {
        "name": "정훈",
        "year": 21,
        "team": "롯데",
        "pa": 561,
        "ops": 0.818,
        "avg": 0.292,
        "obp": 0.38,
        "slg": 0.438,
        "rbi": 79,
        "sb": 8,
        "hr": 14
      },
      {
        "name": "마차도",
        "year": 21,
        "team": "롯데",
        "pa": 539,
        "ops": 0.72,
        "avg": 0.279,
        "obp": 0.359,
        "slg": 0.361,
        "rbi": 58,
        "sb": 8,
        "hr": 5
      },
      {
        "name": "안치홍",
        "year": 21,
        "team": "롯데",
        "pa": 490,
        "ops": 0.837,
        "avg": 0.306,
        "obp": 0.379,
        "slg": 0.458,
        "rbi": 82,
        "sb": 3,
        "hr": 10
      },
      {
        "name": "이대호",
        "year": 21,
        "team": "롯데",
        "pa": 465,
        "ops": 0.79,
        "avg": 0.286,
        "obp": 0.342,
        "slg": 0.448,
        "rbi": 81,
        "sb": 0,
        "hr": 19
      },
      {
        "name": "김민수",
        "year": 21,
        "team": "롯데",
        "pa": 224,
        "ops": 0.664,
        "avg": 0.241,
        "obp": 0.312,
        "slg": 0.352,
        "rbi": 25,
        "sb": 0,
        "hr": 3
      },
      {
        "name": "추재현",
        "year": 21,
        "team": "롯데",
        "pa": 300,
        "ops": 0.702,
        "avg": 0.252,
        "obp": 0.336,
        "slg": 0.366,
        "rbi": 26,
        "sb": 4,
        "hr": 5
      },
      {
        "name": "한동희",
        "year": 21,
        "team": "롯데",
        "pa": 496,
        "ops": 0.807,
        "avg": 0.267,
        "obp": 0.364,
        "slg": 0.443,
        "rbi": 69,
        "sb": 0,
        "hr": 17
      }
    ]
  },
  {
    "generation": 29,
    "expected_score": 6.545,
    "lineup": [
      "손아섭",
      "전준우",
      "정훈",
      "마차도",
      "안치홍",
      "이대호",
      "김민수",
      "추재현",
      "한동희"
    ],
    "player_stats": [
      {
        "name": "손아섭",
        "year": 21,
        "team": "롯데",
        "pa": 610,
        "ops": 0.787,
        "avg": 0.319,
        "obp": 0.39,
        "slg": 0.397,
        "rbi": 58,
        "sb": 11,
        "hr": 3
      },
      {
        "name": "전준우",
        "year": 21,
        "team": "롯데",
        "pa": 619,
        "ops": 0.874,
        "avg": 0.348,
        "obp": 0.405,
        "slg": 0.469,
        "rbi": 92,
        "sb": 6,
        "hr": 7
      },
      {
        "name": "정훈",
        "year": 21,
        "team": "롯데",
        "pa": 561,
        "ops": 0.818,
        "avg": 0.292,
        "obp": 0.38,
        "slg": 0.438,
        "rbi": 79,
        "sb": 8,
        "hr": 14
      },
      {
        "name": "마차도",
        "year": 21,
        "team": "롯데",
        "pa": 539,
        "ops": 0.72,
        "avg": 0.279,
        "obp": 0.359,
        "slg": 0.361,
        "rbi": 58,
        "sb": 8,
        "hr": 5
      },
      {
        "name": "안치홍",
        "year": 21,
        "team": "롯데",
        "pa": 490,
        "ops": 0.837,
        "avg": 0.306,
        "obp": 0.379,
        "slg": 0.458,
        "rbi": 82,
        "sb": 3,
        "hr": 10
      },
      {
        "name": "이대호",
        "year": 21,
        "team": "롯데",
        "pa": 465,
        "ops": 0.79,
        "avg": 0.286,
        "obp": 0.342,
        "slg": 0.448,
        "rbi": 81,
        "sb": 0,
        "hr": 19
      },
      {
        "name": "김민수",
        "year": 21,
        "team": "롯데",
        "pa": 224,
        "ops": 0.664,
        "avg": 0.241,
        "obp": 0.312,
        "slg": 0.352,
        "rbi": 25,
        "sb": 0,
        "hr": 3
      },
      {
        "name": "추재현",
        "year": 21,
        "team": "롯데",
        "pa": 300,
        "ops": 0.702,
        "avg": 0.252,
        "obp": 0.336,
        "slg": 0.366,
        "rbi": 26,
        "sb": 4,
        "hr": 5
      },
      {
        "name": "한동희",
        "year": 21,
        "team": "롯데",
        "pa": 496,
        "ops": 0.807,
        "avg": 0.267,
        "obp": 0.364,
        "slg": 0.443,
        "rbi": 69,
        "sb": 0,
        "hr": 17
      }
    ]
  },
  {
    "generation": 30,
    "expected_score": 6.41,
    "lineup": [
      "손아섭",
      "전준우",
      "정훈",
      "마차도",
      "안치홍",
      "이대호",
      "김민수",
      "추재현",
      "한동희"
    ],
    "player_stats": [
      {
        "name": "손아섭",
        "year": 21,
        "team": "롯데",
        "pa": 610,
        "ops": 0.787,
        "avg": 0.319,
        "obp": 0.39,
        "slg": 0.397,
        "rbi": 58,
        "sb": 11,
        "hr": 3
      },
      {
        "name": "전준우",
        "year": 21,
        "team": "롯데",
        "pa": 619,
        "ops": 0.874,
        "avg": 0.348,
        "obp": 0.405,
        "slg": 0.469,
        "rbi": 92,
        "sb": 6,
        "hr": 7
      },
      {
        "name": "정훈",
        "year": 21,
        "team": "롯데",
        "pa": 561,
        "ops": 0.818,
        "avg": 0.292,
        "obp": 0.38,
        "slg": 0.438,
        "rbi": 79,
        "sb": 8,
        "hr": 14
      },
      {
        "name": "마차도",
        "year": 21,
        "team": "롯데",
        "pa": 539,
        "ops": 0.72,
        "avg": 0.279,
        "obp": 0.359,
        "slg": 0.361,
        "rbi": 58,
        "sb": 8,
        "hr": 5
      },
      {
        "name": "안치홍",
        "year": 21,
        "team": "롯데",
        "pa": 490,
        "ops": 0.837,
        "avg": 0.306,
        "obp": 0.379,
        "slg": 0.458,
        "rbi": 82,
        "sb": 3,
        "hr": 10
      },
      {
        "name": "이대호",
        "year": 21,
        "team": "롯데",
        "pa": 465,
        "ops": 0.79,
        "avg": 0.286,
        "obp": 0.342,
        "slg": 0.448,
        "rbi": 81,
        "sb": 0,
        "hr": 19
      },
      {
        "name": "김민수",
        "year": 21,
        "team": "롯데",
        "pa": 224,
        "ops": 0.664,
        "avg": 0.241,
        "obp": 0.312,
        "slg": 0.352,
        "rbi": 25,
        "sb": 0,
        "hr": 3
      },
      {
        "name": "추재현",
        "year": 21,
        "team": "롯데",
        "pa": 300,
        "ops": 0.702,
        "avg": 0.252,
        "obp": 0.336,
        "slg": 0.366,
        "rbi": 26,
        "sb": 4,
        "hr": 5
      },
      {
        "name": "한동희",
        "year": 21,
        "team": "롯데",
        "pa": 496,
        "ops": 0.807,
        "avg": 0.267,
        "obp": 0.364,
        "slg": 0.443,
        "rbi": 69,
        "sb": 0,
        "hr": 17
      }
    ]
  }
]