[
  {
    "generation": 1,
    "expected_score": 5.815,
    "lineup": [
      "정수빈",
      "양석환",
      "박건우",
      "페르난데스",
      "박계범",
      "박세혁",
      "김재환",
      "강승호",
      "김인태"
    ],
    "player_stats": [
      {
        "name": "정수빈",
        "year": 21,
        "team": "두산",
        "pa": 351,
        "ops": 0.7,
        "avg": 0.259,
        "obp": 0.326,
        "slg": 0.374,
        "rbi": 37,
        "sb": 12,
        "hr": 3
      },
      {
        "name": "양석환",
        "year": 21,
        "team": "두산",
        "pa": 546,
        "ops": 0.827,
        "avg": 0.273,
        "obp": 0.337,
        "slg": 0.49,
        "rbi": 96,
        "sb": 2,
        "hr": 28
      },
      {
        "name": "박건우",
        "year": 21,
        "team": "두산",
        "pa": 525,
        "ops": 0.841,
        "avg": 0.325,
        "obp": 0.4,
        "slg": 0.441,
        "rbi": 63,
        "sb": 13,
        "hr": 6
      },
      {
        "name": "페르난데스",
        "year": 21,
        "team": "두산",
        "pa": 617,
        "ops": 0.834,
        "avg": 0.315,
        "obp": 0.391,
        "slg": 0.443,
        "rbi": 81,
        "sb": 0,
        "hr": 15
      },
      {
        "name": "박계범",
        "year": 21,
        "team": "두산",
        "pa": 385,
        "ops": 0.725,
        "avg": 0.267,
        "obp": 0.368,
        "slg": 0.357,
        "rbi": 46,
        "sb": 4,
        "hr": 5
      },
      {
        "name": "박세혁",
        "year": 21,
        "team": "두산",
        "pa": 270,
        "ops": 0.566,
        "avg": 0.219,
        "obp": 0.296,
        "slg": 0.27,
        "rbi": 30,
        "sb": 4,
        "hr": 0
      },
      {
        "name": "김재환",
        "year": 21,
        "team": "두산",
        "pa": 566,
        "ops": 0.883,
        "avg": 0.274,
        "obp": 0.382,
        "slg": 0.501,
        "rbi": 102,
        "sb": 2,
        "hr": 27
      },
      {
        "name": "강승호",
        "year": 21,
        "team": "두산",
        "pa": 340,
        "ops": 0.676,
        "avg": 0.239,
        "obp": 0.301,
        "slg": 0.375,
        "rbi": 37,
        "sb": 8,
        "hr": 7
      },
      {
        "name": "김인태",
        "year": 21,
        "team": "두산",
        "pa": 418,
        "ops": 0.751,
        "avg": 0.259,
        "obp": 0.373,
        "slg": 0.378,
        "rbi": 46,
        "sb": 0,
        "hr": 8
      }
    ]
  },
  {
    "generation": 2,
    "expected_score": 5.96,
    "lineup": [
      "양석환",
      "정수빈",
      "박건우",
      "강승호",
      "박세혁",
      "김인태",
      "페르난데스",
      "박계범",
      "김재환"
    ],
    "player_stats": [
      {
        "name": "양석환",
        "year": 21,
        "team": "두산",
        "pa": 546,
        "ops": 0.827,
        "avg": 0.273,
        "obp": 0.337,
        "slg": 0.49,
        "rbi": 96,
        "sb": 2,
        "hr": 28
      },
      {
        "name": "정수빈",
        "year": 21,
        "team": "두산",
        "pa": 351,
        "ops": 0.7,
        "avg": 0.259,
        "obp": 0.326,
        "slg": 0.374,
        "rbi": 37,
        "sb": 12,
        "hr": 3
      },
      {
        "name": "박건우",
        "year": 21,
        "team": "두산",
        "pa": 525,
        "ops": 0.841,
        "avg": 0.325,
        "obp": 0.4,
        "slg": 0.441,
        "rbi": 63,
        "sb": 13,
        "hr": 6
      },
      {
        "name": "강승호",
        "year": 21,
        "team": "두산",
        "pa": 340,
        "ops": 0.676,
        "avg": 0.239,
        "obp": 0.301,
        "slg": 0.375,
        "rbi": 37,
        "sb": 8,
        "hr": 7
      },
      {
        "name": "박세혁",
        "year": 21,
        "team": "두산",
        "pa": 270,
        "ops": 0.566,
        "avg": 0.219,
        "obp": 0.296,
        "slg": 0.27,
        "rbi": 30,
        "sb": 4,
        "hr": 0
      },
      {
        "name": "김인태",
        "year": 21,
        "team": "두산",
        "pa": 418,
        "ops": 0.751,
        "avg": 0.259,
        "obp": 0.373,
        "slg": 0.378,
        "rbi": 46,
        "sb": 0,
        "hr": 8
      },
      {
        "name": "페르난데스",
        "year": 21,
        "team": "두산",
        "pa": 617,
        "ops": 0.834,
        "avg": 0.315,
        "obp": 0.391,
        "slg": 0.443,
        "rbi": 81,
        "sb": 0,
        "hr": 15
      },
      {
        "name": "박계범",
        "year": 21,
        "team": "두산",
        "pa": 385,
        "ops": 0.725,
        "avg": 0.267,
        "obp": 0.368,
        "slg": 0.357,
        "rbi": 46,
        "sb": 4,
        "hr": 5
      },
      {
        "name": "김재환",
        "year": 21,
        "team": "두산",
        "pa": 566,
        "ops": 0.883,
        "avg": 0.274,
        "obp": 0.382,
        "slg": 0.501,
        "rbi": 102,
        "sb": 2,
        "hr": 27
      }
    ]
  },
  {
    "generation": 3,
    "expected_score": 5.885,
    "lineup": [
      "김인태",
      "페르난데스",
      "양석환",
      "정수빈",
      "박세혁",
      "김재환",
      "박계범",
      "강승호",
      "박건우"
    ],
    "player_stats": [
      {
        "name": "김인태",
        "year": 21,
        "team": "두산",
        "pa": 418,
        "ops": 0.751,
        "avg": 0.259,
        "obp": 0.373,
        "slg": 0.378,
        "rbi": 46,
        "sb": 0,
        "hr": 8
      },
      {
        "name": "페르난데스",
        "year": 21,
        "team": "두산",
        "pa": 617,
        "ops": 0.834,
        "avg": 0.315,
        "obp": 0.391,
        "slg": 0.443,
        "rbi": 81,
        "sb": 0,
        "hr": 15
      },
      {
        "name": "양석환",
        "year": 21,
        "team": "두산",
        "pa": 546,
        "ops": 0.827,
        "avg": 0.273,
        "obp": 0.337,
        "slg": 0.49,
        "rbi": 96,
        "sb": 2,
        "hr": 28
      },
      {
        "name": "정수빈",
        "year": 21,
        "team": "두산",
        "pa": 351,
        "ops": 0.7,
        "avg": 0.259,
        "obp": 0.326,
        "slg": 0.374,
        "rbi": 37,
        "sb": 12,
        "hr": 3
      },
      {
        "name": "박세혁",
        "year": 21,
        "team": "두산",
        "pa": 270,
        "ops": 0.566,
        "avg": 0.219,
        "obp": 0.296,
        "slg": 0.27,
        "rbi": 30,
        "sb": 4,
        "hr": 0
      },
      {
        "name": "김재환",
        "year": 21,
        "team": "두산",
        "pa": 566,
        "ops": 0.883,
        "avg": 0.274,
        "obp": 0.382,
        "slg": 0.501,
        "rbi": 102,
        "sb": 2,
        "hr": 27
      },
      {
        "name": "박계범",
        "year": 21,
        "team": "두산",
        "pa": 385,
        "ops": 0.725,
        "avg": 0.267,
        "obp": 0.368,
        "slg": 0.357,
        "rbi": 46,
        "sb": 4,
        "hr": 5
      },
      {
        "name": "강승호",
        "year": 21,
        "team": "두산",
        "pa": 340,
        "ops": 0.676,
        "avg": 0.239,
        "obp": 0.301,
        "slg": 0.375,
        "rbi": 37,
        "sb": 8,
        "hr": 7
      },
      {
        "name": "박건우",
        "year": 21,
        "team": "두산",
        "pa": 525,
        "ops": 0.841,
        "avg": 0.325,
        "obp": 0.4,
        "slg": 0.441,
        "rbi": 63,
        "sb": 13,
        "hr": 6
      }
    ]
  },
  {
    "generation": 4,
    "expected_score": 5.715,
    "lineup": [
      "박건우",
      "김재환",
      "박계범",
      "페르난데스",
      "양석환",
      "정수빈",
      "김인태",
      "박세혁",
      "강승호"
    ],
    "player_stats": [
      {
        "name": "박건우",
        "year": 21,
        "team": "두산",
        "pa": 525,
        "ops": 0.841,
        "avg": 0.325,
        "obp": 0.4,
        "slg": 0.441,
        "rbi": 63,
        "sb": 13,
        "hr": 6
      },
      {
        "name": "김재환",
        "year": 21,
        "team": "두산",
        "pa": 566,
        "ops": 0.883,
        "avg": 0.274,
        "obp": 0.382,
        "slg": 0.501,
        "rbi": 102,
        "sb": 2,
        "hr": 27
      },
      {
        "name": "박계범",
        "year": 21,
        "team": "두산",
        "pa": 385,
        "ops": 0.725,
        "avg": 0.267,
        "obp": 0.368,
        "slg": 0.357,
        "rbi": 46,
        "sb": 4,
        "hr": 5
      },
      {
        "name": "페르난데스",
        "year": 21,
        "team": "두산",
        "pa": 617,
        "ops": 0.834,
        "avg": 0.315,
        "obp": 0.391,
        "slg": 0.443,
        "rbi": 81,
        "sb": 0,
        "hr": 15
      },
      {
        "name": "양석환",
        "year": 21,
        "team": "두산",
        "pa": 546,
        "ops": 0.827,
        "avg": 0.273,
        "obp": 0.337,
        "slg": 0.49,
        "rbi": 96,
        "sb": 2,
        "hr": 28
      },
      {
        "name": "정수빈",
        "year": 21,
        "team": "두산",
        "pa": 351,
        "ops": 0.7,
        "avg": 0.259,
        "obp": 0.326,
        "slg": 0.374,
        "rbi": 37,
        "sb": 12,
        "hr": 3
      },
      {
        "name": "김인태",
        "year": 21,
        "team": "두산",
        "pa": 418,
        "ops": 0.751,
        "avg": 0.259,
        "obp": 0.373,
        "slg": 0.378,
        "rbi": 46,
        "sb": 0,
        "hr": 8
      },
      {
        "name": "박세혁",
        "year": 21,
        "team": "두산",
        "pa": 270,
        "ops": 0.566,
        "avg": 0.219,
        "obp": 0.296,
        "slg": 0.27,
        "rbi": 30,
        "sb": 4,
        "hr": 0
      },
      {
        "name": "강승호",
        "year": 21,
        "team": "두산",
        "pa": 340,
        "ops": 0.676,
        "avg": 0.239,
        "obp": 0.301,
        "slg": 0.375,
        "rbi": 37,
        "sb": 8,
        "hr": 7
      }
    ]
  },
  {
    "generation": 5,
    "expected_score": 5.915,
    "lineup": [
      "박계범",
      "박건우",
      "페르난데스",
      "김재환",
      "강승호",
      "김인태",
      "박세혁",
      "정수빈",
      "양석환"
    ],
    "player_stats": [
      {
        "name": "박계범",
        "year": 21,
        "team": "두산",
        "pa": 385,
        "ops": 0.725,
        "avg": 0.267,
        "obp": 0.368,
        "slg": 0.357,
        "rbi": 46,
        "sb": 4,
        "hr": 5
      },
      {
        "name": "박건우",
        "year": 21,
        "team": "두산",
        "pa": 525,
        "ops": 0.841,
        "avg": 0.325,
        "obp": 0.4,
        "slg": 0.441,
        "rbi": 63,
        "sb": 13,
        "hr": 6
      },
      {
        "name": "페르난데스",
        "year": 21,
        "team": "두산",
        "pa": 617,
        "ops": 0.834,
        "avg": 0.315,
        "obp": 0.391,
        "slg": 0.443,
        "rbi": 81,
        "sb": 0,
        "hr": 15
      },
      {
        "name": "김재환",
        "year": 21,
        "team": "두산",
        "pa": 566,
        "ops": 0.883,
        "avg": 0.274,
        "obp": 0.382,
        "slg": 0.501,
        "rbi": 102,
        "sb": 2,
        "hr": 27
      },
      {
        "name": "강승호",
        "year": 21,
        "team": "두산",
        "pa": 340,
        "ops": 0.676,
        "avg": 0.239,
        "obp": 0.301,
        "slg": 0.375,
        "rbi": 37,
        "sb": 8,
        "hr": 7
      },
      {
        "name": "김인태",
        "year": 21,
        "team": "두산",
        "pa": 418,
        "ops": 0.751,
        "avg": 0.259,
        "obp": 0.373,
        "slg": 0.378,
        "rbi": 46,
        "sb": 0,
        "hr": 8
      },
      {
        "name": "박세혁",
        "year": 21,
        "team": "두산",
        "pa": 270,
        "ops": 0.566,
        "avg": 0.219,
        "obp": 0.296,
        "slg": 0.27,
        "rbi": 30,
        "sb": 4,
        "hr": 0
      },
      {
        "name": "정수빈",
        "year": 21,
        "team": "두산",
        "pa": 351,
        "ops": 0.7,
        "avg": 0.259,
        "obp": 0.326,
        "slg": 0.374,
        "rbi": 37,
        "sb": 12,
        "hr": 3
      },
      {
        "name": "양석환",
        "year": 21,
        "team": "두산",
        "pa": 546,
        "ops": 0.827,
        "avg": 0.273,
        "obp": 0.337,
        "slg": 0.49,
        "rbi": 96,
        "sb": 2,
        "hr": 28
      }
    ]
  },
  {
    "generation": 6,
    "expected_score": 5.92,
    "lineup": [
      "양석환",
      "김재환",
      "박계범",
      "페르난데스",
      "박건우",
      "강승호",
      "박세혁",
      "정수빈",
      "김인태"
    ],
    "player_stats": [
      {
        "name": "양석환",
        "year": 21,
        "team": "두산",
        "pa": 546,
        "ops": 0.827,
        "avg": 0.273,
        "obp": 0.337,
        "slg": 0.49,
        "rbi": 96,
        "sb": 2,
        "hr": 28
      },
      {
        "name": "김재환",
        "year": 21,
        "team": "두산",
        "pa": 566,
        "ops": 0.883,
        "avg": 0.274,
        "obp": 0.382,
        "slg": 0.501,
        "rbi": 102,
        "sb": 2,
        "hr": 27
      },
      {
        "name": "박계범",
        "year": 21,
        "team": "두산",
        "pa": 385,
        "ops": 0.725,
        "avg": 0.267,
        "obp": 0.368,
        "slg": 0.357,
        "rbi": 46,
        "sb": 4,
        "hr": 5
      },
      {
        "name": "페르난데스",
        "year": 21,
        "team": "두산",
        "pa": 617,
        "ops": 0.834,
        "avg": 0.315,
        "obp": 0.391,
        "slg": 0.443,
        "rbi": 81,
        "sb": 0,
        "hr": 15
      },
      {
        "name": "박건우",
        "year": 21,
        "team": "두산",
        "pa": 525,
        "ops": 0.841,
        "avg": 0.325,
        "obp": 0.4,
        "slg": 0.441,
        "rbi": 63,
        "sb": 13,
        "hr": 6
      },
      {
        "name": "강승호",
        "year": 21,
        "team": "두산",
        "pa": 340,
        "ops": 0.676,
        "avg": 0.239,
        "obp": 0.301,
        "slg": 0.375,
        "rbi": 37,
        "sb": 8,
        "hr": 7
      },
      {
        "name": "박세혁",
        "year": 21,
        "team": "두산",
        "pa": 270,
        "ops": 0.566,
        "avg": 0.219,
        "obp": 0.296,
        "slg": 0.27,
        "rbi": 30,
        "sb": 4,
        "hr": 0
      },
      {
        "name": "정수빈",
        "year": 21,
        "team": "두산",
        "pa": 351,
        "ops": 0.7,
        "avg": 0.259,
        "obp": 0.326,
        "slg": 0.374,
        "rbi": 37,
        "sb": 12,
        "hr": 3
      },
      {
        "name": "김인태",
        "year": 21,
        "team": "두산",
        "pa": 418,
        "ops": 0.751,
        "avg": 0.259,
        "obp": 0.373,
        "slg": 0.378,
        "rbi": 46,
        "sb": 0,
        "hr": 8
      }
    ]
  },
  {
    "generation": 7,
    "expected_score": 6.265,
    "lineup": [
      "김재환",
      "강승호",
      "김인태",
      "양석환",
      "박건우",
      "페르난데스",
      "박계범",
      "정수빈",
      "박세혁"
    ],
    "player_stats": [
      {
        "name": "김재환",
        "year": 21,
        "team": "두산",
        "pa": 566,
        "ops": 0.883,
        "avg": 0.274,
        "obp": 0.382,
        "slg": 0.501,
        "rbi": 102,
        "sb": 2,
        "hr": 27
      },
      {
        "name": "강승호",
        "year": 21,
        "team": "두산",
        "pa": 340,
        "ops": 0.676,
        "avg": 0.239,
        "obp": 0.301,
        "slg": 0.375,
        "rbi": 37,
        "sb": 8,
        "hr": 7
      },
      {
        "name": "김인태",
        "year": 21,
        "team": "두산",
        "pa": 418,
        "ops": 0.751,
        "avg": 0.259,
        "obp": 0.373,
        "slg": 0.378,
        "rbi": 46,
        "sb": 0,
        "hr": 8
      },
      {
        "name": "양석환",
        "year": 21,
        "team": "두산",
        "pa": 546,
        "ops": 0.827,
        "avg": 0.273,
        "obp": 0.337,
        "slg": 0.49,
        "rbi": 96,
        "sb": 2,
        "hr": 28
      },
      {
        "name": "박건우",
        "year": 21,
        "team": "두산",
        "pa": 525,
        "ops": 0.841,
        "avg": 0.325,
        "obp": 0.4,
        "slg": 0.441,
        "rbi": 63,
        "sb": 13,
        "hr": 6
      },
      {
        "name": "페르난데스",
        "year": 21,
        "team": "두산",
        "pa": 617,
        "ops": 0.834,
        "avg": 0.315,
        "obp": 0.391,
        "slg": 0.443,
        "rbi": 81,
        "sb": 0,
        "hr": 15
      },
      {
        "name": "박계범",
        "year": 21,
        "team": "두산",
        "pa": 385,
        "ops": 0.725,
        "avg": 0.267,
        "obp": 0.368,
        "slg": 0.357,
        "rbi": 46,
        "sb": 4,
        "hr": 5
      },
      {
        "name": "정수빈",
        "year": 21,
        "team": "두산",
        "pa": 351,
        "ops": 0.7,
        "avg": 0.259,
        "obp": 0.326,
        "slg": 0.374,
        "rbi": 37,
        "sb": 12,
        "hr": 3
      },
      {
        "name": "박세혁",
        "year": 21,
        "team": "두산",
        "pa": 270,
        "ops": 0.566,
        "avg": 0.219,
        "obp": 0.296,
        "slg": 0.27,
        "rbi": 30,
        "sb": 4,
        "hr": 0
      }
    ]
  },
  {
    "generation": 8,
    "expected_score": 5.94,
    "lineup": [
      "강승호",
      "김재환",
      "박건우",
      "박계범",
      "페르난데스",
      "양석환",
      "정수빈",
      "김인태",
      "박세혁"
    ],
    "player_stats": [
      {
        "name": "강승호",
        "year": 21,
        "team": "두산",
        "pa": 340,
        "ops": 0.676,
        "avg": 0.239,
        "obp": 0.301,
        "slg": 0.375,
        "rbi": 37,
        "sb": 8,
        "hr": 7
      },
      {
        "name": "김재환",
        "year": 21,
        "team": "두산",
        "pa": 566,
        "ops": 0.883,
        "avg": 0.274,
        "obp": 0.382,
        "slg": 0.501,
        "rbi": 102,
        "sb": 2,
        "hr": 27
      },
      {
        "name": "박건우",
        "year": 21,
        "team": "두산",
        "pa": 525,
        "ops": 0.841,
        "avg": 0.325,
        "obp": 0.4,
        "slg": 0.441,
        "rbi": 63,
        "sb": 13,
        "hr": 6
      },
      {
        "name": "박계범",
        "year": 21,
        "team": "두산",
        "pa": 385,
        "ops": 0.725,
        "avg": 0.267,
        "obp": 0.368,
        "slg": 0.357,
        "rbi": 46,
        "sb": 4,
        "hr": 5
      },
      {
        "name": "페르난데스",
        "year": 21,
        "team": "두산",
        "pa": 617,
        "ops": 0.834,
        "avg": 0.315,
        "obp": 0.391,
        "slg": 0.443,
        "rbi": 81,
        "sb": 0,
        "hr": 15
      },
      {
        "name": "양석환",
        "year": 21,
        "team": "두산",
        "pa": 546,
        "ops": 0.827,
        "avg": 0.273,
        "obp": 0.337,
        "slg": 0.49,
        "rbi": 96,
        "sb": 2,
        "hr": 28
      },
      {
        "name": "정수빈",
        "year": 21,
        "team": "두산",
        "pa": 351,
        "ops": 0.7,
        "avg": 0.259,
        "obp": 0.326,
        "slg": 0.374,
        "rbi": 37,
        "sb": 12,
        "hr": 3
      },
      {
        "name": "김인태",
        "year": 21,
        "team": "두산",
        "pa": 418,
        "ops": 0.751,
        "avg": 0.259,
        "obp": 0.373,
        "slg": 0.378,
        "rbi": 46,
        "sb": 0,
        "hr": 8
      },
      {
        "name": "박세혁",
        "year": 21,
        "team": "두산",
        "pa": 270,
        "ops": 0.566,
        "avg": 0.219,
        "obp": 0.296,
        "slg": 0.27,
        "rbi": 30,
        "sb": 4,
        "hr": 0
      }
    ]
  },
  {
    "generation": 9,
    "expected_score": 5.81,
    "lineup": [
      "박계범",
      "페르난데스",
      "박건우",
      "김인태",
      "박세혁",
      "강승호",
      "양석환",
      "정수빈",
      "김재환"
    ],
    "player_stats": [
      {
        "name": "박계범",
        "year": 21,
        "team": "두산",
        "pa": 385,
        "ops": 0.725,
        "avg": 0.267,
        "obp": 0.368,
        "slg": 0.357,
        "rbi": 46,
        "sb": 4,
        "hr": 5
      },
      {
        "name": "페르난데스",
        "year": 21,
        "team": "두산",
        "pa": 617,
        "ops": 0.834,
        "avg": 0.315,
        "obp": 0.391,
        "slg": 0.443,
        "rbi": 81,
        "sb": 0,
        "hr": 15
      },
      {
        "name": "박건우",
        "year": 21,
        "team": "두산",
        "pa": 525,
        "ops": 0.841,
        "avg": 0.325,
        "obp": 0.4,
        "slg": 0.441,
        "rbi": 63,
        "sb": 13,
        "hr": 6
      },
      {
        "name": "김인태",
        "year": 21,
        "team": "두산",
        "pa": 418,
        "ops": 0.751,
        "avg": 0.259,
        "obp": 0.373,
        "slg": 0.378,
        "rbi": 46,
        "sb": 0,
        "hr": 8
      },
      {
        "name": "박세혁",
        "year": 21,
        "team": "두산",
        "pa": 270,
        "ops": 0.566,
        "avg": 0.219,
        "obp": 0.296,
        "slg": 0.27,
        "rbi": 30,
        "sb": 4,
        "hr": 0
      },
      {
        "name": "강승호",
        "year": 21,
        "team": "두산",
        "pa": 340,
        "ops": 0.676,
        "avg": 0.239,
        "obp": 0.301,
        "slg": 0.375,
        "rbi": 37,
        "sb": 8,
        "hr": 7
      },
      {
        "name": "양석환",
        "year": 21,
        "team": "두산",
        "pa": 546,
        "ops": 0.827,
        "avg": 0.273,
        "obp": 0.337,
        "slg": 0.49,
        "rbi": 96,
        "sb": 2,
        "hr": 28
      },
      {
        "name": "정수빈",
        "year": 21,
        "team": "두산",
        "pa": 351,
        "ops": 0.7,
        "avg": 0.259,
        "obp": 0.326,
        "slg": 0.374,
        "rbi": 37,
        "sb": 12,
        "hr": 3
      },
      {
        "name": "김재환",
        "year": 21,
        "team": "두산",
        "pa": 566,
        "ops": 0.883,
        "avg": 0.274,
        "obp": 0.382,
        "slg": 0.501,
        "rbi": 102,
        "sb": 2,
        "hr": 27
      }
    ]
  },
  {
    "generation": 10,
    "expected_score": 6.09,
    "lineup": [
      "박계범",
      "박건우",
      "김인태",
      "페르난데스",
      "양석환",
      "박세혁",
      "강승호",
      "김재환",
      "정수빈"
    ],
    "player_stats": [
      {
        "name": "박계범",
        "year": 21,
        "team": "두산",
        "pa": 385,
        "ops": 0.725,
        "avg": 0.267,
        "obp": 0.368,
        "slg": 0.357,
        "rbi": 46,
        "sb": 4,
        "hr": 5
      },
      {
        "name": "박건우",
        "year": 21,
        "team": "두산",
        "pa": 525,
        "ops": 0.841,
        "avg": 0.325,
        "obp": 0.4,
        "slg": 0.441,
        "rbi": 63,
        "sb": 13,
        "hr": 6
      },
      {
        "name": "김인태",
        "year": 21,
        "team": "두산",
        "pa": 418,
        "ops": 0.751,
        "avg": 0.259,
        "obp": 0.373,
        "slg": 0.378,
        "rbi": 46,
        "sb": 0,
        "hr": 8
      },
      {
        "name": "페르난데스",
        "year": 21,
        "team": "두산",
        "pa": 617,
        "ops": 0.834,
        "avg": 0.315,
        "obp": 0.391,
        "slg": 0.443,
        "rbi": 81,
        "sb": 0,
        "hr": 15
      },
      {
        "name": "양석환",
        "year": 21,
        "team": "두산",
        "pa": 546,
        "ops": 0.827,
        "avg": 0.273,
        "obp": 0.337,
        "slg": 0.49,
        "rbi": 96,
        "sb": 2,
        "hr": 28
      },
      {
        "name": "박세혁",
        "year": 21,
        "team": "두산",
        "pa": 270,
        "ops": 0.566,
        "avg": 0.219,
        "obp": 0.296,
        "slg": 0.27,
        "rbi": 30,
        "sb": 4,
        "hr": 0
      },
      {
        "name": "강승호",
        "year": 21,
        "team": "두산",
        "pa": 340,
        "ops": 0.676,
        "avg": 0.239,
        "obp": 0.301,
        "slg": 0.375,
        "rbi": 37,
        "sb": 8,
        "hr": 7
      },
      {
        "name": "김재환",
        "year": 21,
        "team": "두산",
        "pa": 566,
        "ops": 0.883,
        "avg": 0.274,
        "obp": 0.382,
        "slg": 0.501,
        "rbi": 102,
        "sb": 2,
        "hr": 27
      },
      {
        "name": "정수빈",
        "year": 21,
        "team": "두산",
        "pa": 351,
        "ops": 0.7,
        "avg": 0.259,
        "obp": 0.326,
        "slg": 0.374,
        "rbi": 37,
        "sb": 12,
        "hr": 3
      }
    ]
  },
  {
    "generation": 11,
    "expected_score": 6.19,
    "lineup": [
      "박건우",
      "김재환",
      "박세혁",
      "강승호",
      "박계범",
      "양석환",
      "페르난데스",
      "김인태",
      "정수빈"
    ],
    "player_stats": [
      {
        "name": "박건우",
        "year": 21,
        "team": "두산",
        "pa": 525,
        "ops": 0.841,
        "avg": 0.325,
        "obp": 0.4,
        "slg": 0.441,
        "rbi": 63,
        "sb": 13,
        "hr": 6
      },
      {
        "name": "김재환",
        "year": 21,
        "team": "두산",
        "pa": 566,
        "ops": 0.883,
        "avg": 0.274,
        "obp": 0.382,
        "slg": 0.501,
        "rbi": 102,
        "sb": 2,
        "hr": 27
      },
      {
        "name": "박세혁",
        "year": 21,
        "team": "두산",
        "pa": 270,
        "ops": 0.566,
        "avg": 0.219,
        "obp": 0.296,
        "slg": 0.27,
        "rbi": 30,
        "sb": 4,
        "hr": 0
      },
      {
        "name": "강승호",
        "year": 21,
        "team": "두산",
        "pa": 340,
        "ops": 0.676,
        "avg": 0.239,
        "obp": 0.301,
        "slg": 0.375,
        "rbi": 37,
        "sb": 8,
        "hr": 7
      },
      {
        "name": "박계범",
        "year": 21,
        "team": "두산",
        "pa": 385,
        "ops": 0.725,
        "avg": 0.267,
        "obp": 0.368,
        "slg": 0.357,
        "rbi": 46,
        "sb": 4,
        "hr": 5
      },
      {
        "name": "양석환",
        "year": 21,
        "team": "두산",
        "pa": 546,
        "ops": 0.827,
        "avg": 0.273,
        "obp": 0.337,
        "slg": 0.49,
        "rbi": 96,
        "sb": 2,
        "hr": 28
      },
      {
        "name": "페르난데스",
        "year": 21,
        "team": "두산",
        "pa": 617,
        "ops": 0.834,
        "avg": 0.315,
        "obp": 0.391,
        "slg": 0.443,
        "rbi": 81,
        "sb": 0,
        "hr": 15
      },
      {
        "name": "김인태",
        "year": 21,
        "team": "두산",
        "pa": 418,
        "ops": 0.751,
        "avg": 0.259,
        "obp": 0.373,
        "slg": 0.378,
        "rbi": 46,
        "sb": 0,
        "hr": 8
      },
      {
        "name": "정수빈",
        "year": 21,
        "team": "두산",
        "pa": 351,
        "ops": 0.7,
        "avg": 0.259,
        "obp": 0.326,
        "slg": 0.374,
        "rbi": 37,
        "sb": 12,
        "hr": 3
      }
    ]
  },
  {
    "generation": 12,
    "expected_score": 5.945,
    "lineup": [
      "박세혁",
      "박건우",
      "페르난데스",
      "강승호",
      "김인태",
      "김재환",
      "양석환",
      "박계범",
      "정수빈"
    ],
    "player_stats": [
      {
        "name": "박세혁",
        "year": 21,
        "team": "두산",
        "pa": 270,
        "ops": 0.566,
        "avg": 0.219,
        "obp": 0.296,
        "slg": 0.27,
        "rbi": 30,
        "sb": 4,
        "hr": 0
      },
      {
        "name": "박건우",
        "year": 21,
        "team": "두산",
        "pa": 525,
        "ops": 0.841,
        "avg": 0.325,
        "obp": 0.4,
        "slg": 0.441,
        "rbi": 63,
        "sb": 13,
        "hr": 6
      },
      {
        "name": "페르난데스",
        "year": 21,
        "team": "두산",
        "pa": 617,
        "ops": 0.834,
        "avg": 0.315,
        "obp": 0.391,
        "slg": 0.443,
        "rbi": 81,
        "sb": 0,
        "hr": 15
      },
      {
        "name": "강승호",
        "year": 21,
        "team": "두산",
        "pa": 340,
        "ops": 0.676,
        "avg": 0.239,
        "obp": 0.301,
        "slg": 0.375,
        "rbi": 37,
        "sb": 8,
        "hr": 7
      },
      {
        "name": "김인태",
        "year": 21,
        "team": "두산",
        "pa": 418,
        "ops": 0.751,
        "avg": 0.259,
        "obp": 0.373,
        "slg": 0.378,
        "rbi": 46,
        "sb": 0,
        "hr": 8
      },
      {
        "name": "김재환",
        "year": 21,
        "team": "두산",
        "pa": 566,
        "ops": 0.883,
        "avg": 0.274,
        "obp": 0.382,
        "slg": 0.501,
        "rbi": 102,
        "sb": 2,
        "hr": 27
      },
      {
        "name": "양석환",
        "year": 21,
        "team": "두산",
        "pa": 546,
        "ops": 0.827,
        "avg": 0.273,
        "obp": 0.337,
        "slg": 0.49,
        "rbi": 96,
        "sb": 2,
        "hr": 28
      },
      {
        "name": "박계범",
        "year": 21,
        "team": "두산",
        "pa": 385,
        "ops": 0.725,
        "avg": 0.267,
        "obp": 0.368,
        "slg": 0.357,
        "rbi": 46,
        "sb": 4,
        "hr": 5
      },
      {
        "name": "정수빈",
        "year": 21,
        "team": "두산",
        "pa": 351,
        "ops": 0.7,
        "avg": 0.259,
        "obp": 0.326,
        "slg": 0.374,
        "rbi": 37,
        "sb": 12,
        "hr": 3
      }
    ]
  },
  {
    "generation": 13,
    "expected_score": 6.245,
    "lineup": [
      "박건우",
      "박세혁",
      "페르난데스",
      "양석환",
      "정수빈",
      "박계범",
      "강승호",
      "김인태",
      "김재환"
    ],
    "player_stats": [
      {
        "name": "박건우",
        "year": 21,
        "team": "두산",
        "pa": 525,
        "ops": 0.841,
        "avg": 0.325,
        "obp": 0.4,
        "slg": 0.441,
        "rbi": 63,
        "sb": 13,
        "hr": 6
      },
      {
        "name": "박세혁",
        "year": 21,
        "team": "두산",
        "pa": 270,
        "ops": 0.566,
        "avg": 0.219,
        "obp": 0.296,
        "slg": 0.27,
        "rbi": 30,
        "sb": 4,
        "hr": 0
      },
      {
        "name": "페르난데스",
        "year": 21,
        "team": "두산",
        "pa": 617,
        "ops": 0.834,
        "avg": 0.315,
        "obp": 0.391,
        "slg": 0.443,
        "rbi": 81,
        "sb": 0,
        "hr": 15
      },
      {
        "name": "양석환",
        "year": 21,
        "team": "두산",
        "pa": 546,
        "ops": 0.827,
        "avg": 0.273,
        "obp": 0.337,
        "slg": 0.49,
        "rbi": 96,
        "sb": 2,
        "hr": 28
      },
      {
        "name": "정수빈",
        "year": 21,
        "team": "두산",
        "pa": 351,
        "ops": 0.7,
        "avg": 0.259,
        "obp": 0.326,
        "slg": 0.374,
        "rbi": 37,
        "sb": 12,
        "hr": 3
      },
      {
        "name": "박계범",
        "year": 21,
        "team": "두산",
        "pa": 385,
        "ops": 0.725,
        "avg": 0.267,
        "obp": 0.368,
        "slg": 0.357,
        "rbi": 46,
        "sb": 4,
        "hr": 5
      },
      {
        "name": "강승호",
        "year": 21,
        "team": "두산",
        "pa": 340,
        "ops": 0.676,
        "avg": 0.239,
        "obp": 0.301,
        "slg": 0.375,
        "rbi": 37,
        "sb": 8,
        "hr": 7
      },
      {
        "name": "김인태",
        "year": 21,
        "team": "두산",
        "pa": 418,
        "ops": 0.751,
        "avg": 0.259,
        "obp": 0.373,
        "slg": 0.378,
        "rbi": 46,
        "sb": 0,
        "hr": 8
      },
      {
        "name": "김재환",
        "year": 21,
        "team": "두산",
        "pa": 566,
        "ops": 0.883,
        "avg": 0.274,
        "obp": 0.382,
        "slg": 0.501,
        "rbi": 102,
        "sb": 2,
        "hr": 27
      }
    ]
  },
  {
    "generation": 14,
    "expected_score": 5.82,
    "lineup": [
      "박건우",
      "박계범",
      "양석환",
      "박세혁",
      "김인태",
      "김재환",
      "페르난데스",
      "강승호",
      "정수빈"
    ],
    "player_stats": [
      {
        "name": "박건우",
        "year": 21,
        "team": "두산",
        "pa": 525,
        "ops": 0.841,
        "avg": 0.325,
        "obp": 0.4,
        "slg": 0.441,
        "rbi": 63,
        "sb": 13,
        "hr": 6
      },
      {
        "name": "박계범",
        "year": 21,
        "team": "두산",
        "pa": 385,
        "ops": 0.725,
        "avg": 0.267,
        "obp": 0.368,
        "slg": 0.357,
        "rbi": 46,
        "sb": 4,
        "hr": 5
      },
      {
        "name": "양석환",
        "year": 21,
        "team": "두산",
        "pa": 546,
        "ops": 0.827,
        "avg": 0.273,
        "obp": 0.337,
        "slg": 0.49,
        "rbi": 96,
        "sb": 2,
        "hr": 28
      },
      {
        "name": "박세혁",
        "year": 21,
        "team": "두산",
        "pa": 270,
        "ops": 0.566,
        "avg": 0.219,
        "obp": 0.296,
        "slg": 0.27,
        "rbi": 30,
        "sb": 4,
        "hr": 0
      },
      {
        "name": "김인태",
        "year": 21,
        "team": "두산",
        "pa": 418,
        "ops": 0.751,
        "avg": 0.259,
        "obp": 0.373,
        "slg": 0.378,
        "rbi": 46,
        "sb": 0,
        "hr": 8
      },
      {
        "name": "김재환",
        "year": 21,
        "team": "두산",
        "pa": 566,
        "ops": 0.883,
        "avg": 0.274,
        "obp": 0.382,
        "slg": 0.501,
        "rbi": 102,
        "sb": 2,
        "hr": 27
      },
      {
        "name": "페르난데스",
        "year": 21,
        "team": "두산",
        "pa": 617,
        "ops": 0.834,
        "avg": 0.315,
        "obp": 0.391,
        "slg": 0.443,
        "rbi": 81,
        "sb": 0,
        "hr": 15
      },
      {
        "name": "강승호",
        "year": 21,
        "team": "두산",
        "pa": 340,
        "ops": 0.676,
        "avg": 0.239,
        "obp": 0.301,
        "slg": 0.375,
        "rbi": 37,
        "sb": 8,
        "hr": 7
      },
      {
        "name": "정수빈",
        "year": 21,
        "team": "두산",
        "pa": 351,
        "ops": 0.7,
        "avg": 0.259,
        "obp": 0.326,
        "slg": 0.374,
        "rbi": 37,
        "sb": 12,
        "hr": 3
      }
    ]
  },
  {
    "generation": 15,
    "expected_score": 5.975,
    "lineup": [
      "박계범",
      "박세혁",
      "양석환",
      "박건우",
      "김인태",
      "김재환",
      "페르난데스",
      "강승호",
      "정수빈"
    ],
    "player_stats": [
      {
        "name": "박계범",
        "year": 21,
        "team": "두산",
        "pa": 385,
        "ops": 0.725,
        "avg": 0.267,
        "obp": 0.368,
        "slg": 0.357,
        "rbi": 46,
        "sb": 4,
        "hr": 5
      },
      {
        "name": "박세혁",
        "year": 21,
        "team": "두산",
        "pa": 270,
        "ops": 0.566,
        "avg": 0.219,
        "obp": 0.296,
        "slg": 0.27,
        "rbi": 30,
        "sb": 4,
        "hr": 0
      },
      {
        "name": "양석환",
        "year": 21,
        "team": "두산",
        "pa": 546,
        "ops": 0.827,
        "avg": 0.273,
        "obp": 0.337,
        "slg": 0.49,
        "rbi": 96,
        "sb": 2,
        "hr": 28
      },
      {
        "name": "박건우",
        "year": 21,
        "team": "두산",
        "pa": 525,
        "ops": 0.841,
        "avg": 0.325,
        "obp": 0.4,
        "slg": 0.441,
        "rbi": 63,
        "sb": 13,
        "hr": 6
      },
      {
        "name": "김인태",
        "year": 21,
        "team": "두산",
        "pa": 418,
        "ops": 0.751,
        "avg": 0.259,
        "obp": 0.373,
        "slg": 0.378,
        "rbi": 46,
        "sb": 0,
        "hr": 8
      },
      {
        "name": "김재환",
        "year": 21,
        "team": "두산",
        "pa": 566,
        "ops": 0.883,
        "avg": 0.274,
        "obp": 0.382,
        "slg": 0.501,
        "rbi": 102,
        "sb": 2,
        "hr": 27
      },
      {
        "name": "페르난데스",
        "year": 21,
        "team": "두산",
        "pa": 617,
        "ops": 0.834,
        "avg": 0.315,
        "obp": 0.391,
        "slg": 0.443,
        "rbi": 81,
        "sb": 0,
        "hr": 15
      },
      {
        "name": "강승호",
        "year": 21,
        "team": "두산",
        "pa": 340,
        "ops": 0.676,
        "avg": 0.239,
        "obp": 0.301,
        "slg": 0.375,
        "rbi": 37,
        "sb": 8,
        "hr": 7
      },
      {
        "name": "정수빈",
        "year": 21,
        "team": "두산",
        "pa": 351,
        "ops": 0.7,
        "avg": 0.259,
        "obp": 0.326,
        "slg": 0.374,
        "rbi": 37,
        "sb": 12,
        "hr": 3
      }
    ]
  },
  {
    "generation": 16,
    "expected_score": 6.02,
    "lineup": [
      "박건우",
      "양석환",
      "박계범",
      "박세혁",
      "김인태",
      "강승호",
      "페르난데스",
      "김재환",
      "정수빈"
    ],
    "player_stats": [
      {
        "name": "박건우",
        "year": 21,
        "team": "두산",
        "pa": 525,
        "ops": 0.841,
        "avg": 0.325,
        "obp": 0.4,
        "slg": 0.441,
        "rbi": 63,
        "sb": 13,
        "hr": 6
      },
      {
        "name": "양석환",
        "year": 21,
        "team": "두산",
        "pa": 546,
        "ops": 0.827,
        "avg": 0.273,
        "obp": 0.337,
        "slg": 0.49,
        "rbi": 96,
        "sb": 2,
        "hr": 28
      },
      {
        "name": "박계범",
        "year": 21,
        "team": "두산",
        "pa": 385,
        "ops": 0.725,
        "avg": 0.267,
        "obp": 0.368,
        "slg": 0.357,
        "rbi": 46,
        "sb": 4,
        "hr": 5
      },
      {
        "name": "박세혁",
        "year": 21,
        "team": "두산",
        "pa": 270,
        "ops": 0.566,
        "avg": 0.219,
        "obp": 0.296,
        "slg": 0.27,
        "rbi": 30,
        "sb": 4,
        "hr": 0
      },
      {
        "name": "김인태",
        "year": 21,
        "team": "두산",
        "pa": 418,
        "ops": 0.751,
        "avg": 0.259,
        "obp": 0.373,
        "slg": 0.378,
        "rbi": 46,
        "sb": 0,
        "hr": 8
      },
      {
        "name": "강승호",
        "year": 21,
        "team": "두산",
        "pa": 340,
        "ops": 0.676,
        "avg": 0.239,
        "obp": 0.301,
        "slg": 0.375,
        "rbi": 37,
        "sb": 8,
        "hr": 7
      },
      {
        "name": "페르난데스",
        "year": 21,
        "team": "두산",
        "pa": 617,
        "ops": 0.834,
        "avg": 0.315,
        "obp": 0.391,
        "slg": 0.443,
        "rbi": 81,
        "sb": 0,
        "hr": 15
      },
      {
        "name": "김재환",
        "year": 21,
        "team": "두산",
        "pa": 566,
        "ops": 0.883,
        "avg": 0.274,
        "obp": 0.382,
        "slg": 0.501,
        "rbi": 102,
        "sb": 2,
        "hr": 27
      },
      {
        "name": "정수빈",
        "year": 21,
        "team": "두산",
        "pa": 351,
        "ops": 0.7,
        "avg": 0.259,
        "obp": 0.326,
        "slg": 0.374,
        "rbi": 37,
        "sb": 12,
        "hr": 3
      }
    ]
  },
  {
    "generation": 17,
    "expected_score": 5.85,
    "lineup": [
      "박건우",
      "박계범",
      "강승호",
      "김인태",
      "박세혁",
      "페르난데스",
      "양석환",
      "김재환",
      "정수빈"
    ],
    "player_stats": [
      {
        "name": "박건우",
        "year": 21,
        "team": "두산",
        "pa": 525,
        "ops": 0.841,
        "avg": 0.325,
        "obp": 0.4,
        "slg": 0.441,
        "rbi": 63,
        "sb": 13,
        "hr": 6
      },
      {
        "name": "박계범",
        "year": 21,
        "team": "두산",
        "pa": 385,
        "ops": 0.725,
        "avg": 0.267,
        "obp": 0.368,
        "slg": 0.357,
        "rbi": 46,
        "sb": 4,
        "hr": 5
      },
      {
        "name": "강승호",
        "year": 21,
        "team": "두산",
        "pa": 340,
        "ops": 0.676,
        "avg": 0.239,
        "obp": 0.301,
        "slg": 0.375,
        "rbi": 37,
        "sb": 8,
        "hr": 7
      },
      {
        "name": "김인태",
        "year": 21,
        "team": "두산",
        "pa": 418,
        "ops": 0.751,
        "avg": 0.259,
        "obp": 0.373,
        "slg": 0.378,
        "rbi": 46,
        "sb": 0,
        "hr": 8
      },
      {
        "name": "박세혁",
        "year": 21,
        "team": "두산",
        "pa": 270,
        "ops": 0.566,
        "avg": 0.219,
        "obp": 0.296,
        "slg": 0.27,
        "rbi": 30,
        "sb": 4,
        "hr": 0
      },
      {
        "name": "페르난데스",
        "year": 21,
        "team": "두산",
        "pa": 617,
        "ops": 0.834,
        "avg": 0.315,
        "obp": 0.391,
        "slg": 0.443,
        "rbi": 81,
        "sb": 0,
        "hr": 15
      },
      {
        "name": "양석환",
        "year": 21,
        "team": "두산",
        "pa": 546,
        "ops": 0.827,
        "avg": 0.273,
        "obp": 0.337,
        "slg": 0.49,
        "rbi": 96,
        "sb": 2,
        "hr": 28
      },
      {
        "name": "김재환",
        "year": 21,
        "team": "두산",
        "pa": 566,
        "ops": 0.883,
        "avg": 0.274,
        "obp": 0.382,
        "slg": 0.501,
        "rbi": 102,
        "sb": 2,
        "hr": 27
      },
      {
        "name": "정수빈",
        "year": 21,
        "team": "두산",
        "pa": 351,
        "ops": 0.7,
        "avg": 0.259,
        "obp": 0.326,
        "slg": 0.374,
        "rbi": 37,
        "sb": 12,
        "hr": 3
      }
    ]
  },
  {
    "generation": 18,
    "expected_score": 5.785,
    "lineup": [
      "박건우",
      "박계범",
      "박세혁",
      "강승호",
      "김인태",
      "페르난데스",
      "양석환",
      "김재환",
      "정수빈"
    ],
    "player_stats": [
      {
        "name": "박건우",
        "year": 21,
        "team": "두산",
        "pa": 525,
        "ops": 0.841,
        "avg": 0.325,
        "obp": 0.4,
        "slg": 0.441,
        "rbi": 63,
        "sb": 13,
        "hr": 6
      },
      {
        "name": "박계범",
        "year": 21,
        "team": "두산",
        "pa": 385,
        "ops": 0.725,
        "avg": 0.267,
        "obp": 0.368,
        "slg": 0.357,
        "rbi": 46,
        "sb": 4,
        "hr": 5
      },
      {
        "name": "박세혁",
        "year": 21,
        "team": "두산",
        "pa": 270,
        "ops": 0.566,
        "avg": 0.219,
        "obp": 0.296,
        "slg": 0.27,
        "rbi": 30,
        "sb": 4,
        "hr": 0
      },
      {
        "name": "강승호",
        "year": 21,
        "team": "두산",
        "pa": 340,
        "ops": 0.676,
        "avg": 0.239,
        "obp": 0.301,
        "slg": 0.375,
        "rbi": 37,
        "sb": 8,
        "hr": 7
      },
      {
        "name": "김인태",
        "year": 21,
        "team": "두산",
        "pa": 418,
        "ops": 0.751,
        "avg": 0.259,
        "obp": 0.373,
        "slg": 0.378,
        "rbi": 46,
        "sb": 0,
        "hr": 8
      },
      {
        "name": "페르난데스",
        "year": 21,
        "team": "두산",
        "pa": 617,
        "ops": 0.834,
        "avg": 0.315,
        "obp": 0.391,
        "slg": 0.443,
        "rbi": 81,
        "sb": 0,
        "hr": 15
      },
      {
        "name": "양석환",
        "year": 21,
        "team": "두산",
        "pa": 546,
        "ops": 0.827,
        "avg": 0.273,
        "obp": 0.337,
        "slg": 0.49,
        "rbi": 96,
        "sb": 2,
        "hr": 28
      },
      {
        "name": "김재환",
        "year": 21,
        "team": "두산",
        "pa": 566,
        "ops": 0.883,
        "avg": 0.274,
        "obp": 0.382,
        "slg": 0.501,
        "rbi": 102,
        "sb": 2,
        "hr": 27
      },
      {
        "name": "정수빈",
        "year": 21,
        "team": "두산",
        "pa": 351,
        "ops": 0.7,
        "avg": 0.259,
        "obp": 0.326,
        "slg": 0.374,
        "rbi": 37,
        "sb": 12,
        "hr": 3
      }
    ]
  },
  {
    "generation": 19,
    "expected_score": 5.79,
    "lineup": [
      "박건우",
      "박계범",
      "강승호",
      "김인태",
      "박세혁",
      "페르난데스",
      "양석환",
      "김재환",
      "정수빈"
    ],
    "player_stats": [
      {
        "name": "박건우",
        "year": 21,
        "team": "두산",
        "pa": 525,
        "ops": 0.841,
        "avg": 0.325,
        "obp": 0.4,
        "slg": 0.441,
        "rbi": 63,
        "sb": 13,
        "hr": 6
      },
      {
        "name": "박계범",
        "year": 21,
        "team": "두산",
        "pa": 385,
        "ops": 0.725,
        "avg": 0.267,
        "obp": 0.368,
        "slg": 0.357,
        "rbi": 46,
        "sb": 4,
        "hr": 5
      },
      {
        "name": "강승호",
        "year": 21,
        "team": "두산",
        "pa": 340,
        "ops": 0.676,
        "avg": 0.239,
        "obp": 0.301,
        "slg": 0.375,
        "rbi": 37,
        "sb": 8,
        "hr": 7
      },
      {
        "name": "김인태",
        "year": 21,
        "team": "두산",
        "pa": 418,
        "ops": 0.751,
        "avg": 0.259,
        "obp": 0.373,
        "slg": 0.378,
        "rbi": 46,
        "sb": 0,
        "hr": 8
      },
      {
        "name": "박세혁",
        "year": 21,
        "team": "두산",
        "pa": 270,
        "ops": 0.566,
        "avg": 0.219,
        "obp": 0.296,
        "slg": 0.27,
        "rbi": 30,
        "sb": 4,
        "hr": 0
      },
      {
        "name": "페르난데스",
        "year": 21,
        "team": "두산",
        "pa": 617,
        "ops": 0.834,
        "avg": 0.315,
        "obp": 0.391,
        "slg": 0.443,
        "rbi": 81,
        "sb": 0,
        "hr": 15
      },
      {
        "name": "양석환",
        "year": 21,
        "team": "두산",
        "pa": 546,
        "ops": 0.827,
        "avg": 0.273,
        "obp": 0.337,
        "slg": 0.49,
        "rbi": 96,
        "sb": 2,
        "hr": 28
      },
      {
        "name": "김재환",
        "year": 21,
        "team": "두산",
        "pa": 566,
        "ops": 0.883,
        "avg": 0.274,
        "obp": 0.382,
        "slg": 0.501,
        "rbi": 102,
        "sb": 2,
        "hr": 27
      },
      {
        "name": "정수빈",
        "year": 21,
        "team": "두산",
        "pa": 351,
        "ops": 0.7,
        "avg": 0.259,
        "obp": 0.326,
        "slg": 0.374,
        "rbi": 37,
        "sb": 12,
        "hr": 3
      }
    ]
  },
  {
    "generation": 20,
    "expected_score": 5.885,
    "lineup": [
      "박계범",
      "김인태",
      "박세혁",
      "페르난데스",
      "양석환",
      "김재환",
      "정수빈",
      "강승호",
      "박건우"
    ],
    "player_stats": [
      {
        "name": "박계범",
        "year": 21,
        "team": "두산",
        "pa": 385,
        "ops": 0.725,
        "avg": 0.267,
        "obp": 0.368,
        "slg": 0.357,
        "rbi": 46,
        "sb": 4,
        "hr": 5
      },
      {
        "name": "김인태",
        "year": 21,
        "team": "두산",
        "pa": 418,
        "ops": 0.751,
        "avg": 0.259,
        "obp": 0.373,
        "slg": 0.378,
        "rbi": 46,
        "sb": 0,
        "hr": 8
      },
      {
        "name": "박세혁",
        "year": 21,
        "team": "두산",
        "pa": 270,
        "ops": 0.566,
        "avg": 0.219,
        "obp": 0.296,
        "slg": 0.27,
        "rbi": 30,
        "sb": 4,
        "hr": 0
      },
      {
        "name": "페르난데스",
        "year": 21,
        "team": "두산",
        "pa": 617,
        "ops": 0.834,
        "avg": 0.315,
        "obp": 0.391,
        "slg": 0.443,
        "rbi": 81,
        "sb": 0,
        "hr": 15
      },
      {
        "name": "양석환",
        "year": 21,
        "team": "두산",
        "pa": 546,
        "ops": 0.827,
        "avg": 0.273,
        "obp": 0.337,
        "slg": 0.49,
        "rbi": 96,
        "sb": 2,
        "hr": 28
      },
      {
        "name": "김재환",
        "year": 21,
        "team": "두산",
        "pa": 566,
        "ops": 0.883,
        "avg": 0.274,
        "obp": 0.382,
        "slg": 0.501,
        "rbi": 102,
        "sb": 2,
        "hr": 27
      },
      {
        "name": "정수빈",
        "year": 21,
        "team": "두산",
        "pa": 351,
        "ops": 0.7,
        "avg": 0.259,
        "obp": 0.326,
        "slg": 0.374,
        "rbi": 37,
        "sb": 12,
        "hr": 3
      },
      {
        "name": "강승호",
        "year": 21,
        "team": "두산",
        "pa": 340,
        "ops": 0.676,
        "avg": 0.239,
        "obp": 0.301,
        "slg": 0.375,
        "rbi": 37,
        "sb": 8,
        "hr": 7
      },
      {
        "name": "박건우",
        "year": 21,
        "team": "두산",
        "pa": 525,
        "ops": 0.841,
        "avg": 0.325,
        "obp": 0.4,
        "slg": 0.441,
        "rbi": 63,
        "sb": 13,
        "hr": 6
      }
    ]
  },
  {
    "generation": 21,
    "expected_score": 5.96,
    "lineup": [
      "박계범",
      "박건우",
      "박세혁",
      "페르난데스",
      "강승호",
      "김인태",
      "양석환",
      "김재환",
      "정수빈"
    ],
    "player_stats": [
      {
        "name": "박계범",
        "year": 21,
        "team": "두산",
        "pa": 385,
        "ops": 0.725,
        "avg": 0.267,
        "obp": 0.368,
        "slg": 0.357,
        "rbi": 46,
        "sb": 4,
        "hr": 5
      },
      {
        "name": "박건우",
        "year": 21,
        "team": "두산",
        "pa": 525,
        "ops": 0.841,
        "avg": 0.325,
        "obp": 0.4,
        "slg": 0.441,
        "rbi": 63,
        "sb": 13,
        "hr": 6
      },
      {
        "name": "박세혁",
        "year": 21,
        "team": "두산",
        "pa": 270,
        "ops": 0.566,
        "avg": 0.219,
        "obp": 0.296,
        "slg": 0.27,
        "rbi": 30,
        "sb": 4,
        "hr": 0
      },
      {
        "name": "페르난데스",
        "year": 21,
        "team": "두산",
        "pa": 617,
        "ops": 0.834,
        "avg": 0.315,
        "obp": 0.391,
        "slg": 0.443,
        "rbi": 81,
        "sb": 0,
        "hr": 15
      },
      {
        "name": "강승호",
        "year": 21,
        "team": "두산",
        "pa": 340,
        "ops": 0.676,
        "avg": 0.239,
        "obp": 0.301,
        "slg": 0.375,
        "rbi": 37,
        "sb": 8,
        "hr": 7
      },
      {
        "name": "김인태",
        "year": 21,
        "team": "두산",
        "pa": 418,
        "ops": 0.751,
        "avg": 0.259,
        "obp": 0.373,
        "slg": 0.378,
        "rbi": 46,
        "sb": 0,
        "hr": 8
      },
      {
        "name": "양석환",
        "year": 21,
        "team": "두산",
        "pa": 546,
        "ops": 0.827,
        "avg": 0.273,
        "obp": 0.337,
        "slg": 0.49,
        "rbi": 96,
        "sb": 2,
        "hr": 28
      },
      {
        "name": "김재환",
        "year": 21,
        "team": "두산",
        "pa": 566,
        "ops": 0.883,
        "avg": 0.274,
        "obp": 0.382,
        "slg": 0.501,
        "rbi": 102,
        "sb": 2,
        "hr": 27
      },
      {
        "name": "정수빈",
        "year": 21,
        "team": "두산",
        "pa": 351,
        "ops": 0.7,
        "avg": 0.259,
        "obp": 0.326,
        "slg": 0.374,
        "rbi": 37,
        "sb": 12,
        "hr": 3
      }
    ]
  },
  {
    "generation": 22,
    "expected_score": 6.02,
    "lineup": [
      "박계범",
      "강승호",
      "김인태",
      "페르난데스",
      "박세혁",
      "박건우",
      "김재환",
      "정수빈",
      "양석환"
    ],
    "player_stats": [
      {
        "name": "박계범",
        "year": 21,
        "team": "두산",
        "pa": 385,
        "ops": 0.725,
        "avg": 0.267,
        "obp": 0.368,
        "slg": 0.357,
        "rbi": 46,
        "sb": 4,
        "hr": 5
      },
      {
        "name": "강승호",
        "year": 21,
        "team": "두산",
        "pa": 340,
        "ops": 0.676,
        "avg": 0.239,
        "obp": 0.301,
        "slg": 0.375,
        "rbi": 37,
        "sb": 8,
        "hr": 7
      },
      {
        "name": "김인태",
        "year": 21,
        "team": "두산",
        "pa": 418,
        "ops": 0.751,
        "avg": 0.259,
        "obp": 0.373,
        "slg": 0.378,
        "rbi": 46,
        "sb": 0,
        "hr": 8
      },
      {
        "name": "페르난데스",
        "year": 21,
        "team": "두산",
        "pa": 617,
        "ops": 0.834,
        "avg": 0.315,
        "obp": 0.391,
        "slg": 0.443,
        "rbi": 81,
        "sb": 0,
        "hr": 15
      },
      {
        "name": "박세혁",
        "year": 21,
        "team": "두산",
        "pa": 270,
        "ops": 0.566,
        "avg": 0.219,
        "obp": 0.296,
        "slg": 0.27,
        "rbi": 30,
        "sb": 4,
        "hr": 0
      },
      {
        "name": "박건우",
        "year": 21,
        "team": "두산",
        "pa": 525,
        "ops": 0.841,
        "avg": 0.325,
        "obp": 0.4,
        "slg": 0.441,
        "rbi": 63,
        "sb": 13,
        "hr": 6
      },
      {
        "name": "김재환",
        "year": 21,
        "team": "두산",
        "pa": 566,
        "ops": 0.883,
        "avg": 0.274,
        "obp": 0.382,
        "slg": 0.501,
        "rbi": 102,
        "sb": 2,
        "hr": 27
      },
      {
        "name": "정수빈",
        "year": 21,
        "team": "두산",
        "pa": 351,
        "ops": 0.7,
        "avg": 0.259,
        "obp": 0.326,
        "slg": 0.374,
        "rbi": 37,
        "sb": 12,
        "hr": 3
      },
      {
        "name": "양석환",
        "year": 21,
        "team": "두산",
        "pa": 546,
        "ops": 0.827,
        "avg": 0.273,
        "obp": 0.337,
        "slg": 0.49,
        "rbi": 96,
        "sb": 2,
        "hr": 28
      }
    ]
  },
  {
    "generation": 23,
    "expected_score": 5.85,
    "lineup": [
      "박계범",
      "박건우",
      "강승호",
      "페르난데스",
      "박세혁",
      "김인태",
      "양석환",
      "김재환",
      "정수빈"
    ],
    "player_stats": [
      {
        "name": "박계범",
        "year": 21,
        "team": "두산",
        "pa": 385,
        "ops": 0.725,
        "avg": 0.267,
        "obp": 0.368,
        "slg": 0.357,
        "rbi": 46,
        "sb": 4,
        "hr": 5
      },
      {
        "name": "박건우",
        "year": 21,
        "team": "두산",
        "pa": 525,
        "ops": 0.841,
        "avg": 0.325,
        "obp": 0.4,
        "slg": 0.441,
        "rbi": 63,
        "sb": 13,
        "hr": 6
      },
      {
        "name": "강승호",
        "year": 21,
        "team": "두산",
        "pa": 340,
        "ops": 0.676,
        "avg": 0.239,
        "obp": 0.301,
        "slg": 0.375,
        "rbi": 37,
        "sb": 8,
        "hr": 7
      },
      {
        "name": "페르난데스",
        "year": 21,
        "team": "두산",
        "pa": 617,
        "ops": 0.834,
        "avg": 0.315,
        "obp": 0.391,
        "slg": 0.443,
        "rbi": 81,
        "sb": 0,
        "hr": 15
      },
      {
        "name": "박세혁",
        "year": 21,
        "team": "두산",
        "pa": 270,
        "ops": 0.566,
        "avg": 0.219,
        "obp": 0.296,
        "slg": 0.27,
        "rbi": 30,
        "sb": 4,
        "hr": 0
      },
      {
        "name": "김인태",
        "year": 21,
        "team": "두산",
        "pa": 418,
        "ops": 0.751,
        "avg": 0.259,
        "obp": 0.373,
        "slg": 0.378,
        "rbi": 46,
        "sb": 0,
        "hr": 8
      },
      {
        "name": "양석환",
        "year": 21,
        "team": "두산",
        "pa": 546,
        "ops": 0.827,
        "avg": 0.273,
        "obp": 0.337,
        "slg": 0.49,
        "rbi": 96,
        "sb": 2,
        "hr": 28
      },
      {
        "name": "김재환",
        "year": 21,
        "team": "두산",
        "pa": 566,
        "ops": 0.883,
        "avg": 0.274,
        "obp": 0.382,
        "slg": 0.501,
        "rbi": 102,
        "sb": 2,
        "hr": 27
      },
      {
        "name": "정수빈",
        "year": 21,
        "team": "두산",
        "pa": 351,
        "ops": 0.7,
        "avg": 0.259,
        "obp": 0.326,
        "slg": 0.374,
        "rbi": 37,
        "sb": 12,
        "hr": 3
      }
    ]
  },
  {
    "generation": 24,
    "expected_score": 6.045,
    "lineup": [
      "박계범",
      "김인태",
      "박세혁",
      "페르난데스",
      "강승호",
      "박건우",
      "정수빈",
      "김재환",
      "양석환"
    ],
    "player_stats": [
      {
        "name": "박계범",
        "year": 21,
        "team": "두산",
        "pa": 385,
        "ops": 0.725,
        "avg": 0.267,
        "obp": 0.368,
        "slg": 0.357,
        "rbi": 46,
        "sb": 4,
        "hr": 5
      },
      {
        "name": "김인태",
        "year": 21,
        "team": "두산",
        "pa": 418,
        "ops": 0.751,
        "avg": 0.259,
        "obp": 0.373,
        "slg": 0.378,
        "rbi": 46,
        "sb": 0,
        "hr": 8
      },
      {
        "name": "박세혁",
        "year": 21,
        "team": "두산",
        "pa": 270,
        "ops": 0.566,
        "avg": 0.219,
        "obp": 0.296,
        "slg": 0.27,
        "rbi": 30,
        "sb": 4,
        "hr": 0
      },
      {
        "name": "페르난데스",
        "year": 21,
        "team": "두산",
        "pa": 617,
        "ops": 0.834,
        "avg": 0.315,
        "obp": 0.391,
        "slg": 0.443,
        "rbi": 81,
        "sb": 0,
        "hr": 15
      },
      {
        "name": "강승호",
        "year": 21,
        "team": "두산",
        "pa": 340,
        "ops": 0.676,
        "avg": 0.239,
        "obp": 0.301,
        "slg": 0.375,
        "rbi": 37,
        "sb": 8,
        "hr": 7
      },
      {
        "name": "박건우",
        "year": 21,
        "team": "두산",
        "pa": 525,
        "ops": 0.841,
        "avg": 0.325,
        "obp": 0.4,
        "slg": 0.441,
        "rbi": 63,
        "sb": 13,
        "hr": 6
      },
      {
        "name": "정수빈",
        "year": 21,
        "team": "두산",
        "pa": 351,
        "ops": 0.7,
        "avg": 0.259,
        "obp": 0.326,
        "slg": 0.374,
        "rbi": 37,
        "sb": 12,
        "hr": 3
      },
      {
        "name": "김재환",
        "year": 21,
        "team": "두산",
        "pa": 566,
        "ops": 0.883,
        "avg": 0.274,
        "obp": 0.382,
        "slg": 0.501,
        "rbi": 102,
        "sb": 2,
        "hr": 27
      },
      {
        "name": "양석환",
        "year": 21,
        "team": "두산",
        "pa": 546,
        "ops": 0.827,
        "avg": 0.273,
        "obp": 0.337,
        "slg": 0.49,
        "rbi": 96,
        "sb": 2,
        "hr": 28
      }
    ]
  },
  {
    "generation": 25,
    "expected_score": 5.815,
    "lineup": [
      "박계범",
      "박건우",
      "김인태",
      "박세혁",
      "페르난데스",
      "정수빈",
      "강승호",
      "양석환",
      "김재환"
    ],
    "player_stats": [
      {
        "name": "박계범",
        "year": 21,
        "team": "두산",
        "pa": 385,
        "ops": 0.725,
        "avg": 0.267,
        "obp": 0.368,
        "slg": 0.357,
        "rbi": 46,
        "sb": 4,
        "hr": 5
      },
      {
        "name": "박건우",
        "year": 21,
        "team": "두산",
        "pa": 525,
        "ops": 0.841,
        "avg": 0.325,
        "obp": 0.4,
        "slg": 0.441,
        "rbi": 63,
        "sb": 13,
        "hr": 6
      },
      {
        "name": "김인태",
        "year": 21,
        "team": "두산",
        "pa": 418,
        "ops": 0.751,
        "avg": 0.259,
        "obp": 0.373,
        "slg": 0.378,
        "rbi": 46,
        "sb": 0,
        "hr": 8
      },
      {
        "name": "박세혁",
        "year": 21,
        "team": "두산",
        "pa": 270,
        "ops": 0.566,
        "avg": 0.219,
        "obp": 0.296,
        "slg": 0.27,
        "rbi": 30,
        "sb": 4,
        "hr": 0
      },
      {
        "name": "페르난데스",
        "year": 21,
        "team": "두산",
        "pa": 617,
        "ops": 0.834,
        "avg": 0.315,
        "obp": 0.391,
        "slg": 0.443,
        "rbi": 81,
        "sb": 0,
        "hr": 15
      },
      {
        "name": "정수빈",
        "year": 21,
        "team": "두산",
        "pa": 351,
        "ops": 0.7,
        "avg": 0.259,
        "obp": 0.326,
        "slg": 0.374,
        "rbi": 37,
        "sb": 12,
        "hr": 3
      },
      {
        "name": "강승호",
        "year": 21,
        "team": "두산",
        "pa": 340,
        "ops": 0.676,
        "avg": 0.239,
        "obp": 0.301,
        "slg": 0.375,
        "rbi": 37,
        "sb": 8,
        "hr": 7
      },
      {
        "name": "양석환",
        "year": 21,
        "team": "두산",
        "pa": 546,
        "ops": 0.827,
        "avg": 0.273,
        "obp": 0.337,
        "slg": 0.49,
        "rbi": 96,
        "sb": 2,
        "hr": 28
      },
      {
        "name": "김재환",
        "year": 21,
        "team": "두산",
        "pa": 566,
        "ops": 0.883,
        "avg": 0.274,
        "obp": 0.382,
        "slg": 0.501,
        "rbi": 102,
        "sb": 2,
        "hr": 27
      }
    ]
  },
  {
    "generation": 26,
    "expected_score": 5.63,
    "lineup": [
      "김인태",
      "박건우",
      "박세혁",
      "페르난데스",
      "박계범",
      "양석환",
      "정수빈",
      "김재환",
      "강승호"
    ],
    "player_stats": [
      {
        "name": "김인태",
        "year": 21,
        "team": "두산",
        "pa": 418,
        "ops": 0.751,
        "avg": 0.259,
        "obp": 0.373,
        "slg": 0.378,
        "rbi": 46,
        "sb": 0,
        "hr": 8
      },
      {
        "name": "박건우",
        "year": 21,
        "team": "두산",
        "pa": 525,
        "ops": 0.841,
        "avg": 0.325,
        "obp": 0.4,
        "slg": 0.441,
        "rbi": 63,
        "sb": 13,
        "hr": 6
      },
      {
        "name": "박세혁",
        "year": 21,
        "team": "두산",
        "pa": 270,
        "ops": 0.566,
        "avg": 0.219,
        "obp": 0.296,
        "slg": 0.27,
        "rbi": 30,
        "sb": 4,
        "hr": 0
      },
      {
        "name": "페르난데스",
        "year": 21,
        "team": "두산",
        "pa": 617,
        "ops": 0.834,
        "avg": 0.315,
        "obp": 0.391,
        "slg": 0.443,
        "rbi": 81,
        "sb": 0,
        "hr": 15
      },
      {
        "name": "박계범",
        "year": 21,
        "team": "두산",
        "pa": 385,
        "ops": 0.725,
        "avg": 0.267,
        "obp": 0.368,
        "slg": 0.357,
        "rbi": 46,
        "sb": 4,
        "hr": 5
      },
      {
        "name": "양석환",
        "year": 21,
        "team": "두산",
        "pa": 546,
        "ops": 0.827,
        "avg": 0.273,
        "obp": 0.337,
        "slg": 0.49,
        "rbi": 96,
        "sb": 2,
        "hr": 28
      },
      {
        "name": "정수빈",
        "year": 21,
        "team": "두산",
        "pa": 351,
        "ops": 0.7,
        "avg": 0.259,
        "obp": 0.326,
        "slg": 0.374,
        "rbi": 37,
        "sb": 12,
        "hr": 3
      },
      {
        "name": "김재환",
        "year": 21,
        "team": "두산",
        "pa": 566,
        "ops": 0.883,
        "avg": 0.274,
        "obp": 0.382,
        "slg": 0.501,
        "rbi": 102,
        "sb": 2,
        "hr": 27
      },
      {
        "name": "강승호",
        "year": 21,
        "team": "두산",
        "pa": 340,
        "ops": 0.676,
        "avg": 0.239,
        "obp": 0.301,
        "slg": 0.375,
        "rbi": 37,
        "sb": 8,
        "hr": 7
      }
    ]
  },
  {
    "generation": 27,
    "expected_score": 5.805,
    "lineup": [
      "박건우",
      "김인태",
      "박세혁",
      "페르난데스",
      "양석환",
      "김재환",
      "박계범",
      "강승호",
      "정수빈"
    ],
    "player_stats": [
      {
        "name": "박건우",
        "year": 21,
        "team": "두산",
        "pa": 525,
        "ops": 0.841,
        "avg": 0.325,
        "obp": 0.4,
        "slg": 0.441,
        "rbi": 63,
        "sb": 13,
        "hr": 6
      },
      {
        "name": "김인태",
        "year": 21,
        "team": "두산",
        "pa": 418,
        "ops": 0.751,
        "avg": 0.259,
        "obp": 0.373,
        "slg": 0.378,
        "rbi": 46,
        "sb": 0,
        "hr": 8
      },
      {
        "name": "박세혁",
        "year": 21,
        "team": "두산",
        "pa": 270,
        "ops": 0.566,
        "avg": 0.219,
        "obp": 0.296,
        "slg": 0.27,
        "rbi": 30,
        "sb": 4,
        "hr": 0
      },
      {
        "name": "페르난데스",
        "year": 21,
        "team": "두산",
        "pa": 617,
        "ops": 0.834,
        "avg": 0.315,
        "obp": 0.391,
        "slg": 0.443,
        "rbi": 81,
        "sb": 0,
        "hr": 15
      },
      {
        "name": "양석환",
        "year": 21,
        "team": "두산",
        "pa": 546,
        "ops": 0.827,
        "avg": 0.273,
        "obp": 0.337,
        "slg": 0.49,
        "rbi": 96,
        "sb": 2,
        "hr": 28
      },
      {
        "name": "김재환",
        "year": 21,
        "team": "두산",
        "pa": 566,
        "ops": 0.883,
        "avg": 0.274,
        "obp": 0.382,
        "slg": 0.501,
        "rbi": 102,
        "sb": 2,
        "hr": 27
      },
      {
        "name": "박계범",
        "year": 21,
        "team": "두산",
        "pa": 385,
        "ops": 0.725,
        "avg": 0.267,
        "obp": 0.368,
        "slg": 0.357,
        "rbi": 46,
        "sb": 4,
        "hr": 5
      },
      {
        "name": "강승호",
        "year": 21,
        "team": "두산",
        "pa": 340,
        "ops": 0.676,
        "avg": 0.239,
        "obp": 0.301,
        "slg": 0.375,
        "rbi": 37,
        "sb": 8,
        "hr": 7
      },
      {
        "name": "정수빈",
        "year": 21,
        "team": "두산",
        "pa": 351,
        "ops": 0.7,
        "avg": 0.259,
        "obp": 0.326,
        "slg": 0.374,
        "rbi": 37,
        "sb": 12,
        "hr": 3
      }
    ]
  },
  {
    "generation": 28,
    "expected_score": 5.945,
    "lineup": [
      "박계범",
      "박건우",
      "박세혁",
      "페르난데스",
      "정수빈",
      "강승호",
      "김인태",
      "김재환",
      "양석환"
    ],
    "player_stats": [
      {
        "name": "박계범",
        "year": 21,
        "team": "두산",
        "pa": 385,
        "ops": 0.725,
        "avg": 0.267,
        "obp": 0.368,
        "slg": 0.357,
        "rbi": 46,
        "sb": 4,
        "hr": 5
      },
      {
        "name": "박건우",
        "year": 21,
        "team": "두산",
        "pa": 525,
        "ops": 0.841,
        "avg": 0.325,
        "obp": 0.4,
        "slg": 0.441,
        "rbi": 63,
        "sb": 13,
        "hr": 6
      },
      {
        "name": "박세혁",
        "year": 21,
        "team": "두산",
        "pa": 270,
        "ops": 0.566,
        "avg": 0.219,
        "obp": 0.296,
        "slg": 0.27,
        "rbi": 30,
        "sb": 4,
        "hr": 0
      },
      {
        "name": "페르난데스",
        "year": 21,
        "team": "두산",
        "pa": 617,
        "ops": 0.834,
        "avg": 0.315,
        "obp": 0.391,
        "slg": 0.443,
        "rbi": 81,
        "sb": 0,
        "hr": 15
      },
      {
        "name": "정수빈",
        "year": 21,
        "team": "두산",
        "pa": 351,
        "ops": 0.7,
        "avg": 0.259,
        "obp": 0.326,
        "slg": 0.374,
        "rbi": 37,
        "sb": 12,
        "hr": 3
      },
      {
        "name": "강승호",
        "year": 21,
        "team": "두산",
        "pa": 340,
        "ops": 0.676,
        "avg": 0.239,
        "obp": 0.301,
        "slg": 0.375,
        "rbi": 37,
        "sb": 8,
        "hr": 7
      },
      {
        "name": "김인태",
        "year": 21,
        "team": "두산",
        "pa": 418,
        "ops": 0.751,
        "avg": 0.259,
        "obp": 0.373,
        "slg": 0.378,
        "rbi": 46,
        "sb": 0,
        "hr": 8
      },
      {
        "name": "김재환",
        "year": 21,
        "team": "두산",
        "pa": 566,
        "ops": 0.883,
        "avg": 0.274,
        "obp": 0.382,
        "slg": 0.501,
        "rbi": 102,
        "sb": 2,
        "hr": 27
      },
      {
        "name": "양석환",
        "year": 21,
        "team": "두산",
        "pa": 546,
        "ops": 0.827,
        "avg": 0.273,
        "obp": 0.337,
        "slg": 0.49,
        "rbi": 96,
        "sb": 2,
        "hr": 28
      }
    ]
  },
  {
    "generation": 29,
    "expected_score": 5.985,
    "lineup": [
      "박계범",
      "박건우",
      "박세혁",
      "페르난데스",
      "정수빈",
      "김재환",
      "강승호",
      "양석환",
      "김인태"
    ],
    "player_stats": [
      {
        "name": "박계범",
        "year": 21,
        "team": "두산",
        "pa": 385,
        "ops": 0.725,
        "avg": 0.267,
        "obp": 0.368,
        "slg": 0.357,
        "rbi": 46,
        "sb": 4,
        "hr": 5
      },
      {
        "name": "박건우",
        "year": 21,
        "team": "두산",
        "pa": 525,
        "ops": 0.841,
        "avg": 0.325,
        "obp": 0.4,
        "slg": 0.441,
        "rbi": 63,
        "sb": 13,
        "hr": 6
      },
      {
        "name": "박세혁",
        "year": 21,
        "team": "두산",
        "pa": 270,
        "ops": 0.566,
        "avg": 0.219,
        "obp": 0.296,
        "slg": 0.27,
        "rbi": 30,
        "sb": 4,
        "hr": 0
      },
      {
        "name": "페르난데스",
        "year": 21,
        "team": "두산",
        "pa": 617,
        "ops": 0.834,
        "avg": 0.315,
        "obp": 0.391,
        "slg": 0.443,
        "rbi": 81,
        "sb": 0,
        "hr": 15
      },
      {
        "name": "정수빈",
        "year": 21,
        "team": "두산",
        "pa": 351,
        "ops": 0.7,
        "avg": 0.259,
        "obp": 0.326,
        "slg": 0.374,
        "rbi": 37,
        "sb": 12,
        "hr": 3
      },
      {
        "name": "김재환",
        "year": 21,
        "team": "두산",
        "pa": 566,
        "ops": 0.883,
        "avg": 0.274,
        "obp": 0.382,
        "slg": 0.501,
        "rbi": 102,
        "sb": 2,
        "hr": 27
      },
      {
        "name": "강승호",
        "year": 21,
        "team": "두산",
        "pa": 340,
        "ops": 0.676,
        "avg": 0.239,
        "obp": 0.301,
        "slg": 0.375,
        "rbi": 37,
        "sb": 8,
        "hr": 7
      },
      {
        "name": "양석환",
        "year": 21,
        "team": "두산",
        "pa": 546,
        "ops": 0.827,
        "avg": 0.273,
        "obp": 0.337,
        "slg": 0.49,
        "rbi": 96,
        "sb": 2,
        "hr": 28
      },
      {
        "name": "김인태",
        "year": 21,
        "team": "두산",
        "pa": 418,
        "ops": 0.751,
        "avg": 0.259,
        "obp": 0.373,
        "slg": 0.378,
        "rbi": 46,
        "sb": 0,
        "hr": 8
      }
    ]
  },
  {
    "generation": 30,
    "expected_score": 5.94,
    "lineup": [
      "박건우",
      "박계범",
      "김인태",
      "박세혁",
      "페르난데스",
      "강승호",
      "양석환",
      "정수빈",
      "김재환"
    ],
    "player_stats": [
      {
        "name": "박건우",
        "year": 21,
        "team": "두산",
        "pa": 525,
        "ops": 0.841,
        "avg": 0.325,
        "obp": 0.4,
        "slg": 0.441,
        "rbi": 63,
        "sb": 13,
        "hr": 6
      },
      {
        "name": "박계범",
        "year": 21,
        "team": "두산",
        "pa": 385,
        "ops": 0.725,
        "avg": 0.267,
        "obp": 0.368,
        "slg": 0.357,
        "rbi": 46,
        "sb": 4,
        "hr": 5
      },
      {
        "name": "김인태",
        "year": 21,
        "team": "두산",
        "pa": 418,
        "ops": 0.751,
        "avg": 0.259,
        "obp": 0.373,
        "slg": 0.378,
        "rbi": 46,
        "sb": 0,
        "hr": 8
      },
      {
        "name": "박세혁",
        "year": 21,
        "team": "두산",
        "pa": 270,
        "ops": 0.566,
        "avg": 0.219,
        "obp": 0.296,
        "slg": 0.27,
        "rbi": 30,
        "sb": 4,
        "hr": 0
      },
      {
        "name": "페르난데스",
        "year": 21,
        "team": "두산",
        "pa": 617,
        "ops": 0.834,
        "avg": 0.315,
        "obp": 0.391,
        "slg": 0.443,
        "rbi": 81,
        "sb": 0,
        "hr": 15
      },
      {
        "name": "강승호",
        "year": 21,
        "team": "두산",
        "pa": 340,
        "ops": 0.676,
        "avg": 0.239,
        "obp": 0.301,
        "slg": 0.375,
        "rbi": 37,
        "sb": 8,
        "hr": 7
      },
      {
        "name": "양석환",
        "year": 21,
        "team": "두산",
        "pa": 546,
        "ops": 0.827,
        "avg": 0.273,
        "obp": 0.337,
        "slg": 0.49,
        "rbi": 96,
        "sb": 2,
        "hr": 28
      },
      {
        "name": "정수빈",
        "year": 21,
        "team": "두산",
        "pa": 351,
        "ops": 0.7,
        "avg": 0.259,
        "obp": 0.326,
        "slg": 0.374,
        "rbi": 37,
        "sb": 12,
        "hr": 3
      },
      {
        "name": "김재환",
        "year": 21,
        "team": "두산",
        "pa": 566,
        "ops": 0.883,
        "avg": 0.274,
        "obp": 0.382,
        "slg": 0.501,
        "rbi": 102,
        "sb": 2,
        "hr": 27
      }
    ]
  }
]