[
  {
    "generation": 1,
    "expected_score": 5.76,
    "lineup": [
      "오재일",
      "김지찬",
      "박해민",
      "김헌곤",
      "이원석",
      "김상수",
      "피렐라",
      "구자욱",
      "강민호"
    ],
    "player_stats": [
      {
        "name": "오재일",
        "year": 21,
        "team": "삼성",
        "pa": 484,
        "ops": 0.878,
        "avg": 0.285,
        "obp": 0.366,
        "slg": 0.512,
        "rbi": 97,
        "sb": 1,
        "hr": 25
      },
      {
        "name": "김지찬",
        "year": 21,
        "team": "삼성",
        "pa": 336,
        "ops": 0.635,
        "avg": 0.274,
        "obp": 0.331,
        "slg": 0.304,
        "rbi": 26,
        "sb": 23,
        "hr": 1
      },
      {
        "name": "박해민",
        "year": 21,
        "team": "삼성",
        "pa": 542,
        "ops": 0.76,
        "avg": 0.291,
        "obp": 0.383,
        "slg": 0.377,
        "rbi": 54,
        "sb": 36,
        "hr": 5
      },
      {
        "name": "김헌곤",
        "year": 21,
        "team": "삼성",
        "pa": 364,
        "ops": 0.711,
        "avg": 0.281,
        "obp": 0.355,
        "slg": 0.356,
        "rbi": 27,
        "sb": 5,
        "hr": 4
      },
      {
        "name": "이원석",
        "year": 21,
        "team": "삼성",
        "pa": 480,
        "ops": 0.687,
        "avg": 0.231,
        "obp": 0.341,
        "slg": 0.346,
        "rbi": 59,
        "sb": 1,
        "hr": 9
      },
      {
        "name": "김상수",
        "year": 21,
        "team": "삼성",
        "pa": 496,
        "ops": 0.621,
        "avg": 0.235,
        "obp": 0.32,
        "slg": 0.301,
        "rbi": 42,
        "sb": 4,
        "hr": 3
      },
      {
        "name": "피렐라",
        "year": 21,
        "team": "삼성",
        "pa": 621,
        "ops": 0.854,
        "avg": 0.286,
        "obp": 0.359,
        "slg": 0.495,
        "rbi": 97,
        "sb": 9,
        "hr": 29
      },
      {
        "name": "구자욱",
        "year": 21,
        "team": "삼성",
        "pa": 610,
        "ops": 0.88,
        "avg": 0.306,
        "obp": 0.361,
        "slg": 0.519,
        "rbi": 88,
        "sb": 27,
        "hr": 22
      },
      {
        "name": "강민호",
        "year": 21,
        "team": "삼성",
        "pa": 462,
        "ops": 0.839,
        "avg": 0.291,
        "obp": 0.361,
        "slg": 0.478,
        "rbi": 67,
        "sb": 0,
        "hr": 18
      }
    ]
  },
  {
    "generation": 2,
    "expected_score": 6.07,
    "lineup": [
      "강민호",
      "피렐라",
      "김상수",
      "박해민",
      "김헌곤",
      "구자욱",
      "김지찬",
      "오재일",
      "이원석"
    ],
    "player_stats": [
      {
        "name": "강민호",
        "year": 21,
        "team": "삼성",
        "pa": 462,
        "ops": 0.839,
        "avg": 0.291,
        "obp": 0.361,
        "slg": 0.478,
        "rbi": 67,
        "sb": 0,
        "hr": 18
      },
      {
        "name": "피렐라",
        "year": 21,
        "team": "삼성",
        "pa": 621,
        "ops": 0.854,
        "avg": 0.286,
        "obp": 0.359,
        "slg": 0.495,
        "rbi": 97,
        "sb": 9,
        "hr": 29
      },
      {
        "name": "김상수",
        "year": 21,
        "team": "삼성",
        "pa": 496,
        "ops": 0.621,
        "avg": 0.235,
        "obp": 0.32,
        "slg": 0.301,
        "rbi": 42,
        "sb": 4,
        "hr": 3
      },
      {
        "name": "박해민",
        "year": 21,
        "team": "삼성",
        "pa": 542,
        "ops": 0.76,
        "avg": 0.291,
        "obp": 0.383,
        "slg": 0.377,
        "rbi": 54,
        "sb": 36,
        "hr": 5
      },
      {
        "name": "김헌곤",
        "year": 21,
        "team": "삼성",
        "pa": 364,
        "ops": 0.711,
        "avg": 0.281,
        "obp": 0.355,
        "slg": 0.356,
        "rbi": 27,
        "sb": 5,
        "hr": 4
      },
      {
        "name": "구자욱",
        "year": 21,
        "team": "삼성",
        "pa": 610,
        "ops": 0.88,
        "avg": 0.306,
        "obp": 0.361,
        "slg": 0.519,
        "rbi": 88,
        "sb": 27,
        "hr": 22
      },
      {
        "name": "김지찬",
        "year": 21,
        "team": "삼성",
        "pa": 336,
        "ops": 0.635,
        "avg": 0.274,
        "obp": 0.331,
        "slg": 0.304,
        "rbi": 26,
        "sb": 23,
        "hr": 1
      },
      {
        "name": "오재일",
        "year": 21,
        "team": "삼성",
        "pa": 484,
        "ops": 0.878,
        "avg": 0.285,
        "obp": 0.366,
        "slg": 0.512,
        "rbi": 97,
        "sb": 1,
        "hr": 25
      },
      {
        "name": "이원석",
        "year": 21,
        "team": "삼성",
        "pa": 480,
        "ops": 0.687,
        "avg": 0.231,
        "obp": 0.341,
        "slg": 0.346,
        "rbi": 59,
        "sb": 1,
        "hr": 9
      }
    ]
  },
  {
    "generation": 3,
    "expected_score": 6.145,
    "lineup": [
      "김지찬",
      "오재일",
      "피렐라",
      "김상수",
      "강민호",
      "구자욱",
      "박해민",
      "김헌곤",
      "이원석"
    ],
    "player_stats": [
      {
        "name": "김지찬",
        "year": 21,
        "team": "삼성",
        "pa": 336,
        "ops": 0.635,
        "avg": 0.274,
        "obp": 0.331,
        "slg": 0.304,
        "rbi": 26,
        "sb": 23,
        "hr": 1
      },
      {
        "name": "오재일",
        "year": 21,
        "team": "삼성",
        "pa": 484,
        "ops": 0.878,
        "avg": 0.285,
        "obp": 0.366,
        "slg": 0.512,
        "rbi": 97,
        "sb": 1,
        "hr": 25
      },
      {
        "name": "피렐라",
        "year": 21,
        "team": "삼성",
        "pa": 621,
        "ops": 0.854,
        "avg": 0.286,
        "obp": 0.359,
        "slg": 0.495,
        "rbi": 97,
        "sb": 9,
        "hr": 29
      },
      {
        "name": "김상수",
        "year": 21,
        "team": "삼성",
        "pa": 496,
        "ops": 0.621,
        "avg": 0.235,
        "obp": 0.32,
        "slg": 0.301,
        "rbi": 42,
        "sb": 4,
        "hr": 3
      },
      {
        "name": "강민호",
        "year": 21,
        "team": "삼성",
        "pa": 462,
        "ops": 0.839,
        "avg": 0.291,
        "obp": 0.361,
        "slg": 0.478,
        "rbi": 67,
        "sb": 0,
        "hr": 18
      },
      {
        "name": "구자욱",
        "year": 21,
        "team": "삼성",
        "pa": 610,
        "ops": 0.88,
        "avg": 0.306,
        "obp": 0.361,
        "slg": 0.519,
        "rbi": 88,
        "sb": 27,
        "hr": 22
      },
      {
        "name": "박해민",
        "year": 21,
        "team": "삼성",
        "pa": 542,
        "ops": 0.76,
        "avg": 0.291,
        "obp": 0.383,
        "slg": 0.377,
        "rbi": 54,
        "sb": 36,
        "hr": 5
      },
      {
        "name": "김헌곤",
        "year": 21,
        "team": "삼성",
        "pa": 364,
        "ops": 0.711,
        "avg": 0.281,
        "obp": 0.355,
        "slg": 0.356,
        "rbi": 27,
        "sb": 5,
        "hr": 4
      },
      {
        "name": "이원석",
        "year": 21,
        "team": "삼성",
        "pa": 480,
        "ops": 0.687,
        "avg": 0.231,
        "obp": 0.341,
        "slg": 0.346,
        "rbi": 59,
        "sb": 1,
        "hr": 9
      }
    ]
  },
  {
    "generation": 4,
    "expected_score": 6.12,
    "lineup": [
      "구자욱",
      "김헌곤",
      "김지찬",
      "오재일",
      "피렐라",
      "이원석",
      "박해민",
      "김상수",
      "강민호"
    ],
    "player_stats": [
      {
        "name": "구자욱",
        "year": 21,
        "team": "삼성",
        "pa": 610,
        "ops": 0.88,
        "avg": 0.306,
        "obp": 0.361,
        "slg": 0.519,
        "rbi": 88,
        "sb": 27,
        "hr": 22
      },
      {
        "name": "김헌곤",
        "year": 21,
        "team": "삼성",
        "pa": 364,
        "ops": 0.711,
        "avg": 0.281,
        "obp": 0.355,
        "slg": 0.356,
        "rbi": 27,
        "sb": 5,
        "hr": 4
      },
      {
        "name": "김지찬",
        "year": 21,
        "team": "삼성",
        "pa": 336,
        "ops": 0.635,
        "avg": 0.274,
        "obp": 0.331,
        "slg": 0.304,
        "rbi": 26,
        "sb": 23,
        "hr": 1
      },
      {
        "name": "오재일",
        "year": 21,
        "team": "삼성",
        "pa": 484,
        "ops": 0.878,
        "avg": 0.285,
        "obp": 0.366,
        "slg": 0.512,
        "rbi": 97,
        "sb": 1,
        "hr": 25
      },
      {
        "name": "피렐라",
        "year": 21,
        "team": "삼성",
        "pa": 621,
        "ops": 0.854,
        "avg": 0.286,
        "obp": 0.359,
        "slg": 0.495,
        "rbi": 97,
        "sb": 9,
        "hr": 29
      },
      {
        "name": "이원석",
        "year": 21,
        "team": "삼성",
        "pa": 480,
        "ops": 0.687,
        "avg": 0.231,
        "obp": 0.341,
        "slg": 0.346,
        "rbi": 59,
        "sb": 1,
        "hr": 9
      },
      {
        "name": "박해민",
        "year": 21,
        "team": "삼성",
        "pa": 542,
        "ops": 0.76,
        "avg": 0.291,
        "obp": 0.383,
        "slg": 0.377,
        "rbi": 54,
        "sb": 36,
        "hr": 5
      },
      {
        "name": "김상수",
        "year": 21,
        "team": "삼성",
        "pa": 496,
        "ops": 0.621,
        "avg": 0.235,
        "obp": 0.32,
        "slg": 0.301,
        "rbi": 42,
        "sb": 4,
        "hr": 3
      },
      {
        "name": "강민호",
        "year": 21,
        "team": "삼성",
        "pa": 462,
        "ops": 0.839,
        "avg": 0.291,
        "obp": 0.361,
        "slg": 0.478,
        "rbi": 67,
        "sb": 0,
        "hr": 18
      }
    ]
  },
  {
    "generation": 5,
    "expected_score": 6.02,
    "lineup": [
      "구자욱",
      "김상수",
      "박해민",
      "김헌곤",
      "김지찬",
      "오재일",
      "피렐라",
      "이원석",
      "강민호"
    ],
    "player_stats": [
      {
        "name": "구자욱",
        "year": 21,
        "team": "삼성",
        "pa": 610,
        "ops": 0.88,
        "avg": 0.306,
        "obp": 0.361,
        "slg": 0.519,
        "rbi": 88,
        "sb": 27,
        "hr": 22
      },
      {
        "name": "김상수",
        "year": 21,
        "team": "삼성",
        "pa": 496,
        "ops": 0.621,
        "avg": 0.235,
        "obp": 0.32,
        "slg": 0.301,
        "rbi": 42,
        "sb": 4,
        "hr": 3
      },
      {
        "name": "박해민",
        "year": 21,
        "team": "삼성",
        "pa": 542,
        "ops": 0.76,
        "avg": 0.291,
        "obp": 0.383,
        "slg": 0.377,
        "rbi": 54,
        "sb": 36,
        "hr": 5
      },
      {
        "name": "김헌곤",
        "year": 21,
        "team": "삼성",
        "pa": 364,
        "ops": 0.711,
        "avg": 0.281,
        "obp": 0.355,
        "slg": 0.356,
        "rbi": 27,
        "sb": 5,
        "hr": 4
      },
      {
        "name": "김지찬",
        "year": 21,
        "team": "삼성",
        "pa": 336,
        "ops": 0.635,
        "avg": 0.274,
        "obp": 0.331,
        "slg": 0.304,
        "rbi": 26,
        "sb": 23,
        "hr": 1
      },
      {
        "name": "오재일",
        "year": 21,
        "team": "삼성",
        "pa": 484,
        "ops": 0.878,
        "avg": 0.285,
        "obp": 0.366,
        "slg": 0.512,
        "rbi": 97,
        "sb": 1,
        "hr": 25
      },
      {
        "name": "피렐라",
        "year": 21,
        "team": "삼성",
        "pa": 621,
        "ops": 0.854,
        "avg": 0.286,
        "obp": 0.359,
        "slg": 0.495,
        "rbi": 97,
        "sb": 9,
        "hr": 29
      },
      {
        "name": "이원석",
        "year": 21,
        "team": "삼성",
        "pa": 480,
        "ops": 0.687,
        "avg": 0.231,
        "obp": 0.341,
        "slg": 0.346,
        "rbi": 59,
        "sb": 1,
        "hr": 9
      },
      {
        "name": "강민호",
        "year": 21,
        "team": "삼성",
        "pa": 462,
        "ops": 0.839,
        "avg": 0.291,
        "obp": 0.361,
        "slg": 0.478,
        "rbi": 67,
        "sb": 0,
        "hr": 18
      }
    ]
  },
  {
    "generation": 6,
    "expected_score": 5.945,
    "lineup": [
      "오재일",
      "피렐라",
      "김상수",
      "강민호",
      "박해민",
      "김헌곤",
      "김지찬",
      "구자욱",
      "이원석"
    ],
    "player_stats": [
      {
        "name": "오재일",
        "year": 21,
        "team": "삼성",
        "pa": 484,
        "ops": 0.878,
        "avg": 0.285,
        "obp": 0.366,
        "slg": 0.512,
        "rbi": 97,
        "sb": 1,
        "hr": 25
      },
      {
        "name": "피렐라",
        "year": 21,
        "team": "삼성",
        "pa": 621,
        "ops": 0.854,
        "avg": 0.286,
        "obp": 0.359,
        "slg": 0.495,
        "rbi": 97,
        "sb": 9,
        "hr": 29
      },
      {
        "name": "김상수",
        "year": 21,
        "team": "삼성",
        "pa": 496,
        "ops": 0.621,
        "avg": 0.235,
        "obp": 0.32,
        "slg": 0.301,
        "rbi": 42,
        "sb": 4,
        "hr": 3
      },
      {
        "name": "강민호",
        "year": 21,
        "team": "삼성",
        "pa": 462,
        "ops": 0.839,
        "avg": 0.291,
        "obp": 0.361,
        "slg": 0.478,
        "rbi": 67,
        "sb": 0,
        "hr": 18
      },
      {
        "name": "박해민",
        "year": 21,
        "team": "삼성",
        "pa": 542,
        "ops": 0.76,
        "avg": 0.291,
        "obp": 0.383,
        "slg": 0.377,
        "rbi": 54,
        "sb": 36,
        "hr": 5
      },
      {
        "name": "김헌곤",
        "year": 21,
        "team": "삼성",
        "pa": 364,
        "ops": 0.711,
        "avg": 0.281,
        "obp": 0.355,
        "slg": 0.356,
        "rbi": 27,
        "sb": 5,
        "hr": 4
      },
      {
        "name": "김지찬",
        "year": 21,
        "team": "삼성",
        "pa": 336,
        "ops": 0.635,
        "avg": 0.274,
        "obp": 0.331,
        "slg": 0.304,
        "rbi": 26,
        "sb": 23,
        "hr": 1
      },
      {
        "name": "구자욱",
        "year": 21,
        "team": "삼성",
        "pa": 610,
        "ops": 0.88,
        "avg": 0.306,
        "obp": 0.361,
        "slg": 0.519,
        "rbi": 88,
        "sb": 27,
        "hr": 22
      },
      {
        "name": "이원석",
        "year": 21,
        "team": "삼성",
        "pa": 480,
        "ops": 0.687,
        "avg": 0.231,
        "obp": 0.341,
        "slg": 0.346,
        "rbi": 59,
        "sb": 1,
        "hr": 9
      }
    ]
  },
  {
    "generation": 7,
    "expected_score": 5.805,
    "lineup": [
      "박해민",
      "김지찬",
      "구자욱",
      "피렐라",
      "이원석",
      "김헌곤",
      "오재일",
      "강민호",
      "김상수"
    ],
    "player_stats": [
      {
        "name": "박해민",
        "year": 21,
        "team": "삼성",
        "pa": 542,
        "ops": 0.76,
        "avg": 0.291,
        "obp": 0.383,
        "slg": 0.377,
        "rbi": 54,
        "sb": 36,
        "hr": 5
      },
      {
        "name": "김지찬",
        "year": 21,
        "team": "삼성",
        "pa": 336,
        "ops": 0.635,
        "avg": 0.274,
        "obp": 0.331,
        "slg": 0.304,
        "rbi": 26,
        "sb": 23,
        "hr": 1
      },
      {
        "name": "구자욱",
        "year": 21,
        "team": "삼성",
        "pa": 610,
        "ops": 0.88,
        "avg": 0.306,
        "obp": 0.361,
        "slg": 0.519,
        "rbi": 88,
        "sb": 27,
        "hr": 22
      },
      {
        "name": "피렐라",
        "year": 21,
        "team": "삼성",
        "pa": 621,
        "ops": 0.854,
        "avg": 0.286,
        "obp": 0.359,
        "slg": 0.495,
        "rbi": 97,
        "sb": 9,
        "hr": 29
      },
      {
        "name": "이원석",
        "year": 21,
        "team": "삼성",
        "pa": 480,
        "ops": 0.687,
        "avg": 0.231,
        "obp": 0.341,
        "slg": 0.346,
        "rbi": 59,
        "sb": 1,
        "hr": 9
      },
      {
        "name": "김헌곤",
        "year": 21,
        "team": "삼성",
        "pa": 364,
        "ops": 0.711,
        "avg": 0.281,
        "obp": 0.355,
        "slg": 0.356,
        "rbi": 27,
        "sb": 5,
        "hr": 4
      },
      {
        "name": "오재일",
        "year": 21,
        "team": "삼성",
        "pa": 484,
        "ops": 0.878,
        "avg": 0.285,
        "obp": 0.366,
        "slg": 0.512,
        "rbi": 97,
        "sb": 1,
        "hr": 25
      },
      {
        "name": "강민호",
        "year": 21,
        "team": "삼성",
        "pa": 462,
        "ops": 0.839,
        "avg": 0.291,
        "obp": 0.361,
        "slg": 0.478,
        "rbi": 67,
        "sb": 0,
        "hr": 18
      },
      {
        "name": "김상수",
        "year": 21,
        "team": "삼성",
        "pa": 496,
        "ops": 0.621,
        "avg": 0.235,
        "obp": 0.32,
        "slg": 0.301,
        "rbi": 42,
        "sb": 4,
        "hr": 3
      }
    ]
  },
  {
    "generation": 8,
    "expected_score": 6.06,
    "lineup": [
      "구자욱",
      "김헌곤",
      "김지찬",
      "이원석",
      "오재일",
      "피렐라",
      "박해민",
      "김상수",
      "강민호"
    ],
    "player_stats": [
      {
        "name": "구자욱",
        "year": 21,
        "team": "삼성",
        "pa": 610,
        "ops": 0.88,
        "avg": 0.306,
        "obp": 0.361,
        "slg": 0.519,
        "rbi": 88,
        "sb": 27,
        "hr": 22
      },
      {
        "name": "김헌곤",
        "year": 21,
        "team": "삼성",
        "pa": 364,
        "ops": 0.711,
        "avg": 0.281,
        "obp": 0.355,
        "slg": 0.356,
        "rbi": 27,
        "sb": 5,
        "hr": 4
      },
      {
        "name": "김지찬",
        "year": 21,
        "team": "삼성",
        "pa": 336,
        "ops": 0.635,
        "avg": 0.274,
        "obp": 0.331,
        "slg": 0.304,
        "rbi": 26,
        "sb": 23,
        "hr": 1
      },
      {
        "name": "이원석",
        "year": 21,
        "team": "삼성",
        "pa": 480,
        "ops": 0.687,
        "avg": 0.231,
        "obp": 0.341,
        "slg": 0.346,
        "rbi": 59,
        "sb": 1,
        "hr": 9
      },
      {
        "name": "오재일",
        "year": 21,
        "team": "삼성",
        "pa": 484,
        "ops": 0.878,
        "avg": 0.285,
        "obp": 0.366,
        "slg": 0.512,
        "rbi": 97,
        "sb": 1,
        "hr": 25
      },
      {
        "name": "피렐라",
        "year": 21,
        "team": "삼성",
        "pa": 621,
        "ops": 0.854,
        "avg": 0.286,
        "obp": 0.359,
        "slg": 0.495,
        "rbi": 97,
        "sb": 9,
        "hr": 29
      },
      {
        "name": "박해민",
        "year": 21,
        "team": "삼성",
        "pa": 542,
        "ops": 0.76,
        "avg": 0.291,
        "obp": 0.383,
        "slg": 0.377,
        "rbi": 54,
        "sb": 36,
        "hr": 5
      },
      {
        "name": "김상수",
        "year": 21,
        "team": "삼성",
        "pa": 496,
        "ops": 0.621,
        "avg": 0.235,
        "obp": 0.32,
        "slg": 0.301,
        "rbi": 42,
        "sb": 4,
        "hr": 3
      },
      {
        "name": "강민호",
        "year": 21,
        "team": "삼성",
        "pa": 462,
        "ops": 0.839,
        "avg": 0.291,
        "obp": 0.361,
        "slg": 0.478,
        "rbi": 67,
        "sb": 0,
        "hr": 18
      }
    ]
  },
  {
    "generation": 9,
    "expected_score": 6.045,
    "lineup": [
      "김상수",
      "강민호",
      "오재일",
      "김지찬",
      "박해민",
      "구자욱",
      "이원석",
      "김헌곤",
      "피렐라"
    ],
    "player_stats": [
      {
        "name": "김상수",
        "year": 21,
        "team": "삼성",
        "pa": 496,
        "ops": 0.621,
        "avg": 0.235,
        "obp": 0.32,
        "slg": 0.301,
        "rbi": 42,
        "sb": 4,
        "hr": 3
      },
      {
        "name": "강민호",
        "year": 21,
        "team": "삼성",
        "pa": 462,
        "ops": 0.839,
        "avg": 0.291,
        "obp": 0.361,
        "slg": 0.478,
        "rbi": 67,
        "sb": 0,
        "hr": 18
      },
      {
        "name": "오재일",
        "year": 21,
        "team": "삼성",
        "pa": 484,
        "ops": 0.878,
        "avg": 0.285,
        "obp": 0.366,
        "slg": 0.512,
        "rbi": 97,
        "sb": 1,
        "hr": 25
      },
      {
        "name": "김지찬",
        "year": 21,
        "team": "삼성",
        "pa": 336,
        "ops": 0.635,
        "avg": 0.274,
        "obp": 0.331,
        "slg": 0.304,
        "rbi": 26,
        "sb": 23,
        "hr": 1
      },
      {
        "name": "박해민",
        "year": 21,
        "team": "삼성",
        "pa": 542,
        "ops": 0.76,
        "avg": 0.291,
        "obp": 0.383,
        "slg": 0.377,
        "rbi": 54,
        "sb": 36,
        "hr": 5
      },
      {
        "name": "구자욱",
        "year": 21,
        "team": "삼성",
        "pa": 610,
        "ops": 0.88,
        "avg": 0.306,
        "obp": 0.361,
        "slg": 0.519,
        "rbi": 88,
        "sb": 27,
        "hr": 22
      },
      {
        "name": "이원석",
        "year": 21,
        "team": "삼성",
        "pa": 480,
        "ops": 0.687,
        "avg": 0.231,
        "obp": 0.341,
        "slg": 0.346,
        "rbi": 59,
        "sb": 1,
        "hr": 9
      },
      {
        "name": "김헌곤",
        "year": 21,
        "team": "삼성",
        "pa": 364,
        "ops": 0.711,
        "avg": 0.281,
        "obp": 0.355,
        "slg": 0.356,
        "rbi": 27,
        "sb": 5,
        "hr": 4
      },
      {
        "name": "피렐라",
        "year": 21,
        "team": "삼성",
        "pa": 621,
        "ops": 0.854,
        "avg": 0.286,
        "obp": 0.359,
        "slg": 0.495,
        "rbi": 97,
        "sb": 9,
        "hr": 29
      }
    ]
  },
  {
    "generation": 10,
    "expected_score": 6.27,
    "lineup": [
      "김헌곤",
      "구자욱",
      "김상수",
      "피렐라",
      "박해민",
      "김지찬",
      "오재일",
      "이원석",
      "강민호"
    ],
    "player_stats": [
      {
        "name": "김헌곤",
        "year": 21,
        "team": "삼성",
        "pa": 364,
        "ops": 0.711,
        "avg": 0.281,
        "obp": 0.355,
        "slg": 0.356,
        "rbi": 27,
        "sb": 5,
        "hr": 4
      },
      {
        "name": "구자욱",
        "year": 21,
        "team": "삼성",
        "pa": 610,
        "ops": 0.88,
        "avg": 0.306,
        "obp": 0.361,
        "slg": 0.519,
        "rbi": 88,
        "sb": 27,
        "hr": 22
      },
      {
        "name": "김상수",
        "year": 21,
        "team": "삼성",
        "pa": 496,
        "ops": 0.621,
        "avg": 0.235,
        "obp": 0.32,
        "slg": 0.301,
        "rbi": 42,
        "sb": 4,
        "hr": 3
      },
      {
        "name": "피렐라",
        "year": 21,
        "team": "삼성",
        "pa": 621,
        "ops": 0.854,
        "avg": 0.286,
        "obp": 0.359,
        "slg": 0.495,
        "rbi": 97,
        "sb": 9,
        "hr": 29
      },
      {
        "name": "박해민",
        "year": 21,
        "team": "삼성",
        "pa": 542,
        "ops": 0.76,
        "avg": 0.291,
        "obp": 0.383,
        "slg": 0.377,
        "rbi": 54,
        "sb": 36,
        "hr": 5
      },
      {
        "name": "김지찬",
        "year": 21,
        "team": "삼성",
        "pa": 336,
        "ops": 0.635,
        "avg": 0.274,
        "obp": 0.331,
        "slg": 0.304,
        "rbi": 26,
        "sb": 23,
        "hr": 1
      },
      {
        "name": "오재일",
        "year": 21,
        "team": "삼성",
        "pa": 484,
        "ops": 0.878,
        "avg": 0.285,
        "obp": 0.366,
        "slg": 0.512,
        "rbi": 97,
        "sb": 1,
        "hr": 25
      },
      {
        "name": "이원석",
        "year": 21,
        "team": "삼성",
        "pa": 480,
        "ops": 0.687,
        "avg": 0.231,
        "obp": 0.341,
        "slg": 0.346,
        "rbi": 59,
        "sb": 1,
        "hr": 9
      },
      {
        "name": "강민호",
        "year": 21,
        "team": "삼성",
        "pa": 462,
        "ops": 0.839,
        "avg": 0.291,
        "obp": 0.361,
        "slg": 0.478,
        "rbi": 67,
        "sb": 0,
        "hr": 18
      }
    ]
  },
  {
    "generation": 11,
    "expected_score": 6.155,
    "lineup": [
      "김상수",
      "구자욱",
      "피렐라",
      "김헌곤",
      "오재일",
      "강민호",
      "박해민",
      "이원석",
      "김지찬"
    ],
    "player_stats": [
      {
        "name": "김상수",
        "year": 21,
        "team": "삼성",
        "pa": 496,
        "ops": 0.621,
        "avg": 0.235,
        "obp": 0.32,
        "slg": 0.301,
        "rbi": 42,
        "sb": 4,
        "hr": 3
      },
      {
        "name": "구자욱",
        "year": 21,
        "team": "삼성",
        "pa": 610,
        "ops": 0.88,
        "avg": 0.306,
        "obp": 0.361,
        "slg": 0.519,
        "rbi": 88,
        "sb": 27,
        "hr": 22
      },
      {
        "name": "피렐라",
        "year": 21,
        "team": "삼성",
        "pa": 621,
        "ops": 0.854,
        "avg": 0.286,
        "obp": 0.359,
        "slg": 0.495,
        "rbi": 97,
        "sb": 9,
        "hr": 29
      },
      {
        "name": "김헌곤",
        "year": 21,
        "team": "삼성",
        "pa": 364,
        "ops": 0.711,
        "avg": 0.281,
        "obp": 0.355,
        "slg": 0.356,
        "rbi": 27,
        "sb": 5,
        "hr": 4
      },
      {
        "name": "오재일",
        "year": 21,
        "team": "삼성",
        "pa": 484,
        "ops": 0.878,
        "avg": 0.285,
        "obp": 0.366,
        "slg": 0.512,
        "rbi": 97,
        "sb": 1,
        "hr": 25
      },
      {
        "name": "강민호",
        "year": 21,
        "team": "삼성",
        "pa": 462,
        "ops": 0.839,
        "avg": 0.291,
        "obp": 0.361,
        "slg": 0.478,
        "rbi": 67,
        "sb": 0,
        "hr": 18
      },
      {
        "name": "박해민",
        "year": 21,
        "team": "삼성",
        "pa": 542,
        "ops": 0.76,
        "avg": 0.291,
        "obp": 0.383,
        "slg": 0.377,
        "rbi": 54,
        "sb": 36,
        "hr": 5
      },
      {
        "name": "이원석",
        "year": 21,
        "team": "삼성",
        "pa": 480,
        "ops": 0.687,
        "avg": 0.231,
        "obp": 0.341,
        "slg": 0.346,
        "rbi": 59,
        "sb": 1,
        "hr": 9
      },
      {
        "name": "김지찬",
        "year": 21,
        "team": "삼성",
        "pa": 336,
        "ops": 0.635,
        "avg": 0.274,
        "obp": 0.331,
        "slg": 0.304,
        "rbi": 26,
        "sb": 23,
        "hr": 1
      }
    ]
  },
  {
    "generation": 12,
    "expected_score": 5.855,
    "lineup": [
      "구자욱",
      "김지찬",
      "김상수",
      "김헌곤",
      "이원석",
      "박해민",
      "피렐라",
      "오재일",
      "강민호"
    ],
    "player_stats": [
      {
        "name": "구자욱",
        "year": 21,
        "team": "삼성",
        "pa": 610,
        "ops": 0.88,
        "avg": 0.306,
        "obp": 0.361,
        "slg": 0.519,
        "rbi": 88,
        "sb": 27,
        "hr": 22
      },
      {
        "name": "김지찬",
        "year": 21,
        "team": "삼성",
        "pa": 336,
        "ops": 0.635,
        "avg": 0.274,
        "obp": 0.331,
        "slg": 0.304,
        "rbi": 26,
        "sb": 23,
        "hr": 1
      },
      {
        "name": "김상수",
        "year": 21,
        "team": "삼성",
        "pa": 496,
        "ops": 0.621,
        "avg": 0.235,
        "obp": 0.32,
        "slg": 0.301,
        "rbi": 42,
        "sb": 4,
        "hr": 3
      },
      {
        "name": "김헌곤",
        "year": 21,
        "team": "삼성",
        "pa": 364,
        "ops": 0.711,
        "avg": 0.281,
        "obp": 0.355,
        "slg": 0.356,
        "rbi": 27,
        "sb": 5,
        "hr": 4
      },
      {
        "name": "이원석",
        "year": 21,
        "team": "삼성",
        "pa": 480,
        "ops": 0.687,
        "avg": 0.231,
        "obp": 0.341,
        "slg": 0.346,
        "rbi": 59,
        "sb": 1,
        "hr": 9
      },
      {
        "name": "박해민",
        "year": 21,
        "team": "삼성",
        "pa": 542,
        "ops": 0.76,
        "avg": 0.291,
        "obp": 0.383,
        "slg": 0.377,
        "rbi": 54,
        "sb": 36,
        "hr": 5
      },
      {
        "name": "피렐라",
        "year": 21,
        "team": "삼성",
        "pa": 621,
        "ops": 0.854,
        "avg": 0.286,
        "obp": 0.359,
        "slg": 0.495,
        "rbi": 97,
        "sb": 9,
        "hr": 29
      },
      {
        "name": "오재일",
        "year": 21,
        "team": "삼성",
        "pa": 484,
        "ops": 0.878,
        "avg": 0.285,
        "obp": 0.366,
        "slg": 0.512,
        "rbi": 97,
        "sb": 1,
        "hr": 25
      },
      {
        "name": "강민호",
        "year": 21,
        "team": "삼성",
        "pa": 462,
        "ops": 0.839,
        "avg": 0.291,
        "obp": 0.361,
        "slg": 0.478,
        "rbi": 67,
        "sb": 0,
        "hr": 18
      }
    ]
  },
  {
    "generation": 13,
    "expected_score": 5.855,
    "lineup": [
      "피렐라",
      "구자욱",
      "김헌곤",
      "김상수",
      "박해민",
      "이원석",
      "김지찬",
      "오재일",
      "강민호"
    ],
    "player_stats": [
      {
        "name": "피렐라",
        "year": 21,
        "team": "삼성",
        "pa": 621,
        "ops": 0.854,
        "avg": 0.286,
        "obp": 0.359,
        "slg": 0.495,
        "rbi": 97,
        "sb": 9,
        "hr": 29
      },
      {
        "name": "구자욱",
        "year": 21,
        "team": "삼성",
        "pa": 610,
        "ops": 0.88,
        "avg": 0.306,
        "obp": 0.361,
        "slg": 0.519,
        "rbi": 88,
        "sb": 27,
        "hr": 22
      },
      {
        "name": "김헌곤",
        "year": 21,
        "team": "삼성",
        "pa": 364,
        "ops": 0.711,
        "avg": 0.281,
        "obp": 0.355,
        "slg": 0.356,
        "rbi": 27,
        "sb": 5,
        "hr": 4
      },
      {
        "name": "김상수",
        "year": 21,
        "team": "삼성",
        "pa": 496,
        "ops": 0.621,
        "avg": 0.235,
        "obp": 0.32,
        "slg": 0.301,
        "rbi": 42,
        "sb": 4,
        "hr": 3
      },
      {
        "name": "박해민",
        "year": 21,
        "team": "삼성",
        "pa": 542,
        "ops": 0.76,
        "avg": 0.291,
        "obp": 0.383,
        "slg": 0.377,
        "rbi": 54,
        "sb": 36,
        "hr": 5
      },
      {
        "name": "이원석",
        "year": 21,
        "team": "삼성",
        "pa": 480,
        "ops": 0.687,
        "avg": 0.231,
        "obp": 0.341,
        "slg": 0.346,
        "rbi": 59,
        "sb": 1,
        "hr": 9
      },
      {
        "name": "김지찬",
        "year": 21,
        "team": "삼성",
        "pa": 336,
        "ops": 0.635,
        "avg": 0.274,
        "obp": 0.331,
        "slg": 0.304,
        "rbi": 26,
        "sb": 23,
        "hr": 1
      },
      {
        "name": "오재일",
        "year": 21,
        "team": "삼성",
        "pa": 484,
        "ops": 0.878,
        "avg": 0.285,
        "obp": 0.366,
        "slg": 0.512,
        "rbi": 97,
        "sb": 1,
        "hr": 25
      },
      {
        "name": "강민호",
        "year": 21,
        "team": "삼성",
        "pa": 462,
        "ops": 0.839,
        "avg": 0.291,
        "obp": 0.361,
        "slg": 0.478,
        "rbi": 67,
        "sb": 0,
        "hr": 18
      }
    ]
  },
  {
    "generation": 14,
    "expected_score": 5.86,
    "lineup": [
      "박해민",
      "김상수",
      "김헌곤",
      "김지찬",
      "이원석",
      "피렐라",
      "구자욱",
      "오재일",
      "강민호"
    ],
    "player_stats": [
      {
        "name": "박해민",
        "year": 21,
        "team": "삼성",
        "pa": 542,
        "ops": 0.76,
        "avg": 0.291,
        "obp": 0.383,
        "slg": 0.377,
        "rbi": 54,
        "sb": 36,
        "hr": 5
      },
      {
        "name": "김상수",
        "year": 21,
        "team": "삼성",
        "pa": 496,
        "ops": 0.621,
        "avg": 0.235,
        "obp": 0.32,
        "slg": 0.301,
        "rbi": 42,
        "sb": 4,
        "hr": 3
      },
      {
        "name": "김헌곤",
        "year": 21,
        "team": "삼성",
        "pa": 364,
        "ops": 0.711,
        "avg": 0.281,
        "obp": 0.355,
        "slg": 0.356,
        "rbi": 27,
        "sb": 5,
        "hr": 4
      },
      {
        "name": "김지찬",
        "year": 21,
        "team": "삼성",
        "pa": 336,
        "ops": 0.635,
        "avg": 0.274,
        "obp": 0.331,
        "slg": 0.304,
        "rbi": 26,
        "sb": 23,
        "hr": 1
      },
      {
        "name": "이원석",
        "year": 21,
        "team": "삼성",
        "pa": 480,
        "ops": 0.687,
        "avg": 0.231,
        "obp": 0.341,
        "slg": 0.346,
        "rbi": 59,
        "sb": 1,
        "hr": 9
      },
      {
        "name": "피렐라",
        "year": 21,
        "team": "삼성",
        "pa": 621,
        "ops": 0.854,
        "avg": 0.286,
        "obp": 0.359,
        "slg": 0.495,
        "rbi": 97,
        "sb": 9,
        "hr": 29
      },
      {
        "name": "구자욱",
        "year": 21,
        "team": "삼성",
        "pa": 610,
        "ops": 0.88,
        "avg": 0.306,
        "obp": 0.361,
        "slg": 0.519,
        "rbi": 88,
        "sb": 27,
        "hr": 22
      },
      {
        "name": "오재일",
        "year": 21,
        "team": "삼성",
        "pa": 484,
        "ops": 0.878,
        "avg": 0.285,
        "obp": 0.366,
        "slg": 0.512,
        "rbi": 97,
        "sb": 1,
        "hr": 25
      },
      {
        "name": "강민호",
        "year": 21,
        "team": "삼성",
        "pa": 462,
        "ops": 0.839,
        "avg": 0.291,
        "obp": 0.361,
        "slg": 0.478,
        "rbi": 67,
        "sb": 0,
        "hr": 18
      }
    ]
  },
  {
    "generation": 15,
    "expected_score": 5.9,
    "lineup": [
      "구자욱",
      "김헌곤",
      "김상수",
      "오재일",
      "강민호",
      "피렐라",
      "박해민",
      "이원석",
      "김지찬"
    ],
    "player_stats": [
      {
        "name": "구자욱",
        "year": 21,
        "team": "삼성",
        "pa": 610,
        "ops": 0.88,
        "avg": 0.306,
        "obp": 0.361,
        "slg": 0.519,
        "rbi": 88,
        "sb": 27,
        "hr": 22
      },
      {
        "name": "김헌곤",
        "year": 21,
        "team": "삼성",
        "pa": 364,
        "ops": 0.711,
        "avg": 0.281,
        "obp": 0.355,
        "slg": 0.356,
        "rbi": 27,
        "sb": 5,
        "hr": 4
      },
      {
        "name": "김상수",
        "year": 21,
        "team": "삼성",
        "pa": 496,
        "ops": 0.621,
        "avg": 0.235,
        "obp": 0.32,
        "slg": 0.301,
        "rbi": 42,
        "sb": 4,
        "hr": 3
      },
      {
        "name": "오재일",
        "year": 21,
        "team": "삼성",
        "pa": 484,
        "ops": 0.878,
        "avg": 0.285,
        "obp": 0.366,
        "slg": 0.512,
        "rbi": 97,
        "sb": 1,
        "hr": 25
      },
      {
        "name": "강민호",
        "year": 21,
        "team": "삼성",
        "pa": 462,
        "ops": 0.839,
        "avg": 0.291,
        "obp": 0.361,
        "slg": 0.478,
        "rbi": 67,
        "sb": 0,
        "hr": 18
      },
      {
        "name": "피렐라",
        "year": 21,
        "team": "삼성",
        "pa": 621,
        "ops": 0.854,
        "avg": 0.286,
        "obp": 0.359,
        "slg": 0.495,
        "rbi": 97,
        "sb": 9,
        "hr": 29
      },
      {
        "name": "박해민",
        "year": 21,
        "team": "삼성",
        "pa": 542,
        "ops": 0.76,
        "avg": 0.291,
        "obp": 0.383,
        "slg": 0.377,
        "rbi": 54,
        "sb": 36,
        "hr": 5
      },
      {
        "name": "이원석",
        "year": 21,
        "team": "삼성",
        "pa": 480,
        "ops": 0.687,
        "avg": 0.231,
        "obp": 0.341,
        "slg": 0.346,
        "rbi": 59,
        "sb": 1,
        "hr": 9
      },
      {
        "name": "김지찬",
        "year": 21,
        "team": "삼성",
        "pa": 336,
        "ops": 0.635,
        "avg": 0.274,
        "obp": 0.331,
        "slg": 0.304,
        "rbi": 26,
        "sb": 23,
        "hr": 1
      }
    ]
  },
  {
    "generation": 16,
    "expected_score": 6.18,
    "lineup": [
      "구자욱",
      "김헌곤",
      "김상수",
      "김지찬",
      "피렐라",
      "강민호",
      "오재일",
      "박해민",
      "이원석"
    ],
    "player_stats": [
      {
        "name": "구자욱",
        "year": 21,
        "team": "삼성",
        "pa": 610,
        "ops": 0.88,
        "avg": 0.306,
        "obp": 0.361,
        "slg": 0.519,
        "rbi": 88,
        "sb": 27,
        "hr": 22
      },
      {
        "name": "김헌곤",
        "year": 21,
        "team": "삼성",
        "pa": 364,
        "ops": 0.711,
        "avg": 0.281,
        "obp": 0.355,
        "slg": 0.356,
        "rbi": 27,
        "sb": 5,
        "hr": 4
      },
      {
        "name": "김상수",
        "year": 21,
        "team": "삼성",
        "pa": 496,
        "ops": 0.621,
        "avg": 0.235,
        "obp": 0.32,
        "slg": 0.301,
        "rbi": 42,
        "sb": 4,
        "hr": 3
      },
      {
        "name": "김지찬",
        "year": 21,
        "team": "삼성",
        "pa": 336,
        "ops": 0.635,
        "avg": 0.274,
        "obp": 0.331,
        "slg": 0.304,
        "rbi": 26,
        "sb": 23,
        "hr": 1
      },
      {
        "name": "피렐라",
        "year": 21,
        "team": "삼성",
        "pa": 621,
        "ops": 0.854,
        "avg": 0.286,
        "obp": 0.359,
        "slg": 0.495,
        "rbi": 97,
        "sb": 9,
        "hr": 29
      },
      {
        "name": "강민호",
        "year": 21,
        "team": "삼성",
        "pa": 462,
        "ops": 0.839,
        "avg": 0.291,
        "obp": 0.361,
        "slg": 0.478,
        "rbi": 67,
        "sb": 0,
        "hr": 18
      },
      {
        "name": "오재일",
        "year": 21,
        "team": "삼성",
        "pa": 484,
        "ops": 0.878,
        "avg": 0.285,
        "obp": 0.366,
        "slg": 0.512,
        "rbi": 97,
        "sb": 1,
        "hr": 25
      },
      {
        "name": "박해민",
        "year": 21,
        "team": "삼성",
        "pa": 542,
        "ops": 0.76,
        "avg": 0.291,
        "obp": 0.383,
        "slg": 0.377,
        "rbi": 54,
        "sb": 36,
        "hr": 5
      },
      {
        "name": "이원석",
        "year": 21,
        "team": "삼성",
        "pa": 480,
        "ops": 0.687,
        "avg": 0.231,
        "obp": 0.341,
        "slg": 0.346,
        "rbi": 59,
        "sb": 1,
        "hr": 9
      }
    ]
  },
  {
    "generation": 17,
    "expected_score": 6.055,
    "lineup": [
      "구자욱",
      "김지찬",
      "김상수",
      "오재일",
      "강민호",
      "피렐라",
      "김헌곤",
      "이원석",
      "박해민"
    ],
    "player_stats": [
      {
        "name": "구자욱",
        "year": 21,
        "team": "삼성",
        "pa": 610,
        "ops": 0.88,
        "avg": 0.306,
        "obp": 0.361,
        "slg": 0.519,
        "rbi": 88,
        "sb": 27,
        "hr": 22
      },
      {
        "name": "김지찬",
        "year": 21,
        "team": "삼성",
        "pa": 336,
        "ops": 0.635,
        "avg": 0.274,
        "obp": 0.331,
        "slg": 0.304,
        "rbi": 26,
        "sb": 23,
        "hr": 1
      },
      {
        "name": "김상수",
        "year": 21,
        "team": "삼성",
        "pa": 496,
        "ops": 0.621,
        "avg": 0.235,
        "obp": 0.32,
        "slg": 0.301,
        "rbi": 42,
        "sb": 4,
        "hr": 3
      },
      {
        "name": "오재일",
        "year": 21,
        "team": "삼성",
        "pa": 484,
        "ops": 0.878,
        "avg": 0.285,
        "obp": 0.366,
        "slg": 0.512,
        "rbi": 97,
        "sb": 1,
        "hr": 25
      },
      {
        "name": "강민호",
        "year": 21,
        "team": "삼성",
        "pa": 462,
        "ops": 0.839,
        "avg": 0.291,
        "obp": 0.361,
        "slg": 0.478,
        "rbi": 67,
        "sb": 0,
        "hr": 18
      },
      {
        "name": "피렐라",
        "year": 21,
        "team": "삼성",
        "pa": 621,
        "ops": 0.854,
        "avg": 0.286,
        "obp": 0.359,
        "slg": 0.495,
        "rbi": 97,
        "sb": 9,
        "hr": 29
      },
      {
        "name": "김헌곤",
        "year": 21,
        "team": "삼성",
        "pa": 364,
        "ops": 0.711,
        "avg": 0.281,
        "obp": 0.355,
        "slg": 0.356,
        "rbi": 27,
        "sb": 5,
        "hr": 4
      },
      {
        "name": "이원석",
        "year": 21,
        "team": "삼성",
        "pa": 480,
        "ops": 0.687,
        "avg": 0.231,
        "obp": 0.341,
        "slg": 0.346,
        "rbi": 59,
        "sb": 1,
        "hr": 9
      },
      {
        "name": "박해민",
        "year": 21,
        "team": "삼성",
        "pa": 542,
        "ops": 0.76,
        "avg": 0.291,
        "obp": 0.383,
        "slg": 0.377,
        "rbi": 54,
        "sb": 36,
        "hr": 5
      }
    ]
  },
  {
    "generation": 18,
    "expected_score": 5.93,
    "lineup": [
      "박해민",
      "김지찬",
      "피렐라",
      "김헌곤",
      "이원석",
      "구자욱",
      "강민호",
      "오재일",
      "김상수"
    ],
    "player_stats": [
      {
        "name": "박해민",
        "year": 21,
        "team": "삼성",
        "pa": 542,
        "ops": 0.76,
        "avg": 0.291,
        "obp": 0.383,
        "slg": 0.377,
        "rbi": 54,
        "sb": 36,
        "hr": 5
      },
      {
        "name": "김지찬",
        "year": 21,
        "team": "삼성",
        "pa": 336,
        "ops": 0.635,
        "avg": 0.274,
        "obp": 0.331,
        "slg": 0.304,
        "rbi": 26,
        "sb": 23,
        "hr": 1
      },
      {
        "name": "피렐라",
        "year": 21,
        "team": "삼성",
        "pa": 621,
        "ops": 0.854,
        "avg": 0.286,
        "obp": 0.359,
        "slg": 0.495,
        "rbi": 97,
        "sb": 9,
        "hr": 29
      },
      {
        "name": "김헌곤",
        "year": 21,
        "team": "삼성",
        "pa": 364,
        "ops": 0.711,
        "avg": 0.281,
        "obp": 0.355,
        "slg": 0.356,
        "rbi": 27,
        "sb": 5,
        "hr": 4
      },
      {
        "name": "이원석",
        "year": 21,
        "team": "삼성",
        "pa": 480,
        "ops": 0.687,
        "avg": 0.231,
        "obp": 0.341,
        "slg": 0.346,
        "rbi": 59,
        "sb": 1,
        "hr": 9
      },
      {
        "name": "구자욱",
        "year": 21,
        "team": "삼성",
        "pa": 610,
        "ops": 0.88,
        "avg": 0.306,
        "obp": 0.361,
        "slg": 0.519,
        "rbi": 88,
        "sb": 27,
        "hr": 22
      },
      {
        "name": "강민호",
        "year": 21,
        "team": "삼성",
        "pa": 462,
        "ops": 0.839,
        "avg": 0.291,
        "obp": 0.361,
        "slg": 0.478,
        "rbi": 67,
        "sb": 0,
        "hr": 18
      },
      {
        "name": "오재일",
        "year": 21,
        "team": "삼성",
        "pa": 484,
        "ops": 0.878,
        "avg": 0.285,
        "obp": 0.366,
        "slg": 0.512,
        "rbi": 97,
        "sb": 1,
        "hr": 25
      },
      {
        "name": "김상수",
        "year": 21,
        "team": "삼성",
        "pa": 496,
        "ops": 0.621,
        "avg": 0.235,
        "obp": 0.32,
        "slg": 0.301,
        "rbi": 42,
        "sb": 4,
        "hr": 3
      }
    ]
  },
  {
    "generation": 19,
    "expected_score": 5.805,
    "lineup": [
      "구자욱",
      "김지찬",
      "강민호",
      "오재일",
      "김상수",
      "피렐라",
      "김헌곤",
      "이원석",
      "박해민"
    ],
    "player_stats": [
      {
        "name": "구자욱",
        "year": 21,
        "team": "삼성",
        "pa": 610,
        "ops": 0.88,
        "avg": 0.306,
        "obp": 0.361,
        "slg": 0.519,
        "rbi": 88,
        "sb": 27,
        "hr": 22
      },
      {
        "name": "김지찬",
        "year": 21,
        "team": "삼성",
        "pa": 336,
        "ops": 0.635,
        "avg": 0.274,
        "obp": 0.331,
        "slg": 0.304,
        "rbi": 26,
        "sb": 23,
        "hr": 1
      },
      {
        "name": "강민호",
        "year": 21,
        "team": "삼성",
        "pa": 462,
        "ops": 0.839,
        "avg": 0.291,
        "obp": 0.361,
        "slg": 0.478,
        "rbi": 67,
        "sb": 0,
        "hr": 18
      },
      {
        "name": "오재일",
        "year": 21,
        "team": "삼성",
        "pa": 484,
        "ops": 0.878,
        "avg": 0.285,
        "obp": 0.366,
        "slg": 0.512,
        "rbi": 97,
        "sb": 1,
        "hr": 25
      },
      {
        "name": "김상수",
        "year": 21,
        "team": "삼성",
        "pa": 496,
        "ops": 0.621,
        "avg": 0.235,
        "obp": 0.32,
        "slg": 0.301,
        "rbi": 42,
        "sb": 4,
        "hr": 3
      },
      {
        "name": "피렐라",
        "year": 21,
        "team": "삼성",
        "pa": 621,
        "ops": 0.854,
        "avg": 0.286,
        "obp": 0.359,
        "slg": 0.495,
        "rbi": 97,
        "sb": 9,
        "hr": 29
      },
      {
        "name": "김헌곤",
        "year": 21,
        "team": "삼성",
        "pa": 364,
        "ops": 0.711,
        "avg": 0.281,
        "obp": 0.355,
        "slg": 0.356,
        "rbi": 27,
        "sb": 5,
        "hr": 4
      },
      {
        "name": "이원석",
        "year": 21,
        "team": "삼성",
        "pa": 480,
        "ops": 0.687,
        "avg": 0.231,
        "obp": 0.341,
        "slg": 0.346,
        "rbi": 59,
        "sb": 1,
        "hr": 9
      },
      {
        "name": "박해민",
        "year": 21,
        "team": "삼성",
        "pa": 542,
        "ops": 0.76,
        "avg": 0.291,
        "obp": 0.383,
        "slg": 0.377,
        "rbi": 54,
        "sb": 36,
        "hr": 5
      }
    ]
  },
  {
    "generation": 20,
    "expected_score": 6.005,
    "lineup": [
      "김상수",
      "김지찬",
      "피렐라",
      "김헌곤",
      "이원석",
      "구자욱",
      "박해민",
      "오재일",
      "강민호"
    ],
    "player_stats": [
      {
        "name": "김상수",
        "year": 21,
        "team": "삼성",
        "pa": 496,
        "ops": 0.621,
        "avg": 0.235,
        "obp": 0.32,
        "slg": 0.301,
        "rbi": 42,
        "sb": 4,
        "hr": 3
      },
      {
        "name": "김지찬",
        "year": 21,
        "team": "삼성",
        "pa": 336,
        "ops": 0.635,
        "avg": 0.274,
        "obp": 0.331,
        "slg": 0.304,
        "rbi": 26,
        "sb": 23,
        "hr": 1
      },
      {
        "name": "피렐라",
        "year": 21,
        "team": "삼성",
        "pa": 621,
        "ops": 0.854,
        "avg": 0.286,
        "obp": 0.359,
        "slg": 0.495,
        "rbi": 97,
        "sb": 9,
        "hr": 29
      },
      {
        "name": "김헌곤",
        "year": 21,
        "team": "삼성",
        "pa": 364,
        "ops": 0.711,
        "avg": 0.281,
        "obp": 0.355,
        "slg": 0.356,
        "rbi": 27,
        "sb": 5,
        "hr": 4
      },
      {
        "name": "이원석",
        "year": 21,
        "team": "삼성",
        "pa": 480,
        "ops": 0.687,
        "avg": 0.231,
        "obp": 0.341,
        "slg": 0.346,
        "rbi": 59,
        "sb": 1,
        "hr": 9
      },
      {
        "name": "구자욱",
        "year": 21,
        "team": "삼성",
        "pa": 610,
        "ops": 0.88,
        "avg": 0.306,
        "obp": 0.361,
        "slg": 0.519,
        "rbi": 88,
        "sb": 27,
        "hr": 22
      },
      {
        "name": "박해민",
        "year": 21,
        "team": "삼성",
        "pa": 542,
        "ops": 0.76,
        "avg": 0.291,
        "obp": 0.383,
        "slg": 0.377,
        "rbi": 54,
        "sb": 36,
        "hr": 5
      },
      {
        "name": "오재일",
        "year": 21,
        "team": "삼성",
        "pa": 484,
        "ops": 0.878,
        "avg": 0.285,
        "obp": 0.366,
        "slg": 0.512,
        "rbi": 97,
        "sb": 1,
        "hr": 25
      },
      {
        "name": "강민호",
        "year": 21,
        "team": "삼성",
        "pa": 462,
        "ops": 0.839,
        "avg": 0.291,
        "obp": 0.361,
        "slg": 0.478,
        "rbi": 67,
        "sb": 0,
        "hr": 18
      }
    ]
  },
  {
    "generation": 21,
    "expected_score": 5.9,
    "lineup": [
      "김지찬",
      "박해민",
      "피렐라",
      "김헌곤",
      "이원석",
      "구자욱",
      "강민호",
      "오재일",
      "김상수"
    ],
    "player_stats": [
      {
        "name": "김지찬",
        "year": 21,
        "team": "삼성",
        "pa": 336,
        "ops": 0.635,
        "avg": 0.274,
        "obp": 0.331,
        "slg": 0.304,
        "rbi": 26,
        "sb": 23,
        "hr": 1
      },
      {
        "name": "박해민",
        "year": 21,
        "team": "삼성",
        "pa": 542,
        "ops": 0.76,
        "avg": 0.291,
        "obp": 0.383,
        "slg": 0.377,
        "rbi": 54,
        "sb": 36,
        "hr": 5
      },
      {
        "name": "피렐라",
        "year": 21,
        "team": "삼성",
        "pa": 621,
        "ops": 0.854,
        "avg": 0.286,
        "obp": 0.359,
        "slg": 0.495,
        "rbi": 97,
        "sb": 9,
        "hr": 29
      },
      {
        "name": "김헌곤",
        "year": 21,
        "team": "삼성",
        "pa": 364,
        "ops": 0.711,
        "avg": 0.281,
        "obp": 0.355,
        "slg": 0.356,
        "rbi": 27,
        "sb": 5,
        "hr": 4
      },
      {
        "name": "이원석",
        "year": 21,
        "team": "삼성",
        "pa": 480,
        "ops": 0.687,
        "avg": 0.231,
        "obp": 0.341,
        "slg": 0.346,
        "rbi": 59,
        "sb": 1,
        "hr": 9
      },
      {
        "name": "구자욱",
        "year": 21,
        "team": "삼성",
        "pa": 610,
        "ops": 0.88,
        "avg": 0.306,
        "obp": 0.361,
        "slg": 0.519,
        "rbi": 88,
        "sb": 27,
        "hr": 22
      },
      {
        "name": "강민호",
        "year": 21,
        "team": "삼성",
        "pa": 462,
        "ops": 0.839,
        "avg": 0.291,
        "obp": 0.361,
        "slg": 0.478,
        "rbi": 67,
        "sb": 0,
        "hr": 18
      },
      {
        "name": "오재일",
        "year": 21,
        "team": "삼성",
        "pa": 484,
        "ops": 0.878,
        "avg": 0.285,
        "obp": 0.366,
        "slg": 0.512,
        "rbi": 97,
        "sb": 1,
        "hr": 25
      },
      {
        "name": "김상수",
        "year": 21,
        "team": "삼성",
        "pa": 496,
        "ops": 0.621,
        "avg": 0.235,
        "obp": 0.32,
        "slg": 0.301,
        "rbi": 42,
        "sb": 4,
        "hr": 3
      }
    ]
  },
  {
    "generation": 22,
    "expected_score": 6.02,
    "lineup": [
      "구자욱",
      "박해민",
      "김지찬",
      "오재일",
      "피렐라",
      "김헌곤",
      "강민호",
      "김상수",
      "이원석"
    ],
    "player_stats": [
      {
        "name": "구자욱",
        "year": 21,
        "team": "삼성",
        "pa": 610,
        "ops": 0.88,
        "avg": 0.306,
        "obp": 0.361,
        "slg": 0.519,
        "rbi": 88,
        "sb": 27,
        "hr": 22
      },
      {
        "name": "박해민",
        "year": 21,
        "team": "삼성",
        "pa": 542,
        "ops": 0.76,
        "avg": 0.291,
        "obp": 0.383,
        "slg": 0.377,
        "rbi": 54,
        "sb": 36,
        "hr": 5
      },
      {
        "name": "김지찬",
        "year": 21,
        "team": "삼성",
        "pa": 336,
        "ops": 0.635,
        "avg": 0.274,
        "obp": 0.331,
        "slg": 0.304,
        "rbi": 26,
        "sb": 23,
        "hr": 1
      },
      {
        "name": "오재일",
        "year": 21,
        "team": "삼성",
        "pa": 484,
        "ops": 0.878,
        "avg": 0.285,
        "obp": 0.366,
        "slg": 0.512,
        "rbi": 97,
        "sb": 1,
        "hr": 25
      },
      {
        "name": "피렐라",
        "year": 21,
        "team": "삼성",
        "pa": 621,
        "ops": 0.854,
        "avg": 0.286,
        "obp": 0.359,
        "slg": 0.495,
        "rbi": 97,
        "sb": 9,
        "hr": 29
      },
      {
        "name": "김헌곤",
        "year": 21,
        "team": "삼성",
        "pa": 364,
        "ops": 0.711,
        "avg": 0.281,
        "obp": 0.355,
        "slg": 0.356,
        "rbi": 27,
        "sb": 5,
        "hr": 4
      },
      {
        "name": "강민호",
        "year": 21,
        "team": "삼성",
        "pa": 462,
        "ops": 0.839,
        "avg": 0.291,
        "obp": 0.361,
        "slg": 0.478,
        "rbi": 67,
        "sb": 0,
        "hr": 18
      },
      {
        "name": "김상수",
        "year": 21,
        "team": "삼성",
        "pa": 496,
        "ops": 0.621,
        "avg": 0.235,
        "obp": 0.32,
        "slg": 0.301,
        "rbi": 42,
        "sb": 4,
        "hr": 3
      },
      {
        "name": "이원석",
        "year": 21,
        "team": "삼성",
        "pa": 480,
        "ops": 0.687,
        "avg": 0.231,
        "obp": 0.341,
        "slg": 0.346,
        "rbi": 59,
        "sb": 1,
        "hr": 9
      }
    ]
  },
  {
    "generation": 23,
    "expected_score": 6.1,
    "lineup": [
      "구자욱",
      "피렐라",
      "이원석",
      "김지찬",
      "박해민",
      "오재일",
      "강민호",
      "김상수",
      "김헌곤"
    ],
    "player_stats": [
      {
        "name": "구자욱",
        "year": 21,
        "team": "삼성",
        "pa": 610,
        "ops": 0.88,
        "avg": 0.306,
        "obp": 0.361,
        "slg": 0.519,
        "rbi": 88,
        "sb": 27,
        "hr": 22
      },
      {
        "name": "피렐라",
        "year": 21,
        "team": "삼성",
        "pa": 621,
        "ops": 0.854,
        "avg": 0.286,
        "obp": 0.359,
        "slg": 0.495,
        "rbi": 97,
        "sb": 9,
        "hr": 29
      },
      {
        "name": "이원석",
        "year": 21,
        "team": "삼성",
        "pa": 480,
        "ops": 0.687,
        "avg": 0.231,
        "obp": 0.341,
        "slg": 0.346,
        "rbi": 59,
        "sb": 1,
        "hr": 9
      },
      {
        "name": "김지찬",
        "year": 21,
        "team": "삼성",
        "pa": 336,
        "ops": 0.635,
        "avg": 0.274,
        "obp": 0.331,
        "slg": 0.304,
        "rbi": 26,
        "sb": 23,
        "hr": 1
      },
      {
        "name": "박해민",
        "year": 21,
        "team": "삼성",
        "pa": 542,
        "ops": 0.76,
        "avg": 0.291,
        "obp": 0.383,
        "slg": 0.377,
        "rbi": 54,
        "sb": 36,
        "hr": 5
      },
      {
        "name": "오재일",
        "year": 21,
        "team": "삼성",
        "pa": 484,
        "ops": 0.878,
        "avg": 0.285,
        "obp": 0.366,
        "slg": 0.512,
        "rbi": 97,
        "sb": 1,
        "hr": 25
      },
      {
        "name": "강민호",
        "year": 21,
        "team": "삼성",
        "pa": 462,
        "ops": 0.839,
        "avg": 0.291,
        "obp": 0.361,
        "slg": 0.478,
        "rbi": 67,
        "sb": 0,
        "hr": 18
      },
      {
        "name": "김상수",
        "year": 21,
        "team": "삼성",
        "pa": 496,
        "ops": 0.621,
        "avg": 0.235,
        "obp": 0.32,
        "slg": 0.301,
        "rbi": 42,
        "sb": 4,
        "hr": 3
      },
      {
        "name": "김헌곤",
        "year": 21,
        "team": "삼성",
        "pa": 364,
        "ops": 0.711,
        "avg": 0.281,
        "obp": 0.355,
        "slg": 0.356,
        "rbi": 27,
        "sb": 5,
        "hr": 4
      }
    ]
  },
  {
    "generation": 24,
    "expected_score": 6.005,
    "lineup": [
      "김상수",
      "김지찬",
      "강민호",
      "구자욱",
      "김헌곤",
      "오재일",
      "이원석",
      "피렐라",
      "박해민"
    ],
    "player_stats": [
      {
        "name": "김상수",
        "year": 21,
        "team": "삼성",
        "pa": 496,
        "ops": 0.621,
        "avg": 0.235,
        "obp": 0.32,
        "slg": 0.301,
        "rbi": 42,
        "sb": 4,
        "hr": 3
      },
      {
        "name": "김지찬",
        "year": 21,
        "team": "삼성",
        "pa": 336,
        "ops": 0.635,
        "avg": 0.274,
        "obp": 0.331,
        "slg": 0.304,
        "rbi": 26,
        "sb": 23,
        "hr": 1
      },
      {
        "name": "강민호",
        "year": 21,
        "team": "삼성",
        "pa": 462,
        "ops": 0.839,
        "avg": 0.291,
        "obp": 0.361,
        "slg": 0.478,
        "rbi": 67,
        "sb": 0,
        "hr": 18
      },
      {
        "name": "구자욱",
        "year": 21,
        "team": "삼성",
        "pa": 610,
        "ops": 0.88,
        "avg": 0.306,
        "obp": 0.361,
        "slg": 0.519,
        "rbi": 88,
        "sb": 27,
        "hr": 22
      },
      {
        "name": "김헌곤",
        "year": 21,
        "team": "삼성",
        "pa": 364,
        "ops": 0.711,
        "avg": 0.281,
        "obp": 0.355,
        "slg": 0.356,
        "rbi": 27,
        "sb": 5,
        "hr": 4
      },
      {
        "name": "오재일",
        "year": 21,
        "team": "삼성",
        "pa": 484,
        "ops": 0.878,
        "avg": 0.285,
        "obp": 0.366,
        "slg": 0.512,
        "rbi": 97,
        "sb": 1,
        "hr": 25
      },
      {
        "name": "이원석",
        "year": 21,
        "team": "삼성",
        "pa": 480,
        "ops": 0.687,
        "avg": 0.231,
        "obp": 0.341,
        "slg": 0.346,
        "rbi": 59,
        "sb": 1,
        "hr": 9
      },
      {
        "name": "피렐라",
        "year": 21,
        "team": "삼성",
        "pa": 621,
        "ops": 0.854,
        "avg": 0.286,
        "obp": 0.359,
        "slg": 0.495,
        "rbi": 97,
        "sb": 9,
        "hr": 29
      },
      {
        "name": "박해민",
        "year": 21,
        "team": "삼성",
        "pa": 542,
        "ops": 0.76,
        "avg": 0.291,
        "obp": 0.383,
        "slg": 0.377,
        "rbi": 54,
        "sb": 36,
        "hr": 5
      }
    ]
  },
  {
    "generation": 25,
    "expected_score": 5.88,
    "lineup": [
      "김상수",
      "피렐라",
      "이원석",
      "구자욱",
      "김헌곤",
      "박해민",
      "김지찬",
      "오재일",
      "강민호"
    ],
    "player_stats": [
      {
        "name": "김상수",
        "year": 21,
        "team": "삼성",
        "pa": 496,
        "ops": 0.621,
        "avg": 0.235,
        "obp": 0.32,
        "slg": 0.301,
        "rbi": 42,
        "sb": 4,
        "hr": 3
      },
      {
        "name": "피렐라",
        "year": 21,
        "team": "삼성",
        "pa": 621,
        "ops": 0.854,
        "avg": 0.286,
        "obp": 0.359,
        "slg": 0.495,
        "rbi": 97,
        "sb": 9,
        "hr": 29
      },
      {
        "name": "이원석",
        "year": 21,
        "team": "삼성",
        "pa": 480,
        "ops": 0.687,
        "avg": 0.231,
        "obp": 0.341,
        "slg": 0.346,
        "rbi": 59,
        "sb": 1,
        "hr": 9
      },
      {
        "name": "구자욱",
        "year": 21,
        "team": "삼성",
        "pa": 610,
        "ops": 0.88,
        "avg": 0.306,
        "obp": 0.361,
        "slg": 0.519,
        "rbi": 88,
        "sb": 27,
        "hr": 22
      },
      {
        "name": "김헌곤",
        "year": 21,
        "team": "삼성",
        "pa": 364,
        "ops": 0.711,
        "avg": 0.281,
        "obp": 0.355,
        "slg": 0.356,
        "rbi": 27,
        "sb": 5,
        "hr": 4
      },
      {
        "name": "박해민",
        "year": 21,
        "team": "삼성",
        "pa": 542,
        "ops": 0.76,
        "avg": 0.291,
        "obp": 0.383,
        "slg": 0.377,
        "rbi": 54,
        "sb": 36,
        "hr": 5
      },
      {
        "name": "김지찬",
        "year": 21,
        "team": "삼성",
        "pa": 336,
        "ops": 0.635,
        "avg": 0.274,
        "obp": 0.331,
        "slg": 0.304,
        "rbi": 26,
        "sb": 23,
        "hr": 1
      },
      {
        "name": "오재일",
        "year": 21,
        "team": "삼성",
        "pa": 484,
        "ops": 0.878,
        "avg": 0.285,
        "obp": 0.366,
        "slg": 0.512,
        "rbi": 97,
        "sb": 1,
        "hr": 25
      },
      {
        "name": "강민호",
        "year": 21,
        "team": "삼성",
        "pa": 462,
        "ops": 0.839,
        "avg": 0.291,
        "obp": 0.361,
        "slg": 0.478,
        "rbi": 67,
        "sb": 0,
        "hr": 18
      }
    ]
  },
  {
    "generation": 26,
    "expected_score": 5.69,
    "lineup": [
      "김지찬",
      "김헌곤",
      "이원석",
      "구자욱",
      "피렐라",
      "박해민",
      "오재일",
      "강민호",
      "김상수"
    ],
    "player_stats": [
      {
        "name": "김지찬",
        "year": 21,
        "team": "삼성",
        "pa": 336,
        "ops": 0.635,
        "avg": 0.274,
        "obp": 0.331,
        "slg": 0.304,
        "rbi": 26,
        "sb": 23,
        "hr": 1
      },
      {
        "name": "김헌곤",
        "year": 21,
        "team": "삼성",
        "pa": 364,
        "ops": 0.711,
        "avg": 0.281,
        "obp": 0.355,
        "slg": 0.356,
        "rbi": 27,
        "sb": 5,
        "hr": 4
      },
      {
        "name": "이원석",
        "year": 21,
        "team": "삼성",
        "pa": 480,
        "ops": 0.687,
        "avg": 0.231,
        "obp": 0.341,
        "slg": 0.346,
        "rbi": 59,
        "sb": 1,
        "hr": 9
      },
      {
        "name": "구자욱",
        "year": 21,
        "team": "삼성",
        "pa": 610,
        "ops": 0.88,
        "avg": 0.306,
        "obp": 0.361,
        "slg": 0.519,
        "rbi": 88,
        "sb": 27,
        "hr": 22
      },
      {
        "name": "피렐라",
        "year": 21,
        "team": "삼성",
        "pa": 621,
        "ops": 0.854,
        "avg": 0.286,
        "obp": 0.359,
        "slg": 0.495,
        "rbi": 97,
        "sb": 9,
        "hr": 29
      },
      {
        "name": "박해민",
        "year": 21,
        "team": "삼성",
        "pa": 542,
        "ops": 0.76,
        "avg": 0.291,
        "obp": 0.383,
        "slg": 0.377,
        "rbi": 54,
        "sb": 36,
        "hr": 5
      },
      {
        "name": "오재일",
        "year": 21,
        "team": "삼성",
        "pa": 484,
        "ops": 0.878,
        "avg": 0.285,
        "obp": 0.366,
        "slg": 0.512,
        "rbi": 97,
        "sb": 1,
        "hr": 25
      },
      {
        "name": "강민호",
        "year": 21,
        "team": "삼성",
        "pa": 462,
        "ops": 0.839,
        "avg": 0.291,
        "obp": 0.361,
        "slg": 0.478,
        "rbi": 67,
        "sb": 0,
        "hr": 18
      },
      {
        "name": "김상수",
        "year": 21,
        "team": "삼성",
        "pa": 496,
        "ops": 0.621,
        "avg": 0.235,
        "obp": 0.32,
        "slg": 0.301,
        "rbi": 42,
        "sb": 4,
        "hr": 3
      }
    ]
  },
  {
    "generation": 27,
    "expected_score": 6.05,
    "lineup": [
      "김지찬",
      "이원석",
      "피렐라",
      "구자욱",
      "김헌곤",
      "김상수",
      "박해민",
      "오재일",
      "강민호"
    ],
    "player_stats": [
      {
        "name": "김지찬",
        "year": 21,
        "team": "삼성",
        "pa": 336,
        "ops": 0.635,
        "avg": 0.274,
        "obp": 0.331,
        "slg": 0.304,
        "rbi": 26,
        "sb": 23,
        "hr": 1
      },
      {
        "name": "이원석",
        "year": 21,
        "team": "삼성",
        "pa": 480,
        "ops": 0.687,
        "avg": 0.231,
        "obp": 0.341,
        "slg": 0.346,
        "rbi": 59,
        "sb": 1,
        "hr": 9
      },
      {
        "name": "피렐라",
        "year": 21,
        "team": "삼성",
        "pa": 621,
        "ops": 0.854,
        "avg": 0.286,
        "obp": 0.359,
        "slg": 0.495,
        "rbi": 97,
        "sb": 9,
        "hr": 29
      },
      {
        "name": "구자욱",
        "year": 21,
        "team": "삼성",
        "pa": 610,
        "ops": 0.88,
        "avg": 0.306,
        "obp": 0.361,
        "slg": 0.519,
        "rbi": 88,
        "sb": 27,
        "hr": 22
      },
      {
        "name": "김헌곤",
        "year": 21,
        "team": "삼성",
        "pa": 364,
        "ops": 0.711,
        "avg": 0.281,
        "obp": 0.355,
        "slg": 0.356,
        "rbi": 27,
        "sb": 5,
        "hr": 4
      },
      {
        "name": "김상수",
        "year": 21,
        "team": "삼성",
        "pa": 496,
        "ops": 0.621,
        "avg": 0.235,
        "obp": 0.32,
        "slg": 0.301,
        "rbi": 42,
        "sb": 4,
        "hr": 3
      },
      {
        "name": "박해민",
        "year": 21,
        "team": "삼성",
        "pa": 542,
        "ops": 0.76,
        "avg": 0.291,
        "obp": 0.383,
        "slg": 0.377,
        "rbi": 54,
        "sb": 36,
        "hr": 5
      },
      {
        "name": "오재일",
        "year": 21,
        "team": "삼성",
        "pa": 484,
        "ops": 0.878,
        "avg": 0.285,
        "obp": 0.366,
        "slg": 0.512,
        "rbi": 97,
        "sb": 1,
        "hr": 25
      },
      {
        "name": "강민호",
        "year": 21,
        "team": "삼성",
        "pa": 462,
        "ops": 0.839,
        "avg": 0.291,
        "obp": 0.361,
        "slg": 0.478,
        "rbi": 67,
        "sb": 0,
        "hr": 18
      }
    ]
  },
  {
    "generation": 28,
    "expected_score": 5.905,
    "lineup": [
      "박해민",
      "피렐라",
      "김헌곤",
      "강민호",
      "김지찬",
      "구자욱",
      "김상수",
      "이원석",
      "오재일"
    ],
    "player_stats": [
      {
        "name": "박해민",
        "year": 21,
        "team": "삼성",
        "pa": 542,
        "ops": 0.76,
        "avg": 0.291,
        "obp": 0.383,
        "slg": 0.377,
        "rbi": 54,
        "sb": 36,
        "hr": 5
      },
      {
        "name": "피렐라",
        "year": 21,
        "team": "삼성",
        "pa": 621,
        "ops": 0.854,
        "avg": 0.286,
        "obp": 0.359,
        "slg": 0.495,
        "rbi": 97,
        "sb": 9,
        "hr": 29
      },
      {
        "name": "김헌곤",
        "year": 21,
        "team": "삼성",
        "pa": 364,
        "ops": 0.711,
        "avg": 0.281,
        "obp": 0.355,
        "slg": 0.356,
        "rbi": 27,
        "sb": 5,
        "hr": 4
      },
      {
        "name": "강민호",
        "year": 21,
        "team": "삼성",
        "pa": 462,
        "ops": 0.839,
        "avg": 0.291,
        "obp": 0.361,
        "slg": 0.478,
        "rbi": 67,
        "sb": 0,
        "hr": 18
      },
      {
        "name": "김지찬",
        "year": 21,
        "team": "삼성",
        "pa": 336,
        "ops": 0.635,
        "avg": 0.274,
        "obp": 0.331,
        "slg": 0.304,
        "rbi": 26,
        "sb": 23,
        "hr": 1
      },
      {
        "name": "구자욱",
        "year": 21,
        "team": "삼성",
        "pa": 610,
        "ops": 0.88,
        "avg": 0.306,
        "obp": 0.361,
        "slg": 0.519,
        "rbi": 88,
        "sb": 27,
        "hr": 22
      },
      {
        "name": "김상수",
        "year": 21,
        "team": "삼성",
        "pa": 496,
        "ops": 0.621,
        "avg": 0.235,
        "obp": 0.32,
        "slg": 0.301,
        "rbi": 42,
        "sb": 4,
        "hr": 3
      },
      {
        "name": "이원석",
        "year": 21,
        "team": "삼성",
        "pa": 480,
        "ops": 0.687,
        "avg": 0.231,
        "obp": 0.341,
        "slg": 0.346,
        "rbi": 59,
        "sb": 1,
        "hr": 9
      },
      {
        "name": "오재일",
        "year": 21,
        "team": "삼성",
        "pa": 484,
        "ops": 0.878,
        "avg": 0.285,
        "obp": 0.366,
        "slg": 0.512,
        "rbi": 97,
        "sb": 1,
        "hr": 25
      }
    ]
  },
  {
    "generation": 29,
    "expected_score": 5.97,
    "lineup": [
      "이원석",
      "피렐라",
      "김지찬",
      "김헌곤",
      "박해민",
      "구자욱",
      "오재일",
      "강민호",
      "김상수"
    ],
    "player_stats": [
      {
        "name": "이원석",
        "year": 21,
        "team": "삼성",
        "pa": 480,
        "ops": 0.687,
        "avg": 0.231,
        "obp": 0.341,
        "slg": 0.346,
        "rbi": 59,
        "sb": 1,
        "hr": 9
      },
      {
        "name": "피렐라",
        "year": 21,
        "team": "삼성",
        "pa": 621,
        "ops": 0.854,
        "avg": 0.286,
        "obp": 0.359,
        "slg": 0.495,
        "rbi": 97,
        "sb": 9,
        "hr": 29
      },
      {
        "name": "김지찬",
        "year": 21,
        "team": "삼성",
        "pa": 336,
        "ops": 0.635,
        "avg": 0.274,
        "obp": 0.331,
        "slg": 0.304,
        "rbi": 26,
        "sb": 23,
        "hr": 1
      },
      {
        "name": "김헌곤",
        "year": 21,
        "team": "삼성",
        "pa": 364,
        "ops": 0.711,
        "avg": 0.281,
        "obp": 0.355,
        "slg": 0.356,
        "rbi": 27,
        "sb": 5,
        "hr": 4
      },
      {
        "name": "박해민",
        "year": 21,
        "team": "삼성",
        "pa": 542,
        "ops": 0.76,
        "avg": 0.291,
        "obp": 0.383,
        "slg": 0.377,
        "rbi": 54,
        "sb": 36,
        "hr": 5
      },
      {
        "name": "구자욱",
        "year": 21,
        "team": "삼성",
        "pa": 610,
        "ops": 0.88,
        "avg": 0.306,
        "obp": 0.361,
        "slg": 0.519,
        "rbi": 88,
        "sb": 27,
        "hr": 22
      },
      {
        "name": "오재일",
        "year": 21,
        "team": "삼성",
        "pa": 484,
        "ops": 0.878,
        "avg": 0.285,
        "obp": 0.366,
        "slg": 0.512,
        "rbi": 97,
        "sb": 1,
        "hr": 25
      },
      {
        "name": "강민호",
        "year": 21,
        "team": "삼성",
        "pa": 462,
        "ops": 0.839,
        "avg": 0.291,
        "obp": 0.361,
        "slg": 0.478,
        "rbi": 67,
        "sb": 0,
        "hr": 18
      },
      {
        "name": "김상수",
        "year": 21,
        "team": "삼성",
        "pa": 496,
        "ops": 0.621,
        "avg": 0.235,
        "obp": 0.32,
        "slg": 0.301,
        "rbi": 42,
        "sb": 4,
        "hr": 3
      }
    ]
  },
  {
    "generation": 30,
    "expected_score": 6.09,
    "lineup": [
      "피렐라",
      "김헌곤",
      "박해민",
      "구자욱",
      "이원석",
      "김지찬",
      "오재일",
      "강민호",
      "김상수"
    ],
    "player_stats": [
      {
        "name": "피렐라",
        "year": 21,
        "team": "삼성",
        "pa": 621,
        "ops": 0.854,
        "avg": 0.286,
        "obp": 0.359,
        "slg": 0.495,
        "rbi": 97,
        "sb": 9,
        "hr": 29
      },
      {
        "name": "김헌곤",
        "year": 21,
        "team": "삼성",
        "pa": 364,
        "ops": 0.711,
        "avg": 0.281,
        "obp": 0.355,
        "slg": 0.356,
        "rbi": 27,
        "sb": 5,
        "hr": 4
      },
      {
        "name": "박해민",
        "year": 21,
        "team": "삼성",
        "pa": 542,
        "ops": 0.76,
        "avg": 0.291,
        "obp": 0.383,
        "slg": 0.377,
        "rbi": 54,
        "sb": 36,
        "hr": 5
      },
      {
        "name": "구자욱",
        "year": 21,
        "team": "삼성",
        "pa": 610,
        "ops": 0.88,
        "avg": 0.306,
        "obp": 0.361,
        "slg": 0.519,
        "rbi": 88,
        "sb": 27,
        "hr": 22
      },
      {
        "name": "이원석",
        "year": 21,
        "team": "삼성",
        "pa": 480,
        "ops": 0.687,
        "avg": 0.231,
        "obp": 0.341,
        "slg": 0.346,
        "rbi": 59,
        "sb": 1,
        "hr": 9
      },
      {
        "name": "김지찬",
        "year": 21,
        "team": "삼성",
        "pa": 336,
        "ops": 0.635,
        "avg": 0.274,
        "obp": 0.331,
        "slg": 0.304,
        "rbi": 26,
        "sb": 23,
        "hr": 1
      },
      {
        "name": "오재일",
        "year": 21,
        "team": "삼성",
        "pa": 484,
        "ops": 0.878,
        "avg": 0.285,
        "obp": 0.366,
        "slg": 0.512,
        "rbi": 97,
        "sb": 1,
        "hr": 25
      },
      {
        "name": "강민호",
        "year": 21,
        "team": "삼성",
        "pa": 462,
        "ops": 0.839,
        "avg": 0.291,
        "obp": 0.361,
        "slg": 0.478,
        "rbi": 67,
        "sb": 0,
        "hr": 18
      },
      {
        "name": "김상수",
        "year": 21,
        "team": "삼성",
        "pa": 496,
        "ops": 0.621,
        "avg": 0.235,
        "obp": 0.32,
        "slg": 0.301,
        "rbi": 42,
        "sb": 4,
        "hr": 3
      }
    ]
  }
]