[
  {
    "generation": 1,
    "expected_score": 6.31,
    "lineup": [
      "송우현",
      "이정후",
      "김혜성",
      "이용규",
      "송성문",
      "서건창",
      "박동원",
      "김웅빈",
      "박병호"
    ],
    "player_stats": [
      {
        "name": "송우현",
        "year": 21,
        "team": "키움",
        "pa": 282,
        "ops": 0.786,
        "avg": 0.296,
        "obp": 0.37,
        "slg": 0.416,
        "rbi": 42,
        "sb": 1,
        "hr": 3
      },
      {
        "name": "이정후",
        "year": 21,
        "team": "키움",
        "pa": 544,
        "ops": 0.96,
        "avg": 0.36,
        "obp": 0.438,
        "slg": 0.522,
        "rbi": 84,
        "sb": 10,
        "hr": 7
      },
      {
        "name": "김혜성",
        "year": 21,
        "team": "키움",
        "pa": 635,
        "ops": 0.739,
        "avg": 0.304,
        "obp": 0.372,
        "slg": 0.367,
        "rbi": 66,
        "sb": 46,
        "hr": 3
      },
      {
        "name": "이용규",
        "year": 21,
        "team": "키움",
        "pa": 547,
        "ops": 0.765,
        "avg": 0.296,
        "obp": 0.392,
        "slg": 0.373,
        "rbi": 43,
        "sb": 17,
        "hr": 1
      },
      {
        "name": "송성문",
        "year": 21,
        "team": "키움",
        "pa": 274,
        "ops": 0.691,
        "avg": 0.249,
        "obp": 0.32,
        "slg": 0.371,
        "rbi": 33,
        "sb": 0,
        "hr": 6
      },
      {
        "name": "서건창",
        "year": 21,
        "team": "키움",
        "pa": 333,
        "ops": 0.723,
        "avg": 0.259,
        "obp": 0.37,
        "slg": 0.353,
        "rbi": 28,
        "sb": 6,
        "hr": 4
      },
      {
        "name": "박동원",
        "year": 21,
        "team": "키움",
        "pa": 481,
        "ops": 0.802,
        "avg": 0.249,
        "obp": 0.342,
        "slg": 0.46,
        "rbi": 83,
        "sb": 2,
        "hr": 22
      },
      {
        "name": "김웅빈",
        "year": 21,
        "team": "키움",
        "pa": 279,
        "ops": 0.741,
        "avg": 0.241,
        "obp": 0.357,
        "slg": 0.384,
        "rbi": 35,
        "sb": 1,
        "hr": 6
      },
      {
        "name": "박병호",
        "year": 21,
        "team": "키움",
        "pa": 477,
        "ops": 0.753,
        "avg": 0.227,
        "obp": 0.323,
        "slg": 0.43,
        "rbi": 76,
        "sb": 0,
        "hr": 20
      }
    ]
  },
  {
    "generation": 2,
    "expected_score": 6.515,
    "lineup": [
      "송성문",
      "이용규",
      "송우현",
      "김혜성",
      "이정후",
      "박동원",
      "박병호",
      "김웅빈",
      "서건창"
    ],
    "player_stats": [
      {
        "name": "송성문",
        "year": 21,
        "team": "키움",
        "pa": 274,
        "ops": 0.691,
        "avg": 0.249,
        "obp": 0.32,
        "slg": 0.371,
        "rbi": 33,
        "sb": 0,
        "hr": 6
      },
      {
        "name": "이용규",
        "year": 21,
        "team": "키움",
        "pa": 547,
        "ops": 0.765,
        "avg": 0.296,
        "obp": 0.392,
        "slg": 0.373,
        "rbi": 43,
        "sb": 17,
        "hr": 1
      },
      {
        "name": "송우현",
        "year": 21,
        "team": "키움",
        "pa": 282,
        "ops": 0.786,
        "avg": 0.296,
        "obp": 0.37,
        "slg": 0.416,
        "rbi": 42,
        "sb": 1,
        "hr": 3
      },
      {
        "name": "김혜성",
        "year": 21,
        "team": "키움",
        "pa": 635,
        "ops": 0.739,
        "avg": 0.304,
        "obp": 0.372,
        "slg": 0.367,
        "rbi": 66,
        "sb": 46,
        "hr": 3
      },
      {
        "name": "이정후",
        "year": 21,
        "team": "키움",
        "pa": 544,
        "ops": 0.96,
        "avg": 0.36,
        "obp": 0.438,
        "slg": 0.522,
        "rbi": 84,
        "sb": 10,
        "hr": 7
      },
      {
        "name": "박동원",
        "year": 21,
        "team": "키움",
        "pa": 481,
        "ops": 0.802,
        "avg": 0.249,
        "obp": 0.342,
        "slg": 0.46,
        "rbi": 83,
        "sb": 2,
        "hr": 22
      },
      {
        "name": "박병호",
        "year": 21,
        "team": "키움",
        "pa": 477,
        "ops": 0.753,
        "avg": 0.227,
        "obp": 0.323,
        "slg": 0.43,
        "rbi": 76,
        "sb": 0,
        "hr": 20
      },
      {
        "name": "김웅빈",
        "year": 21,
        "team": "키움",
        "pa": 279,
        "ops": 0.741,
        "avg": 0.241,
        "obp": 0.357,
        "slg": 0.384,
        "rbi": 35,
        "sb": 1,
        "hr": 6
      },
      {
        "name": "서건창",
        "year": 21,
        "team": "키움",
        "pa": 333,
        "ops": 0.723,
        "avg": 0.259,
        "obp": 0.37,
        "slg": 0.353,
        "rbi": 28,
        "sb": 6,
        "hr": 4
      }
    ]
  },
  {
    "generation": 3,
    "expected_score": 6.47,
    "lineup": [
      "이정후",
      "송성문",
      "이용규",
      "송우현",
      "김혜성",
      "박동원",
      "박병호",
      "김웅빈",
      "서건창"
    ],
    "player_stats": [
      {
        "name": "이정후",
        "year": 21,
        "team": "키움",
        "pa": 544,
        "ops": 0.96,
        "avg": 0.36,
        "obp": 0.438,
        "slg": 0.522,
        "rbi": 84,
        "sb": 10,
        "hr": 7
      },
      {
        "name": "송성문",
        "year": 21,
        "team": "키움",
        "pa": 274,
        "ops": 0.691,
        "avg": 0.249,
        "obp": 0.32,
        "slg": 0.371,
        "rbi": 33,
        "sb": 0,
        "hr": 6
      },
      {
        "name": "이용규",
        "year": 21,
        "team": "키움",
        "pa": 547,
        "ops": 0.765,
        "avg": 0.296,
        "obp": 0.392,
        "slg": 0.373,
        "rbi": 43,
        "sb": 17,
        "hr": 1
      },
      {
        "name": "송우현",
        "year": 21,
        "team": "키움",
        "pa": 282,
        "ops": 0.786,
        "avg": 0.296,
        "obp": 0.37,
        "slg": 0.416,
        "rbi": 42,
        "sb": 1,
        "hr": 3
      },
      {
        "name": "김혜성",
        "year": 21,
        "team": "키움",
        "pa": 635,
        "ops": 0.739,
        "avg": 0.304,
        "obp": 0.372,
        "slg": 0.367,
        "rbi": 66,
        "sb": 46,
        "hr": 3
      },
      {
        "name": "박동원",
        "year": 21,
        "team": "키움",
        "pa": 481,
        "ops": 0.802,
        "avg": 0.249,
        "obp": 0.342,
        "slg": 0.46,
        "rbi": 83,
        "sb": 2,
        "hr": 22
      },
      {
        "name": "박병호",
        "year": 21,
        "team": "키움",
        "pa": 477,
        "ops": 0.753,
        "avg": 0.227,
        "obp": 0.323,
        "slg": 0.43,
        "rbi": 76,
        "sb": 0,
        "hr": 20
      },
      {
        "name": "김웅빈",
        "year": 21,
        "team": "키움",
        "pa": 279,
        "ops": 0.741,
        "avg": 0.241,
        "obp": 0.357,
        "slg": 0.384,
        "rbi": 35,
        "sb": 1,
        "hr": 6
      },
      {
        "name": "서건창",
        "year": 21,
        "team": "키움",
        "pa": 333,
        "ops": 0.723,
        "avg": 0.259,
        "obp": 0.37,
        "slg": 0.353,
        "rbi": 28,
        "sb": 6,
        "hr": 4
      }
    ]
  },
  {
    "generation": 4,
    "expected_score": 6.365,
    "lineup": [
      "이정후",
      "박병호",
      "김혜성",
      "이용규",
      "박동원",
      "서건창",
      "김웅빈",
      "송우현",
      "송성문"
    ],
    "player_stats": [
      {
        "name": "이정후",
        "year": 21,
        "team": "키움",
        "pa": 544,
        "ops": 0.96,
        "avg": 0.36,
        "obp": 0.438,
        "slg": 0.522,
        "rbi": 84,
        "sb": 10,
        "hr": 7
      },
      {
        "name": "박병호",
        "year": 21,
        "team": "키움",
        "pa": 477,
        "ops": 0.753,
        "avg": 0.227,
        "obp": 0.323,
        "slg": 0.43,
        "rbi": 76,
        "sb": 0,
        "hr": 20
      },
      {
        "name": "김혜성",
        "year": 21,
        "team": "키움",
        "pa": 635,
        "ops": 0.739,
        "avg": 0.304,
        "obp": 0.372,
        "slg": 0.367,
        "rbi": 66,
        "sb": 46,
        "hr": 3
      },
      {
        "name": "이용규",
        "year": 21,
        "team": "키움",
        "pa": 547,
        "ops": 0.765,
        "avg": 0.296,
        "obp": 0.392,
        "slg": 0.373,
        "rbi": 43,
        "sb": 17,
        "hr": 1
      },
      {
        "name": "박동원",
        "year": 21,
        "team": "키움",
        "pa": 481,
        "ops": 0.802,
        "avg": 0.249,
        "obp": 0.342,
        "slg": 0.46,
        "rbi": 83,
        "sb": 2,
        "hr": 22
      },
      {
        "name": "서건창",
        "year": 21,
        "team": "키움",
        "pa": 333,
        "ops": 0.723,
        "avg": 0.259,
        "obp": 0.37,
        "slg": 0.353,
        "rbi": 28,
        "sb": 6,
        "hr": 4
      },
      {
        "name": "김웅빈",
        "year": 21,
        "team": "키움",
        "pa": 279,
        "ops": 0.741,
        "avg": 0.241,
        "obp": 0.357,
        "slg": 0.384,
        "rbi": 35,
        "sb": 1,
        "hr": 6
      },
      {
        "name": "송우현",
        "year": 21,
        "team": "키움",
        "pa": 282,
        "ops": 0.786,
        "avg": 0.296,
        "obp": 0.37,
        "slg": 0.416,
        "rbi": 42,
        "sb": 1,
        "hr": 3
      },
      {
        "name": "송성문",
        "year": 21,
        "team": "키움",
        "pa": 274,
        "ops": 0.691,
        "avg": 0.249,
        "obp": 0.32,
        "slg": 0.371,
        "rbi": 33,
        "sb": 0,
        "hr": 6
      }
    ]
  },
  {
    "generation": 5,
    "expected_score": 6.34,
    "lineup": [
      "이정후",
      "박병호",
      "김혜성",
      "이용규",
      "박동원",
      "서건창",
      "김웅빈",
      "송우현",
      "송성문"
    ],
    "player_stats": [
      {
        "name": "이정후",
        "year": 21,
        "team": "키움",
        "pa": 544,
        "ops": 0.96,
        "avg": 0.36,
        "obp": 0.438,
        "slg": 0.522,
        "rbi": 84,
        "sb": 10,
        "hr": 7
      },
      {
        "name": "박병호",
        "year": 21,
        "team": "키움",
        "pa": 477,
        "ops": 0.753,
        "avg": 0.227,
        "obp": 0.323,
        "slg": 0.43,
        "rbi": 76,
        "sb": 0,
        "hr": 20
      },
      {
        "name": "김혜성",
        "year": 21,
        "team": "키움",
        "pa": 635,
        "ops": 0.739,
        "avg": 0.304,
        "obp": 0.372,
        "slg": 0.367,
        "rbi": 66,
        "sb": 46,
        "hr": 3
      },
      {
        "name": "이용규",
        "year": 21,
        "team": "키움",
        "pa": 547,
        "ops": 0.765,
        "avg": 0.296,
        "obp": 0.392,
        "slg": 0.373,
        "rbi": 43,
        "sb": 17,
        "hr": 1
      },
      {
        "name": "박동원",
        "year": 21,
        "team": "키움",
        "pa": 481,
        "ops": 0.802,
        "avg": 0.249,
        "obp": 0.342,
        "slg": 0.46,
        "rbi": 83,
        "sb": 2,
        "hr": 22
      },
      {
        "name": "서건창",
        "year": 21,
        "team": "키움",
        "pa": 333,
        "ops": 0.723,
        "avg": 0.259,
        "obp": 0.37,
        "slg": 0.353,
        "rbi": 28,
        "sb": 6,
        "hr": 4
      },
      {
        "name": "김웅빈",
        "year": 21,
        "team": "키움",
        "pa": 279,
        "ops": 0.741,
        "avg": 0.241,
        "obp": 0.357,
        "slg": 0.384,
        "rbi": 35,
        "sb": 1,
        "hr": 6
      },
      {
        "name": "송우현",
        "year": 21,
        "team": "키움",
        "pa": 282,
        "ops": 0.786,
        "avg": 0.296,
        "obp": 0.37,
        "slg": 0.416,
        "rbi": 42,
        "sb": 1,
        "hr": 3
      },
      {
        "name": "송성문",
        "year": 21,
        "team": "키움",
        "pa": 274,
        "ops": 0.691,
        "avg": 0.249,
        "obp": 0.32,
        "slg": 0.371,
        "rbi": 33,
        "sb": 0,
        "hr": 6
      }
    ]
  },
  {
    "generation": 6,
    "expected_score": 6.575,
    "lineup": [
      "이정후",
      "박병호",
      "김혜성",
      "이용규",
      "박동원",
      "김웅빈",
      "송우현",
      "서건창",
      "송성문"
    ],
    "player_stats": [
      {
        "name": "이정후",
        "year": 21,
        "team": "키움",
        "pa": 544,
        "ops": 0.96,
        "avg": 0.36,
        "obp": 0.438,
        "slg": 0.522,
        "rbi": 84,
        "sb": 10,
        "hr": 7
      },
      {
        "name": "박병호",
        "year": 21,
        "team": "키움",
        "pa": 477,
        "ops": 0.753,
        "avg": 0.227,
        "obp": 0.323,
        "slg": 0.43,
        "rbi": 76,
        "sb": 0,
        "hr": 20
      },
      {
        "name": "김혜성",
        "year": 21,
        "team": "키움",
        "pa": 635,
        "ops": 0.739,
        "avg": 0.304,
        "obp": 0.372,
        "slg": 0.367,
        "rbi": 66,
        "sb": 46,
        "hr": 3
      },
      {
        "name": "이용규",
        "year": 21,
        "team": "키움",
        "pa": 547,
        "ops": 0.765,
        "avg": 0.296,
        "obp": 0.392,
        "slg": 0.373,
        "rbi": 43,
        "sb": 17,
        "hr": 1
      },
      {
        "name": "박동원",
        "year": 21,
        "team": "키움",
        "pa": 481,
        "ops": 0.802,
        "avg": 0.249,
        "obp": 0.342,
        "slg": 0.46,
        "rbi": 83,
        "sb": 2,
        "hr": 22
      },
      {
        "name": "김웅빈",
        "year": 21,
        "team": "키움",
        "pa": 279,
        "ops": 0.741,
        "avg": 0.241,
        "obp": 0.357,
        "slg": 0.384,
        "rbi": 35,
        "sb": 1,
        "hr": 6
      },
      {
        "name": "송우현",
        "year": 21,
        "team": "키움",
        "pa": 282,
        "ops": 0.786,
        "avg": 0.296,
        "obp": 0.37,
        "slg": 0.416,
        "rbi": 42,
        "sb": 1,
        "hr": 3
      },
      {
        "name": "서건창",
        "year": 21,
        "team": "키움",
        "pa": 333,
        "ops": 0.723,
        "avg": 0.259,
        "obp": 0.37,
        "slg": 0.353,
        "rbi": 28,
        "sb": 6,
        "hr": 4
      },
      {
        "name": "송성문",
        "year": 21,
        "team": "키움",
        "pa": 274,
        "ops": 0.691,
        "avg": 0.249,
        "obp": 0.32,
        "slg": 0.371,
        "rbi": 33,
        "sb": 0,
        "hr": 6
      }
    ]
  },
  {
    "generation": 7,
    "expected_score": 6.34,
    "lineup": [
      "이정후",
      "박병호",
      "김혜성",
      "이용규",
      "박동원",
      "김웅빈",
      "송우현",
      "서건창",
      "송성문"
    ],
    "player_stats": [
      {
        "name": "이정후",
        "year": 21,
        "team": "키움",
        "pa": 544,
        "ops": 0.96,
        "avg": 0.36,
        "obp": 0.438,
        "slg": 0.522,
        "rbi": 84,
        "sb": 10,
        "hr": 7
      },
      {
        "name": "박병호",
        "year": 21,
        "team": "키움",
        "pa": 477,
        "ops": 0.753,
        "avg": 0.227,
        "obp": 0.323,
        "slg": 0.43,
        "rbi": 76,
        "sb": 0,
        "hr": 20
      },
      {
        "name": "김혜성",
        "year": 21,
        "team": "키움",
        "pa": 635,
        "ops": 0.739,
        "avg": 0.304,
        "obp": 0.372,
        "slg": 0.367,
        "rbi": 66,
        "sb": 46,
        "hr": 3
      },
      {
        "name": "이용규",
        "year": 21,
        "team": "키움",
        "pa": 547,
        "ops": 0.765,
        "avg": 0.296,
        "obp": 0.392,
        "slg": 0.373,
        "rbi": 43,
        "sb": 17,
        "hr": 1
      },
      {
        "name": "박동원",
        "year": 21,
        "team": "키움",
        "pa": 481,
        "ops": 0.802,
        "avg": 0.249,
        "obp": 0.342,
        "slg": 0.46,
        "rbi": 83,
        "sb": 2,
        "hr": 22
      },
      {
        "name": "김웅빈",
        "year": 21,
        "team": "키움",
        "pa": 279,
        "ops": 0.741,
        "avg": 0.241,
        "obp": 0.357,
        "slg": 0.384,
        "rbi": 35,
        "sb": 1,
        "hr": 6
      },
      {
        "name": "송우현",
        "year": 21,
        "team": "키움",
        "pa": 282,
        "ops": 0.786,
        "avg": 0.296,
        "obp": 0.37,
        "slg": 0.416,
        "rbi": 42,
        "sb": 1,
        "hr": 3
      },
      {
        "name": "서건창",
        "year": 21,
        "team": "키움",
        "pa": 333,
        "ops": 0.723,
        "avg": 0.259,
        "obp": 0.37,
        "slg": 0.353,
        "rbi": 28,
        "sb": 6,
        "hr": 4
      },
      {
        "name": "송성문",
        "year": 21,
        "team": "키움",
        "pa": 274,
        "ops": 0.691,
        "avg": 0.249,
        "obp": 0.32,
        "slg": 0.371,
        "rbi": 33,
        "sb": 0,
        "hr": 6
      }
    ]
  },
  {
    "generation": 8,
    "expected_score": 6.34,
    "lineup": [
      "이정후",
      "김웅빈",
      "송우현",
      "김혜성",
      "이용규",
      "박동원",
      "박병호",
      "서건창",
      "송성문"
    ],
    "player_stats": [
      {
        "name": "이정후",
        "year": 21,
        "team": "키움",
        "pa": 544,
        "ops": 0.96,
        "avg": 0.36,
        "obp": 0.438,
        "slg": 0.522,
        "rbi": 84,
        "sb": 10,
        "hr": 7
      },
      {
        "name": "김웅빈",
        "year": 21,
        "team": "키움",
        "pa": 279,
        "ops": 0.741,
        "avg": 0.241,
        "obp": 0.357,
        "slg": 0.384,
        "rbi": 35,
        "sb": 1,
        "hr": 6
      },
      {
        "name": "송우현",
        "year": 21,
        "team": "키움",
        "pa": 282,
        "ops": 0.786,
        "avg": 0.296,
        "obp": 0.37,
        "slg": 0.416,
        "rbi": 42,
        "sb": 1,
        "hr": 3
      },
      {
        "name": "김혜성",
        "year": 21,
        "team": "키움",
        "pa": 635,
        "ops": 0.739,
        "avg": 0.304,
        "obp": 0.372,
        "slg": 0.367,
        "rbi": 66,
        "sb": 46,
        "hr": 3
      },
      {
        "name": "이용규",
        "year": 21,
        "team": "키움",
        "pa": 547,
        "ops": 0.765,
        "avg": 0.296,
        "obp": 0.392,
        "slg": 0.373,
        "rbi": 43,
        "sb": 17,
        "hr": 1
      },
      {
        "name": "박동원",
        "year": 21,
        "team": "키움",
        "pa": 481,
        "ops": 0.802,
        "avg": 0.249,
        "obp": 0.342,
        "slg": 0.46,
        "rbi": 83,
        "sb": 2,
        "hr": 22
      },
      {
        "name": "박병호",
        "year": 21,
        "team": "키움",
        "pa": 477,
        "ops": 0.753,
        "avg": 0.227,
        "obp": 0.323,
        "slg": 0.43,
        "rbi": 76,
        "sb": 0,
        "hr": 20
      },
      {
        "name": "서건창",
        "year": 21,
        "team": "키움",
        "pa": 333,
        "ops": 0.723,
        "avg": 0.259,
        "obp": 0.37,
        "slg": 0.353,
        "rbi": 28,
        "sb": 6,
        "hr": 4
      },
      {
        "name": "송성문",
        "year": 21,
        "team": "키움",
        "pa": 274,
        "ops": 0.691,
        "avg": 0.249,
        "obp": 0.32,
        "slg": 0.371,
        "rbi": 33,
        "sb": 0,
        "hr": 6
      }
    ]
  },
  {
    "generation": 9,
    "expected_score": 6.39,
    "lineup": [
      "이정후",
      "김웅빈",
      "이용규",
      "김혜성",
      "송우현",
      "박병호",
      "박동원",
      "서건창",
      "송성문"
    ],
    "player_stats": [
      {
        "name": "이정후",
        "year": 21,
        "team": "키움",
        "pa": 544,
        "ops": 0.96,
        "avg": 0.36,
        "obp": 0.438,
        "slg": 0.522,
        "rbi": 84,
        "sb": 10,
        "hr": 7
      },
      {
        "name": "김웅빈",
        "year": 21,
        "team": "키움",
        "pa": 279,
        "ops": 0.741,
        "avg": 0.241,
        "obp": 0.357,
        "slg": 0.384,
        "rbi": 35,
        "sb": 1,
        "hr": 6
      },
      {
        "name": "이용규",
        "year": 21,
        "team": "키움",
        "pa": 547,
        "ops": 0.765,
        "avg": 0.296,
        "obp": 0.392,
        "slg": 0.373,
        "rbi": 43,
        "sb": 17,
        "hr": 1
      },
      {
        "name": "김혜성",
        "year": 21,
        "team": "키움",
        "pa": 635,
        "ops": 0.739,
        "avg": 0.304,
        "obp": 0.372,
        "slg": 0.367,
        "rbi": 66,
        "sb": 46,
        "hr": 3
      },
      {
        "name": "송우현",
        "year": 21,
        "team": "키움",
        "pa": 282,
        "ops": 0.786,
        "avg": 0.296,
        "obp": 0.37,
        "slg": 0.416,
        "rbi": 42,
        "sb": 1,
        "hr": 3
      },
      {
        "name": "박병호",
        "year": 21,
        "team": "키움",
        "pa": 477,
        "ops": 0.753,
        "avg": 0.227,
        "obp": 0.323,
        "slg": 0.43,
        "rbi": 76,
        "sb": 0,
        "hr": 20
      },
      {
        "name": "박동원",
        "year": 21,
        "team": "키움",
        "pa": 481,
        "ops": 0.802,
        "avg": 0.249,
        "obp": 0.342,
        "slg": 0.46,
        "rbi": 83,
        "sb": 2,
        "hr": 22
      },
      {
        "name": "서건창",
        "year": 21,
        "team": "키움",
        "pa": 333,
        "ops": 0.723,
        "avg": 0.259,
        "obp": 0.37,
        "slg": 0.353,
        "rbi": 28,
        "sb": 6,
        "hr": 4
      },
      {
        "name": "송성문",
        "year": 21,
        "team": "키움",
        "pa": 274,
        "ops": 0.691,
        "avg": 0.249,
        "obp": 0.32,
        "slg": 0.371,
        "rbi": 33,
        "sb": 0,
        "hr": 6
      }
    ]
  },
  {
    "generation": 10,
    "expected_score": 6.565,
    "lineup": [
      "이정후",
      "송우현",
      "김혜성",
      "이용규",
      "박동원",
      "김웅빈",
      "박병호",
      "서건창",
      "송성문"
    ],
    "player_stats": [
      {
        "name": "이정후",
        "year": 21,
        "team": "키움",
        "pa": 544,
        "ops": 0.96,
        "avg": 0.36,
        "obp": 0.438,
        "slg": 0.522,
        "rbi": 84,
        "sb": 10,
        "hr": 7
      },
      {
        "name": "송우현",
        "year": 21,
        "team": "키움",
        "pa": 282,
        "ops": 0.786,
        "avg": 0.296,
        "obp": 0.37,
        "slg": 0.416,
        "rbi": 42,
        "sb": 1,
        "hr": 3
      },
      {
        "name": "김혜성",
        "year": 21,
        "team": "키움",
        "pa": 635,
        "ops": 0.739,
        "avg": 0.304,
        "obp": 0.372,
        "slg": 0.367,
        "rbi": 66,
        "sb": 46,
        "hr": 3
      },
      {
        "name": "이용규",
        "year": 21,
        "team": "키움",
        "pa": 547,
        "ops": 0.765,
        "avg": 0.296,
        "obp": 0.392,
        "slg": 0.373,
        "rbi": 43,
        "sb": 17,
        "hr": 1
      },
      {
        "name": "박동원",
        "year": 21,
        "team": "키움",
        "pa": 481,
        "ops": 0.802,
        "avg": 0.249,
        "obp": 0.342,
        "slg": 0.46,
        "rbi": 83,
        "sb": 2,
        "hr": 22
      },
      {
        "name": "김웅빈",
        "year": 21,
        "team": "키움",
        "pa": 279,
        "ops": 0.741,
        "avg": 0.241,
        "obp": 0.357,
        "slg": 0.384,
        "rbi": 35,
        "sb": 1,
        "hr": 6
      },
      {
        "name": "박병호",
        "year": 21,
        "team": "키움",
        "pa": 477,
        "ops": 0.753,
        "avg": 0.227,
        "obp": 0.323,
        "slg": 0.43,
        "rbi": 76,
        "sb": 0,
        "hr": 20
      },
      {
        "name": "서건창",
        "year": 21,
        "team": "키움",
        "pa": 333,
        "ops": 0.723,
        "avg": 0.259,
        "obp": 0.37,
        "slg": 0.353,
        "rbi": 28,
        "sb": 6,
        "hr": 4
      },
      {
        "name": "송성문",
        "year": 21,
        "team": "키움",
        "pa": 274,
        "ops": 0.691,
        "avg": 0.249,
        "obp": 0.32,
        "slg": 0.371,
        "rbi": 33,
        "sb": 0,
        "hr": 6
      }
    ]
  },
  {
    "generation": 11,
    "expected_score": 6.445,
    "lineup": [
      "이정후",
      "김웅빈",
      "이용규",
      "김혜성",
      "송우현",
      "박병호",
      "박동원",
      "서건창",
      "송성문"
    ],
    "player_stats": [
      {
        "name": "이정후",
        "year": 21,
        "team": "키움",
        "pa": 544,
        "ops": 0.96,
        "avg": 0.36,
        "obp": 0.438,
        "slg": 0.522,
        "rbi": 84,
        "sb": 10,
        "hr": 7
      },
      {
        "name": "김웅빈",
        "year": 21,
        "team": "키움",
        "pa": 279,
        "ops": 0.741,
        "avg": 0.241,
        "obp": 0.357,
        "slg": 0.384,
        "rbi": 35,
        "sb": 1,
        "hr": 6
      },
      {
        "name": "이용규",
        "year": 21,
        "team": "키움",
        "pa": 547,
        "ops": 0.765,
        "avg": 0.296,
        "obp": 0.392,
        "slg": 0.373,
        "rbi": 43,
        "sb": 17,
        "hr": 1
      },
      {
        "name": "김혜성",
        "year": 21,
        "team": "키움",
        "pa": 635,
        "ops": 0.739,
        "avg": 0.304,
        "obp": 0.372,
        "slg": 0.367,
        "rbi": 66,
        "sb": 46,
        "hr": 3
      },
      {
        "name": "송우현",
        "year": 21,
        "team": "키움",
        "pa": 282,
        "ops": 0.786,
        "avg": 0.296,
        "obp": 0.37,
        "slg": 0.416,
        "rbi": 42,
        "sb": 1,
        "hr": 3
      },
      {
        "name": "박병호",
        "year": 21,
        "team": "키움",
        "pa": 477,
        "ops": 0.753,
        "avg": 0.227,
        "obp": 0.323,
        "slg": 0.43,
        "rbi": 76,
        "sb": 0,
        "hr": 20
      },
      {
        "name": "박동원",
        "year": 21,
        "team": "키움",
        "pa": 481,
        "ops": 0.802,
        "avg": 0.249,
        "obp": 0.342,
        "slg": 0.46,
        "rbi": 83,
        "sb": 2,
        "hr": 22
      },
      {
        "name": "서건창",
        "year": 21,
        "team": "키움",
        "pa": 333,
        "ops": 0.723,
        "avg": 0.259,
        "obp": 0.37,
        "slg": 0.353,
        "rbi": 28,
        "sb": 6,
        "hr": 4
      },
      {
        "name": "송성문",
        "year": 21,
        "team": "키움",
        "pa": 274,
        "ops": 0.691,
        "avg": 0.249,
        "obp": 0.32,
        "slg": 0.371,
        "rbi": 33,
        "sb": 0,
        "hr": 6
      }
    ]
  },
  {
    "generation": 12,
    "expected_score": 6.545,
    "lineup": [
      "이정후",
      "김혜성",
      "이용규",
      "김웅빈",
      "송우현",
      "박동원",
      "박병호",
      "서건창",
      "송성문"
    ],
    "player_stats": [
      {
        "name": "이정후",
        "year": 21,
        "team": "키움",
        "pa": 544,
        "ops": 0.96,
        "avg": 0.36,
        "obp": 0.438,
        "slg": 0.522,
        "rbi": 84,
        "sb": 10,
        "hr": 7
      },
      {
        "name": "김혜성",
        "year": 21,
        "team": "키움",
        "pa": 635,
        "ops": 0.739,
        "avg": 0.304,
        "obp": 0.372,
        "slg": 0.367,
        "rbi": 66,
        "sb": 46,
        "hr": 3
      },
      {
        "name": "이용규",
        "year": 21,
        "team": "키움",
        "pa": 547,
        "ops": 0.765,
        "avg": 0.296,
        "obp": 0.392,
        "slg": 0.373,
        "rbi": 43,
        "sb": 17,
        "hr": 1
      },
      {
        "name": "김웅빈",
        "year": 21,
        "team": "키움",
        "pa": 279,
        "ops": 0.741,
        "avg": 0.241,
        "obp": 0.357,
        "slg": 0.384,
        "rbi": 35,
        "sb": 1,
        "hr": 6
      },
      {
        "name": "송우현",
        "year": 21,
        "team": "키움",
        "pa": 282,
        "ops": 0.786,
        "avg": 0.296,
        "obp": 0.37,
        "slg": 0.416,
        "rbi": 42,
        "sb": 1,
        "hr": 3
      },
      {
        "name": "박동원",
        "year": 21,
        "team": "키움",
        "pa": 481,
        "ops": 0.802,
        "avg": 0.249,
        "obp": 0.342,
        "slg": 0.46,
        "rbi": 83,
        "sb": 2,
        "hr": 22
      },
      {
        "name": "박병호",
        "year": 21,
        "team": "키움",
        "pa": 477,
        "ops": 0.753,
        "avg": 0.227,
        "obp": 0.323,
        "slg": 0.43,
        "rbi": 76,
        "sb": 0,
        "hr": 20
      },
      {
        "name": "서건창",
        "year": 21,
        "team": "키움",
        "pa": 333,
        "ops": 0.723,
        "avg": 0.259,
        "obp": 0.37,
        "slg": 0.353,
        "rbi": 28,
        "sb": 6,
        "hr": 4
      },
      {
        "name": "송성문",
        "year": 21,
        "team": "키움",
        "pa": 274,
        "ops": 0.691,
        "avg": 0.249,
        "obp": 0.32,
        "slg": 0.371,
        "rbi": 33,
        "sb": 0,
        "hr": 6
      }
    ]
  },
  {
    "generation": 13,
    "expected_score": 6.445,
    "lineup": [
      "이정후",
      "김혜성",
      "이용규",
      "송우현",
      "박동원",
      "김웅빈",
      "박병호",
      "서건창",
      "송성문"
    ],
    "player_stats": [
      {
        "name": "이정후",
        "year": 21,
        "team": "키움",
        "pa": 544,
        "ops": 0.96,
        "avg": 0.36,
        "obp": 0.438,
        "slg": 0.522,
        "rbi": 84,
        "sb": 10,
        "hr": 7
      },
      {
        "name": "김혜성",
        "year": 21,
        "team": "키움",
        "pa": 635,
        "ops": 0.739,
        "avg": 0.304,
        "obp": 0.372,
        "slg": 0.367,
        "rbi": 66,
        "sb": 46,
        "hr": 3
      },
      {
        "name": "이용규",
        "year": 21,
        "team": "키움",
        "pa": 547,
        "ops": 0.765,
        "avg": 0.296,
        "obp": 0.392,
        "slg": 0.373,
        "rbi": 43,
        "sb": 17,
        "hr": 1
      },
      {
        "name": "송우현",
        "year": 21,
        "team": "키움",
        "pa": 282,
        "ops": 0.786,
        "avg": 0.296,
        "obp": 0.37,
        "slg": 0.416,
        "rbi": 42,
        "sb": 1,
        "hr": 3
      },
      {
        "name": "박동원",
        "year": 21,
        "team": "키움",
        "pa": 481,
        "ops": 0.802,
        "avg": 0.249,
        "obp": 0.342,
        "slg": 0.46,
        "rbi": 83,
        "sb": 2,
        "hr": 22
      },
      {
        "name": "김웅빈",
        "year": 21,
        "team": "키움",
        "pa": 279,
        "ops": 0.741,
        "avg": 0.241,
        "obp": 0.357,
        "slg": 0.384,
        "rbi": 35,
        "sb": 1,
        "hr": 6
      },
      {
        "name": "박병호",
        "year": 21,
        "team": "키움",
        "pa": 477,
        "ops": 0.753,
        "avg": 0.227,
        "obp": 0.323,
        "slg": 0.43,
        "rbi": 76,
        "sb": 0,
        "hr": 20
      },
      {
        "name": "서건창",
        "year": 21,
        "team": "키움",
        "pa": 333,
        "ops": 0.723,
        "avg": 0.259,
        "obp": 0.37,
        "slg": 0.353,
        "rbi": 28,
        "sb": 6,
        "hr": 4
      },
      {
        "name": "송성문",
        "year": 21,
        "team": "키움",
        "pa": 274,
        "ops": 0.691,
        "avg": 0.249,
        "obp": 0.32,
        "slg": 0.371,
        "rbi": 33,
        "sb": 0,
        "hr": 6
      }
    ]
  },
  {
    "generation": 14,
    "expected_score": 6.35,
    "lineup": [
      "이정후",
      "김웅빈",
      "이용규",
      "김혜성",
      "송우현",
      "박병호",
      "박동원",
      "서건창",
      "송성문"
    ],
    "player_stats": [
      {
        "name": "이정후",
        "year": 21,
        "team": "키움",
        "pa": 544,
        "ops": 0.96,
        "avg": 0.36,
        "obp": 0.438,
        "slg": 0.522,
        "rbi": 84,
        "sb": 10,
        "hr": 7
      },
      {
        "name": "김웅빈",
        "year": 21,
        "team": "키움",
        "pa": 279,
        "ops": 0.741,
        "avg": 0.241,
        "obp": 0.357,
        "slg": 0.384,
        "rbi": 35,
        "sb": 1,
        "hr": 6
      },
      {
        "name": "이용규",
        "year": 21,
        "team": "키움",
        "pa": 547,
        "ops": 0.765,
        "avg": 0.296,
        "obp": 0.392,
        "slg": 0.373,
        "rbi": 43,
        "sb": 17,
        "hr": 1
      },
      {
        "name": "김혜성",
        "year": 21,
        "team": "키움",
        "pa": 635,
        "ops": 0.739,
        "avg": 0.304,
        "obp": 0.372,
        "slg": 0.367,
        "rbi": 66,
        "sb": 46,
        "hr": 3
      },
      {
        "name": "송우현",
        "year": 21,
        "team": "키움",
        "pa": 282,
        "ops": 0.786,
        "avg": 0.296,
        "obp": 0.37,
        "slg": 0.416,
        "rbi": 42,
        "sb": 1,
        "hr": 3
      },
      {
        "name": "박병호",
        "year": 21,
        "team": "키움",
        "pa": 477,
        "ops": 0.753,
        "avg": 0.227,
        "obp": 0.323,
        "slg": 0.43,
        "rbi": 76,
        "sb": 0,
        "hr": 20
      },
      {
        "name": "박동원",
        "year": 21,
        "team": "키움",
        "pa": 481,
        "ops": 0.802,
        "avg": 0.249,
        "obp": 0.342,
        "slg": 0.46,
        "rbi": 83,
        "sb": 2,
        "hr": 22
      },
      {
        "name": "서건창",
        "year": 21,
        "team": "키움",
        "pa": 333,
        "ops": 0.723,
        "avg": 0.259,
        "obp": 0.37,
        "slg": 0.353,
        "rbi": 28,
        "sb": 6,
        "hr": 4
      },
      {
        "name": "송성문",
        "year": 21,
        "team": "키움",
        "pa": 274,
        "ops": 0.691,
        "avg": 0.249,
        "obp": 0.32,
        "slg": 0.371,
        "rbi": 33,
        "sb": 0,
        "hr": 6
      }
    ]
  },
  {
    "generation": 15,
    "expected_score": 6.73,
    "lineup": [
      "이정후",
      "김혜성",
      "박동원",
      "이용규",
      "송우현",
      "김웅빈",
      "박병호",
      "서건창",
      "송성문"
    ],
    "player_stats": [
      {
        "name": "이정후",
        "year": 21,
        "team": "키움",
        "pa": 544,
        "ops": 0.96,
        "avg": 0.36,
        "obp": 0.438,
        "slg": 0.522,
        "rbi": 84,
        "sb": 10,
        "hr": 7
      },
      {
        "name": "김혜성",
        "year": 21,
        "team": "키움",
        "pa": 635,
        "ops": 0.739,
        "avg": 0.304,
        "obp": 0.372,
        "slg": 0.367,
        "rbi": 66,
        "sb": 46,
        "hr": 3
      },
      {
        "name": "박동원",
        "year": 21,
        "team": "키움",
        "pa": 481,
        "ops": 0.802,
        "avg": 0.249,
        "obp": 0.342,
        "slg": 0.46,
        "rbi": 83,
        "sb": 2,
        "hr": 22
      },
      {
        "name": "이용규",
        "year": 21,
        "team": "키움",
        "pa": 547,
        "ops": 0.765,
        "avg": 0.296,
        "obp": 0.392,
        "slg": 0.373,
        "rbi": 43,
        "sb": 17,
        "hr": 1
      },
      {
        "name": "송우현",
        "year": 21,
        "team": "키움",
        "pa": 282,
        "ops": 0.786,
        "avg": 0.296,
        "obp": 0.37,
        "slg": 0.416,
        "rbi": 42,
        "sb": 1,
        "hr": 3
      },
      {
        "name": "김웅빈",
        "year": 21,
        "team": "키움",
        "pa": 279,
        "ops": 0.741,
        "avg": 0.241,
        "obp": 0.357,
        "slg": 0.384,
        "rbi": 35,
        "sb": 1,
        "hr": 6
      },
      {
        "name": "박병호",
        "year": 21,
        "team": "키움",
        "pa": 477,
        "ops": 0.753,
        "avg": 0.227,
        "obp": 0.323,
        "slg": 0.43,
        "rbi": 76,
        "sb": 0,
        "hr": 20
      },
      {
        "name": "서건창",
        "year": 21,
        "team": "키움",
        "pa": 333,
        "ops": 0.723,
        "avg": 0.259,
        "obp": 0.37,
        "slg": 0.353,
        "rbi": 28,
        "sb": 6,
        "hr": 4
      },
      {
        "name": "송성문",
        "year": 21,
        "team": "키움",
        "pa": 274,
        "ops": 0.691,
        "avg": 0.249,
        "obp": 0.32,
        "slg": 0.371,
        "rbi": 33,
        "sb": 0,
        "hr": 6
      }
    ]
  },
  {
    "generation": 16,
    "expected_score": 6.64,
    "lineup": [
      "이정후",
      "김혜성",
      "이용규",
      "박동원",
      "김웅빈",
      "서건창",
      "박병호",
      "송우현",
      "송성문"
    ],
    "player_stats": [
      {
        "name": "이정후",
        "year": 21,
        "team": "키움",
        "pa": 544,
        "ops": 0.96,
        "avg": 0.36,
        "obp": 0.438,
        "slg": 0.522,
        "rbi": 84,
        "sb": 10,
        "hr": 7
      },
      {
        "name": "김혜성",
        "year": 21,
        "team": "키움",
        "pa": 635,
        "ops": 0.739,
        "avg": 0.304,
        "obp": 0.372,
        "slg": 0.367,
        "rbi": 66,
        "sb": 46,
        "hr": 3
      },
      {
        "name": "이용규",
        "year": 21,
        "team": "키움",
        "pa": 547,
        "ops": 0.765,
        "avg": 0.296,
        "obp": 0.392,
        "slg": 0.373,
        "rbi": 43,
        "sb": 17,
        "hr": 1
      },
      {
        "name": "박동원",
        "year": 21,
        "team": "키움",
        "pa": 481,
        "ops": 0.802,
        "avg": 0.249,
        "obp": 0.342,
        "slg": 0.46,
        "rbi": 83,
        "sb": 2,
        "hr": 22
      },
      {
        "name": "김웅빈",
        "year": 21,
        "team": "키움",
        "pa": 279,
        "ops": 0.741,
        "avg": 0.241,
        "obp": 0.357,
        "slg": 0.384,
        "rbi": 35,
        "sb": 1,
        "hr": 6
      },
      {
        "name": "서건창",
        "year": 21,
        "team": "키움",
        "pa": 333,
        "ops": 0.723,
        "avg": 0.259,
        "obp": 0.37,
        "slg": 0.353,
        "rbi": 28,
        "sb": 6,
        "hr": 4
      },
      {
        "name": "박병호",
        "year": 21,
        "team": "키움",
        "pa": 477,
        "ops": 0.753,
        "avg": 0.227,
        "obp": 0.323,
        "slg": 0.43,
        "rbi": 76,
        "sb": 0,
        "hr": 20
      },
      {
        "name": "송우현",
        "year": 21,
        "team": "키움",
        "pa": 282,
        "ops": 0.786,
        "avg": 0.296,
        "obp": 0.37,
        "slg": 0.416,
        "rbi": 42,
        "sb": 1,
        "hr": 3
      },
      {
        "name": "송성문",
        "year": 21,
        "team": "키움",
        "pa": 274,
        "ops": 0.691,
        "avg": 0.249,
        "obp": 0.32,
        "slg": 0.371,
        "rbi": 33,
        "sb": 0,
        "hr": 6
      }
    ]
  },
  {
    "generation": 17,
    "expected_score": 6.85,
    "lineup": [
      "이정후",
      "김혜성",
      "박동원",
      "이용규",
      "송우현",
      "김웅빈",
      "박병호",
      "서건창",
      "송성문"
    ],
    "player_stats": [
      {
        "name": "이정후",
        "year": 21,
        "team": "키움",
        "pa": 544,
        "ops": 0.96,
        "avg": 0.36,
        "obp": 0.438,
        "slg": 0.522,
        "rbi": 84,
        "sb": 10,
        "hr": 7
      },
      {
        "name": "김혜성",
        "year": 21,
        "team": "키움",
        "pa": 635,
        "ops": 0.739,
        "avg": 0.304,
        "obp": 0.372,
        "slg": 0.367,
        "rbi": 66,
        "sb": 46,
        "hr": 3
      },
      {
        "name": "박동원",
        "year": 21,
        "team": "키움",
        "pa": 481,
        "ops": 0.802,
        "avg": 0.249,
        "obp": 0.342,
        "slg": 0.46,
        "rbi": 83,
        "sb": 2,
        "hr": 22
      },
      {
        "name": "이용규",
        "year": 21,
        "team": "키움",
        "pa": 547,
        "ops": 0.765,
        "avg": 0.296,
        "obp": 0.392,
        "slg": 0.373,
        "rbi": 43,
        "sb": 17,
        "hr": 1
      },
      {
        "name": "송우현",
        "year": 21,
        "team": "키움",
        "pa": 282,
        "ops": 0.786,
        "avg": 0.296,
        "obp": 0.37,
        "slg": 0.416,
        "rbi": 42,
        "sb": 1,
        "hr": 3
      },
      {
        "name": "김웅빈",
        "year": 21,
        "team": "키움",
        "pa": 279,
        "ops": 0.741,
        "avg": 0.241,
        "obp": 0.357,
        "slg": 0.384,
        "rbi": 35,
        "sb": 1,
        "hr": 6
      },
      {
        "name": "박병호",
        "year": 21,
        "team": "키움",
        "pa": 477,
        "ops": 0.753,
        "avg": 0.227,
        "obp": 0.323,
        "slg": 0.43,
        "rbi": 76,
        "sb": 0,
        "hr": 20
      },
      {
        "name": "서건창",
        "year": 21,
        "team": "키움",
        "pa": 333,
        "ops": 0.723,
        "avg": 0.259,
        "obp": 0.37,
        "slg": 0.353,
        "rbi": 28,
        "sb": 6,
        "hr": 4
      },
      {
        "name": "송성문",
        "year": 21,
        "team": "키움",
        "pa": 274,
        "ops": 0.691,
        "avg": 0.249,
        "obp": 0.32,
        "slg": 0.371,
        "rbi": 33,
        "sb": 0,
        "hr": 6
      }
    ]
  },
  {
    "generation": 18,
    "expected_score": 6.355,
    "lineup": [
      "이정후",
      "김혜성",
      "이용규",
      "박동원",
      "김웅빈",
      "서건창",
      "박병호",
      "송우현",
      "송성문"
    ],
    "player_stats": [
      {
        "name": "이정후",
        "year": 21,
        "team": "키움",
        "pa": 544,
        "ops": 0.96,
        "avg": 0.36,
        "obp": 0.438,
        "slg": 0.522,
        "rbi": 84,
        "sb": 10,
        "hr": 7
      },
      {
        "name": "김혜성",
        "year": 21,
        "team": "키움",
        "pa": 635,
        "ops": 0.739,
        "avg": 0.304,
        "obp": 0.372,
        "slg": 0.367,
        "rbi": 66,
        "sb": 46,
        "hr": 3
      },
      {
        "name": "이용규",
        "year": 21,
        "team": "키움",
        "pa": 547,
        "ops": 0.765,
        "avg": 0.296,
        "obp": 0.392,
        "slg": 0.373,
        "rbi": 43,
        "sb": 17,
        "hr": 1
      },
      {
        "name": "박동원",
        "year": 21,
        "team": "키움",
        "pa": 481,
        "ops": 0.802,
        "avg": 0.249,
        "obp": 0.342,
        "slg": 0.46,
        "rbi": 83,
        "sb": 2,
        "hr": 22
      },
      {
        "name": "김웅빈",
        "year": 21,
        "team": "키움",
        "pa": 279,
        "ops": 0.741,
        "avg": 0.241,
        "obp": 0.357,
        "slg": 0.384,
        "rbi": 35,
        "sb": 1,
        "hr": 6
      },
      {
        "name": "서건창",
        "year": 21,
        "team": "키움",
        "pa": 333,
        "ops": 0.723,
        "avg": 0.259,
        "obp": 0.37,
        "slg": 0.353,
        "rbi": 28,
        "sb": 6,
        "hr": 4
      },
      {
        "name": "박병호",
        "year": 21,
        "team": "키움",
        "pa": 477,
        "ops": 0.753,
        "avg": 0.227,
        "obp": 0.323,
        "slg": 0.43,
        "rbi": 76,
        "sb": 0,
        "hr": 20
      },
      {
        "name": "송우현",
        "year": 21,
        "team": "키움",
        "pa": 282,
        "ops": 0.786,
        "avg": 0.296,
        "obp": 0.37,
        "slg": 0.416,
        "rbi": 42,
        "sb": 1,
        "hr": 3
      },
      {
        "name": "송성문",
        "year": 21,
        "team": "키움",
        "pa": 274,
        "ops": 0.691,
        "avg": 0.249,
        "obp": 0.32,
        "slg": 0.371,
        "rbi": 33,
        "sb": 0,
        "hr": 6
      }
    ]
  },
  {
    "generation": 19,
    "expected_score": 6.62,
    "lineup": [
      "이정후",
      "김혜성",
      "이용규",
      "송우현",
      "김웅빈",
      "박동원",
      "박병호",
      "서건창",
      "송성문"
    ],
    "player_stats": [
      {
        "name": "이정후",
        "year": 21,
        "team": "키움",
        "pa": 544,
        "ops": 0.96,
        "avg": 0.36,
        "obp": 0.438,
        "slg": 0.522,
        "rbi": 84,
        "sb": 10,
        "hr": 7
      },
      {
        "name": "김혜성",
        "year": 21,
        "team": "키움",
        "pa": 635,
        "ops": 0.739,
        "avg": 0.304,
        "obp": 0.372,
        "slg": 0.367,
        "rbi": 66,
        "sb": 46,
        "hr": 3
      },
      {
        "name": "이용규",
        "year": 21,
        "team": "키움",
        "pa": 547,
        "ops": 0.765,
        "avg": 0.296,
        "obp": 0.392,
        "slg": 0.373,
        "rbi": 43,
        "sb": 17,
        "hr": 1
      },
      {
        "name": "송우현",
        "year": 21,
        "team": "키움",
        "pa": 282,
        "ops": 0.786,
        "avg": 0.296,
        "obp": 0.37,
        "slg": 0.416,
        "rbi": 42,
        "sb": 1,
        "hr": 3
      },
      {
        "name": "김웅빈",
        "year": 21,
        "team": "키움",
        "pa": 279,
        "ops": 0.741,
        "avg": 0.241,
        "obp": 0.357,
        "slg": 0.384,
        "rbi": 35,
        "sb": 1,
        "hr": 6
      },
      {
        "name": "박동원",
        "year": 21,
        "team": "키움",
        "pa": 481,
        "ops": 0.802,
        "avg": 0.249,
        "obp": 0.342,
        "slg": 0.46,
        "rbi": 83,
        "sb": 2,
        "hr": 22
      },
      {
        "name": "박병호",
        "year": 21,
        "team": "키움",
        "pa": 477,
        "ops": 0.753,
        "avg": 0.227,
        "obp": 0.323,
        "slg": 0.43,
        "rbi": 76,
        "sb": 0,
        "hr": 20
      },
      {
        "name": "서건창",
        "year": 21,
        "team": "키움",
        "pa": 333,
        "ops": 0.723,
        "avg": 0.259,
        "obp": 0.37,
        "slg": 0.353,
        "rbi": 28,
        "sb": 6,
        "hr": 4
      },
      {
        "name": "송성문",
        "year": 21,
        "team": "키움",
        "pa": 274,
        "ops": 0.691,
        "avg": 0.249,
        "obp": 0.32,
        "slg": 0.371,
        "rbi": 33,
        "sb": 0,
        "hr": 6
      }
    ]
  },
  {
    "generation": 20,
    "expected_score": 6.54,
    "lineup": [
      "이정후",
      "김혜성",
      "이용규",
      "송우현",
      "박동원",
      "김웅빈",
      "서건창",
      "박병호",
      "송성문"
    ],
    "player_stats": [
      {
        "name": "이정후",
        "year": 21,
        "team": "키움",
        "pa": 544,
        "ops": 0.96,
        "avg": 0.36,
        "obp": 0.438,
        "slg": 0.522,
        "rbi": 84,
        "sb": 10,
        "hr": 7
      },
      {
        "name": "김혜성",
        "year": 21,
        "team": "키움",
        "pa": 635,
        "ops": 0.739,
        "avg": 0.304,
        "obp": 0.372,
        "slg": 0.367,
        "rbi": 66,
        "sb": 46,
        "hr": 3
      },
      {
        "name": "이용규",
        "year": 21,
        "team": "키움",
        "pa": 547,
        "ops": 0.765,
        "avg": 0.296,
        "obp": 0.392,
        "slg": 0.373,
        "rbi": 43,
        "sb": 17,
        "hr": 1
      },
      {
        "name": "송우현",
        "year": 21,
        "team": "키움",
        "pa": 282,
        "ops": 0.786,
        "avg": 0.296,
        "obp": 0.37,
        "slg": 0.416,
        "rbi": 42,
        "sb": 1,
        "hr": 3
      },
      {
        "name": "박동원",
        "year": 21,
        "team": "키움",
        "pa": 481,
        "ops": 0.802,
        "avg": 0.249,
        "obp": 0.342,
        "slg": 0.46,
        "rbi": 83,
        "sb": 2,
        "hr": 22
      },
      {
        "name": "김웅빈",
        "year": 21,
        "team": "키움",
        "pa": 279,
        "ops": 0.741,
        "avg": 0.241,
        "obp": 0.357,
        "slg": 0.384,
        "rbi": 35,
        "sb": 1,
        "hr": 6
      },
      {
        "name": "서건창",
        "year": 21,
        "team": "키움",
        "pa": 333,
        "ops": 0.723,
        "avg": 0.259,
        "obp": 0.37,
        "slg": 0.353,
        "rbi": 28,
        "sb": 6,
        "hr": 4
      },
      {
        "name": "박병호",
        "year": 21,
        "team": "키움",
        "pa": 477,
        "ops": 0.753,
        "avg": 0.227,
        "obp": 0.323,
        "slg": 0.43,
        "rbi": 76,
        "sb": 0,
        "hr": 20
      },
      {
        "name": "송성문",
        "year": 21,
        "team": "키움",
        "pa": 274,
        "ops": 0.691,
        "avg": 0.249,
        "obp": 0.32,
        "slg": 0.371,
        "rbi": 33,
        "sb": 0,
        "hr": 6
      }
    ]
  },
  {
    "generation": 21,
    "expected_score": 6.595,
    "lineup": [
      "이정후",
      "김혜성",
      "이용규",
      "송우현",
      "박동원",
      "김웅빈",
      "서건창",
      "박병호",
      "송성문"
    ],
    "player_stats": [
      {
        "name": "이정후",
        "year": 21,
        "team": "키움",
        "pa": 544,
        "ops": 0.96,
        "avg": 0.36,
        "obp": 0.438,
        "slg": 0.522,
        "rbi": 84,
        "sb": 10,
        "hr": 7
      },
      {
        "name": "김혜성",
        "year": 21,
        "team": "키움",
        "pa": 635,
        "ops": 0.739,
        "avg": 0.304,
        "obp": 0.372,
        "slg": 0.367,
        "rbi": 66,
        "sb": 46,
        "hr": 3
      },
      {
        "name": "이용규",
        "year": 21,
        "team": "키움",
        "pa": 547,
        "ops": 0.765,
        "avg": 0.296,
        "obp": 0.392,
        "slg": 0.373,
        "rbi": 43,
        "sb": 17,
        "hr": 1
      },
      {
        "name": "송우현",
        "year": 21,
        "team": "키움",
        "pa": 282,
        "ops": 0.786,
        "avg": 0.296,
        "obp": 0.37,
        "slg": 0.416,
        "rbi": 42,
        "sb": 1,
        "hr": 3
      },
      {
        "name": "박동원",
        "year": 21,
        "team": "키움",
        "pa": 481,
        "ops": 0.802,
        "avg": 0.249,
        "obp": 0.342,
        "slg": 0.46,
        "rbi": 83,
        "sb": 2,
        "hr": 22
      },
      {
        "name": "김웅빈",
        "year": 21,
        "team": "키움",
        "pa": 279,
        "ops": 0.741,
        "avg": 0.241,
        "obp": 0.357,
        "slg": 0.384,
        "rbi": 35,
        "sb": 1,
        "hr": 6
      },
      {
        "name": "서건창",
        "year": 21,
        "team": "키움",
        "pa": 333,
        "ops": 0.723,
        "avg": 0.259,
        "obp": 0.37,
        "slg": 0.353,
        "rbi": 28,
        "sb": 6,
        "hr": 4
      },
      {
        "name": "박병호",
        "year": 21,
        "team": "키움",
        "pa": 477,
        "ops": 0.753,
        "avg": 0.227,
        "obp": 0.323,
        "slg": 0.43,
        "rbi": 76,
        "sb": 0,
        "hr": 20
      },
      {
        "name": "송성문",
        "year": 21,
        "team": "키움",
        "pa": 274,
        "ops": 0.691,
        "avg": 0.249,
        "obp": 0.32,
        "slg": 0.371,
        "rbi": 33,
        "sb": 0,
        "hr": 6
      }
    ]
  },
  {
    "generation": 22,
    "expected_score": 6.6,
    "lineup": [
      "이정후",
      "김혜성",
      "이용규",
      "송우현",
      "박동원",
      "김웅빈",
      "서건창",
      "박병호",
      "송성문"
    ],
    "player_stats": [
      {
        "name": "이정후",
        "year": 21,
        "team": "키움",
        "pa": 544,
        "ops": 0.96,
        "avg": 0.36,
        "obp": 0.438,
        "slg": 0.522,
        "rbi": 84,
        "sb": 10,
        "hr": 7
      },
      {
        "name": "김혜성",
        "year": 21,
        "team": "키움",
        "pa": 635,
        "ops": 0.739,
        "avg": 0.304,
        "obp": 0.372,
        "slg": 0.367,
        "rbi": 66,
        "sb": 46,
        "hr": 3
      },
      {
        "name": "이용규",
        "year": 21,
        "team": "키움",
        "pa": 547,
        "ops": 0.765,
        "avg": 0.296,
        "obp": 0.392,
        "slg": 0.373,
        "rbi": 43,
        "sb": 17,
        "hr": 1
      },
      {
        "name": "송우현",
        "year": 21,
        "team": "키움",
        "pa": 282,
        "ops": 0.786,
        "avg": 0.296,
        "obp": 0.37,
        "slg": 0.416,
        "rbi": 42,
        "sb": 1,
        "hr": 3
      },
      {
        "name": "박동원",
        "year": 21,
        "team": "키움",
        "pa": 481,
        "ops": 0.802,
        "avg": 0.249,
        "obp": 0.342,
        "slg": 0.46,
        "rbi": 83,
        "sb": 2,
        "hr": 22
      },
      {
        "name": "김웅빈",
        "year": 21,
        "team": "키움",
        "pa": 279,
        "ops": 0.741,
        "avg": 0.241,
        "obp": 0.357,
        "slg": 0.384,
        "rbi": 35,
        "sb": 1,
        "hr": 6
      },
      {
        "name": "서건창",
        "year": 21,
        "team": "키움",
        "pa": 333,
        "ops": 0.723,
        "avg": 0.259,
        "obp": 0.37,
        "slg": 0.353,
        "rbi": 28,
        "sb": 6,
        "hr": 4
      },
      {
        "name": "박병호",
        "year": 21,
        "team": "키움",
        "pa": 477,
        "ops": 0.753,
        "avg": 0.227,
        "obp": 0.323,
        "slg": 0.43,
        "rbi": 76,
        "sb": 0,
        "hr": 20
      },
      {
        "name": "송성문",
        "year": 21,
        "team": "키움",
        "pa": 274,
        "ops": 0.691,
        "avg": 0.249,
        "obp": 0.32,
        "slg": 0.371,
        "rbi": 33,
        "sb": 0,
        "hr": 6
      }
    ]
  },
  {
    "generation": 23,
    "expected_score": 6.455,
    "lineup": [
      "이정후",
      "김혜성",
      "이용규",
      "김웅빈",
      "송우현",
      "박동원",
      "서건창",
      "박병호",
      "송성문"
    ],
    "player_stats": [
      {
        "name": "이정후",
        "year": 21,
        "team": "키움",
        "pa": 544,
        "ops": 0.96,
        "avg": 0.36,
        "obp": 0.438,
        "slg": 0.522,
        "rbi": 84,
        "sb": 10,
        "hr": 7
      },
      {
        "name": "김혜성",
        "year": 21,
        "team": "키움",
        "pa": 635,
        "ops": 0.739,
        "avg": 0.304,
        "obp": 0.372,
        "slg": 0.367,
        "rbi": 66,
        "sb": 46,
        "hr": 3
      },
      {
        "name": "이용규",
        "year": 21,
        "team": "키움",
        "pa": 547,
        "ops": 0.765,
        "avg": 0.296,
        "obp": 0.392,
        "slg": 0.373,
        "rbi": 43,
        "sb": 17,
        "hr": 1
      },
      {
        "name": "김웅빈",
        "year": 21,
        "team": "키움",
        "pa": 279,
        "ops": 0.741,
        "avg": 0.241,
        "obp": 0.357,
        "slg": 0.384,
        "rbi": 35,
        "sb": 1,
        "hr": 6
      },
      {
        "name": "송우현",
        "year": 21,
        "team": "키움",
        "pa": 282,
        "ops": 0.786,
        "avg": 0.296,
        "obp": 0.37,
        "slg": 0.416,
        "rbi": 42,
        "sb": 1,
        "hr": 3
      },
      {
        "name": "박동원",
        "year": 21,
        "team": "키움",
        "pa": 481,
        "ops": 0.802,
        "avg": 0.249,
        "obp": 0.342,
        "slg": 0.46,
        "rbi": 83,
        "sb": 2,
        "hr": 22
      },
      {
        "name": "서건창",
        "year": 21,
        "team": "키움",
        "pa": 333,
        "ops": 0.723,
        "avg": 0.259,
        "obp": 0.37,
        "slg": 0.353,
        "rbi": 28,
        "sb": 6,
        "hr": 4
      },
      {
        "name": "박병호",
        "year": 21,
        "team": "키움",
        "pa": 477,
        "ops": 0.753,
        "avg": 0.227,
        "obp": 0.323,
        "slg": 0.43,
        "rbi": 76,
        "sb": 0,
        "hr": 20
      },
      {
        "name": "송성문",
        "year": 21,
        "team": "키움",
        "pa": 274,
        "ops": 0.691,
        "avg": 0.249,
        "obp": 0.32,
        "slg": 0.371,
        "rbi": 33,
        "sb": 0,
        "hr": 6
      }
    ]
  },
  {
    "generation": 24,
    "expected_score": 6.47,
    "lineup": [
      "이정후",
      "김혜성",
      "이용규",
      "김웅빈",
      "송성문",
      "서건창",
      "박병호",
      "송우현",
      "박동원"
    ],
    "player_stats": [
      {
        "name": "이정후",
        "year": 21,
        "team": "키움",
        "pa": 544,
        "ops": 0.96,
        "avg": 0.36,
        "obp": 0.438,
        "slg": 0.522,
        "rbi": 84,
        "sb": 10,
        "hr": 7
      },
      {
        "name": "김혜성",
        "year": 21,
        "team": "키움",
        "pa": 635,
        "ops": 0.739,
        "avg": 0.304,
        "obp": 0.372,
        "slg": 0.367,
        "rbi": 66,
        "sb": 46,
        "hr": 3
      },
      {
        "name": "이용규",
        "year": 21,
        "team": "키움",
        "pa": 547,
        "ops": 0.765,
        "avg": 0.296,
        "obp": 0.392,
        "slg": 0.373,
        "rbi": 43,
        "sb": 17,
        "hr": 1
      },
      {
        "name": "김웅빈",
        "year": 21,
        "team": "키움",
        "pa": 279,
        "ops": 0.741,
        "avg": 0.241,
        "obp": 0.357,
        "slg": 0.384,
        "rbi": 35,
        "sb": 1,
        "hr": 6
      },
      {
        "name": "송성문",
        "year": 21,
        "team": "키움",
        "pa": 274,
        "ops": 0.691,
        "avg": 0.249,
        "obp": 0.32,
        "slg": 0.371,
        "rbi": 33,
        "sb": 0,
        "hr": 6
      },
      {
        "name": "서건창",
        "year": 21,
        "team": "키움",
        "pa": 333,
        "ops": 0.723,
        "avg": 0.259,
        "obp": 0.37,
        "slg": 0.353,
        "rbi": 28,
        "sb": 6,
        "hr": 4
      },
      {
        "name": "박병호",
        "year": 21,
        "team": "키움",
        "pa": 477,
        "ops": 0.753,
        "avg": 0.227,
        "obp": 0.323,
        "slg": 0.43,
        "rbi": 76,
        "sb": 0,
        "hr": 20
      },
      {
        "name": "송우현",
        "year": 21,
        "team": "키움",
        "pa": 282,
        "ops": 0.786,
        "avg": 0.296,
        "obp": 0.37,
        "slg": 0.416,
        "rbi": 42,
        "sb": 1,
        "hr": 3
      },
      {
        "name": "박동원",
        "year": 21,
        "team": "키움",
        "pa": 481,
        "ops": 0.802,
        "avg": 0.249,
        "obp": 0.342,
        "slg": 0.46,
        "rbi": 83,
        "sb": 2,
        "hr": 22
      }
    ]
  },
  {
    "generation": 25,
    "expected_score": 6.595,
    "lineup": [
      "이정후",
      "김혜성",
      "이용규",
      "김웅빈",
      "송우현",
      "송성문",
      "박동원",
      "서건창",
      "박병호"
    ],
    "player_stats": [
      {
        "name": "이정후",
        "year": 21,
        "team": "키움",
        "pa": 544,
        "ops": 0.96,
        "avg": 0.36,
        "obp": 0.438,
        "slg": 0.522,
        "rbi": 84,
        "sb": 10,
        "hr": 7
      },
      {
        "name": "김혜성",
        "year": 21,
        "team": "키움",
        "pa": 635,
        "ops": 0.739,
        "avg": 0.304,
        "obp": 0.372,
        "slg": 0.367,
        "rbi": 66,
        "sb": 46,
        "hr": 3
      },
      {
        "name": "이용규",
        "year": 21,
        "team": "키움",
        "pa": 547,
        "ops": 0.765,
        "avg": 0.296,
        "obp": 0.392,
        "slg": 0.373,
        "rbi": 43,
        "sb": 17,
        "hr": 1
      },
      {
        "name": "김웅빈",
        "year": 21,
        "team": "키움",
        "pa": 279,
        "ops": 0.741,
        "avg": 0.241,
        "obp": 0.357,
        "slg": 0.384,
        "rbi": 35,
        "sb": 1,
        "hr": 6
      },
      {
        "name": "송우현",
        "year": 21,
        "team": "키움",
        "pa": 282,
        "ops": 0.786,
        "avg": 0.296,
        "obp": 0.37,
        "slg": 0.416,
        "rbi": 42,
        "sb": 1,
        "hr": 3
      },
      {
        "name": "송성문",
        "year": 21,
        "team": "키움",
        "pa": 274,
        "ops": 0.691,
        "avg": 0.249,
        "obp": 0.32,
        "slg": 0.371,
        "rbi": 33,
        "sb": 0,
        "hr": 6
      },
      {
        "name": "박동원",
        "year": 21,
        "team": "키움",
        "pa": 481,
        "ops": 0.802,
        "avg": 0.249,
        "obp": 0.342,
        "slg": 0.46,
        "rbi": 83,
        "sb": 2,
        "hr": 22
      },
      {
        "name": "서건창",
        "year": 21,
        "team": "키움",
        "pa": 333,
        "ops": 0.723,
        "avg": 0.259,
        "obp": 0.37,
        "slg": 0.353,
        "rbi": 28,
        "sb": 6,
        "hr": 4
      },
      {
        "name": "박병호",
        "year": 21,
        "team": "키움",
        "pa": 477,
        "ops": 0.753,
        "avg": 0.227,
        "obp": 0.323,
        "slg": 0.43,
        "rbi": 76,
        "sb": 0,
        "hr": 20
      }
    ]
  },
  {
    "generation": 26,
    "expected_score": 6.955,
    "lineup": [
      "이정후",
      "김혜성",
      "송성문",
      "이용규",
      "김웅빈",
      "송우현",
      "박동원",
      "서건창",
      "박병호"
    ],
    "player_stats": [
      {
        "name": "이정후",
        "year": 21,
        "team": "키움",
        "pa": 544,
        "ops": 0.96,
        "avg": 0.36,
        "obp": 0.438,
        "slg": 0.522,
        "rbi": 84,
        "sb": 10,
        "hr": 7
      },
      {
        "name": "김혜성",
        "year": 21,
        "team": "키움",
        "pa": 635,
        "ops": 0.739,
        "avg": 0.304,
        "obp": 0.372,
        "slg": 0.367,
        "rbi": 66,
        "sb": 46,
        "hr": 3
      },
      {
        "name": "송성문",
        "year": 21,
        "team": "키움",
        "pa": 274,
        "ops": 0.691,
        "avg": 0.249,
        "obp": 0.32,
        "slg": 0.371,
        "rbi": 33,
        "sb": 0,
        "hr": 6
      },
      {
        "name": "이용규",
        "year": 21,
        "team": "키움",
        "pa": 547,
        "ops": 0.765,
        "avg": 0.296,
        "obp": 0.392,
        "slg": 0.373,
        "rbi": 43,
        "sb": 17,
        "hr": 1
      },
      {
        "name": "김웅빈",
        "year": 21,
        "team": "키움",
        "pa": 279,
        "ops": 0.741,
        "avg": 0.241,
        "obp": 0.357,
        "slg": 0.384,
        "rbi": 35,
        "sb": 1,
        "hr": 6
      },
      {
        "name": "송우현",
        "year": 21,
        "team": "키움",
        "pa": 282,
        "ops": 0.786,
        "avg": 0.296,
        "obp": 0.37,
        "slg": 0.416,
        "rbi": 42,
        "sb": 1,
        "hr": 3
      },
      {
        "name": "박동원",
        "year": 21,
        "team": "키움",
        "pa": 481,
        "ops": 0.802,
        "avg": 0.249,
        "obp": 0.342,
        "slg": 0.46,
        "rbi": 83,
        "sb": 2,
        "hr": 22
      },
      {
        "name": "서건창",
        "year": 21,
        "team": "키움",
        "pa": 333,
        "ops": 0.723,
        "avg": 0.259,
        "obp": 0.37,
        "slg": 0.353,
        "rbi": 28,
        "sb": 6,
        "hr": 4
      },
      {
        "name": "박병호",
        "year": 21,
        "team": "키움",
        "pa": 477,
        "ops": 0.753,
        "avg": 0.227,
        "obp": 0.323,
        "slg": 0.43,
        "rbi": 76,
        "sb": 0,
        "hr": 20
      }
    ]
  },
  {
    "generation": 27,
    "expected_score": 6.505,
    "lineup": [
      "이정후",
      "김혜성",
      "이용규",
      "송우현",
      "김웅빈",
      "송성문",
      "서건창",
      "박병호",
      "박동원"
    ],
    "player_stats": [
      {
        "name": "이정후",
        "year": 21,
        "team": "키움",
        "pa": 544,
        "ops": 0.96,
        "avg": 0.36,
        "obp": 0.438,
        "slg": 0.522,
        "rbi": 84,
        "sb": 10,
        "hr": 7
      },
      {
        "name": "김혜성",
        "year": 21,
        "team": "키움",
        "pa": 635,
        "ops": 0.739,
        "avg": 0.304,
        "obp": 0.372,
        "slg": 0.367,
        "rbi": 66,
        "sb": 46,
        "hr": 3
      },
      {
        "name": "이용규",
        "year": 21,
        "team": "키움",
        "pa": 547,
        "ops": 0.765,
        "avg": 0.296,
        "obp": 0.392,
        "slg": 0.373,
        "rbi": 43,
        "sb": 17,
        "hr": 1
      },
      {
        "name": "송우현",
        "year": 21,
        "team": "키움",
        "pa": 282,
        "ops": 0.786,
        "avg": 0.296,
        "obp": 0.37,
        "slg": 0.416,
        "rbi": 42,
        "sb": 1,
        "hr": 3
      },
      {
        "name": "김웅빈",
        "year": 21,
        "team": "키움",
        "pa": 279,
        "ops": 0.741,
        "avg": 0.241,
        "obp": 0.357,
        "slg": 0.384,
        "rbi": 35,
        "sb": 1,
        "hr": 6
      },
      {
        "name": "송성문",
        "year": 21,
        "team": "키움",
        "pa": 274,
        "ops": 0.691,
        "avg": 0.249,
        "obp": 0.32,
        "slg": 0.371,
        "rbi": 33,
        "sb": 0,
        "hr": 6
      },
      {
        "name": "서건창",
        "year": 21,
        "team": "키움",
        "pa": 333,
        "ops": 0.723,
        "avg": 0.259,
        "obp": 0.37,
        "slg": 0.353,
        "rbi": 28,
        "sb": 6,
        "hr": 4
      },
      {
        "name": "박병호",
        "year": 21,
        "team": "키움",
        "pa": 477,
        "ops": 0.753,
        "avg": 0.227,
        "obp": 0.323,
        "slg": 0.43,
        "rbi": 76,
        "sb": 0,
        "hr": 20
      },
      {
        "name": "박동원",
        "year": 21,
        "team": "키움",
        "pa": 481,
        "ops": 0.802,
        "avg": 0.249,
        "obp": 0.342,
        "slg": 0.46,
        "rbi": 83,
        "sb": 2,
        "hr": 22
      }
    ]
  },
  {
    "generation": 28,
    "expected_score": 6.435,
    "lineup": [
      "이정후",
      "김혜성",
      "이용규",
      "송우현",
      "서건창",
      "김웅빈",
      "박동원",
      "송성문",
      "박병호"
    ],
    "player_stats": [
      {
        "name": "이정후",
        "year": 21,
        "team": "키움",
        "pa": 544,
        "ops": 0.96,
        "avg": 0.36,
        "obp": 0.438,
        "slg": 0.522,
        "rbi": 84,
        "sb": 10,
        "hr": 7
      },
      {
        "name": "김혜성",
        "year": 21,
        "team": "키움",
        "pa": 635,
        "ops": 0.739,
        "avg": 0.304,
        "obp": 0.372,
        "slg": 0.367,
        "rbi": 66,
        "sb": 46,
        "hr": 3
      },
      {
        "name": "이용규",
        "year": 21,
        "team": "키움",
        "pa": 547,
        "ops": 0.765,
        "avg": 0.296,
        "obp": 0.392,
        "slg": 0.373,
        "rbi": 43,
        "sb": 17,
        "hr": 1
      },
      {
        "name": "송우현",
        "year": 21,
        "team": "키움",
        "pa": 282,
        "ops": 0.786,
        "avg": 0.296,
        "obp": 0.37,
        "slg": 0.416,
        "rbi": 42,
        "sb": 1,
        "hr": 3
      },
      {
        "name": "서건창",
        "year": 21,
        "team": "키움",
        "pa": 333,
        "ops": 0.723,
        "avg": 0.259,
        "obp": 0.37,
        "slg": 0.353,
        "rbi": 28,
        "sb": 6,
        "hr": 4
      },
      {
        "name": "김웅빈",
        "year": 21,
        "team": "키움",
        "pa": 279,
        "ops": 0.741,
        "avg": 0.241,
        "obp": 0.357,
        "slg": 0.384,
        "rbi": 35,
        "sb": 1,
        "hr": 6
      },
      {
        "name": "박동원",
        "year": 21,
        "team": "키움",
        "pa": 481,
        "ops": 0.802,
        "avg": 0.249,
        "obp": 0.342,
        "slg": 0.46,
        "rbi": 83,
        "sb": 2,
        "hr": 22
      },
      {
        "name": "송성문",
        "year": 21,
        "team": "키움",
        "pa": 274,
        "ops": 0.691,
        "avg": 0.249,
        "obp": 0.32,
        "slg": 0.371,
        "rbi": 33,
        "sb": 0,
        "hr": 6
      },
      {
        "name": "박병호",
        "year": 21,
        "team": "키움",
        "pa": 477,
        "ops": 0.753,
        "avg": 0.227,
        "obp": 0.323,
        "slg": 0.43,
        "rbi": 76,
        "sb": 0,
        "hr": 20
      }
    ]
  },
  {
    "generation": 29,
    "expected_score": 6.525,
    "lineup": [
      "이정후",
      "김혜성",
      "이용규",
      "송우현",
      "서건창",
      "김웅빈",
      "박동원",
      "송성문",
      "박병호"
    ],
    "player_stats": [
      {
        "name": "이정후",
        "year": 21,
        "team": "키움",
        "pa": 544,
        "ops": 0.96,
        "avg": 0.36,
        "obp": 0.438,
        "slg": 0.522,
        "rbi": 84,
        "sb": 10,
        "hr": 7
      },
      {
        "name": "김혜성",
        "year": 21,
        "team": "키움",
        "pa": 635,
        "ops": 0.739,
        "avg": 0.304,
        "obp": 0.372,
        "slg": 0.367,
        "rbi": 66,
        "sb": 46,
        "hr": 3
      },
      {
        "name": "이용규",
        "year": 21,
        "team": "키움",
        "pa": 547,
        "ops": 0.765,
        "avg": 0.296,
        "obp": 0.392,
        "slg": 0.373,
        "rbi": 43,
        "sb": 17,
        "hr": 1
      },
      {
        "name": "송우현",
        "year": 21,
        "team": "키움",
        "pa": 282,
        "ops": 0.786,
        "avg": 0.296,
        "obp": 0.37,
        "slg": 0.416,
        "rbi": 42,
        "sb": 1,
        "hr": 3
      },
      {
        "name": "서건창",
        "year": 21,
        "team": "키움",
        "pa": 333,
        "ops": 0.723,
        "avg": 0.259,
        "obp": 0.37,
        "slg": 0.353,
        "rbi": 28,
        "sb": 6,
        "hr": 4
      },
      {
        "name": "김웅빈",
        "year": 21,
        "team": "키움",
        "pa": 279,
        "ops": 0.741,
        "avg": 0.241,
        "obp": 0.357,
        "slg": 0.384,
        "rbi": 35,
        "sb": 1,
        "hr": 6
      },
      {
        "name": "박동원",
        "year": 21,
        "team": "키움",
        "pa": 481,
        "ops": 0.802,
        "avg": 0.249,
        "obp": 0.342,
        "slg": 0.46,
        "rbi": 83,
        "sb": 2,
        "hr": 22
      },
      {
        "name": "송성문",
        "year": 21,
        "team": "키움",
        "pa": 274,
        "ops": 0.691,
        "avg": 0.249,
        "obp": 0.32,
        "slg": 0.371,
        "rbi": 33,
        "sb": 0,
        "hr": 6
      },
      {
        "name": "박병호",
        "year": 21,
        "team": "키움",
        "pa": 477,
        "ops": 0.753,
        "avg": 0.227,
        "obp": 0.323,
        "slg": 0.43,
        "rbi": 76,
        "sb": 0,
        "hr": 20
      }
    ]
  },
  {
    "generation": 30,
    "expected_score": 6.415,
    "lineup": [
      "이정후",
      "김혜성",
      "이용규",
      "김웅빈",
      "서건창",
      "송우현",
      "송성문",
      "박병호",
      "박동원"
    ],
    "player_stats": [
      {
        "name": "이정후",
        "year": 21,
        "team": "키움",
        "pa": 544,
        "ops": 0.96,
        "avg": 0.36,
        "obp": 0.438,
        "slg": 0.522,
        "rbi": 84,
        "sb": 10,
        "hr": 7
      },
      {
        "name": "김혜성",
        "year": 21,
        "team": "키움",
        "pa": 635,
        "ops": 0.739,
        "avg": 0.304,
        "obp": 0.372,
        "slg": 0.367,
        "rbi": 66,
        "sb": 46,
        "hr": 3
      },
      {
        "name": "이용규",
        "year": 21,
        "team": "키움",
        "pa": 547,
        "ops": 0.765,
        "avg": 0.296,
        "obp": 0.392,
        "slg": 0.373,
        "rbi": 43,
        "sb": 17,
        "hr": 1
      },
      {
        "name": "김웅빈",
        "year": 21,
        "team": "키움",
        "pa": 279,
        "ops": 0.741,
        "avg": 0.241,
        "obp": 0.357,
        "slg": 0.384,
        "rbi": 35,
        "sb": 1,
        "hr": 6
      },
      {
        "name": "서건창",
        "year": 21,
        "team": "키움",
        "pa": 333,
        "ops": 0.723,
        "avg": 0.259,
        "obp": 0.37,
        "slg": 0.353,
        "rbi": 28,
        "sb": 6,
        "hr": 4
      },
      {
        "name": "송우현",
        "year": 21,
        "team": "키움",
        "pa": 282,
        "ops": 0.786,
        "avg": 0.296,
        "obp": 0.37,
        "slg": 0.416,
        "rbi": 42,
        "sb": 1,
        "hr": 3
      },
      {
        "name": "송성문",
        "year": 21,
        "team": "키움",
        "pa": 274,
        "ops": 0.691,
        "avg": 0.249,
        "obp": 0.32,
        "slg": 0.371,
        "rbi": 33,
        "sb": 0,
        "hr": 6
      },
      {
        "name": "박병호",
        "year": 21,
        "team": "키움",
        "pa": 477,
        "ops": 0.753,
        "avg": 0.227,
        "obp": 0.323,
        "slg": 0.43,
        "rbi": 76,
        "sb": 0,
        "hr": 20
      },
      {
        "name": "박동원",
        "year": 21,
        "team": "키움",
        "pa": 481,
        "ops": 0.802,
        "avg": 0.249,
        "obp": 0.342,
        "slg": 0.46,
        "rbi": 83,
        "sb": 2,
        "hr": 22
      }
    ]
  }
]