[
  {
    "generation": 1,
    "expected_score": 5.82,
    "lineup": [
      "황재균",
      "박병호",
      "장성우",
      "김민혁",
      "김상수",
      "문상철",
      "강백호",
      "알포드",
      "배정대"
    ],
    "player_stats": [
      {
        "name": "황재균",
        "year": 23,
        "team": "KT",
        "pa": 457,
        "ops": 0.779,
        "avg": 0.295,
        "obp": 0.366,
        "slg": 0.413,
        "rbi": 49,
        "sb": 3,
        "hr": 6
      },
      {
        "name": "박병호",
        "year": 23,
        "team": "KT",
        "pa": 493,
        "ops": 0.8,
        "avg": 0.283,
        "obp": 0.357,
        "slg": 0.443,
        "rbi": 87,
        "sb": 2,
        "hr": 18
      },
      {
        "name": "장성우",
        "year": 23,
        "team": "KT",
        "pa": 464,
        "ops": 0.773,
        "avg": 0.288,
        "obp": 0.351,
        "slg": 0.422,
        "rbi": 65,
        "sb": 1,
        "hr": 11
      },
      {
        "name": "김민혁",
        "year": 23,
        "team": "KT",
        "pa": 448,
        "ops": 0.741,
        "avg": 0.297,
        "obp": 0.356,
        "slg": 0.385,
        "rbi": 41,
        "sb": 11,
        "hr": 3
      },
      {
        "name": "김상수",
        "year": 23,
        "team": "KT",
        "pa": 512,
        "ops": 0.692,
        "avg": 0.271,
        "obp": 0.353,
        "slg": 0.339,
        "rbi": 56,
        "sb": 5,
        "hr": 3
      },
      {
        "name": "문상철",
        "year": 23,
        "team": "KT",
        "pa": 330,
        "ops": 0.712,
        "avg": 0.26,
        "obp": 0.298,
        "slg": 0.414,
        "rbi": 46,
        "sb": 3,
        "hr": 9
      },
      {
        "name": "강백호",
        "year": 23,
        "team": "KT",
        "pa": 271,
        "ops": 0.763,
        "avg": 0.265,
        "obp": 0.347,
        "slg": 0.416,
        "rbi": 39,
        "sb": 3,
        "hr": 8
      },
      {
        "name": "알포드",
        "year": 23,
        "team": "KT",
        "pa": 547,
        "ops": 0.812,
        "avg": 0.289,
        "obp": 0.356,
        "slg": 0.456,
        "rbi": 70,
        "sb": 17,
        "hr": 15
      },
      {
        "name": "배정대",
        "year": 23,
        "team": "KT",
        "pa": 361,
        "ops": 0.703,
        "avg": 0.277,
        "obp": 0.356,
        "slg": 0.347,
        "rbi": 38,
        "sb": 13,
        "hr": 2
      }
    ]
  },
  {
    "generation": 2,
    "expected_score": 5.685,
    "lineup": [
      "김민혁",
      "박병호",
      "황재균",
      "김상수",
      "알포드",
      "장성우",
      "문상철",
      "배정대",
      "강백호"
    ],
    "player_stats": [
      {
        "name": "김민혁",
        "year": 23,
        "team": "KT",
        "pa": 448,
        "ops": 0.741,
        "avg": 0.297,
        "obp": 0.356,
        "slg": 0.385,
        "rbi": 41,
        "sb": 11,
        "hr": 3
      },
      {
        "name": "박병호",
        "year": 23,
        "team": "KT",
        "pa": 493,
        "ops": 0.8,
        "avg": 0.283,
        "obp": 0.357,
        "slg": 0.443,
        "rbi": 87,
        "sb": 2,
        "hr": 18
      },
      {
        "name": "황재균",
        "year": 23,
        "team": "KT",
        "pa": 457,
        "ops": 0.779,
        "avg": 0.295,
        "obp": 0.366,
        "slg": 0.413,
        "rbi": 49,
        "sb": 3,
        "hr": 6
      },
      {
        "name": "김상수",
        "year": 23,
        "team": "KT",
        "pa": 512,
        "ops": 0.692,
        "avg": 0.271,
        "obp": 0.353,
        "slg": 0.339,
        "rbi": 56,
        "sb": 5,
        "hr": 3
      },
      {
        "name": "알포드",
        "year": 23,
        "team": "KT",
        "pa": 547,
        "ops": 0.812,
        "avg": 0.289,
        "obp": 0.356,
        "slg": 0.456,
        "rbi": 70,
        "sb": 17,
        "hr": 15
      },
      {
        "name": "장성우",
        "year": 23,
        "team": "KT",
        "pa": 464,
        "ops": 0.773,
        "avg": 0.288,
        "obp": 0.351,
        "slg": 0.422,
        "rbi": 65,
        "sb": 1,
        "hr": 11
      },
      {
        "name": "문상철",
        "year": 23,
        "team": "KT",
        "pa": 330,
        "ops": 0.712,
        "avg": 0.26,
        "obp": 0.298,
        "slg": 0.414,
        "rbi": 46,
        "sb": 3,
        "hr": 9
      },
      {
        "name": "배정대",
        "year": 23,
        "team": "KT",
        "pa": 361,
        "ops": 0.703,
        "avg": 0.277,
        "obp": 0.356,
        "slg": 0.347,
        "rbi": 38,
        "sb": 13,
        "hr": 2
      },
      {
        "name": "강백호",
        "year": 23,
        "team": "KT",
        "pa": 271,
        "ops": 0.763,
        "avg": 0.265,
        "obp": 0.347,
        "slg": 0.416,
        "rbi": 39,
        "sb": 3,
        "hr": 8
      }
    ]
  },
  {
    "generation": 3,
    "expected_score": 5.69,
    "lineup": [
      "강백호",
      "황재균",
      "박병호",
      "김민혁",
      "배정대",
      "알포드",
      "김상수",
      "문상철",
      "장성우"
    ],
    "player_stats": [
      {
        "name": "강백호",
        "year": 23,
        "team": "KT",
        "pa": 271,
        "ops": 0.763,
        "avg": 0.265,
        "obp": 0.347,
        "slg": 0.416,
        "rbi": 39,
        "sb": 3,
        "hr": 8
      },
      {
        "name": "황재균",
        "year": 23,
        "team": "KT",
        "pa": 457,
        "ops": 0.779,
        "avg": 0.295,
        "obp": 0.366,
        "slg": 0.413,
        "rbi": 49,
        "sb": 3,
        "hr": 6
      },
      {
        "name": "박병호",
        "year": 23,
        "team": "KT",
        "pa": 493,
        "ops": 0.8,
        "avg": 0.283,
        "obp": 0.357,
        "slg": 0.443,
        "rbi": 87,
        "sb": 2,
        "hr": 18
      },
      {
        "name": "김민혁",
        "year": 23,
        "team": "KT",
        "pa": 448,
        "ops": 0.741,
        "avg": 0.297,
        "obp": 0.356,
        "slg": 0.385,
        "rbi": 41,
        "sb": 11,
        "hr": 3
      },
      {
        "name": "배정대",
        "year": 23,
        "team": "KT",
        "pa": 361,
        "ops": 0.703,
        "avg": 0.277,
        "obp": 0.356,
        "slg": 0.347,
        "rbi": 38,
        "sb": 13,
        "hr": 2
      },
      {
        "name": "알포드",
        "year": 23,
        "team": "KT",
        "pa": 547,
        "ops": 0.812,
        "avg": 0.289,
        "obp": 0.356,
        "slg": 0.456,
        "rbi": 70,
        "sb": 17,
        "hr": 15
      },
      {
        "name": "김상수",
        "year": 23,
        "team": "KT",
        "pa": 512,
        "ops": 0.692,
        "avg": 0.271,
        "obp": 0.353,
        "slg": 0.339,
        "rbi": 56,
        "sb": 5,
        "hr": 3
      },
      {
        "name": "문상철",
        "year": 23,
        "team": "KT",
        "pa": 330,
        "ops": 0.712,
        "avg": 0.26,
        "obp": 0.298,
        "slg": 0.414,
        "rbi": 46,
        "sb": 3,
        "hr": 9
      },
      {
        "name": "장성우",
        "year": 23,
        "team": "KT",
        "pa": 464,
        "ops": 0.773,
        "avg": 0.288,
        "obp": 0.351,
        "slg": 0.422,
        "rbi": 65,
        "sb": 1,
        "hr": 11
      }
    ]
  },
  {
    "generation": 4,
    "expected_score": 5.85,
    "lineup": [
      "배정대",
      "황재균",
      "문상철",
      "박병호",
      "김민혁",
      "알포드",
      "김상수",
      "강백호",
      "장성우"
    ],
    "player_stats": [
      {
        "name": "배정대",
        "year": 23,
        "team": "KT",
        "pa": 361,
        "ops": 0.703,
        "avg": 0.277,
        "obp": 0.356,
        "slg": 0.347,
        "rbi": 38,
        "sb": 13,
        "hr": 2
      },
      {
        "name": "황재균",
        "year": 23,
        "team": "KT",
        "pa": 457,
        "ops": 0.779,
        "avg": 0.295,
        "obp": 0.366,
        "slg": 0.413,
        "rbi": 49,
        "sb": 3,
        "hr": 6
      },
      {
        "name": "문상철",
        "year": 23,
        "team": "KT",
        "pa": 330,
        "ops": 0.712,
        "avg": 0.26,
        "obp": 0.298,
        "slg": 0.414,
        "rbi": 46,
        "sb": 3,
        "hr": 9
      },
      {
        "name": "박병호",
        "year": 23,
        "team": "KT",
        "pa": 493,
        "ops": 0.8,
        "avg": 0.283,
        "obp": 0.357,
        "slg": 0.443,
        "rbi": 87,
        "sb": 2,
        "hr": 18
      },
      {
        "name": "김민혁",
        "year": 23,
        "team": "KT",
        "pa": 448,
        "ops": 0.741,
        "avg": 0.297,
        "obp": 0.356,
        "slg": 0.385,
        "rbi": 41,
        "sb": 11,
        "hr": 3
      },
      {
        "name": "알포드",
        "year": 23,
        "team": "KT",
        "pa": 547,
        "ops": 0.812,
        "avg": 0.289,
        "obp": 0.356,
        "slg": 0.456,
        "rbi": 70,
        "sb": 17,
        "hr": 15
      },
      {
        "name": "김상수",
        "year": 23,
        "team": "KT",
        "pa": 512,
        "ops": 0.692,
        "avg": 0.271,
        "obp": 0.353,
        "slg": 0.339,
        "rbi": 56,
        "sb": 5,
        "hr": 3
      },
      {
        "name": "강백호",
        "year": 23,
        "team": "KT",
        "pa": 271,
        "ops": 0.763,
        "avg": 0.265,
        "obp": 0.347,
        "slg": 0.416,
        "rbi": 39,
        "sb": 3,
        "hr": 8
      },
      {
        "name": "장성우",
        "year": 23,
        "team": "KT",
        "pa": 464,
        "ops": 0.773,
        "avg": 0.288,
        "obp": 0.351,
        "slg": 0.422,
        "rbi": 65,
        "sb": 1,
        "hr": 11
      }
    ]
  },
  {
    "generation": 5,
    "expected_score": 5.775,
    "lineup": [
      "강백호",
      "박병호",
      "김상수",
      "김민혁",
      "알포드",
      "장성우",
      "문상철",
      "배정대",
      "황재균"
    ],
    "player_stats": [
      {
        "name": "강백호",
        "year": 23,
        "team": "KT",
        "pa": 271,
        "ops": 0.763,
        "avg": 0.265,
        "obp": 0.347,
        "slg": 0.416,
        "rbi": 39,
        "sb": 3,
        "hr": 8
      },
      {
        "name": "박병호",
        "year": 23,
        "team": "KT",
        "pa": 493,
        "ops": 0.8,
        "avg": 0.283,
        "obp": 0.357,
        "slg": 0.443,
        "rbi": 87,
        "sb": 2,
        "hr": 18
      },
      {
        "name": "김상수",
        "year": 23,
        "team": "KT",
        "pa": 512,
        "ops": 0.692,
        "avg": 0.271,
        "obp": 0.353,
        "slg": 0.339,
        "rbi": 56,
        "sb": 5,
        "hr": 3
      },
      {
        "name": "김민혁",
        "year": 23,
        "team": "KT",
        "pa": 448,
        "ops": 0.741,
        "avg": 0.297,
        "obp": 0.356,
        "slg": 0.385,
        "rbi": 41,
        "sb": 11,
        "hr": 3
      },
      {
        "name": "알포드",
        "year": 23,
        "team": "KT",
        "pa": 547,
        "ops": 0.812,
        "avg": 0.289,
        "obp": 0.356,
        "slg": 0.456,
        "rbi": 70,
        "sb": 17,
        "hr": 15
      },
      {
        "name": "장성우",
        "year": 23,
        "team": "KT",
        "pa": 464,
        "ops": 0.773,
        "avg": 0.288,
        "obp": 0.351,
        "slg": 0.422,
        "rbi": 65,
        "sb": 1,
        "hr": 11
      },
      {
        "name": "문상철",
        "year": 23,
        "team": "KT",
        "pa": 330,
        "ops": 0.712,
        "avg": 0.26,
        "obp": 0.298,
        "slg": 0.414,
        "rbi": 46,
        "sb": 3,
        "hr": 9
      },
      {
        "name": "배정대",
        "year": 23,
        "team": "KT",
        "pa": 361,
        "ops": 0.703,
        "avg": 0.277,
        "obp": 0.356,
        "slg": 0.347,
        "rbi": 38,
        "sb": 13,
        "hr": 2
      },
      {
        "name": "황재균",
        "year": 23,
        "team": "KT",
        "pa": 457,
        "ops": 0.779,
        "avg": 0.295,
        "obp": 0.366,
        "slg": 0.413,
        "rbi": 49,
        "sb": 3,
        "hr": 6
      }
    ]
  },
  {
    "generation": 6,
    "expected_score": 5.77,
    "lineup": [
      "황재균",
      "배정대",
      "문상철",
      "박병호",
      "김민혁",
      "강백호",
      "장성우",
      "알포드",
      "김상수"
    ],
    "player_stats": [
      {
        "name": "황재균",
        "year": 23,
        "team": "KT",
        "pa": 457,
        "ops": 0.779,
        "avg": 0.295,
        "obp": 0.366,
        "slg": 0.413,
        "rbi": 49,
        "sb": 3,
        "hr": 6
      },
      {
        "name": "배정대",
        "year": 23,
        "team": "KT",
        "pa": 361,
        "ops": 0.703,
        "avg": 0.277,
        "obp": 0.356,
        "slg": 0.347,
        "rbi": 38,
        "sb": 13,
        "hr": 2
      },
      {
        "name": "문상철",
        "year": 23,
        "team": "KT",
        "pa": 330,
        "ops": 0.712,
        "avg": 0.26,
        "obp": 0.298,
        "slg": 0.414,
        "rbi": 46,
        "sb": 3,
        "hr": 9
      },
      {
        "name": "박병호",
        "year": 23,
        "team": "KT",
        "pa": 493,
        "ops": 0.8,
        "avg": 0.283,
        "obp": 0.357,
        "slg": 0.443,
        "rbi": 87,
        "sb": 2,
        "hr": 18
      },
      {
        "name": "김민혁",
        "year": 23,
        "team": "KT",
        "pa": 448,
        "ops": 0.741,
        "avg": 0.297,
        "obp": 0.356,
        "slg": 0.385,
        "rbi": 41,
        "sb": 11,
        "hr": 3
      },
      {
        "name": "강백호",
        "year": 23,
        "team": "KT",
        "pa": 271,
        "ops": 0.763,
        "avg": 0.265,
        "obp": 0.347,
        "slg": 0.416,
        "rbi": 39,
        "sb": 3,
        "hr": 8
      },
      {
        "name": "장성우",
        "year": 23,
        "team": "KT",
        "pa": 464,
        "ops": 0.773,
        "avg": 0.288,
        "obp": 0.351,
        "slg": 0.422,
        "rbi": 65,
        "sb": 1,
        "hr": 11
      },
      {
        "name": "알포드",
        "year": 23,
        "team": "KT",
        "pa": 547,
        "ops": 0.812,
        "avg": 0.289,
        "obp": 0.356,
        "slg": 0.456,
        "rbi": 70,
        "sb": 17,
        "hr": 15
      },
      {
        "name": "김상수",
        "year": 23,
        "team": "KT",
        "pa": 512,
        "ops": 0.692,
        "avg": 0.271,
        "obp": 0.353,
        "slg": 0.339,
        "rbi": 56,
        "sb": 5,
        "hr": 3
      }
    ]
  },
  {
    "generation": 7,
    "expected_score": 5.91,
    "lineup": [
      "장성우",
      "황재균",
      "강백호",
      "박병호",
      "김상수",
      "김민혁",
      "알포드",
      "문상철",
      "배정대"
    ],
    "player_stats": [
      {
        "name": "장성우",
        "year": 23,
        "team": "KT",
        "pa": 464,
        "ops": 0.773,
        "avg": 0.288,
        "obp": 0.351,
        "slg": 0.422,
        "rbi": 65,
        "sb": 1,
        "hr": 11
      },
      {
        "name": "황재균",
        "year": 23,
        "team": "KT",
        "pa": 457,
        "ops": 0.779,
        "avg": 0.295,
        "obp": 0.366,
        "slg": 0.413,
        "rbi": 49,
        "sb": 3,
        "hr": 6
      },
      {
        "name": "강백호",
        "year": 23,
        "team": "KT",
        "pa": 271,
        "ops": 0.763,
        "avg": 0.265,
        "obp": 0.347,
        "slg": 0.416,
        "rbi": 39,
        "sb": 3,
        "hr": 8
      },
      {
        "name": "박병호",
        "year": 23,
        "team": "KT",
        "pa": 493,
        "ops": 0.8,
        "avg": 0.283,
        "obp": 0.357,
        "slg": 0.443,
        "rbi": 87,
        "sb": 2,
        "hr": 18
      },
      {
        "name": "김상수",
        "year": 23,
        "team": "KT",
        "pa": 512,
        "ops": 0.692,
        "avg": 0.271,
        "obp": 0.353,
        "slg": 0.339,
        "rbi": 56,
        "sb": 5,
        "hr": 3
      },
      {
        "name": "김민혁",
        "year": 23,
        "team": "KT",
        "pa": 448,
        "ops": 0.741,
        "avg": 0.297,
        "obp": 0.356,
        "slg": 0.385,
        "rbi": 41,
        "sb": 11,
        "hr": 3
      },
      {
        "name": "알포드",
        "year": 23,
        "team": "KT",
        "pa": 547,
        "ops": 0.812,
        "avg": 0.289,
        "obp": 0.356,
        "slg": 0.456,
        "rbi": 70,
        "sb": 17,
        "hr": 15
      },
      {
        "name": "문상철",
        "year": 23,
        "team": "KT",
        "pa": 330,
        "ops": 0.712,
        "avg": 0.26,
        "obp": 0.298,
        "slg": 0.414,
        "rbi": 46,
        "sb": 3,
        "hr": 9
      },
      {
        "name": "배정대",
        "year": 23,
        "team": "KT",
        "pa": 361,
        "ops": 0.703,
        "avg": 0.277,
        "obp": 0.356,
        "slg": 0.347,
        "rbi": 38,
        "sb": 13,
        "hr": 2
      }
    ]
  },
  {
    "generation": 8,
    "expected_score": 5.745,
    "lineup": [
      "알포드",
      "문상철",
      "강백호",
      "황재균",
      "박병호",
      "김상수",
      "김민혁",
      "배정대",
      "장성우"
    ],
    "player_stats": [
      {
        "name": "알포드",
        "year": 23,
        "team": "KT",
        "pa": 547,
        "ops": 0.812,
        "avg": 0.289,
        "obp": 0.356,
        "slg": 0.456,
        "rbi": 70,
        "sb": 17,
        "hr": 15
      },
      {
        "name": "문상철",
        "year": 23,
        "team": "KT",
        "pa": 330,
        "ops": 0.712,
        "avg": 0.26,
        "obp": 0.298,
        "slg": 0.414,
        "rbi": 46,
        "sb": 3,
        "hr": 9
      },
      {
        "name": "강백호",
        "year": 23,
        "team": "KT",
        "pa": 271,
        "ops": 0.763,
        "avg": 0.265,
        "obp": 0.347,
        "slg": 0.416,
        "rbi": 39,
        "sb": 3,
        "hr": 8
      },
      {
        "name": "황재균",
        "year": 23,
        "team": "KT",
        "pa": 457,
        "ops": 0.779,
        "avg": 0.295,
        "obp": 0.366,
        "slg": 0.413,
        "rbi": 49,
        "sb": 3,
        "hr": 6
      },
      {
        "name": "박병호",
        "year": 23,
        "team": "KT",
        "pa": 493,
        "ops": 0.8,
        "avg": 0.283,
        "obp": 0.357,
        "slg": 0.443,
        "rbi": 87,
        "sb": 2,
        "hr": 18
      },
      {
        "name": "김상수",
        "year": 23,
        "team": "KT",
        "pa": 512,
        "ops": 0.692,
        "avg": 0.271,
        "obp": 0.353,
        "slg": 0.339,
        "rbi": 56,
        "sb": 5,
        "hr": 3
      },
      {
        "name": "김민혁",
        "year": 23,
        "team": "KT",
        "pa": 448,
        "ops": 0.741,
        "avg": 0.297,
        "obp": 0.356,
        "slg": 0.385,
        "rbi": 41,
        "sb": 11,
        "hr": 3
      },
      {
        "name": "배정대",
        "year": 23,
        "team": "KT",
        "pa": 361,
        "ops": 0.703,
        "avg": 0.277,
        "obp": 0.356,
        "slg": 0.347,
        "rbi": 38,
        "sb": 13,
        "hr": 2
      },
      {
        "name": "장성우",
        "year": 23,
        "team": "KT",
        "pa": 464,
        "ops": 0.773,
        "avg": 0.288,
        "obp": 0.351,
        "slg": 0.422,
        "rbi": 65,
        "sb": 1,
        "hr": 11
      }
    ]
  },
  {
    "generation": 9,
    "expected_score": 5.695,
    "lineup": [
      "알포드",
      "장성우",
      "김민혁",
      "김상수",
      "문상철",
      "배정대",
      "강백호",
      "황재균",
      "박병호"
    ],
    "player_stats": [
      {
        "name": "알포드",
        "year": 23,
        "team": "KT",
        "pa": 547,
        "ops": 0.812,
        "avg": 0.289,
        "obp": 0.356,
        "slg": 0.456,
        "rbi": 70,
        "sb": 17,
        "hr": 15
      },
      {
        "name": "장성우",
        "year": 23,
        "team": "KT",
        "pa": 464,
        "ops": 0.773,
        "avg": 0.288,
        "obp": 0.351,
        "slg": 0.422,
        "rbi": 65,
        "sb": 1,
        "hr": 11
      },
      {
        "name": "김민혁",
        "year": 23,
        "team": "KT",
        "pa": 448,
        "ops": 0.741,
        "avg": 0.297,
        "obp": 0.356,
        "slg": 0.385,
        "rbi": 41,
        "sb": 11,
        "hr": 3
      },
      {
        "name": "김상수",
        "year": 23,
        "team": "KT",
        "pa": 512,
        "ops": 0.692,
        "avg": 0.271,
        "obp": 0.353,
        "slg": 0.339,
        "rbi": 56,
        "sb": 5,
        "hr": 3
      },
      {
        "name": "문상철",
        "year": 23,
        "team": "KT",
        "pa": 330,
        "ops": 0.712,
        "avg": 0.26,
        "obp": 0.298,
        "slg": 0.414,
        "rbi": 46,
        "sb": 3,
        "hr": 9
      },
      {
        "name": "배정대",
        "year": 23,
        "team": "KT",
        "pa": 361,
        "ops": 0.703,
        "avg": 0.277,
        "obp": 0.356,
        "slg": 0.347,
        "rbi": 38,
        "sb": 13,
        "hr": 2
      },
      {
        "name": "강백호",
        "year": 23,
        "team": "KT",
        "pa": 271,
        "ops": 0.763,
        "avg": 0.265,
        "obp": 0.347,
        "slg": 0.416,
        "rbi": 39,
        "sb": 3,
        "hr": 8
      },
      {
        "name": "황재균",
        "year": 23,
        "team": "KT",
        "pa": 457,
        "ops": 0.779,
        "avg": 0.295,
        "obp": 0.366,
        "slg": 0.413,
        "rbi": 49,
        "sb": 3,
        "hr": 6
      },
      {
        "name": "박병호",
        "year": 23,
        "team": "KT",
        "pa": 493,
        "ops": 0.8,
        "avg": 0.283,
        "obp": 0.357,
        "slg": 0.443,
        "rbi": 87,
        "sb": 2,
        "hr": 18
      }
    ]
  },
  {
    "generation": 10,
    "expected_score": 5.915,
    "lineup": [
      "문상철",
      "김상수",
      "알포드",
      "배정대",
      "황재균",
      "박병호",
      "김민혁",
      "강백호",
      "장성우"
    ],
    "player_stats": [
      {
        "name": "문상철",
        "year": 23,
        "team": "KT",
        "pa": 330,
        "ops": 0.712,
        "avg": 0.26,
        "obp": 0.298,
        "slg": 0.414,
        "rbi": 46,
        "sb": 3,
        "hr": 9
      },
      {
        "name": "김상수",
        "year": 23,
        "team": "KT",
        "pa": 512,
        "ops": 0.692,
        "avg": 0.271,
        "obp": 0.353,
        "slg": 0.339,
        "rbi": 56,
        "sb": 5,
        "hr": 3
      },
      {
        "name": "알포드",
        "year": 23,
        "team": "KT",
        "pa": 547,
        "ops": 0.812,
        "avg": 0.289,
        "obp": 0.356,
        "slg": 0.456,
        "rbi": 70,
        "sb": 17,
        "hr": 15
      },
      {
        "name": "배정대",
        "year": 23,
        "team": "KT",
        "pa": 361,
        "ops": 0.703,
        "avg": 0.277,
        "obp": 0.356,
        "slg": 0.347,
        "rbi": 38,
        "sb": 13,
        "hr": 2
      },
      {
        "name": "황재균",
        "year": 23,
        "team": "KT",
        "pa": 457,
        "ops": 0.779,
        "avg": 0.295,
        "obp": 0.366,
        "slg": 0.413,
        "rbi": 49,
        "sb": 3,
        "hr": 6
      },
      {
        "name": "박병호",
        "year": 23,
        "team": "KT",
        "pa": 493,
        "ops": 0.8,
        "avg": 0.283,
        "obp": 0.357,
        "slg": 0.443,
        "rbi": 87,
        "sb": 2,
        "hr": 18
      },
      {
        "name": "김민혁",
        "year": 23,
        "team": "KT",
        "pa": 448,
        "ops": 0.741,
        "avg": 0.297,
        "obp": 0.356,
        "slg": 0.385,
        "rbi": 41,
        "sb": 11,
        "hr": 3
      },
      {
        "name": "강백호",
        "year": 23,
        "team": "KT",
        "pa": 271,
        "ops": 0.763,
        "avg": 0.265,
        "obp": 0.347,
        "slg": 0.416,
        "rbi": 39,
        "sb": 3,
        "hr": 8
      },
      {
        "name": "장성우",
        "year": 23,
        "team": "KT",
        "pa": 464,
        "ops": 0.773,
        "avg": 0.288,
        "obp": 0.351,
        "slg": 0.422,
        "rbi": 65,
        "sb": 1,
        "hr": 11
      }
    ]
  },
  {
    "generation": 11,
    "expected_score": 5.73,
    "lineup": [
      "황재균",
      "박병호",
      "김상수",
      "배정대",
      "김민혁",
      "알포드",
      "장성우",
      "문상철",
      "강백호"
    ],
    "player_stats": [
      {
        "name": "황재균",
        "year": 23,
        "team": "KT",
        "pa": 457,
        "ops": 0.779,
        "avg": 0.295,
        "obp": 0.366,
        "slg": 0.413,
        "rbi": 49,
        "sb": 3,
        "hr": 6
      },
      {
        "name": "박병호",
        "year": 23,
        "team": "KT",
        "pa": 493,
        "ops": 0.8,
        "avg": 0.283,
        "obp": 0.357,
        "slg": 0.443,
        "rbi": 87,
        "sb": 2,
        "hr": 18
      },
      {
        "name": "김상수",
        "year": 23,
        "team": "KT",
        "pa": 512,
        "ops": 0.692,
        "avg": 0.271,
        "obp": 0.353,
        "slg": 0.339,
        "rbi": 56,
        "sb": 5,
        "hr": 3
      },
      {
        "name": "배정대",
        "year": 23,
        "team": "KT",
        "pa": 361,
        "ops": 0.703,
        "avg": 0.277,
        "obp": 0.356,
        "slg": 0.347,
        "rbi": 38,
        "sb": 13,
        "hr": 2
      },
      {
        "name": "김민혁",
        "year": 23,
        "team": "KT",
        "pa": 448,
        "ops": 0.741,
        "avg": 0.297,
        "obp": 0.356,
        "slg": 0.385,
        "rbi": 41,
        "sb": 11,
        "hr": 3
      },
      {
        "name": "알포드",
        "year": 23,
        "team": "KT",
        "pa": 547,
        "ops": 0.812,
        "avg": 0.289,
        "obp": 0.356,
        "slg": 0.456,
        "rbi": 70,
        "sb": 17,
        "hr": 15
      },
      {
        "name": "장성우",
        "year": 23,
        "team": "KT",
        "pa": 464,
        "ops": 0.773,
        "avg": 0.288,
        "obp": 0.351,
        "slg": 0.422,
        "rbi": 65,
        "sb": 1,
        "hr": 11
      },
      {
        "name": "문상철",
        "year": 23,
        "team": "KT",
        "pa": 330,
        "ops": 0.712,
        "avg": 0.26,
        "obp": 0.298,
        "slg": 0.414,
        "rbi": 46,
        "sb": 3,
        "hr": 9
      },
      {
        "name": "강백호",
        "year": 23,
        "team": "KT",
        "pa": 271,
        "ops": 0.763,
        "avg": 0.265,
        "obp": 0.347,
        "slg": 0.416,
        "rbi": 39,
        "sb": 3,
        "hr": 8
      }
    ]
  },
  {
    "generation": 12,
    "expected_score": 5.655,
    "lineup": [
      "박병호",
      "황재균",
      "김상수",
      "배정대",
      "김민혁",
      "알포드",
      "장성우",
      "문상철",
      "강백호"
    ],
    "player_stats": [
      {
        "name": "박병호",
        "year": 23,
        "team": "KT",
        "pa": 493,
        "ops": 0.8,
        "avg": 0.283,
        "obp": 0.357,
        "slg": 0.443,
        "rbi": 87,
        "sb": 2,
        "hr": 18
      },
      {
        "name": "황재균",
        "year": 23,
        "team": "KT",
        "pa": 457,
        "ops": 0.779,
        "avg": 0.295,
        "obp": 0.366,
        "slg": 0.413,
        "rbi": 49,
        "sb": 3,
        "hr": 6
      },
      {
        "name": "김상수",
        "year": 23,
        "team": "KT",
        "pa": 512,
        "ops": 0.692,
        "avg": 0.271,
        "obp": 0.353,
        "slg": 0.339,
        "rbi": 56,
        "sb": 5,
        "hr": 3
      },
      {
        "name": "배정대",
        "year": 23,
        "team": "KT",
        "pa": 361,
        "ops": 0.703,
        "avg": 0.277,
        "obp": 0.356,
        "slg": 0.347,
        "rbi": 38,
        "sb": 13,
        "hr": 2
      },
      {
        "name": "김민혁",
        "year": 23,
        "team": "KT",
        "pa": 448,
        "ops": 0.741,
        "avg": 0.297,
        "obp": 0.356,
        "slg": 0.385,
        "rbi": 41,
        "sb": 11,
        "hr": 3
      },
      {
        "name": "알포드",
        "year": 23,
        "team": "KT",
        "pa": 547,
        "ops": 0.812,
        "avg": 0.289,
        "obp": 0.356,
        "slg": 0.456,
        "rbi": 70,
        "sb": 17,
        "hr": 15
      },
      {
        "name": "장성우",
        "year": 23,
        "team": "KT",
        "pa": 464,
        "ops": 0.773,
        "avg": 0.288,
        "obp": 0.351,
        "slg": 0.422,
        "rbi": 65,
        "sb": 1,
        "hr": 11
      },
      {
        "name": "문상철",
        "year": 23,
        "team": "KT",
        "pa": 330,
        "ops": 0.712,
        "avg": 0.26,
        "obp": 0.298,
        "slg": 0.414,
        "rbi": 46,
        "sb": 3,
        "hr": 9
      },
      {
        "name": "강백호",
        "year": 23,
        "team": "KT",
        "pa": 271,
        "ops": 0.763,
        "avg": 0.265,
        "obp": 0.347,
        "slg": 0.416,
        "rbi": 39,
        "sb": 3,
        "hr": 8
      }
    ]
  },
  {
    "generation": 13,
    "expected_score": 5.755,
    "lineup": [
      "황재균",
      "김상수",
      "장성우",
      "강백호",
      "알포드",
      "배정대",
      "박병호",
      "김민혁",
      "문상철"
    ],
    "player_stats": [
      {
        "name": "황재균",
        "year": 23,
        "team": "KT",
        "pa": 457,
        "ops": 0.779,
        "avg": 0.295,
        "obp": 0.366,
        "slg": 0.413,
        "rbi": 49,
        "sb": 3,
        "hr": 6
      },
      {
        "name": "김상수",
        "year": 23,
        "team": "KT",
        "pa": 512,
        "ops": 0.692,
        "avg": 0.271,
        "obp": 0.353,
        "slg": 0.339,
        "rbi": 56,
        "sb": 5,
        "hr": 3
      },
      {
        "name": "장성우",
        "year": 23,
        "team": "KT",
        "pa": 464,
        "ops": 0.773,
        "avg": 0.288,
        "obp": 0.351,
        "slg": 0.422,
        "rbi": 65,
        "sb": 1,
        "hr": 11
      },
      {
        "name": "강백호",
        "year": 23,
        "team": "KT",
        "pa": 271,
        "ops": 0.763,
        "avg": 0.265,
        "obp": 0.347,
        "slg": 0.416,
        "rbi": 39,
        "sb": 3,
        "hr": 8
      },
      {
        "name": "알포드",
        "year": 23,
        "team": "KT",
        "pa": 547,
        "ops": 0.812,
        "avg": 0.289,
        "obp": 0.356,
        "slg": 0.456,
        "rbi": 70,
        "sb": 17,
        "hr": 15
      },
      {
        "name": "배정대",
        "year": 23,
        "team": "KT",
        "pa": 361,
        "ops": 0.703,
        "avg": 0.277,
        "obp": 0.356,
        "slg": 0.347,
        "rbi": 38,
        "sb": 13,
        "hr": 2
      },
      {
        "name": "박병호",
        "year": 23,
        "team": "KT",
        "pa": 493,
        "ops": 0.8,
        "avg": 0.283,
        "obp": 0.357,
        "slg": 0.443,
        "rbi": 87,
        "sb": 2,
        "hr": 18
      },
      {
        "name": "김민혁",
        "year": 23,
        "team": "KT",
        "pa": 448,
        "ops": 0.741,
        "avg": 0.297,
        "obp": 0.356,
        "slg": 0.385,
        "rbi": 41,
        "sb": 11,
        "hr": 3
      },
      {
        "name": "문상철",
        "year": 23,
        "team": "KT",
        "pa": 330,
        "ops": 0.712,
        "avg": 0.26,
        "obp": 0.298,
        "slg": 0.414,
        "rbi": 46,
        "sb": 3,
        "hr": 9
      }
    ]
  },
  {
    "generation": 14,
    "expected_score": 5.74,
    "lineup": [
      "배정대",
      "장성우",
      "김민혁",
      "김상수",
      "황재균",
      "박병호",
      "강백호",
      "알포드",
      "문상철"
    ],
    "player_stats": [
      {
        "name": "배정대",
        "year": 23,
        "team": "KT",
        "pa": 361,
        "ops": 0.703,
        "avg": 0.277,
        "obp": 0.356,
        "slg": 0.347,
        "rbi": 38,
        "sb": 13,
        "hr": 2
      },
      {
        "name": "장성우",
        "year": 23,
        "team": "KT",
        "pa": 464,
        "ops": 0.773,
        "avg": 0.288,
        "obp": 0.351,
        "slg": 0.422,
        "rbi": 65,
        "sb": 1,
        "hr": 11
      },
      {
        "name": "김민혁",
        "year": 23,
        "team": "KT",
        "pa": 448,
        "ops": 0.741,
        "avg": 0.297,
        "obp": 0.356,
        "slg": 0.385,
        "rbi": 41,
        "sb": 11,
        "hr": 3
      },
      {
        "name": "김상수",
        "year": 23,
        "team": "KT",
        "pa": 512,
        "ops": 0.692,
        "avg": 0.271,
        "obp": 0.353,
        "slg": 0.339,
        "rbi": 56,
        "sb": 5,
        "hr": 3
      },
      {
        "name": "황재균",
        "year": 23,
        "team": "KT",
        "pa": 457,
        "ops": 0.779,
        "avg": 0.295,
        "obp": 0.366,
        "slg": 0.413,
        "rbi": 49,
        "sb": 3,
        "hr": 6
      },
      {
        "name": "박병호",
        "year": 23,
        "team": "KT",
        "pa": 493,
        "ops": 0.8,
        "avg": 0.283,
        "obp": 0.357,
        "slg": 0.443,
        "rbi": 87,
        "sb": 2,
        "hr": 18
      },
      {
        "name": "강백호",
        "year": 23,
        "team": "KT",
        "pa": 271,
        "ops": 0.763,
        "avg": 0.265,
        "obp": 0.347,
        "slg": 0.416,
        "rbi": 39,
        "sb": 3,
        "hr": 8
      },
      {
        "name": "알포드",
        "year": 23,
        "team": "KT",
        "pa": 547,
        "ops": 0.812,
        "avg": 0.289,
        "obp": 0.356,
        "slg": 0.456,
        "rbi": 70,
        "sb": 17,
        "hr": 15
      },
      {
        "name": "문상철",
        "year": 23,
        "team": "KT",
        "pa": 330,
        "ops": 0.712,
        "avg": 0.26,
        "obp": 0.298,
        "slg": 0.414,
        "rbi": 46,
        "sb": 3,
        "hr": 9
      }
    ]
  },
  {
    "generation": 15,
    "expected_score": 5.68,
    "lineup": [
      "김상수",
      "배정대",
      "장성우",
      "김민혁",
      "황재균",
      "박병호",
      "강백호",
      "알포드",
      "문상철"
    ],
    "player_stats": [
      {
        "name": "김상수",
        "year": 23,
        "team": "KT",
        "pa": 512,
        "ops": 0.692,
        "avg": 0.271,
        "obp": 0.353,
        "slg": 0.339,
        "rbi": 56,
        "sb": 5,
        "hr": 3
      },
      {
        "name": "배정대",
        "year": 23,
        "team": "KT",
        "pa": 361,
        "ops": 0.703,
        "avg": 0.277,
        "obp": 0.356,
        "slg": 0.347,
        "rbi": 38,
        "sb": 13,
        "hr": 2
      },
      {
        "name": "장성우",
        "year": 23,
        "team": "KT",
        "pa": 464,
        "ops": 0.773,
        "avg": 0.288,
        "obp": 0.351,
        "slg": 0.422,
        "rbi": 65,
        "sb": 1,
        "hr": 11
      },
      {
        "name": "김민혁",
        "year": 23,
        "team": "KT",
        "pa": 448,
        "ops": 0.741,
        "avg": 0.297,
        "obp": 0.356,
        "slg": 0.385,
        "rbi": 41,
        "sb": 11,
        "hr": 3
      },
      {
        "name": "황재균",
        "year": 23,
        "team": "KT",
        "pa": 457,
        "ops": 0.779,
        "avg": 0.295,
        "obp": 0.366,
        "slg": 0.413,
        "rbi": 49,
        "sb": 3,
        "hr": 6
      },
      {
        "name": "박병호",
        "year": 23,
        "team": "KT",
        "pa": 493,
        "ops": 0.8,
        "avg": 0.283,
        "obp": 0.357,
        "slg": 0.443,
        "rbi": 87,
        "sb": 2,
        "hr": 18
      },
      {
        "name": "강백호",
        "year": 23,
        "team": "KT",
        "pa": 271,
        "ops": 0.763,
        "avg": 0.265,
        "obp": 0.347,
        "slg": 0.416,
        "rbi": 39,
        "sb": 3,
        "hr": 8
      },
      {
        "name": "알포드",
        "year": 23,
        "team": "KT",
        "pa": 547,
        "ops": 0.812,
        "avg": 0.289,
        "obp": 0.356,
        "slg": 0.456,
        "rbi": 70,
        "sb": 17,
        "hr": 15
      },
      {
        "name": "문상철",
        "year": 23,
        "team": "KT",
        "pa": 330,
        "ops": 0.712,
        "avg": 0.26,
        "obp": 0.298,
        "slg": 0.414,
        "rbi": 46,
        "sb": 3,
        "hr": 9
      }
    ]
  },
  {
    "generation": 16,
    "expected_score": 6.105,
    "lineup": [
      "배정대",
      "장성우",
      "김상수",
      "김민혁",
      "황재균",
      "박병호",
      "강백호",
      "알포드",
      "문상철"
    ],
    "player_stats": [
      {
        "name": "배정대",
        "year": 23,
        "team": "KT",
        "pa": 361,
        "ops": 0.703,
        "avg": 0.277,
        "obp": 0.356,
        "slg": 0.347,
        "rbi": 38,
        "sb": 13,
        "hr": 2
      },
      {
        "name": "장성우",
        "year": 23,
        "team": "KT",
        "pa": 464,
        "ops": 0.773,
        "avg": 0.288,
        "obp": 0.351,
        "slg": 0.422,
        "rbi": 65,
        "sb": 1,
        "hr": 11
      },
      {
        "name": "김상수",
        "year": 23,
        "team": "KT",
        "pa": 512,
        "ops": 0.692,
        "avg": 0.271,
        "obp": 0.353,
        "slg": 0.339,
        "rbi": 56,
        "sb": 5,
        "hr": 3
      },
      {
        "name": "김민혁",
        "year": 23,
        "team": "KT",
        "pa": 448,
        "ops": 0.741,
        "avg": 0.297,
        "obp": 0.356,
        "slg": 0.385,
        "rbi": 41,
        "sb": 11,
        "hr": 3
      },
      {
        "name": "황재균",
        "year": 23,
        "team": "KT",
        "pa": 457,
        "ops": 0.779,
        "avg": 0.295,
        "obp": 0.366,
        "slg": 0.413,
        "rbi": 49,
        "sb": 3,
        "hr": 6
      },
      {
        "name": "박병호",
        "year": 23,
        "team": "KT",
        "pa": 493,
        "ops": 0.8,
        "avg": 0.283,
        "obp": 0.357,
        "slg": 0.443,
        "rbi": 87,
        "sb": 2,
        "hr": 18
      },
      {
        "name": "강백호",
        "year": 23,
        "team": "KT",
        "pa": 271,
        "ops": 0.763,
        "avg": 0.265,
        "obp": 0.347,
        "slg": 0.416,
        "rbi": 39,
        "sb": 3,
        "hr": 8
      },
      {
        "name": "알포드",
        "year": 23,
        "team": "KT",
        "pa": 547,
        "ops": 0.812,
        "avg": 0.289,
        "obp": 0.356,
        "slg": 0.456,
        "rbi": 70,
        "sb": 17,
        "hr": 15
      },
      {
        "name": "문상철",
        "year": 23,
        "team": "KT",
        "pa": 330,
        "ops": 0.712,
        "avg": 0.26,
        "obp": 0.298,
        "slg": 0.414,
        "rbi": 46,
        "sb": 3,
        "hr": 9
      }
    ]
  },
  {
    "generation": 17,
    "expected_score": 5.735,
    "lineup": [
      "배정대",
      "장성우",
      "김상수",
      "김민혁",
      "황재균",
      "박병호",
      "강백호",
      "알포드",
      "문상철"
    ],
    "player_stats": [
      {
        "name": "배정대",
        "year": 23,
        "team": "KT",
        "pa": 361,
        "ops": 0.703,
        "avg": 0.277,
        "obp": 0.356,
        "slg": 0.347,
        "rbi": 38,
        "sb": 13,
        "hr": 2
      },
      {
        "name": "장성우",
        "year": 23,
        "team": "KT",
        "pa": 464,
        "ops": 0.773,
        "avg": 0.288,
        "obp": 0.351,
        "slg": 0.422,
        "rbi": 65,
        "sb": 1,
        "hr": 11
      },
      {
        "name": "김상수",
        "year": 23,
        "team": "KT",
        "pa": 512,
        "ops": 0.692,
        "avg": 0.271,
        "obp": 0.353,
        "slg": 0.339,
        "rbi": 56,
        "sb": 5,
        "hr": 3
      },
      {
        "name": "김민혁",
        "year": 23,
        "team": "KT",
        "pa": 448,
        "ops": 0.741,
        "avg": 0.297,
        "obp": 0.356,
        "slg": 0.385,
        "rbi": 41,
        "sb": 11,
        "hr": 3
      },
      {
        "name": "황재균",
        "year": 23,
        "team": "KT",
        "pa": 457,
        "ops": 0.779,
        "avg": 0.295,
        "obp": 0.366,
        "slg": 0.413,
        "rbi": 49,
        "sb": 3,
        "hr": 6
      },
      {
        "name": "박병호",
        "year": 23,
        "team": "KT",
        "pa": 493,
        "ops": 0.8,
        "avg": 0.283,
        "obp": 0.357,
        "slg": 0.443,
        "rbi": 87,
        "sb": 2,
        "hr": 18
      },
      {
        "name": "강백호",
        "year": 23,
        "team": "KT",
        "pa": 271,
        "ops": 0.763,
        "avg": 0.265,
        "obp": 0.347,
        "slg": 0.416,
        "rbi": 39,
        "sb": 3,
        "hr": 8
      },
      {
        "name": "알포드",
        "year": 23,
        "team": "KT",
        "pa": 547,
        "ops": 0.812,
        "avg": 0.289,
        "obp": 0.356,
        "slg": 0.456,
        "rbi": 70,
        "sb": 17,
        "hr": 15
      },
      {
        "name": "문상철",
        "year": 23,
        "team": "KT",
        "pa": 330,
        "ops": 0.712,
        "avg": 0.26,
        "obp": 0.298,
        "slg": 0.414,
        "rbi": 46,
        "sb": 3,
        "hr": 9
      }
    ]
  },
  {
    "generation": 18,
    "expected_score": 6.0,
    "lineup": [
      "문상철",
      "배정대",
      "김상수",
      "김민혁",
      "황재균",
      "박병호",
      "강백호",
      "알포드",
      "장성우"
    ],
    "player_stats": [
      {
        "name": "문상철",
        "year": 23,
        "team": "KT",
        "pa": 330,
        "ops": 0.712,
        "avg": 0.26,
        "obp": 0.298,
        "slg": 0.414,
        "rbi": 46,
        "sb": 3,
        "hr": 9
      },
      {
        "name": "배정대",
        "year": 23,
        "team": "KT",
        "pa": 361,
        "ops": 0.703,
        "avg": 0.277,
        "obp": 0.356,
        "slg": 0.347,
        "rbi": 38,
        "sb": 13,
        "hr": 2
      },
      {
        "name": "김상수",
        "year": 23,
        "team": "KT",
        "pa": 512,
        "ops": 0.692,
        "avg": 0.271,
        "obp": 0.353,
        "slg": 0.339,
        "rbi": 56,
        "sb": 5,
        "hr": 3
      },
      {
        "name": "김민혁",
        "year": 23,
        "team": "KT",
        "pa": 448,
        "ops": 0.741,
        "avg": 0.297,
        "obp": 0.356,
        "slg": 0.385,
        "rbi": 41,
        "sb": 11,
        "hr": 3
      },
      {
        "name": "황재균",
        "year": 23,
        "team": "KT",
        "pa": 457,
        "ops": 0.779,
        "avg": 0.295,
        "obp": 0.366,
        "slg": 0.413,
        "rbi": 49,
        "sb": 3,
        "hr": 6
      },
      {
        "name": "박병호",
        "year": 23,
        "team": "KT",
        "pa": 493,
        "ops": 0.8,
        "avg": 0.283,
        "obp": 0.357,
        "slg": 0.443,
        "rbi": 87,
        "sb": 2,
        "hr": 18
      },
      {
        "name": "강백호",
        "year": 23,
        "team": "KT",
        "pa": 271,
        "ops": 0.763,
        "avg": 0.265,
        "obp": 0.347,
        "slg": 0.416,
        "rbi": 39,
        "sb": 3,
        "hr": 8
      },
      {
        "name": "알포드",
        "year": 23,
        "team": "KT",
        "pa": 547,
        "ops": 0.812,
        "avg": 0.289,
        "obp": 0.356,
        "slg": 0.456,
        "rbi": 70,
        "sb": 17,
        "hr": 15
      },
      {
        "name": "장성우",
        "year": 23,
        "team": "KT",
        "pa": 464,
        "ops": 0.773,
        "avg": 0.288,
        "obp": 0.351,
        "slg": 0.422,
        "rbi": 65,
        "sb": 1,
        "hr": 11
      }
    ]
  },
  {
    "generation": 19,
    "expected_score": 5.88,
    "lineup": [
      "박병호",
      "황재균",
      "김상수",
      "배정대",
      "장성우",
      "김민혁",
      "강백호",
      "알포드",
      "문상철"
    ],
    "player_stats": [
      {
        "name": "박병호",
        "year": 23,
        "team": "KT",
        "pa": 493,
        "ops": 0.8,
        "avg": 0.283,
        "obp": 0.357,
        "slg": 0.443,
        "rbi": 87,
        "sb": 2,
        "hr": 18
      },
      {
        "name": "황재균",
        "year": 23,
        "team": "KT",
        "pa": 457,
        "ops": 0.779,
        "avg": 0.295,
        "obp": 0.366,
        "slg": 0.413,
        "rbi": 49,
        "sb": 3,
        "hr": 6
      },
      {
        "name": "김상수",
        "year": 23,
        "team": "KT",
        "pa": 512,
        "ops": 0.692,
        "avg": 0.271,
        "obp": 0.353,
        "slg": 0.339,
        "rbi": 56,
        "sb": 5,
        "hr": 3
      },
      {
        "name": "배정대",
        "year": 23,
        "team": "KT",
        "pa": 361,
        "ops": 0.703,
        "avg": 0.277,
        "obp": 0.356,
        "slg": 0.347,
        "rbi": 38,
        "sb": 13,
        "hr": 2
      },
      {
        "name": "장성우",
        "year": 23,
        "team": "KT",
        "pa": 464,
        "ops": 0.773,
        "avg": 0.288,
        "obp": 0.351,
        "slg": 0.422,
        "rbi": 65,
        "sb": 1,
        "hr": 11
      },
      {
        "name": "김민혁",
        "year": 23,
        "team": "KT",
        "pa": 448,
        "ops": 0.741,
        "avg": 0.297,
        "obp": 0.356,
        "slg": 0.385,
        "rbi": 41,
        "sb": 11,
        "hr": 3
      },
      {
        "name": "강백호",
        "year": 23,
        "team": "KT",
        "pa": 271,
        "ops": 0.763,
        "avg": 0.265,
        "obp": 0.347,
        "slg": 0.416,
        "rbi": 39,
        "sb": 3,
        "hr": 8
      },
      {
        "name": "알포드",
        "year": 23,
        "team": "KT",
        "pa": 547,
        "ops": 0.812,
        "avg": 0.289,
        "obp": 0.356,
        "slg": 0.456,
        "rbi": 70,
        "sb": 17,
        "hr": 15
      },
      {
        "name": "문상철",
        "year": 23,
        "team": "KT",
        "pa": 330,
        "ops": 0.712,
        "avg": 0.26,
        "obp": 0.298,
        "slg": 0.414,
        "rbi": 46,
        "sb": 3,
        "hr": 9
      }
    ]
  },
  {
    "generation": 20,
    "expected_score": 5.705,
    "lineup": [
      "배정대",
      "김상수",
      "박병호",
      "김민혁",
      "황재균",
      "장성우",
      "강백호",
      "알포드",
      "문상철"
    ],
    "player_stats": [
      {
        "name": "배정대",
        "year": 23,
        "team": "KT",
        "pa": 361,
        "ops": 0.703,
        "avg": 0.277,
        "obp": 0.356,
        "slg": 0.347,
        "rbi": 38,
        "sb": 13,
        "hr": 2
      },
      {
        "name": "김상수",
        "year": 23,
        "team": "KT",
        "pa": 512,
        "ops": 0.692,
        "avg": 0.271,
        "obp": 0.353,
        "slg": 0.339,
        "rbi": 56,
        "sb": 5,
        "hr": 3
      },
      {
        "name": "박병호",
        "year": 23,
        "team": "KT",
        "pa": 493,
        "ops": 0.8,
        "avg": 0.283,
        "obp": 0.357,
        "slg": 0.443,
        "rbi": 87,
        "sb": 2,
        "hr": 18
      },
      {
        "name": "김민혁",
        "year": 23,
        "team": "KT",
        "pa": 448,
        "ops": 0.741,
        "avg": 0.297,
        "obp": 0.356,
        "slg": 0.385,
        "rbi": 41,
        "sb": 11,
        "hr": 3
      },
      {
        "name": "황재균",
        "year": 23,
        "team": "KT",
        "pa": 457,
        "ops": 0.779,
        "avg": 0.295,
        "obp": 0.366,
        "slg": 0.413,
        "rbi": 49,
        "sb": 3,
        "hr": 6
      },
      {
        "name": "장성우",
        "year": 23,
        "team": "KT",
        "pa": 464,
        "ops": 0.773,
        "avg": 0.288,
        "obp": 0.351,
        "slg": 0.422,
        "rbi": 65,
        "sb": 1,
        "hr": 11
      },
      {
        "name": "강백호",
        "year": 23,
        "team": "KT",
        "pa": 271,
        "ops": 0.763,
        "avg": 0.265,
        "obp": 0.347,
        "slg": 0.416,
        "rbi": 39,
        "sb": 3,
        "hr": 8
      },
      {
        "name": "알포드",
        "year": 23,
        "team": "KT",
        "pa": 547,
        "ops": 0.812,
        "avg": 0.289,
        "obp": 0.356,
        "slg": 0.456,
        "rbi": 70,
        "sb": 17,
        "hr": 15
      },
      {
        "name": "문상철",
        "year": 23,
        "team": "KT",
        "pa": 330,
        "ops": 0.712,
        "avg": 0.26,
        "obp": 0.298,
        "slg": 0.414,
        "rbi": 46,
        "sb": 3,
        "hr": 9
      }
    ]
  },
  {
    "generation": 21,
    "expected_score": 5.82,
    "lineup": [
      "문상철",
      "배정대",
      "장성우",
      "김상수",
      "김민혁",
      "황재균",
      "강백호",
      "알포드",
      "박병호"
    ],
    "player_stats": [
      {
        "name": "문상철",
        "year": 23,
        "team": "KT",
        "pa": 330,
        "ops": 0.712,
        "avg": 0.26,
        "obp": 0.298,
        "slg": 0.414,
        "rbi": 46,
        "sb": 3,
        "hr": 9
      },
      {
        "name": "배정대",
        "year": 23,
        "team": "KT",
        "pa": 361,
        "ops": 0.703,
        "avg": 0.277,
        "obp": 0.356,
        "slg": 0.347,
        "rbi": 38,
        "sb": 13,
        "hr": 2
      },
      {
        "name": "장성우",
        "year": 23,
        "team": "KT",
        "pa": 464,
        "ops": 0.773,
        "avg": 0.288,
        "obp": 0.351,
        "slg": 0.422,
        "rbi": 65,
        "sb": 1,
        "hr": 11
      },
      {
        "name": "김상수",
        "year": 23,
        "team": "KT",
        "pa": 512,
        "ops": 0.692,
        "avg": 0.271,
        "obp": 0.353,
        "slg": 0.339,
        "rbi": 56,
        "sb": 5,
        "hr": 3
      },
      {
        "name": "김민혁",
        "year": 23,
        "team": "KT",
        "pa": 448,
        "ops": 0.741,
        "avg": 0.297,
        "obp": 0.356,
        "slg": 0.385,
        "rbi": 41,
        "sb": 11,
        "hr": 3
      },
      {
        "name": "황재균",
        "year": 23,
        "team": "KT",
        "pa": 457,
        "ops": 0.779,
        "avg": 0.295,
        "obp": 0.366,
        "slg": 0.413,
        "rbi": 49,
        "sb": 3,
        "hr": 6
      },
      {
        "name": "강백호",
        "year": 23,
        "team": "KT",
        "pa": 271,
        "ops": 0.763,
        "avg": 0.265,
        "obp": 0.347,
        "slg": 0.416,
        "rbi": 39,
        "sb": 3,
        "hr": 8
      },
      {
        "name": "알포드",
        "year": 23,
        "team": "KT",
        "pa": 547,
        "ops": 0.812,
        "avg": 0.289,
        "obp": 0.356,
        "slg": 0.456,
        "rbi": 70,
        "sb": 17,
        "hr": 15
      },
      {
        "name": "박병호",
        "year": 23,
        "team": "KT",
        "pa": 493,
        "ops": 0.8,
        "avg": 0.283,
        "obp": 0.357,
        "slg": 0.443,
        "rbi": 87,
        "sb": 2,
        "hr": 18
      }
    ]
  },
  {
    "generation": 22,
    "expected_score": 5.835,
    "lineup": [
      "황재균",
      "박병호",
      "김상수",
      "배정대",
      "장성우",
      "김민혁",
      "강백호",
      "알포드",
      "문상철"
    ],
    "player_stats": [
      {
        "name": "황재균",
        "year": 23,
        "team": "KT",
        "pa": 457,
        "ops": 0.779,
        "avg": 0.295,
        "obp": 0.366,
        "slg": 0.413,
        "rbi": 49,
        "sb": 3,
        "hr": 6
      },
      {
        "name": "박병호",
        "year": 23,
        "team": "KT",
        "pa": 493,
        "ops": 0.8,
        "avg": 0.283,
        "obp": 0.357,
        "slg": 0.443,
        "rbi": 87,
        "sb": 2,
        "hr": 18
      },
      {
        "name": "김상수",
        "year": 23,
        "team": "KT",
        "pa": 512,
        "ops": 0.692,
        "avg": 0.271,
        "obp": 0.353,
        "slg": 0.339,
        "rbi": 56,
        "sb": 5,
        "hr": 3
      },
      {
        "name": "배정대",
        "year": 23,
        "team": "KT",
        "pa": 361,
        "ops": 0.703,
        "avg": 0.277,
        "obp": 0.356,
        "slg": 0.347,
        "rbi": 38,
        "sb": 13,
        "hr": 2
      },
      {
        "name": "장성우",
        "year": 23,
        "team": "KT",
        "pa": 464,
        "ops": 0.773,
        "avg": 0.288,
        "obp": 0.351,
        "slg": 0.422,
        "rbi": 65,
        "sb": 1,
        "hr": 11
      },
      {
        "name": "김민혁",
        "year": 23,
        "team": "KT",
        "pa": 448,
        "ops": 0.741,
        "avg": 0.297,
        "obp": 0.356,
        "slg": 0.385,
        "rbi": 41,
        "sb": 11,
        "hr": 3
      },
      {
        "name": "강백호",
        "year": 23,
        "team": "KT",
        "pa": 271,
        "ops": 0.763,
        "avg": 0.265,
        "obp": 0.347,
        "slg": 0.416,
        "rbi": 39,
        "sb": 3,
        "hr": 8
      },
      {
        "name": "알포드",
        "year": 23,
        "team": "KT",
        "pa": 547,
        "ops": 0.812,
        "avg": 0.289,
        "obp": 0.356,
        "slg": 0.456,
        "rbi": 70,
        "sb": 17,
        "hr": 15
      },
      {
        "name": "문상철",
        "year": 23,
        "team": "KT",
        "pa": 330,
        "ops": 0.712,
        "avg": 0.26,
        "obp": 0.298,
        "slg": 0.414,
        "rbi": 46,
        "sb": 3,
        "hr": 9
      }
    ]
  },
  {
    "generation": 23,
    "expected_score": 5.655,
    "lineup": [
      "배정대",
      "김민혁",
      "황재균",
      "김상수",
      "장성우",
      "박병호",
      "강백호",
      "알포드",
      "문상철"
    ],
    "player_stats": [
      {
        "name": "배정대",
        "year": 23,
        "team": "KT",
        "pa": 361,
        "ops": 0.703,
        "avg": 0.277,
        "obp": 0.356,
        "slg": 0.347,
        "rbi": 38,
        "sb": 13,
        "hr": 2
      },
      {
        "name": "김민혁",
        "year": 23,
        "team": "KT",
        "pa": 448,
        "ops": 0.741,
        "avg": 0.297,
        "obp": 0.356,
        "slg": 0.385,
        "rbi": 41,
        "sb": 11,
        "hr": 3
      },
      {
        "name": "황재균",
        "year": 23,
        "team": "KT",
        "pa": 457,
        "ops": 0.779,
        "avg": 0.295,
        "obp": 0.366,
        "slg": 0.413,
        "rbi": 49,
        "sb": 3,
        "hr": 6
      },
      {
        "name": "김상수",
        "year": 23,
        "team": "KT",
        "pa": 512,
        "ops": 0.692,
        "avg": 0.271,
        "obp": 0.353,
        "slg": 0.339,
        "rbi": 56,
        "sb": 5,
        "hr": 3
      },
      {
        "name": "장성우",
        "year": 23,
        "team": "KT",
        "pa": 464,
        "ops": 0.773,
        "avg": 0.288,
        "obp": 0.351,
        "slg": 0.422,
        "rbi": 65,
        "sb": 1,
        "hr": 11
      },
      {
        "name": "박병호",
        "year": 23,
        "team": "KT",
        "pa": 493,
        "ops": 0.8,
        "avg": 0.283,
        "obp": 0.357,
        "slg": 0.443,
        "rbi": 87,
        "sb": 2,
        "hr": 18
      },
      {
        "name": "강백호",
        "year": 23,
        "team": "KT",
        "pa": 271,
        "ops": 0.763,
        "avg": 0.265,
        "obp": 0.347,
        "slg": 0.416,
        "rbi": 39,
        "sb": 3,
        "hr": 8
      },
      {
        "name": "알포드",
        "year": 23,
        "team": "KT",
        "pa": 547,
        "ops": 0.812,
        "avg": 0.289,
        "obp": 0.356,
        "slg": 0.456,
        "rbi": 70,
        "sb": 17,
        "hr": 15
      },
      {
        "name": "문상철",
        "year": 23,
        "team": "KT",
        "pa": 330,
        "ops": 0.712,
        "avg": 0.26,
        "obp": 0.298,
        "slg": 0.414,
        "rbi": 46,
        "sb": 3,
        "hr": 9
      }
    ]
  },
  {
    "generation": 24,
    "expected_score": 5.92,
    "lineup": [
      "배정대",
      "김민혁",
      "김상수",
      "황재균",
      "장성우",
      "박병호",
      "강백호",
      "문상철",
      "알포드"
    ],
    "player_stats": [
      {
        "name": "배정대",
        "year": 23,
        "team": "KT",
        "pa": 361,
        "ops": 0.703,
        "avg": 0.277,
        "obp": 0.356,
        "slg": 0.347,
        "rbi": 38,
        "sb": 13,
        "hr": 2
      },
      {
        "name": "김민혁",
        "year": 23,
        "team": "KT",
        "pa": 448,
        "ops": 0.741,
        "avg": 0.297,
        "obp": 0.356,
        "slg": 0.385,
        "rbi": 41,
        "sb": 11,
        "hr": 3
      },
      {
        "name": "김상수",
        "year": 23,
        "team": "KT",
        "pa": 512,
        "ops": 0.692,
        "avg": 0.271,
        "obp": 0.353,
        "slg": 0.339,
        "rbi": 56,
        "sb": 5,
        "hr": 3
      },
      {
        "name": "황재균",
        "year": 23,
        "team": "KT",
        "pa": 457,
        "ops": 0.779,
        "avg": 0.295,
        "obp": 0.366,
        "slg": 0.413,
        "rbi": 49,
        "sb": 3,
        "hr": 6
      },
      {
        "name": "장성우",
        "year": 23,
        "team": "KT",
        "pa": 464,
        "ops": 0.773,
        "avg": 0.288,
        "obp": 0.351,
        "slg": 0.422,
        "rbi": 65,
        "sb": 1,
        "hr": 11
      },
      {
        "name": "박병호",
        "year": 23,
        "team": "KT",
        "pa": 493,
        "ops": 0.8,
        "avg": 0.283,
        "obp": 0.357,
        "slg": 0.443,
        "rbi": 87,
        "sb": 2,
        "hr": 18
      },
      {
        "name": "강백호",
        "year": 23,
        "team": "KT",
        "pa": 271,
        "ops": 0.763,
        "avg": 0.265,
        "obp": 0.347,
        "slg": 0.416,
        "rbi": 39,
        "sb": 3,
        "hr": 8
      },
      {
        "name": "문상철",
        "year": 23,
        "team": "KT",
        "pa": 330,
        "ops": 0.712,
        "avg": 0.26,
        "obp": 0.298,
        "slg": 0.414,
        "rbi": 46,
        "sb": 3,
        "hr": 9
      },
      {
        "name": "알포드",
        "year": 23,
        "team": "KT",
        "pa": 547,
        "ops": 0.812,
        "avg": 0.289,
        "obp": 0.356,
        "slg": 0.456,
        "rbi": 70,
        "sb": 17,
        "hr": 15
      }
    ]
  },
  {
    "generation": 25,
    "expected_score": 5.665,
    "lineup": [
      "배정대",
      "황재균",
      "김상수",
      "김민혁",
      "장성우",
      "박병호",
      "강백호",
      "알포드",
      "문상철"
    ],
    "player_stats": [
      {
        "name": "배정대",
        "year": 23,
        "team": "KT",
        "pa": 361,
        "ops": 0.703,
        "avg": 0.277,
        "obp": 0.356,
        "slg": 0.347,
        "rbi": 38,
        "sb": 13,
        "hr": 2
      },
      {
        "name": "황재균",
        "year": 23,
        "team": "KT",
        "pa": 457,
        "ops": 0.779,
        "avg": 0.295,
        "obp": 0.366,
        "slg": 0.413,
        "rbi": 49,
        "sb": 3,
        "hr": 6
      },
      {
        "name": "김상수",
        "year": 23,
        "team": "KT",
        "pa": 512,
        "ops": 0.692,
        "avg": 0.271,
        "obp": 0.353,
        "slg": 0.339,
        "rbi": 56,
        "sb": 5,
        "hr": 3
      },
      {
        "name": "김민혁",
        "year": 23,
        "team": "KT",
        "pa": 448,
        "ops": 0.741,
        "avg": 0.297,
        "obp": 0.356,
        "slg": 0.385,
        "rbi": 41,
        "sb": 11,
        "hr": 3
      },
      {
        "name": "장성우",
        "year": 23,
        "team": "KT",
        "pa": 464,
        "ops": 0.773,
        "avg": 0.288,
        "obp": 0.351,
        "slg": 0.422,
        "rbi": 65,
        "sb": 1,
        "hr": 11
      },
      {
        "name": "박병호",
        "year": 23,
        "team": "KT",
        "pa": 493,
        "ops": 0.8,
        "avg": 0.283,
        "obp": 0.357,
        "slg": 0.443,
        "rbi": 87,
        "sb": 2,
        "hr": 18
      },
      {
        "name": "강백호",
        "year": 23,
        "team": "KT",
        "pa": 271,
        "ops": 0.763,
        "avg": 0.265,
        "obp": 0.347,
        "slg": 0.416,
        "rbi": 39,
        "sb": 3,
        "hr": 8
      },
      {
        "name": "알포드",
        "year": 23,
        "team": "KT",
        "pa": 547,
        "ops": 0.812,
        "avg": 0.289,
        "obp": 0.356,
        "slg": 0.456,
        "rbi": 70,
        "sb": 17,
        "hr": 15
      },
      {
        "name": "문상철",
        "year": 23,
        "team": "KT",
        "pa": 330,
        "ops": 0.712,
        "avg": 0.26,
        "obp": 0.298,
        "slg": 0.414,
        "rbi": 46,
        "sb": 3,
        "hr": 9
      }
    ]
  },
  {
    "generation": 26,
    "expected_score": 6.245,
    "lineup": [
      "배정대",
      "김상수",
      "황재균",
      "김민혁",
      "장성우",
      "박병호",
      "강백호",
      "알포드",
      "문상철"
    ],
    "player_stats": [
      {
        "name": "배정대",
        "year": 23,
        "team": "KT",
        "pa": 361,
        "ops": 0.703,
        "avg": 0.277,
        "obp": 0.356,
        "slg": 0.347,
        "rbi": 38,
        "sb": 13,
        "hr": 2
      },
      {
        "name": "김상수",
        "year": 23,
        "team": "KT",
        "pa": 512,
        "ops": 0.692,
        "avg": 0.271,
        "obp": 0.353,
        "slg": 0.339,
        "rbi": 56,
        "sb": 5,
        "hr": 3
      },
      {
        "name": "황재균",
        "year": 23,
        "team": "KT",
        "pa": 457,
        "ops": 0.779,
        "avg": 0.295,
        "obp": 0.366,
        "slg": 0.413,
        "rbi": 49,
        "sb": 3,
        "hr": 6
      },
      {
        "name": "김민혁",
        "year": 23,
        "team": "KT",
        "pa": 448,
        "ops": 0.741,
        "avg": 0.297,
        "obp": 0.356,
        "slg": 0.385,
        "rbi": 41,
        "sb": 11,
        "hr": 3
      },
      {
        "name": "장성우",
        "year": 23,
        "team": "KT",
        "pa": 464,
        "ops": 0.773,
        "avg": 0.288,
        "obp": 0.351,
        "slg": 0.422,
        "rbi": 65,
        "sb": 1,
        "hr": 11
      },
      {
        "name": "박병호",
        "year": 23,
        "team": "KT",
        "pa": 493,
        "ops": 0.8,
        "avg": 0.283,
        "obp": 0.357,
        "slg": 0.443,
        "rbi": 87,
        "sb": 2,
        "hr": 18
      },
      {
        "name": "강백호",
        "year": 23,
        "team": "KT",
        "pa": 271,
        "ops": 0.763,
        "avg": 0.265,
        "obp": 0.347,
        "slg": 0.416,
        "rbi": 39,
        "sb": 3,
        "hr": 8
      },
      {
        "name": "알포드",
        "year": 23,
        "team": "KT",
        "pa": 547,
        "ops": 0.812,
        "avg": 0.289,
        "obp": 0.356,
        "slg": 0.456,
        "rbi": 70,
        "sb": 17,
        "hr": 15
      },
      {
        "name": "문상철",
        "year": 23,
        "team": "KT",
        "pa": 330,
        "ops": 0.712,
        "avg": 0.26,
        "obp": 0.298,
        "slg": 0.414,
        "rbi": 46,
        "sb": 3,
        "hr": 9
      }
    ]
  },
  {
    "generation": 27,
    "expected_score": 5.79,
    "lineup": [
      "김상수",
      "황재균",
      "장성우",
      "박병호",
      "배정대",
      "김민혁",
      "강백호",
      "알포드",
      "문상철"
    ],
    "player_stats": [
      {
        "name": "김상수",
        "year": 23,
        "team": "KT",
        "pa": 512,
        "ops": 0.692,
        "avg": 0.271,
        "obp": 0.353,
        "slg": 0.339,
        "rbi": 56,
        "sb": 5,
        "hr": 3
      },
      {
        "name": "황재균",
        "year": 23,
        "team": "KT",
        "pa": 457,
        "ops": 0.779,
        "avg": 0.295,
        "obp": 0.366,
        "slg": 0.413,
        "rbi": 49,
        "sb": 3,
        "hr": 6
      },
      {
        "name": "장성우",
        "year": 23,
        "team": "KT",
        "pa": 464,
        "ops": 0.773,
        "avg": 0.288,
        "obp": 0.351,
        "slg": 0.422,
        "rbi": 65,
        "sb": 1,
        "hr": 11
      },
      {
        "name": "박병호",
        "year": 23,
        "team": "KT",
        "pa": 493,
        "ops": 0.8,
        "avg": 0.283,
        "obp": 0.357,
        "slg": 0.443,
        "rbi": 87,
        "sb": 2,
        "hr": 18
      },
      {
        "name": "배정대",
        "year": 23,
        "team": "KT",
        "pa": 361,
        "ops": 0.703,
        "avg": 0.277,
        "obp": 0.356,
        "slg": 0.347,
        "rbi": 38,
        "sb": 13,
        "hr": 2
      },
      {
        "name": "김민혁",
        "year": 23,
        "team": "KT",
        "pa": 448,
        "ops": 0.741,
        "avg": 0.297,
        "obp": 0.356,
        "slg": 0.385,
        "rbi": 41,
        "sb": 11,
        "hr": 3
      },
      {
        "name": "강백호",
        "year": 23,
        "team": "KT",
        "pa": 271,
        "ops": 0.763,
        "avg": 0.265,
        "obp": 0.347,
        "slg": 0.416,
        "rbi": 39,
        "sb": 3,
        "hr": 8
      },
      {
        "name": "알포드",
        "year": 23,
        "team": "KT",
        "pa": 547,
        "ops": 0.812,
        "avg": 0.289,
        "obp": 0.356,
        "slg": 0.456,
        "rbi": 70,
        "sb": 17,
        "hr": 15
      },
      {
        "name": "문상철",
        "year": 23,
        "team": "KT",
        "pa": 330,
        "ops": 0.712,
        "avg": 0.26,
        "obp": 0.298,
        "slg": 0.414,
        "rbi": 46,
        "sb": 3,
        "hr": 9
      }
    ]
  },
  {
    "generation": 28,
    "expected_score": 5.9,
    "lineup": [
      "장성우",
      "김상수",
      "황재균",
      "박병호",
      "김민혁",
      "배정대",
      "강백호",
      "알포드",
      "문상철"
    ],
    "player_stats": [
      {
        "name": "장성우",
        "year": 23,
        "team": "KT",
        "pa": 464,
        "ops": 0.773,
        "avg": 0.288,
        "obp": 0.351,
        "slg": 0.422,
        "rbi": 65,
        "sb": 1,
        "hr": 11
      },
      {
        "name": "김상수",
        "year": 23,
        "team": "KT",
        "pa": 512,
        "ops": 0.692,
        "avg": 0.271,
        "obp": 0.353,
        "slg": 0.339,
        "rbi": 56,
        "sb": 5,
        "hr": 3
      },
      {
        "name": "황재균",
        "year": 23,
        "team": "KT",
        "pa": 457,
        "ops": 0.779,
        "avg": 0.295,
        "obp": 0.366,
        "slg": 0.413,
        "rbi": 49,
        "sb": 3,
        "hr": 6
      },
      {
        "name": "박병호",
        "year": 23,
        "team": "KT",
        "pa": 493,
        "ops": 0.8,
        "avg": 0.283,
        "obp": 0.357,
        "slg": 0.443,
        "rbi": 87,
        "sb": 2,
        "hr": 18
      },
      {
        "name": "김민혁",
        "year": 23,
        "team": "KT",
        "pa": 448,
        "ops": 0.741,
        "avg": 0.297,
        "obp": 0.356,
        "slg": 0.385,
        "rbi": 41,
        "sb": 11,
        "hr": 3
      },
      {
        "name": "배정대",
        "year": 23,
        "team": "KT",
        "pa": 361,
        "ops": 0.703,
        "avg": 0.277,
        "obp": 0.356,
        "slg": 0.347,
        "rbi": 38,
        "sb": 13,
        "hr": 2
      },
      {
        "name": "강백호",
        "year": 23,
        "team": "KT",
        "pa": 271,
        "ops": 0.763,
        "avg": 0.265,
        "obp": 0.347,
        "slg": 0.416,
        "rbi": 39,
        "sb": 3,
        "hr": 8
      },
      {
        "name": "알포드",
        "year": 23,
        "team": "KT",
        "pa": 547,
        "ops": 0.812,
        "avg": 0.289,
        "obp": 0.356,
        "slg": 0.456,
        "rbi": 70,
        "sb": 17,
        "hr": 15
      },
      {
        "name": "문상철",
        "year": 23,
        "team": "KT",
        "pa": 330,
        "ops": 0.712,
        "avg": 0.26,
        "obp": 0.298,
        "slg": 0.414,
        "rbi": 46,
        "sb": 3,
        "hr": 9
      }
    ]
  },
  {
    "generation": 29,
    "expected_score": 5.87,
    "lineup": [
      "김상수",
      "황재균",
      "장성우",
      "배정대",
      "김민혁",
      "박병호",
      "강백호",
      "알포드",
      "문상철"
    ],
    "player_stats": [
      {
        "name": "김상수",
        "year": 23,
        "team": "KT",
        "pa": 512,
        "ops": 0.692,
        "avg": 0.271,
        "obp": 0.353,
        "slg": 0.339,
        "rbi": 56,
        "sb": 5,
        "hr": 3
      },
      {
        "name": "황재균",
        "year": 23,
        "team": "KT",
        "pa": 457,
        "ops": 0.779,
        "avg": 0.295,
        "obp": 0.366,
        "slg": 0.413,
        "rbi": 49,
        "sb": 3,
        "hr": 6
      },
      {
        "name": "장성우",
        "year": 23,
        "team": "KT",
        "pa": 464,
        "ops": 0.773,
        "avg": 0.288,
        "obp": 0.351,
        "slg": 0.422,
        "rbi": 65,
        "sb": 1,
        "hr": 11
      },
      {
        "name": "배정대",
        "year": 23,
        "team": "KT",
        "pa": 361,
        "ops": 0.703,
        "avg": 0.277,
        "obp": 0.356,
        "slg": 0.347,
        "rbi": 38,
        "sb": 13,
        "hr": 2
      },
      {
        "name": "김민혁",
        "year": 23,
        "team": "KT",
        "pa": 448,
        "ops": 0.741,
        "avg": 0.297,
        "obp": 0.356,
        "slg": 0.385,
        "rbi": 41,
        "sb": 11,
        "hr": 3
      },
      {
        "name": "박병호",
        "year": 23,
        "team": "KT",
        "pa": 493,
        "ops": 0.8,
        "avg": 0.283,
        "obp": 0.357,
        "slg": 0.443,
        "rbi": 87,
        "sb": 2,
        "hr": 18
      },
      {
        "name": "강백호",
        "year": 23,
        "team": "KT",
        "pa": 271,
        "ops": 0.763,
        "avg": 0.265,
        "obp": 0.347,
        "slg": 0.416,
        "rbi": 39,
        "sb": 3,
        "hr": 8
      },
      {
        "name": "알포드",
        "year": 23,
        "team": "KT",
        "pa": 547,
        "ops": 0.812,
        "avg": 0.289,
        "obp": 0.356,
        "slg": 0.456,
        "rbi": 70,
        "sb": 17,
        "hr": 15
      },
      {
        "name": "문상철",
        "year": 23,
        "team": "KT",
        "pa": 330,
        "ops": 0.712,
        "avg": 0.26,
        "obp": 0.298,
        "slg": 0.414,
        "rbi": 46,
        "sb": 3,
        "hr": 9
      }
    ]
  },
  {
    "generation": 30,
    "expected_score": 5.76,
    "lineup": [
      "김상수",
      "황재균",
      "배정대",
      "장성우",
      "박병호",
      "김민혁",
      "강백호",
      "알포드",
      "문상철"
    ],
    "player_stats": [
      {
        "name": "김상수",
        "year": 23,
        "team": "KT",
        "pa": 512,
        "ops": 0.692,
        "avg": 0.271,
        "obp": 0.353,
        "slg": 0.339,
        "rbi": 56,
        "sb": 5,
        "hr": 3
      },
      {
        "name": "황재균",
        "year": 23,
        "team": "KT",
        "pa": 457,
        "ops": 0.779,
        "avg": 0.295,
        "obp": 0.366,
        "slg": 0.413,
        "rbi": 49,
        "sb": 3,
        "hr": 6
      },
      {
        "name": "배정대",
        "year": 23,
        "team": "KT",
        "pa": 361,
        "ops": 0.703,
        "avg": 0.277,
        "obp": 0.356,
        "slg": 0.347,
        "rbi": 38,
        "sb": 13,
        "hr": 2
      },
      {
        "name": "장성우",
        "year": 23,
        "team": "KT",
        "pa": 464,
        "ops": 0.773,
        "avg": 0.288,
        "obp": 0.351,
        "slg": 0.422,
        "rbi": 65,
        "sb": 1,
        "hr": 11
      },
      {
        "name": "박병호",
        "year": 23,
        "team": "KT",
        "pa": 493,
        "ops": 0.8,
        "avg": 0.283,
        "obp": 0.357,
        "slg": 0.443,
        "rbi": 87,
        "sb": 2,
        "hr": 18
      },
      {
        "name": "김민혁",
        "year": 23,
        "team": "KT",
        "pa": 448,
        "ops": 0.741,
        "avg": 0.297,
        "obp": 0.356,
        "slg": 0.385,
        "rbi": 41,
        "sb": 11,
        "hr": 3
      },
      {
        "name": "강백호",
        "year": 23,
        "team": "KT",
        "pa": 271,
        "ops": 0.763,
        "avg": 0.265,
        "obp": 0.347,
        "slg": 0.416,
        "rbi": 39,
        "sb": 3,
        "hr": 8
      },
      {
        "name": "알포드",
        "year": 23,
        "team": "KT",
        "pa": 547,
        "ops": 0.812,
        "avg": 0.289,
        "obp": 0.356,
        "slg": 0.456,
        "rbi": 70,
        "sb": 17,
        "hr": 15
      },
      {
        "name": "문상철",
        "year": 23,
        "team": "KT",
        "pa": 330,
        "ops": 0.712,
        "avg": 0.26,
        "obp": 0.298,
        "slg": 0.414,
        "rbi": 46,
        "sb": 3,
        "hr": 9
      }
    ]
  }
]