[
  {
    "generation": 1,
    "expected_score": 6.195,
    "lineup": [
      "이창진",
      "최형우",
      "소크라테스",
      "김도영",
      "최원준",
      "김선빈",
      "고종욱",
      "박찬호",
      "이우성"
    ],
    "player_stats": [
      {
        "name": "이창진",
        "year": 23,
        "team": "KIA",
        "pa": 284,
        "ops": 0.751,
        "avg": 0.27,
        "obp": 0.362,
        "slg": 0.389,
        "rbi": 29,
        "sb": 9,
        "hr": 4
      },
      {
        "name": "최형우",
        "year": 23,
        "team": "KIA",
        "pa": 508,
        "ops": 0.887,
        "avg": 0.302,
        "obp": 0.4,
        "slg": 0.487,
        "rbi": 81,
        "sb": 0,
        "hr": 17
      },
      {
        "name": "소크라테스",
        "year": 23,
        "team": "KIA",
        "pa": 608,
        "ops": 0.807,
        "avg": 0.285,
        "obp": 0.344,
        "slg": 0.463,
        "rbi": 96,
        "sb": 15,
        "hr": 20
      },
      {
        "name": "김도영",
        "year": 23,
        "team": "KIA",
        "pa": 385,
        "ops": 0.824,
        "avg": 0.303,
        "obp": 0.371,
        "slg": 0.453,
        "rbi": 47,
        "sb": 25,
        "hr": 7
      },
      {
        "name": "최원준",
        "year": 23,
        "team": "KIA",
        "pa": 274,
        "ops": 0.672,
        "avg": 0.255,
        "obp": 0.341,
        "slg": 0.331,
        "rbi": 23,
        "sb": 13,
        "hr": 1
      },
      {
        "name": "김선빈",
        "year": 23,
        "team": "KIA",
        "pa": 473,
        "ops": 0.739,
        "avg": 0.32,
        "obp": 0.381,
        "slg": 0.358,
        "rbi": 48,
        "sb": 3,
        "hr": 0
      },
      {
        "name": "고종욱",
        "year": 23,
        "team": "KIA",
        "pa": 286,
        "ops": 0.722,
        "avg": 0.296,
        "obp": 0.329,
        "slg": 0.393,
        "rbi": 39,
        "sb": 2,
        "hr": 3
      },
      {
        "name": "박찬호",
        "year": 23,
        "team": "KIA",
        "pa": 507,
        "ops": 0.734,
        "avg": 0.301,
        "obp": 0.356,
        "slg": 0.378,
        "rbi": 52,
        "sb": 30,
        "hr": 3
      },
      {
        "name": "이우성",
        "year": 23,
        "team": "KIA",
        "pa": 400,
        "ops": 0.78,
        "avg": 0.301,
        "obp": 0.363,
        "slg": 0.417,
        "rbi": 58,
        "sb": 8,
        "hr": 8
      }
    ]
  },
  {
    "generation": 2,
    "expected_score": 6.365,
    "lineup": [
      "김선빈",
      "박찬호",
      "최형우",
      "김도영",
      "고종욱",
      "소크라테스",
      "최원준",
      "이창진",
      "이우성"
    ],
    "player_stats": [
      {
        "name": "김선빈",
        "year": 23,
        "team": "KIA",
        "pa": 473,
        "ops": 0.739,
        "avg": 0.32,
        "obp": 0.381,
        "slg": 0.358,
        "rbi": 48,
        "sb": 3,
        "hr": 0
      },
      {
        "name": "박찬호",
        "year": 23,
        "team": "KIA",
        "pa": 507,
        "ops": 0.734,
        "avg": 0.301,
        "obp": 0.356,
        "slg": 0.378,
        "rbi": 52,
        "sb": 30,
        "hr": 3
      },
      {
        "name": "최형우",
        "year": 23,
        "team": "KIA",
        "pa": 508,
        "ops": 0.887,
        "avg": 0.302,
        "obp": 0.4,
        "slg": 0.487,
        "rbi": 81,
        "sb": 0,
        "hr": 17
      },
      {
        "name": "김도영",
        "year": 23,
        "team": "KIA",
        "pa": 385,
        "ops": 0.824,
        "avg": 0.303,
        "obp": 0.371,
        "slg": 0.453,
        "rbi": 47,
        "sb": 25,
        "hr": 7
      },
      {
        "name": "고종욱",
        "year": 23,
        "team": "KIA",
        "pa": 286,
        "ops": 0.722,
        "avg": 0.296,
        "obp": 0.329,
        "slg": 0.393,
        "rbi": 39,
        "sb": 2,
        "hr": 3
      },
      {
        "name": "소크라테스",
        "year": 23,
        "team": "KIA",
        "pa": 608,
        "ops": 0.807,
        "avg": 0.285,
        "obp": 0.344,
        "slg": 0.463,
        "rbi": 96,
        "sb": 15,
        "hr": 20
      },
      {
        "name": "최원준",
        "year": 23,
        "team": "KIA",
        "pa": 274,
        "ops": 0.672,
        "avg": 0.255,
        "obp": 0.341,
        "slg": 0.331,
        "rbi": 23,
        "sb": 13,
        "hr": 1
      },
      {
        "name": "이창진",
        "year": 23,
        "team": "KIA",
        "pa": 284,
        "ops": 0.751,
        "avg": 0.27,
        "obp": 0.362,
        "slg": 0.389,
        "rbi": 29,
        "sb": 9,
        "hr": 4
      },
      {
        "name": "이우성",
        "year": 23,
        "team": "KIA",
        "pa": 400,
        "ops": 0.78,
        "avg": 0.301,
        "obp": 0.363,
        "slg": 0.417,
        "rbi": 58,
        "sb": 8,
        "hr": 8
      }
    ]
  },
  {
    "generation": 3,
    "expected_score": 6.075,
    "lineup": [
      "소크라테스",
      "김선빈",
      "최원준",
      "이우성",
      "김도영",
      "이창진",
      "박찬호",
      "최형우",
      "고종욱"
    ],
    "player_stats": [
      {
        "name": "소크라테스",
        "year": 23,
        "team": "KIA",
        "pa": 608,
        "ops": 0.807,
        "avg": 0.285,
        "obp": 0.344,
        "slg": 0.463,
        "rbi": 96,
        "sb": 15,
        "hr": 20
      },
      {
        "name": "김선빈",
        "year": 23,
        "team": "KIA",
        "pa": 473,
        "ops": 0.739,
        "avg": 0.32,
        "obp": 0.381,
        "slg": 0.358,
        "rbi": 48,
        "sb": 3,
        "hr": 0
      },
      {
        "name": "최원준",
        "year": 23,
        "team": "KIA",
        "pa": 274,
        "ops": 0.672,
        "avg": 0.255,
        "obp": 0.341,
        "slg": 0.331,
        "rbi": 23,
        "sb": 13,
        "hr": 1
      },
      {
        "name": "이우성",
        "year": 23,
        "team": "KIA",
        "pa": 400,
        "ops": 0.78,
        "avg": 0.301,
        "obp": 0.363,
        "slg": 0.417,
        "rbi": 58,
        "sb": 8,
        "hr": 8
      },
      {
        "name": "김도영",
        "year": 23,
        "team": "KIA",
        "pa": 385,
        "ops": 0.824,
        "avg": 0.303,
        "obp": 0.371,
        "slg": 0.453,
        "rbi": 47,
        "sb": 25,
        "hr": 7
      },
      {
        "name": "이창진",
        "year": 23,
        "team": "KIA",
        "pa": 284,
        "ops": 0.751,
        "avg": 0.27,
        "obp": 0.362,
        "slg": 0.389,
        "rbi": 29,
        "sb": 9,
        "hr": 4
      },
      {
        "name": "박찬호",
        "year": 23,
        "team": "KIA",
        "pa": 507,
        "ops": 0.734,
        "avg": 0.301,
        "obp": 0.356,
        "slg": 0.378,
        "rbi": 52,
        "sb": 30,
        "hr": 3
      },
      {
        "name": "최형우",
        "year": 23,
        "team": "KIA",
        "pa": 508,
        "ops": 0.887,
        "avg": 0.302,
        "obp": 0.4,
        "slg": 0.487,
        "rbi": 81,
        "sb": 0,
        "hr": 17
      },
      {
        "name": "고종욱",
        "year": 23,
        "team": "KIA",
        "pa": 286,
        "ops": 0.722,
        "avg": 0.296,
        "obp": 0.329,
        "slg": 0.393,
        "rbi": 39,
        "sb": 2,
        "hr": 3
      }
    ]
  },
  {
    "generation": 4,
    "expected_score": 6.245,
    "lineup": [
      "김선빈",
      "박찬호",
      "최형우",
      "고종욱",
      "소크라테스",
      "최원준",
      "김도영",
      "이창진",
      "이우성"
    ],
    "player_stats": [
      {
        "name": "김선빈",
        "year": 23,
        "team": "KIA",
        "pa": 473,
        "ops": 0.739,
        "avg": 0.32,
        "obp": 0.381,
        "slg": 0.358,
        "rbi": 48,
        "sb": 3,
        "hr": 0
      },
      {
        "name": "박찬호",
        "year": 23,
        "team": "KIA",
        "pa": 507,
        "ops": 0.734,
        "avg": 0.301,
        "obp": 0.356,
        "slg": 0.378,
        "rbi": 52,
        "sb": 30,
        "hr": 3
      },
      {
        "name": "최형우",
        "year": 23,
        "team": "KIA",
        "pa": 508,
        "ops": 0.887,
        "avg": 0.302,
        "obp": 0.4,
        "slg": 0.487,
        "rbi": 81,
        "sb": 0,
        "hr": 17
      },
      {
        "name": "고종욱",
        "year": 23,
        "team": "KIA",
        "pa": 286,
        "ops": 0.722,
        "avg": 0.296,
        "obp": 0.329,
        "slg": 0.393,
        "rbi": 39,
        "sb": 2,
        "hr": 3
      },
      {
        "name": "소크라테스",
        "year": 23,
        "team": "KIA",
        "pa": 608,
        "ops": 0.807,
        "avg": 0.285,
        "obp": 0.344,
        "slg": 0.463,
        "rbi": 96,
        "sb": 15,
        "hr": 20
      },
      {
        "name": "최원준",
        "year": 23,
        "team": "KIA",
        "pa": 274,
        "ops": 0.672,
        "avg": 0.255,
        "obp": 0.341,
        "slg": 0.331,
        "rbi": 23,
        "sb": 13,
        "hr": 1
      },
      {
        "name": "김도영",
        "year": 23,
        "team": "KIA",
        "pa": 385,
        "ops": 0.824,
        "avg": 0.303,
        "obp": 0.371,
        "slg": 0.453,
        "rbi": 47,
        "sb": 25,
        "hr": 7
      },
      {
        "name": "이창진",
        "year": 23,
        "team": "KIA",
        "pa": 284,
        "ops": 0.751,
        "avg": 0.27,
        "obp": 0.362,
        "slg": 0.389,
        "rbi": 29,
        "sb": 9,
        "hr": 4
      },
      {
        "name": "이우성",
        "year": 23,
        "team": "KIA",
        "pa": 400,
        "ops": 0.78,
        "avg": 0.301,
        "obp": 0.363,
        "slg": 0.417,
        "rbi": 58,
        "sb": 8,
        "hr": 8
      }
    ]
  },
  {
    "generation": 5,
    "expected_score": 6.395,
    "lineup": [
      "박찬호",
      "고종욱",
      "소크라테스",
      "최원준",
      "김도영",
      "이창진",
      "김선빈",
      "최형우",
      "이우성"
    ],
    "player_stats": [
      {
        "name": "박찬호",
        "year": 23,
        "team": "KIA",
        "pa": 507,
        "ops": 0.734,
        "avg": 0.301,
        "obp": 0.356,
        "slg": 0.378,
        "rbi": 52,
        "sb": 30,
        "hr": 3
      },
      {
        "name": "고종욱",
        "year": 23,
        "team": "KIA",
        "pa": 286,
        "ops": 0.722,
        "avg": 0.296,
        "obp": 0.329,
        "slg": 0.393,
        "rbi": 39,
        "sb": 2,
        "hr": 3
      },
      {
        "name": "소크라테스",
        "year": 23,
        "team": "KIA",
        "pa": 608,
        "ops": 0.807,
        "avg": 0.285,
        "obp": 0.344,
        "slg": 0.463,
        "rbi": 96,
        "sb": 15,
        "hr": 20
      },
      {
        "name": "최원준",
        "year": 23,
        "team": "KIA",
        "pa": 274,
        "ops": 0.672,
        "avg": 0.255,
        "obp": 0.341,
        "slg": 0.331,
        "rbi": 23,
        "sb": 13,
        "hr": 1
      },
      {
        "name": "김도영",
        "year": 23,
        "team": "KIA",
        "pa": 385,
        "ops": 0.824,
        "avg": 0.303,
        "obp": 0.371,
        "slg": 0.453,
        "rbi": 47,
        "sb": 25,
        "hr": 7
      },
      {
        "name": "이창진",
        "year": 23,
        "team": "KIA",
        "pa": 284,
        "ops": 0.751,
        "avg": 0.27,
        "obp": 0.362,
        "slg": 0.389,
        "rbi": 29,
        "sb": 9,
        "hr": 4
      },
      {
        "name": "김선빈",
        "year": 23,
        "team": "KIA",
        "pa": 473,
        "ops": 0.739,
        "avg": 0.32,
        "obp": 0.381,
        "slg": 0.358,
        "rbi": 48,
        "sb": 3,
        "hr": 0
      },
      {
        "name": "최형우",
        "year": 23,
        "team": "KIA",
        "pa": 508,
        "ops": 0.887,
        "avg": 0.302,
        "obp": 0.4,
        "slg": 0.487,
        "rbi": 81,
        "sb": 0,
        "hr": 17
      },
      {
        "name": "이우성",
        "year": 23,
        "team": "KIA",
        "pa": 400,
        "ops": 0.78,
        "avg": 0.301,
        "obp": 0.363,
        "slg": 0.417,
        "rbi": 58,
        "sb": 8,
        "hr": 8
      }
    ]
  },
  {
    "generation": 6,
    "expected_score": 6.265,
    "lineup": [
      "김도영",
      "박찬호",
      "최형우",
      "고종욱",
      "최원준",
      "이창진",
      "이우성",
      "소크라테스",
      "김선빈"
    ],
    "player_stats": [
      {
        "name": "김도영",
        "year": 23,
        "team": "KIA",
        "pa": 385,
        "ops": 0.824,
        "avg": 0.303,
        "obp": 0.371,
        "slg": 0.453,
        "rbi": 47,
        "sb": 25,
        "hr": 7
      },
      {
        "name": "박찬호",
        "year": 23,
        "team": "KIA",
        "pa": 507,
        "ops": 0.734,
        "avg": 0.301,
        "obp": 0.356,
        "slg": 0.378,
        "rbi": 52,
        "sb": 30,
        "hr": 3
      },
      {
        "name": "최형우",
        "year": 23,
        "team": "KIA",
        "pa": 508,
        "ops": 0.887,
        "avg": 0.302,
        "obp": 0.4,
        "slg": 0.487,
        "rbi": 81,
        "sb": 0,
        "hr": 17
      },
      {
        "name": "고종욱",
        "year": 23,
        "team": "KIA",
        "pa": 286,
        "ops": 0.722,
        "avg": 0.296,
        "obp": 0.329,
        "slg": 0.393,
        "rbi": 39,
        "sb": 2,
        "hr": 3
      },
      {
        "name": "최원준",
        "year": 23,
        "team": "KIA",
        "pa": 274,
        "ops": 0.672,
        "avg": 0.255,
        "obp": 0.341,
        "slg": 0.331,
        "rbi": 23,
        "sb": 13,
        "hr": 1
      },
      {
        "name": "이창진",
        "year": 23,
        "team": "KIA",
        "pa": 284,
        "ops": 0.751,
        "avg": 0.27,
        "obp": 0.362,
        "slg": 0.389,
        "rbi": 29,
        "sb": 9,
        "hr": 4
      },
      {
        "name": "이우성",
        "year": 23,
        "team": "KIA",
        "pa": 400,
        "ops": 0.78,
        "avg": 0.301,
        "obp": 0.363,
        "slg": 0.417,
        "rbi": 58,
        "sb": 8,
        "hr": 8
      },
      {
        "name": "소크라테스",
        "year": 23,
        "team": "KIA",
        "pa": 608,
        "ops": 0.807,
        "avg": 0.285,
        "obp": 0.344,
        "slg": 0.463,
        "rbi": 96,
        "sb": 15,
        "hr": 20
      },
      {
        "name": "김선빈",
        "year": 23,
        "team": "KIA",
        "pa": 473,
        "ops": 0.739,
        "avg": 0.32,
        "obp": 0.381,
        "slg": 0.358,
        "rbi": 48,
        "sb": 3,
        "hr": 0
      }
    ]
  },
  {
    "generation": 7,
    "expected_score": 6.245,
    "lineup": [
      "이창진",
      "박찬호",
      "이우성",
      "김도영",
      "최형우",
      "최원준",
      "소크라테스",
      "고종욱",
      "김선빈"
    ],
    "player_stats": [
      {
        "name": "이창진",
        "year": 23,
        "team": "KIA",
        "pa": 284,
        "ops": 0.751,
        "avg": 0.27,
        "obp": 0.362,
        "slg": 0.389,
        "rbi": 29,
        "sb": 9,
        "hr": 4
      },
      {
        "name": "박찬호",
        "year": 23,
        "team": "KIA",
        "pa": 507,
        "ops": 0.734,
        "avg": 0.301,
        "obp": 0.356,
        "slg": 0.378,
        "rbi": 52,
        "sb": 30,
        "hr": 3
      },
      {
        "name": "이우성",
        "year": 23,
        "team": "KIA",
        "pa": 400,
        "ops": 0.78,
        "avg": 0.301,
        "obp": 0.363,
        "slg": 0.417,
        "rbi": 58,
        "sb": 8,
        "hr": 8
      },
      {
        "name": "김도영",
        "year": 23,
        "team": "KIA",
        "pa": 385,
        "ops": 0.824,
        "avg": 0.303,
        "obp": 0.371,
        "slg": 0.453,
        "rbi": 47,
        "sb": 25,
        "hr": 7
      },
      {
        "name": "최형우",
        "year": 23,
        "team": "KIA",
        "pa": 508,
        "ops": 0.887,
        "avg": 0.302,
        "obp": 0.4,
        "slg": 0.487,
        "rbi": 81,
        "sb": 0,
        "hr": 17
      },
      {
        "name": "최원준",
        "year": 23,
        "team": "KIA",
        "pa": 274,
        "ops": 0.672,
        "avg": 0.255,
        "obp": 0.341,
        "slg": 0.331,
        "rbi": 23,
        "sb": 13,
        "hr": 1
      },
      {
        "name": "소크라테스",
        "year": 23,
        "team": "KIA",
        "pa": 608,
        "ops": 0.807,
        "avg": 0.285,
        "obp": 0.344,
        "slg": 0.463,
        "rbi": 96,
        "sb": 15,
        "hr": 20
      },
      {
        "name": "고종욱",
        "year": 23,
        "team": "KIA",
        "pa": 286,
        "ops": 0.722,
        "avg": 0.296,
        "obp": 0.329,
        "slg": 0.393,
        "rbi": 39,
        "sb": 2,
        "hr": 3
      },
      {
        "name": "김선빈",
        "year": 23,
        "team": "KIA",
        "pa": 473,
        "ops": 0.739,
        "avg": 0.32,
        "obp": 0.381,
        "slg": 0.358,
        "rbi": 48,
        "sb": 3,
        "hr": 0
      }
    ]
  },
  {
    "generation": 8,
    "expected_score": 6.355,
    "lineup": [
      "최형우",
      "박찬호",
      "김선빈",
      "고종욱",
      "소크라테스",
      "최원준",
      "김도영",
      "이창진",
      "이우성"
    ],
    "player_stats": [
      {
        "name": "최형우",
        "year": 23,
        "team": "KIA",
        "pa": 508,
        "ops": 0.887,
        "avg": 0.302,
        "obp": 0.4,
        "slg": 0.487,
        "rbi": 81,
        "sb": 0,
        "hr": 17
      },
      {
        "name": "박찬호",
        "year": 23,
        "team": "KIA",
        "pa": 507,
        "ops": 0.734,
        "avg": 0.301,
        "obp": 0.356,
        "slg": 0.378,
        "rbi": 52,
        "sb": 30,
        "hr": 3
      },
      {
        "name": "김선빈",
        "year": 23,
        "team": "KIA",
        "pa": 473,
        "ops": 0.739,
        "avg": 0.32,
        "obp": 0.381,
        "slg": 0.358,
        "rbi": 48,
        "sb": 3,
        "hr": 0
      },
      {
        "name": "고종욱",
        "year": 23,
        "team": "KIA",
        "pa": 286,
        "ops": 0.722,
        "avg": 0.296,
        "obp": 0.329,
        "slg": 0.393,
        "rbi": 39,
        "sb": 2,
        "hr": 3
      },
      {
        "name": "소크라테스",
        "year": 23,
        "team": "KIA",
        "pa": 608,
        "ops": 0.807,
        "avg": 0.285,
        "obp": 0.344,
        "slg": 0.463,
        "rbi": 96,
        "sb": 15,
        "hr": 20
      },
      {
        "name": "최원준",
        "year": 23,
        "team": "KIA",
        "pa": 274,
        "ops": 0.672,
        "avg": 0.255,
        "obp": 0.341,
        "slg": 0.331,
        "rbi": 23,
        "sb": 13,
        "hr": 1
      },
      {
        "name": "김도영",
        "year": 23,
        "team": "KIA",
        "pa": 385,
        "ops": 0.824,
        "avg": 0.303,
        "obp": 0.371,
        "slg": 0.453,
        "rbi": 47,
        "sb": 25,
        "hr": 7
      },
      {
        "name": "이창진",
        "year": 23,
        "team": "KIA",
        "pa": 284,
        "ops": 0.751,
        "avg": 0.27,
        "obp": 0.362,
        "slg": 0.389,
        "rbi": 29,
        "sb": 9,
        "hr": 4
      },
      {
        "name": "이우성",
        "year": 23,
        "team": "KIA",
        "pa": 400,
        "ops": 0.78,
        "avg": 0.301,
        "obp": 0.363,
        "slg": 0.417,
        "rbi": 58,
        "sb": 8,
        "hr": 8
      }
    ]
  },
  {
    "generation": 9,
    "expected_score": 6.28,
    "lineup": [
      "이창진",
      "박찬호",
      "최형우",
      "김선빈",
      "김도영",
      "소크라테스",
      "최원준",
      "고종욱",
      "이우성"
    ],
    "player_stats": [
      {
        "name": "이창진",
        "year": 23,
        "team": "KIA",
        "pa": 284,
        "ops": 0.751,
        "avg": 0.27,
        "obp": 0.362,
        "slg": 0.389,
        "rbi": 29,
        "sb": 9,
        "hr": 4
      },
      {
        "name": "박찬호",
        "year": 23,
        "team": "KIA",
        "pa": 507,
        "ops": 0.734,
        "avg": 0.301,
        "obp": 0.356,
        "slg": 0.378,
        "rbi": 52,
        "sb": 30,
        "hr": 3
      },
      {
        "name": "최형우",
        "year": 23,
        "team": "KIA",
        "pa": 508,
        "ops": 0.887,
        "avg": 0.302,
        "obp": 0.4,
        "slg": 0.487,
        "rbi": 81,
        "sb": 0,
        "hr": 17
      },
      {
        "name": "김선빈",
        "year": 23,
        "team": "KIA",
        "pa": 473,
        "ops": 0.739,
        "avg": 0.32,
        "obp": 0.381,
        "slg": 0.358,
        "rbi": 48,
        "sb": 3,
        "hr": 0
      },
      {
        "name": "김도영",
        "year": 23,
        "team": "KIA",
        "pa": 385,
        "ops": 0.824,
        "avg": 0.303,
        "obp": 0.371,
        "slg": 0.453,
        "rbi": 47,
        "sb": 25,
        "hr": 7
      },
      {
        "name": "소크라테스",
        "year": 23,
        "team": "KIA",
        "pa": 608,
        "ops": 0.807,
        "avg": 0.285,
        "obp": 0.344,
        "slg": 0.463,
        "rbi": 96,
        "sb": 15,
        "hr": 20
      },
      {
        "name": "최원준",
        "year": 23,
        "team": "KIA",
        "pa": 274,
        "ops": 0.672,
        "avg": 0.255,
        "obp": 0.341,
        "slg": 0.331,
        "rbi": 23,
        "sb": 13,
        "hr": 1
      },
      {
        "name": "고종욱",
        "year": 23,
        "team": "KIA",
        "pa": 286,
        "ops": 0.722,
        "avg": 0.296,
        "obp": 0.329,
        "slg": 0.393,
        "rbi": 39,
        "sb": 2,
        "hr": 3
      },
      {
        "name": "이우성",
        "year": 23,
        "team": "KIA",
        "pa": 400,
        "ops": 0.78,
        "avg": 0.301,
        "obp": 0.363,
        "slg": 0.417,
        "rbi": 58,
        "sb": 8,
        "hr": 8
      }
    ]
  },
  {
    "generation": 10,
    "expected_score": 6.215,
    "lineup": [
      "김선빈",
      "이창진",
      "박찬호",
      "김도영",
      "최형우",
      "소크라테스",
      "고종욱",
      "최원준",
      "이우성"
    ],
    "player_stats": [
      {
        "name": "김선빈",
        "year": 23,
        "team": "KIA",
        "pa": 473,
        "ops": 0.739,
        "avg": 0.32,
        "obp": 0.381,
        "slg": 0.358,
        "rbi": 48,
        "sb": 3,
        "hr": 0
      },
      {
        "name": "이창진",
        "year": 23,
        "team": "KIA",
        "pa": 284,
        "ops": 0.751,
        "avg": 0.27,
        "obp": 0.362,
        "slg": 0.389,
        "rbi": 29,
        "sb": 9,
        "hr": 4
      },
      {
        "name": "박찬호",
        "year": 23,
        "team": "KIA",
        "pa": 507,
        "ops": 0.734,
        "avg": 0.301,
        "obp": 0.356,
        "slg": 0.378,
        "rbi": 52,
        "sb": 30,
        "hr": 3
      },
      {
        "name": "김도영",
        "year": 23,
        "team": "KIA",
        "pa": 385,
        "ops": 0.824,
        "avg": 0.303,
        "obp": 0.371,
        "slg": 0.453,
        "rbi": 47,
        "sb": 25,
        "hr": 7
      },
      {
        "name": "최형우",
        "year": 23,
        "team": "KIA",
        "pa": 508,
        "ops": 0.887,
        "avg": 0.302,
        "obp": 0.4,
        "slg": 0.487,
        "rbi": 81,
        "sb": 0,
        "hr": 17
      },
      {
        "name": "소크라테스",
        "year": 23,
        "team": "KIA",
        "pa": 608,
        "ops": 0.807,
        "avg": 0.285,
        "obp": 0.344,
        "slg": 0.463,
        "rbi": 96,
        "sb": 15,
        "hr": 20
      },
      {
        "name": "고종욱",
        "year": 23,
        "team": "KIA",
        "pa": 286,
        "ops": 0.722,
        "avg": 0.296,
        "obp": 0.329,
        "slg": 0.393,
        "rbi": 39,
        "sb": 2,
        "hr": 3
      },
      {
        "name": "최원준",
        "year": 23,
        "team": "KIA",
        "pa": 274,
        "ops": 0.672,
        "avg": 0.255,
        "obp": 0.341,
        "slg": 0.331,
        "rbi": 23,
        "sb": 13,
        "hr": 1
      },
      {
        "name": "이우성",
        "year": 23,
        "team": "KIA",
        "pa": 400,
        "ops": 0.78,
        "avg": 0.301,
        "obp": 0.363,
        "slg": 0.417,
        "rbi": 58,
        "sb": 8,
        "hr": 8
      }
    ]
  },
  {
    "generation": 11,
    "expected_score": 6.25,
    "lineup": [
      "박찬호",
      "김선빈",
      "김도영",
      "최형우",
      "이창진",
      "소크라테스",
      "고종욱",
      "최원준",
      "이우성"
    ],
    "player_stats": [
      {
        "name": "박찬호",
        "year": 23,
        "team": "KIA",
        "pa": 507,
        "ops": 0.734,
        "avg": 0.301,
        "obp": 0.356,
        "slg": 0.378,
        "rbi": 52,
        "sb": 30,
        "hr": 3
      },
      {
        "name": "김선빈",
        "year": 23,
        "team": "KIA",
        "pa": 473,
        "ops": 0.739,
        "avg": 0.32,
        "obp": 0.381,
        "slg": 0.358,
        "rbi": 48,
        "sb": 3,
        "hr": 0
      },
      {
        "name": "김도영",
        "year": 23,
        "team": "KIA",
        "pa": 385,
        "ops": 0.824,
        "avg": 0.303,
        "obp": 0.371,
        "slg": 0.453,
        "rbi": 47,
        "sb": 25,
        "hr": 7
      },
      {
        "name": "최형우",
        "year": 23,
        "team": "KIA",
        "pa": 508,
        "ops": 0.887,
        "avg": 0.302,
        "obp": 0.4,
        "slg": 0.487,
        "rbi": 81,
        "sb": 0,
        "hr": 17
      },
      {
        "name": "이창진",
        "year": 23,
        "team": "KIA",
        "pa": 284,
        "ops": 0.751,
        "avg": 0.27,
        "obp": 0.362,
        "slg": 0.389,
        "rbi": 29,
        "sb": 9,
        "hr": 4
      },
      {
        "name": "소크라테스",
        "year": 23,
        "team": "KIA",
        "pa": 608,
        "ops": 0.807,
        "avg": 0.285,
        "obp": 0.344,
        "slg": 0.463,
        "rbi": 96,
        "sb": 15,
        "hr": 20
      },
      {
        "name": "고종욱",
        "year": 23,
        "team": "KIA",
        "pa": 286,
        "ops": 0.722,
        "avg": 0.296,
        "obp": 0.329,
        "slg": 0.393,
        "rbi": 39,
        "sb": 2,
        "hr": 3
      },
      {
        "name": "최원준",
        "year": 23,
        "team": "KIA",
        "pa": 274,
        "ops": 0.672,
        "avg": 0.255,
        "obp": 0.341,
        "slg": 0.331,
        "rbi": 23,
        "sb": 13,
        "hr": 1
      },
      {
        "name": "이우성",
        "year": 23,
        "team": "KIA",
        "pa": 400,
        "ops": 0.78,
        "avg": 0.301,
        "obp": 0.363,
        "slg": 0.417,
        "rbi": 58,
        "sb": 8,
        "hr": 8
      }
    ]
  },
  {
    "generation": 12,
    "expected_score": 6.11,
    "lineup": [
      "김선빈",
      "박찬호",
      "최형우",
      "김도영",
      "이창진",
      "소크라테스",
      "고종욱",
      "최원준",
      "이우성"
    ],
    "player_stats": [
      {
        "name": "김선빈",
        "year": 23,
        "team": "KIA",
        "pa": 473,
        "ops": 0.739,
        "avg": 0.32,
        "obp": 0.381,
        "slg": 0.358,
        "rbi": 48,
        "sb": 3,
        "hr": 0
      },
      {
        "name": "박찬호",
        "year": 23,
        "team": "KIA",
        "pa": 507,
        "ops": 0.734,
        "avg": 0.301,
        "obp": 0.356,
        "slg": 0.378,
        "rbi": 52,
        "sb": 30,
        "hr": 3
      },
      {
        "name": "최형우",
        "year": 23,
        "team": "KIA",
        "pa": 508,
        "ops": 0.887,
        "avg": 0.302,
        "obp": 0.4,
        "slg": 0.487,
        "rbi": 81,
        "sb": 0,
        "hr": 17
      },
      {
        "name": "김도영",
        "year": 23,
        "team": "KIA",
        "pa": 385,
        "ops": 0.824,
        "avg": 0.303,
        "obp": 0.371,
        "slg": 0.453,
        "rbi": 47,
        "sb": 25,
        "hr": 7
      },
      {
        "name": "이창진",
        "year": 23,
        "team": "KIA",
        "pa": 284,
        "ops": 0.751,
        "avg": 0.27,
        "obp": 0.362,
        "slg": 0.389,
        "rbi": 29,
        "sb": 9,
        "hr": 4
      },
      {
        "name": "소크라테스",
        "year": 23,
        "team": "KIA",
        "pa": 608,
        "ops": 0.807,
        "avg": 0.285,
        "obp": 0.344,
        "slg": 0.463,
        "rbi": 96,
        "sb": 15,
        "hr": 20
      },
      {
        "name": "고종욱",
        "year": 23,
        "team": "KIA",
        "pa": 286,
        "ops": 0.722,
        "avg": 0.296,
        "obp": 0.329,
        "slg": 0.393,
        "rbi": 39,
        "sb": 2,
        "hr": 3
      },
      {
        "name": "최원준",
        "year": 23,
        "team": "KIA",
        "pa": 274,
        "ops": 0.672,
        "avg": 0.255,
        "obp": 0.341,
        "slg": 0.331,
        "rbi": 23,
        "sb": 13,
        "hr": 1
      },
      {
        "name": "이우성",
        "year": 23,
        "team": "KIA",
        "pa": 400,
        "ops": 0.78,
        "avg": 0.301,
        "obp": 0.363,
        "slg": 0.417,
        "rbi": 58,
        "sb": 8,
        "hr": 8
      }
    ]
  },
  {
    "generation": 13,
    "expected_score": 6.5,
    "lineup": [
      "김선빈",
      "최형우",
      "박찬호",
      "김도영",
      "이창진",
      "소크라테스",
      "이우성",
      "고종욱",
      "최원준"
    ],
    "player_stats": [
      {
        "name": "김선빈",
        "year": 23,
        "team": "KIA",
        "pa": 473,
        "ops": 0.739,
        "avg": 0.32,
        "obp": 0.381,
        "slg": 0.358,
        "rbi": 48,
        "sb": 3,
        "hr": 0
      },
      {
        "name": "최형우",
        "year": 23,
        "team": "KIA",
        "pa": 508,
        "ops": 0.887,
        "avg": 0.302,
        "obp": 0.4,
        "slg": 0.487,
        "rbi": 81,
        "sb": 0,
        "hr": 17
      },
      {
        "name": "박찬호",
        "year": 23,
        "team": "KIA",
        "pa": 507,
        "ops": 0.734,
        "avg": 0.301,
        "obp": 0.356,
        "slg": 0.378,
        "rbi": 52,
        "sb": 30,
        "hr": 3
      },
      {
        "name": "김도영",
        "year": 23,
        "team": "KIA",
        "pa": 385,
        "ops": 0.824,
        "avg": 0.303,
        "obp": 0.371,
        "slg": 0.453,
        "rbi": 47,
        "sb": 25,
        "hr": 7
      },
      {
        "name": "이창진",
        "year": 23,
        "team": "KIA",
        "pa": 284,
        "ops": 0.751,
        "avg": 0.27,
        "obp": 0.362,
        "slg": 0.389,
        "rbi": 29,
        "sb": 9,
        "hr": 4
      },
      {
        "name": "소크라테스",
        "year": 23,
        "team": "KIA",
        "pa": 608,
        "ops": 0.807,
        "avg": 0.285,
        "obp": 0.344,
        "slg": 0.463,
        "rbi": 96,
        "sb": 15,
        "hr": 20
      },
      {
        "name": "이우성",
        "year": 23,
        "team": "KIA",
        "pa": 400,
        "ops": 0.78,
        "avg": 0.301,
        "obp": 0.363,
        "slg": 0.417,
        "rbi": 58,
        "sb": 8,
        "hr": 8
      },
      {
        "name": "고종욱",
        "year": 23,
        "team": "KIA",
        "pa": 286,
        "ops": 0.722,
        "avg": 0.296,
        "obp": 0.329,
        "slg": 0.393,
        "rbi": 39,
        "sb": 2,
        "hr": 3
      },
      {
        "name": "최원준",
        "year": 23,
        "team": "KIA",
        "pa": 274,
        "ops": 0.672,
        "avg": 0.255,
        "obp": 0.341,
        "slg": 0.331,
        "rbi": 23,
        "sb": 13,
        "hr": 1
      }
    ]
  },
  {
    "generation": 14,
    "expected_score": 6.125,
    "lineup": [
      "김선빈",
      "박찬호",
      "이창진",
      "최형우",
      "김도영",
      "이우성",
      "소크라테스",
      "고종욱",
      "최원준"
    ],
    "player_stats": [
      {
        "name": "김선빈",
        "year": 23,
        "team": "KIA",
        "pa": 473,
        "ops": 0.739,
        "avg": 0.32,
        "obp": 0.381,
        "slg": 0.358,
        "rbi": 48,
        "sb": 3,
        "hr": 0
      },
      {
        "name": "박찬호",
        "year": 23,
        "team": "KIA",
        "pa": 507,
        "ops": 0.734,
        "avg": 0.301,
        "obp": 0.356,
        "slg": 0.378,
        "rbi": 52,
        "sb": 30,
        "hr": 3
      },
      {
        "name": "이창진",
        "year": 23,
        "team": "KIA",
        "pa": 284,
        "ops": 0.751,
        "avg": 0.27,
        "obp": 0.362,
        "slg": 0.389,
        "rbi": 29,
        "sb": 9,
        "hr": 4
      },
      {
        "name": "최형우",
        "year": 23,
        "team": "KIA",
        "pa": 508,
        "ops": 0.887,
        "avg": 0.302,
        "obp": 0.4,
        "slg": 0.487,
        "rbi": 81,
        "sb": 0,
        "hr": 17
      },
      {
        "name": "김도영",
        "year": 23,
        "team": "KIA",
        "pa": 385,
        "ops": 0.824,
        "avg": 0.303,
        "obp": 0.371,
        "slg": 0.453,
        "rbi": 47,
        "sb": 25,
        "hr": 7
      },
      {
        "name": "이우성",
        "year": 23,
        "team": "KIA",
        "pa": 400,
        "ops": 0.78,
        "avg": 0.301,
        "obp": 0.363,
        "slg": 0.417,
        "rbi": 58,
        "sb": 8,
        "hr": 8
      },
      {
        "name": "소크라테스",
        "year": 23,
        "team": "KIA",
        "pa": 608,
        "ops": 0.807,
        "avg": 0.285,
        "obp": 0.344,
        "slg": 0.463,
        "rbi": 96,
        "sb": 15,
        "hr": 20
      },
      {
        "name": "고종욱",
        "year": 23,
        "team": "KIA",
        "pa": 286,
        "ops": 0.722,
        "avg": 0.296,
        "obp": 0.329,
        "slg": 0.393,
        "rbi": 39,
        "sb": 2,
        "hr": 3
      },
      {
        "name": "최원준",
        "year": 23,
        "team": "KIA",
        "pa": 274,
        "ops": 0.672,
        "avg": 0.255,
        "obp": 0.341,
        "slg": 0.331,
        "rbi": 23,
        "sb": 13,
        "hr": 1
      }
    ]
  },
  {
    "generation": 15,
    "expected_score": 6.35,
    "lineup": [
      "박찬호",
      "김선빈",
      "최형우",
      "이창진",
      "김도영",
      "소크라테스",
      "고종욱",
      "이우성",
      "최원준"
    ],
    "player_stats": [
      {
        "name": "박찬호",
        "year": 23,
        "team": "KIA",
        "pa": 507,
        "ops": 0.734,
        "avg": 0.301,
        "obp": 0.356,
        "slg": 0.378,
        "rbi": 52,
        "sb": 30,
        "hr": 3
      },
      {
        "name": "김선빈",
        "year": 23,
        "team": "KIA",
        "pa": 473,
        "ops": 0.739,
        "avg": 0.32,
        "obp": 0.381,
        "slg": 0.358,
        "rbi": 48,
        "sb": 3,
        "hr": 0
      },
      {
        "name": "최형우",
        "year": 23,
        "team": "KIA",
        "pa": 508,
        "ops": 0.887,
        "avg": 0.302,
        "obp": 0.4,
        "slg": 0.487,
        "rbi": 81,
        "sb": 0,
        "hr": 17
      },
      {
        "name": "이창진",
        "year": 23,
        "team": "KIA",
        "pa": 284,
        "ops": 0.751,
        "avg": 0.27,
        "obp": 0.362,
        "slg": 0.389,
        "rbi": 29,
        "sb": 9,
        "hr": 4
      },
      {
        "name": "김도영",
        "year": 23,
        "team": "KIA",
        "pa": 385,
        "ops": 0.824,
        "avg": 0.303,
        "obp": 0.371,
        "slg": 0.453,
        "rbi": 47,
        "sb": 25,
        "hr": 7
      },
      {
        "name": "소크라테스",
        "year": 23,
        "team": "KIA",
        "pa": 608,
        "ops": 0.807,
        "avg": 0.285,
        "obp": 0.344,
        "slg": 0.463,
        "rbi": 96,
        "sb": 15,
        "hr": 20
      },
      {
        "name": "고종욱",
        "year": 23,
        "team": "KIA",
        "pa": 286,
        "ops": 0.722,
        "avg": 0.296,
        "obp": 0.329,
        "slg": 0.393,
        "rbi": 39,
        "sb": 2,
        "hr": 3
      },
      {
        "name": "이우성",
        "year": 23,
        "team": "KIA",
        "pa": 400,
        "ops": 0.78,
        "avg": 0.301,
        "obp": 0.363,
        "slg": 0.417,
        "rbi": 58,
        "sb": 8,
        "hr": 8
      },
      {
        "name": "최원준",
        "year": 23,
        "team": "KIA",
        "pa": 274,
        "ops": 0.672,
        "avg": 0.255,
        "obp": 0.341,
        "slg": 0.331,
        "rbi": 23,
        "sb": 13,
        "hr": 1
      }
    ]
  },
  {
    "generation": 16,
    "expected_score": 6.35,
    "lineup": [
      "박찬호",
      "최형우",
      "이창진",
      "김선빈",
      "김도영",
      "소크라테스",
      "고종욱",
      "최원준",
      "이우성"
    ],
    "player_stats": [
      {
        "name": "박찬호",
        "year": 23,
        "team": "KIA",
        "pa": 507,
        "ops": 0.734,
        "avg": 0.301,
        "obp": 0.356,
        "slg": 0.378,
        "rbi": 52,
        "sb": 30,
        "hr": 3
      },
      {
        "name": "최형우",
        "year": 23,
        "team": "KIA",
        "pa": 508,
        "ops": 0.887,
        "avg": 0.302,
        "obp": 0.4,
        "slg": 0.487,
        "rbi": 81,
        "sb": 0,
        "hr": 17
      },
      {
        "name": "이창진",
        "year": 23,
        "team": "KIA",
        "pa": 284,
        "ops": 0.751,
        "avg": 0.27,
        "obp": 0.362,
        "slg": 0.389,
        "rbi": 29,
        "sb": 9,
        "hr": 4
      },
      {
        "name": "김선빈",
        "year": 23,
        "team": "KIA",
        "pa": 473,
        "ops": 0.739,
        "avg": 0.32,
        "obp": 0.381,
        "slg": 0.358,
        "rbi": 48,
        "sb": 3,
        "hr": 0
      },
      {
        "name": "김도영",
        "year": 23,
        "team": "KIA",
        "pa": 385,
        "ops": 0.824,
        "avg": 0.303,
        "obp": 0.371,
        "slg": 0.453,
        "rbi": 47,
        "sb": 25,
        "hr": 7
      },
      {
        "name": "소크라테스",
        "year": 23,
        "team": "KIA",
        "pa": 608,
        "ops": 0.807,
        "avg": 0.285,
        "obp": 0.344,
        "slg": 0.463,
        "rbi": 96,
        "sb": 15,
        "hr": 20
      },
      {
        "name": "고종욱",
        "year": 23,
        "team": "KIA",
        "pa": 286,
        "ops": 0.722,
        "avg": 0.296,
        "obp": 0.329,
        "slg": 0.393,
        "rbi": 39,
        "sb": 2,
        "hr": 3
      },
      {
        "name": "최원준",
        "year": 23,
        "team": "KIA",
        "pa": 274,
        "ops": 0.672,
        "avg": 0.255,
        "obp": 0.341,
        "slg": 0.331,
        "rbi": 23,
        "sb": 13,
        "hr": 1
      },
      {
        "name": "이우성",
        "year": 23,
        "team": "KIA",
        "pa": 400,
        "ops": 0.78,
        "avg": 0.301,
        "obp": 0.363,
        "slg": 0.417,
        "rbi": 58,
        "sb": 8,
        "hr": 8
      }
    ]
  },
  {
    "generation": 17,
    "expected_score": 6.465,
    "lineup": [
      "박찬호",
      "김선빈",
      "이창진",
      "최형우",
      "김도영",
      "소크라테스",
      "고종욱",
      "최원준",
      "이우성"
    ],
    "player_stats": [
      {
        "name": "박찬호",
        "year": 23,
        "team": "KIA",
        "pa": 507,
        "ops": 0.734,
        "avg": 0.301,
        "obp": 0.356,
        "slg": 0.378,
        "rbi": 52,
        "sb": 30,
        "hr": 3
      },
      {
        "name": "김선빈",
        "year": 23,
        "team": "KIA",
        "pa": 473,
        "ops": 0.739,
        "avg": 0.32,
        "obp": 0.381,
        "slg": 0.358,
        "rbi": 48,
        "sb": 3,
        "hr": 0
      },
      {
        "name": "이창진",
        "year": 23,
        "team": "KIA",
        "pa": 284,
        "ops": 0.751,
        "avg": 0.27,
        "obp": 0.362,
        "slg": 0.389,
        "rbi": 29,
        "sb": 9,
        "hr": 4
      },
      {
        "name": "최형우",
        "year": 23,
        "team": "KIA",
        "pa": 508,
        "ops": 0.887,
        "avg": 0.302,
        "obp": 0.4,
        "slg": 0.487,
        "rbi": 81,
        "sb": 0,
        "hr": 17
      },
      {
        "name": "김도영",
        "year": 23,
        "team": "KIA",
        "pa": 385,
        "ops": 0.824,
        "avg": 0.303,
        "obp": 0.371,
        "slg": 0.453,
        "rbi": 47,
        "sb": 25,
        "hr": 7
      },
      {
        "name": "소크라테스",
        "year": 23,
        "team": "KIA",
        "pa": 608,
        "ops": 0.807,
        "avg": 0.285,
        "obp": 0.344,
        "slg": 0.463,
        "rbi": 96,
        "sb": 15,
        "hr": 20
      },
      {
        "name": "고종욱",
        "year": 23,
        "team": "KIA",
        "pa": 286,
        "ops": 0.722,
        "avg": 0.296,
        "obp": 0.329,
        "slg": 0.393,
        "rbi": 39,
        "sb": 2,
        "hr": 3
      },
      {
        "name": "최원준",
        "year": 23,
        "team": "KIA",
        "pa": 274,
        "ops": 0.672,
        "avg": 0.255,
        "obp": 0.341,
        "slg": 0.331,
        "rbi": 23,
        "sb": 13,
        "hr": 1
      },
      {
        "name": "이우성",
        "year": 23,
        "team": "KIA",
        "pa": 400,
        "ops": 0.78,
        "avg": 0.301,
        "obp": 0.363,
        "slg": 0.417,
        "rbi": 58,
        "sb": 8,
        "hr": 8
      }
    ]
  },
  {
    "generation": 18,
    "expected_score": 6.165,
    "lineup": [
      "박찬호",
      "김선빈",
      "최형우",
      "이창진",
      "김도영",
      "소크라테스",
      "고종욱",
      "이우성",
      "최원준"
    ],
    "player_stats": [
      {
        "name": "박찬호",
        "year": 23,
        "team": "KIA",
        "pa": 507,
        "ops": 0.734,
        "avg": 0.301,
        "obp": 0.356,
        "slg": 0.378,
        "rbi": 52,
        "sb": 30,
        "hr": 3
      },
      {
        "name": "김선빈",
        "year": 23,
        "team": "KIA",
        "pa": 473,
        "ops": 0.739,
        "avg": 0.32,
        "obp": 0.381,
        "slg": 0.358,
        "rbi": 48,
        "sb": 3,
        "hr": 0
      },
      {
        "name": "최형우",
        "year": 23,
        "team": "KIA",
        "pa": 508,
        "ops": 0.887,
        "avg": 0.302,
        "obp": 0.4,
        "slg": 0.487,
        "rbi": 81,
        "sb": 0,
        "hr": 17
      },
      {
        "name": "이창진",
        "year": 23,
        "team": "KIA",
        "pa": 284,
        "ops": 0.751,
        "avg": 0.27,
        "obp": 0.362,
        "slg": 0.389,
        "rbi": 29,
        "sb": 9,
        "hr": 4
      },
      {
        "name": "김도영",
        "year": 23,
        "team": "KIA",
        "pa": 385,
        "ops": 0.824,
        "avg": 0.303,
        "obp": 0.371,
        "slg": 0.453,
        "rbi": 47,
        "sb": 25,
        "hr": 7
      },
      {
        "name": "소크라테스",
        "year": 23,
        "team": "KIA",
        "pa": 608,
        "ops": 0.807,
        "avg": 0.285,
        "obp": 0.344,
        "slg": 0.463,
        "rbi": 96,
        "sb": 15,
        "hr": 20
      },
      {
        "name": "고종욱",
        "year": 23,
        "team": "KIA",
        "pa": 286,
        "ops": 0.722,
        "avg": 0.296,
        "obp": 0.329,
        "slg": 0.393,
        "rbi": 39,
        "sb": 2,
        "hr": 3
      },
      {
        "name": "이우성",
        "year": 23,
        "team": "KIA",
        "pa": 400,
        "ops": 0.78,
        "avg": 0.301,
        "obp": 0.363,
        "slg": 0.417,
        "rbi": 58,
        "sb": 8,
        "hr": 8
      },
      {
        "name": "최원준",
        "year": 23,
        "team": "KIA",
        "pa": 274,
        "ops": 0.672,
        "avg": 0.255,
        "obp": 0.341,
        "slg": 0.331,
        "rbi": 23,
        "sb": 13,
        "hr": 1
      }
    ]
  },
  {
    "generation": 19,
    "expected_score": 6.38,
    "lineup": [
      "박찬호",
      "김선빈",
      "최형우",
      "이창진",
      "김도영",
      "소크라테스",
      "이우성",
      "고종욱",
      "최원준"
    ],
    "player_stats": [
      {
        "name": "박찬호",
        "year": 23,
        "team": "KIA",
        "pa": 507,
        "ops": 0.734,
        "avg": 0.301,
        "obp": 0.356,
        "slg": 0.378,
        "rbi": 52,
        "sb": 30,
        "hr": 3
      },
      {
        "name": "김선빈",
        "year": 23,
        "team": "KIA",
        "pa": 473,
        "ops": 0.739,
        "avg": 0.32,
        "obp": 0.381,
        "slg": 0.358,
        "rbi": 48,
        "sb": 3,
        "hr": 0
      },
      {
        "name": "최형우",
        "year": 23,
        "team": "KIA",
        "pa": 508,
        "ops": 0.887,
        "avg": 0.302,
        "obp": 0.4,
        "slg": 0.487,
        "rbi": 81,
        "sb": 0,
        "hr": 17
      },
      {
        "name": "이창진",
        "year": 23,
        "team": "KIA",
        "pa": 284,
        "ops": 0.751,
        "avg": 0.27,
        "obp": 0.362,
        "slg": 0.389,
        "rbi": 29,
        "sb": 9,
        "hr": 4
      },
      {
        "name": "김도영",
        "year": 23,
        "team": "KIA",
        "pa": 385,
        "ops": 0.824,
        "avg": 0.303,
        "obp": 0.371,
        "slg": 0.453,
        "rbi": 47,
        "sb": 25,
        "hr": 7
      },
      {
        "name": "소크라테스",
        "year": 23,
        "team": "KIA",
        "pa": 608,
        "ops": 0.807,
        "avg": 0.285,
        "obp": 0.344,
        "slg": 0.463,
        "rbi": 96,
        "sb": 15,
        "hr": 20
      },
      {
        "name": "이우성",
        "year": 23,
        "team": "KIA",
        "pa": 400,
        "ops": 0.78,
        "avg": 0.301,
        "obp": 0.363,
        "slg": 0.417,
        "rbi": 58,
        "sb": 8,
        "hr": 8
      },
      {
        "name": "고종욱",
        "year": 23,
        "team": "KIA",
        "pa": 286,
        "ops": 0.722,
        "avg": 0.296,
        "obp": 0.329,
        "slg": 0.393,
        "rbi": 39,
        "sb": 2,
        "hr": 3
      },
      {
        "name": "최원준",
        "year": 23,
        "team": "KIA",
        "pa": 274,
        "ops": 0.672,
        "avg": 0.255,
        "obp": 0.341,
        "slg": 0.331,
        "rbi": 23,
        "sb": 13,
        "hr": 1
      }
    ]
  },
  {
    "generation": 20,
    "expected_score": 6.265,
    "lineup": [
      "박찬호",
      "김선빈",
      "소크라테스",
      "이창진",
      "최형우",
      "고종욱",
      "김도영",
      "이우성",
      "최원준"
    ],
    "player_stats": [
      {
        "name": "박찬호",
        "year": 23,
        "team": "KIA",
        "pa": 507,
        "ops": 0.734,
        "avg": 0.301,
        "obp": 0.356,
        "slg": 0.378,
        "rbi": 52,
        "sb": 30,
        "hr": 3
      },
      {
        "name": "김선빈",
        "year": 23,
        "team": "KIA",
        "pa": 473,
        "ops": 0.739,
        "avg": 0.32,
        "obp": 0.381,
        "slg": 0.358,
        "rbi": 48,
        "sb": 3,
        "hr": 0
      },
      {
        "name": "소크라테스",
        "year": 23,
        "team": "KIA",
        "pa": 608,
        "ops": 0.807,
        "avg": 0.285,
        "obp": 0.344,
        "slg": 0.463,
        "rbi": 96,
        "sb": 15,
        "hr": 20
      },
      {
        "name": "이창진",
        "year": 23,
        "team": "KIA",
        "pa": 284,
        "ops": 0.751,
        "avg": 0.27,
        "obp": 0.362,
        "slg": 0.389,
        "rbi": 29,
        "sb": 9,
        "hr": 4
      },
      {
        "name": "최형우",
        "year": 23,
        "team": "KIA",
        "pa": 508,
        "ops": 0.887,
        "avg": 0.302,
        "obp": 0.4,
        "slg": 0.487,
        "rbi": 81,
        "sb": 0,
        "hr": 17
      },
      {
        "name": "고종욱",
        "year": 23,
        "team": "KIA",
        "pa": 286,
        "ops": 0.722,
        "avg": 0.296,
        "obp": 0.329,
        "slg": 0.393,
        "rbi": 39,
        "sb": 2,
        "hr": 3
      },
      {
        "name": "김도영",
        "year": 23,
        "team": "KIA",
        "pa": 385,
        "ops": 0.824,
        "avg": 0.303,
        "obp": 0.371,
        "slg": 0.453,
        "rbi": 47,
        "sb": 25,
        "hr": 7
      },
      {
        "name": "이우성",
        "year": 23,
        "team": "KIA",
        "pa": 400,
        "ops": 0.78,
        "avg": 0.301,
        "obp": 0.363,
        "slg": 0.417,
        "rbi": 58,
        "sb": 8,
        "hr": 8
      },
      {
        "name": "최원준",
        "year": 23,
        "team": "KIA",
        "pa": 274,
        "ops": 0.672,
        "avg": 0.255,
        "obp": 0.341,
        "slg": 0.331,
        "rbi": 23,
        "sb": 13,
        "hr": 1
      }
    ]
  },
  {
    "generation": 21,
    "expected_score": 6.42,
    "lineup": [
      "김선빈",
      "박찬호",
      "최형우",
      "김도영",
      "이창진",
      "소크라테스",
      "고종욱",
      "이우성",
      "최원준"
    ],
    "player_stats": [
      {
        "name": "김선빈",
        "year": 23,
        "team": "KIA",
        "pa": 473,
        "ops": 0.739,
        "avg": 0.32,
        "obp": 0.381,
        "slg": 0.358,
        "rbi": 48,
        "sb": 3,
        "hr": 0
      },
      {
        "name": "박찬호",
        "year": 23,
        "team": "KIA",
        "pa": 507,
        "ops": 0.734,
        "avg": 0.301,
        "obp": 0.356,
        "slg": 0.378,
        "rbi": 52,
        "sb": 30,
        "hr": 3
      },
      {
        "name": "최형우",
        "year": 23,
        "team": "KIA",
        "pa": 508,
        "ops": 0.887,
        "avg": 0.302,
        "obp": 0.4,
        "slg": 0.487,
        "rbi": 81,
        "sb": 0,
        "hr": 17
      },
      {
        "name": "김도영",
        "year": 23,
        "team": "KIA",
        "pa": 385,
        "ops": 0.824,
        "avg": 0.303,
        "obp": 0.371,
        "slg": 0.453,
        "rbi": 47,
        "sb": 25,
        "hr": 7
      },
      {
        "name": "이창진",
        "year": 23,
        "team": "KIA",
        "pa": 284,
        "ops": 0.751,
        "avg": 0.27,
        "obp": 0.362,
        "slg": 0.389,
        "rbi": 29,
        "sb": 9,
        "hr": 4
      },
      {
        "name": "소크라테스",
        "year": 23,
        "team": "KIA",
        "pa": 608,
        "ops": 0.807,
        "avg": 0.285,
        "obp": 0.344,
        "slg": 0.463,
        "rbi": 96,
        "sb": 15,
        "hr": 20
      },
      {
        "name": "고종욱",
        "year": 23,
        "team": "KIA",
        "pa": 286,
        "ops": 0.722,
        "avg": 0.296,
        "obp": 0.329,
        "slg": 0.393,
        "rbi": 39,
        "sb": 2,
        "hr": 3
      },
      {
        "name": "이우성",
        "year": 23,
        "team": "KIA",
        "pa": 400,
        "ops": 0.78,
        "avg": 0.301,
        "obp": 0.363,
        "slg": 0.417,
        "rbi": 58,
        "sb": 8,
        "hr": 8
      },
      {
        "name": "최원준",
        "year": 23,
        "team": "KIA",
        "pa": 274,
        "ops": 0.672,
        "avg": 0.255,
        "obp": 0.341,
        "slg": 0.331,
        "rbi": 23,
        "sb": 13,
        "hr": 1
      }
    ]
  },
  {
    "generation": 22,
    "expected_score": 6.46,
    "lineup": [
      "박찬호",
      "김선빈",
      "이창진",
      "최형우",
      "김도영",
      "이우성",
      "최원준",
      "소크라테스",
      "고종욱"
    ],
    "player_stats": [
      {
        "name": "박찬호",
        "year": 23,
        "team": "KIA",
        "pa": 507,
        "ops": 0.734,
        "avg": 0.301,
        "obp": 0.356,
        "slg": 0.378,
        "rbi": 52,
        "sb": 30,
        "hr": 3
      },
      {
        "name": "김선빈",
        "year": 23,
        "team": "KIA",
        "pa": 473,
        "ops": 0.739,
        "avg": 0.32,
        "obp": 0.381,
        "slg": 0.358,
        "rbi": 48,
        "sb": 3,
        "hr": 0
      },
      {
        "name": "이창진",
        "year": 23,
        "team": "KIA",
        "pa": 284,
        "ops": 0.751,
        "avg": 0.27,
        "obp": 0.362,
        "slg": 0.389,
        "rbi": 29,
        "sb": 9,
        "hr": 4
      },
      {
        "name": "최형우",
        "year": 23,
        "team": "KIA",
        "pa": 508,
        "ops": 0.887,
        "avg": 0.302,
        "obp": 0.4,
        "slg": 0.487,
        "rbi": 81,
        "sb": 0,
        "hr": 17
      },
      {
        "name": "김도영",
        "year": 23,
        "team": "KIA",
        "pa": 385,
        "ops": 0.824,
        "avg": 0.303,
        "obp": 0.371,
        "slg": 0.453,
        "rbi": 47,
        "sb": 25,
        "hr": 7
      },
      {
        "name": "이우성",
        "year": 23,
        "team": "KIA",
        "pa": 400,
        "ops": 0.78,
        "avg": 0.301,
        "obp": 0.363,
        "slg": 0.417,
        "rbi": 58,
        "sb": 8,
        "hr": 8
      },
      {
        "name": "최원준",
        "year": 23,
        "team": "KIA",
        "pa": 274,
        "ops": 0.672,
        "avg": 0.255,
        "obp": 0.341,
        "slg": 0.331,
        "rbi": 23,
        "sb": 13,
        "hr": 1
      },
      {
        "name": "소크라테스",
        "year": 23,
        "team": "KIA",
        "pa": 608,
        "ops": 0.807,
        "avg": 0.285,
        "obp": 0.344,
        "slg": 0.463,
        "rbi": 96,
        "sb": 15,
        "hr": 20
      },
      {
        "name": "고종욱",
        "year": 23,
        "team": "KIA",
        "pa": 286,
        "ops": 0.722,
        "avg": 0.296,
        "obp": 0.329,
        "slg": 0.393,
        "rbi": 39,
        "sb": 2,
        "hr": 3
      }
    ]
  },
  {
    "generation": 23,
    "expected_score": 6.29,
    "lineup": [
      "박찬호",
      "김선빈",
      "최형우",
      "이창진",
      "김도영",
      "소크라테스",
      "고종욱",
      "이우성",
      "최원준"
    ],
    "player_stats": [
      {
        "name": "박찬호",
        "year": 23,
        "team": "KIA",
        "pa": 507,
        "ops": 0.734,
        "avg": 0.301,
        "obp": 0.356,
        "slg": 0.378,
        "rbi": 52,
        "sb": 30,
        "hr": 3
      },
      {
        "name": "김선빈",
        "year": 23,
        "team": "KIA",
        "pa": 473,
        "ops": 0.739,
        "avg": 0.32,
        "obp": 0.381,
        "slg": 0.358,
        "rbi": 48,
        "sb": 3,
        "hr": 0
      },
      {
        "name": "최형우",
        "year": 23,
        "team": "KIA",
        "pa": 508,
        "ops": 0.887,
        "avg": 0.302,
        "obp": 0.4,
        "slg": 0.487,
        "rbi": 81,
        "sb": 0,
        "hr": 17
      },
      {
        "name": "이창진",
        "year": 23,
        "team": "KIA",
        "pa": 284,
        "ops": 0.751,
        "avg": 0.27,
        "obp": 0.362,
        "slg": 0.389,
        "rbi": 29,
        "sb": 9,
        "hr": 4
      },
      {
        "name": "김도영",
        "year": 23,
        "team": "KIA",
        "pa": 385,
        "ops": 0.824,
        "avg": 0.303,
        "obp": 0.371,
        "slg": 0.453,
        "rbi": 47,
        "sb": 25,
        "hr": 7
      },
      {
        "name": "소크라테스",
        "year": 23,
        "team": "KIA",
        "pa": 608,
        "ops": 0.807,
        "avg": 0.285,
        "obp": 0.344,
        "slg": 0.463,
        "rbi": 96,
        "sb": 15,
        "hr": 20
      },
      {
        "name": "고종욱",
        "year": 23,
        "team": "KIA",
        "pa": 286,
        "ops": 0.722,
        "avg": 0.296,
        "obp": 0.329,
        "slg": 0.393,
        "rbi": 39,
        "sb": 2,
        "hr": 3
      },
      {
        "name": "이우성",
        "year": 23,
        "team": "KIA",
        "pa": 400,
        "ops": 0.78,
        "avg": 0.301,
        "obp": 0.363,
        "slg": 0.417,
        "rbi": 58,
        "sb": 8,
        "hr": 8
      },
      {
        "name": "최원준",
        "year": 23,
        "team": "KIA",
        "pa": 274,
        "ops": 0.672,
        "avg": 0.255,
        "obp": 0.341,
        "slg": 0.331,
        "rbi": 23,
        "sb": 13,
        "hr": 1
      }
    ]
  },
  {
    "generation": 24,
    "expected_score": 6.38,
    "lineup": [
      "김선빈",
      "박찬호",
      "최형우",
      "이창진",
      "김도영",
      "소크라테스",
      "이우성",
      "고종욱",
      "최원준"
    ],
    "player_stats": [
      {
        "name": "김선빈",
        "year": 23,
        "team": "KIA",
        "pa": 473,
        "ops": 0.739,
        "avg": 0.32,
        "obp": 0.381,
        "slg": 0.358,
        "rbi": 48,
        "sb": 3,
        "hr": 0
      },
      {
        "name": "박찬호",
        "year": 23,
        "team": "KIA",
        "pa": 507,
        "ops": 0.734,
        "avg": 0.301,
        "obp": 0.356,
        "slg": 0.378,
        "rbi": 52,
        "sb": 30,
        "hr": 3
      },
      {
        "name": "최형우",
        "year": 23,
        "team": "KIA",
        "pa": 508,
        "ops": 0.887,
        "avg": 0.302,
        "obp": 0.4,
        "slg": 0.487,
        "rbi": 81,
        "sb": 0,
        "hr": 17
      },
      {
        "name": "이창진",
        "year": 23,
        "team": "KIA",
        "pa": 284,
        "ops": 0.751,
        "avg": 0.27,
        "obp": 0.362,
        "slg": 0.389,
        "rbi": 29,
        "sb": 9,
        "hr": 4
      },
      {
        "name": "김도영",
        "year": 23,
        "team": "KIA",
        "pa": 385,
        "ops": 0.824,
        "avg": 0.303,
        "obp": 0.371,
        "slg": 0.453,
        "rbi": 47,
        "sb": 25,
        "hr": 7
      },
      {
        "name": "소크라테스",
        "year": 23,
        "team": "KIA",
        "pa": 608,
        "ops": 0.807,
        "avg": 0.285,
        "obp": 0.344,
        "slg": 0.463,
        "rbi": 96,
        "sb": 15,
        "hr": 20
      },
      {
        "name": "이우성",
        "year": 23,
        "team": "KIA",
        "pa": 400,
        "ops": 0.78,
        "avg": 0.301,
        "obp": 0.363,
        "slg": 0.417,
        "rbi": 58,
        "sb": 8,
        "hr": 8
      },
      {
        "name": "고종욱",
        "year": 23,
        "team": "KIA",
        "pa": 286,
        "ops": 0.722,
        "avg": 0.296,
        "obp": 0.329,
        "slg": 0.393,
        "rbi": 39,
        "sb": 2,
        "hr": 3
      },
      {
        "name": "최원준",
        "year": 23,
        "team": "KIA",
        "pa": 274,
        "ops": 0.672,
        "avg": 0.255,
        "obp": 0.341,
        "slg": 0.331,
        "rbi": 23,
        "sb": 13,
        "hr": 1
      }
    ]
  },
  {
    "generation": 25,
    "expected_score": 6.245,
    "lineup": [
      "김선빈",
      "박찬호",
      "최형우",
      "김도영",
      "이창진",
      "소크라테스",
      "고종욱",
      "이우성",
      "최원준"
    ],
    "player_stats": [
      {
        "name": "김선빈",
        "year": 23,
        "team": "KIA",
        "pa": 473,
        "ops": 0.739,
        "avg": 0.32,
        "obp": 0.381,
        "slg": 0.358,
        "rbi": 48,
        "sb": 3,
        "hr": 0
      },
      {
        "name": "박찬호",
        "year": 23,
        "team": "KIA",
        "pa": 507,
        "ops": 0.734,
        "avg": 0.301,
        "obp": 0.356,
        "slg": 0.378,
        "rbi": 52,
        "sb": 30,
        "hr": 3
      },
      {
        "name": "최형우",
        "year": 23,
        "team": "KIA",
        "pa": 508,
        "ops": 0.887,
        "avg": 0.302,
        "obp": 0.4,
        "slg": 0.487,
        "rbi": 81,
        "sb": 0,
        "hr": 17
      },
      {
        "name": "김도영",
        "year": 23,
        "team": "KIA",
        "pa": 385,
        "ops": 0.824,
        "avg": 0.303,
        "obp": 0.371,
        "slg": 0.453,
        "rbi": 47,
        "sb": 25,
        "hr": 7
      },
      {
        "name": "이창진",
        "year": 23,
        "team": "KIA",
        "pa": 284,
        "ops": 0.751,
        "avg": 0.27,
        "obp": 0.362,
        "slg": 0.389,
        "rbi": 29,
        "sb": 9,
        "hr": 4
      },
      {
        "name": "소크라테스",
        "year": 23,
        "team": "KIA",
        "pa": 608,
        "ops": 0.807,
        "avg": 0.285,
        "obp": 0.344,
        "slg": 0.463,
        "rbi": 96,
        "sb": 15,
        "hr": 20
      },
      {
        "name": "고종욱",
        "year": 23,
        "team": "KIA",
        "pa": 286,
        "ops": 0.722,
        "avg": 0.296,
        "obp": 0.329,
        "slg": 0.393,
        "rbi": 39,
        "sb": 2,
        "hr": 3
      },
      {
        "name": "이우성",
        "year": 23,
        "team": "KIA",
        "pa": 400,
        "ops": 0.78,
        "avg": 0.301,
        "obp": 0.363,
        "slg": 0.417,
        "rbi": 58,
        "sb": 8,
        "hr": 8
      },
      {
        "name": "최원준",
        "year": 23,
        "team": "KIA",
        "pa": 274,
        "ops": 0.672,
        "avg": 0.255,
        "obp": 0.341,
        "slg": 0.331,
        "rbi": 23,
        "sb": 13,
        "hr": 1
      }
    ]
  },
  {
    "generation": 26,
    "expected_score": 6.245,
    "lineup": [
      "박찬호",
      "김선빈",
      "최형우",
      "김도영",
      "이창진",
      "소크라테스",
      "고종욱",
      "최원준",
      "이우성"
    ],
    "player_stats": [
      {
        "name": "박찬호",
        "year": 23,
        "team": "KIA",
        "pa": 507,
        "ops": 0.734,
        "avg": 0.301,
        "obp": 0.356,
        "slg": 0.378,
        "rbi": 52,
        "sb": 30,
        "hr": 3
      },
      {
        "name": "김선빈",
        "year": 23,
        "team": "KIA",
        "pa": 473,
        "ops": 0.739,
        "avg": 0.32,
        "obp": 0.381,
        "slg": 0.358,
        "rbi": 48,
        "sb": 3,
        "hr": 0
      },
      {
        "name": "최형우",
        "year": 23,
        "team": "KIA",
        "pa": 508,
        "ops": 0.887,
        "avg": 0.302,
        "obp": 0.4,
        "slg": 0.487,
        "rbi": 81,
        "sb": 0,
        "hr": 17
      },
      {
        "name": "김도영",
        "year": 23,
        "team": "KIA",
        "pa": 385,
        "ops": 0.824,
        "avg": 0.303,
        "obp": 0.371,
        "slg": 0.453,
        "rbi": 47,
        "sb": 25,
        "hr": 7
      },
      {
        "name": "이창진",
        "year": 23,
        "team": "KIA",
        "pa": 284,
        "ops": 0.751,
        "avg": 0.27,
        "obp": 0.362,
        "slg": 0.389,
        "rbi": 29,
        "sb": 9,
        "hr": 4
      },
      {
        "name": "소크라테스",
        "year": 23,
        "team": "KIA",
        "pa": 608,
        "ops": 0.807,
        "avg": 0.285,
        "obp": 0.344,
        "slg": 0.463,
        "rbi": 96,
        "sb": 15,
        "hr": 20
      },
      {
        "name": "고종욱",
        "year": 23,
        "team": "KIA",
        "pa": 286,
        "ops": 0.722,
        "avg": 0.296,
        "obp": 0.329,
        "slg": 0.393,
        "rbi": 39,
        "sb": 2,
        "hr": 3
      },
      {
        "name": "최원준",
        "year": 23,
        "team": "KIA",
        "pa": 274,
        "ops": 0.672,
        "avg": 0.255,
        "obp": 0.341,
        "slg": 0.331,
        "rbi": 23,
        "sb": 13,
        "hr": 1
      },
      {
        "name": "이우성",
        "year": 23,
        "team": "KIA",
        "pa": 400,
        "ops": 0.78,
        "avg": 0.301,
        "obp": 0.363,
        "slg": 0.417,
        "rbi": 58,
        "sb": 8,
        "hr": 8
      }
    ]
  },
  {
    "generation": 27,
    "expected_score": 6.23,
    "lineup": [
      "박찬호",
      "김선빈",
      "최형우",
      "김도영",
      "이창진",
      "소크라테스",
      "고종욱",
      "이우성",
      "최원준"
    ],
    "player_stats": [
      {
        "name": "박찬호",
        "year": 23,
        "team": "KIA",
        "pa": 507,
        "ops": 0.734,
        "avg": 0.301,
        "obp": 0.356,
        "slg": 0.378,
        "rbi": 52,
        "sb": 30,
        "hr": 3
      },
      {
        "name": "김선빈",
        "year": 23,
        "team": "KIA",
        "pa": 473,
        "ops": 0.739,
        "avg": 0.32,
        "obp": 0.381,
        "slg": 0.358,
        "rbi": 48,
        "sb": 3,
        "hr": 0
      },
      {
        "name": "최형우",
        "year": 23,
        "team": "KIA",
        "pa": 508,
        "ops": 0.887,
        "avg": 0.302,
        "obp": 0.4,
        "slg": 0.487,
        "rbi": 81,
        "sb": 0,
        "hr": 17
      },
      {
        "name": "김도영",
        "year": 23,
        "team": "KIA",
        "pa": 385,
        "ops": 0.824,
        "avg": 0.303,
        "obp": 0.371,
        "slg": 0.453,
        "rbi": 47,
        "sb": 25,
        "hr": 7
      },
      {
        "name": "이창진",
        "year": 23,
        "team": "KIA",
        "pa": 284,
        "ops": 0.751,
        "avg": 0.27,
        "obp": 0.362,
        "slg": 0.389,
        "rbi": 29,
        "sb": 9,
        "hr": 4
      },
      {
        "name": "소크라테스",
        "year": 23,
        "team": "KIA",
        "pa": 608,
        "ops": 0.807,
        "avg": 0.285,
        "obp": 0.344,
        "slg": 0.463,
        "rbi": 96,
        "sb": 15,
        "hr": 20
      },
      {
        "name": "고종욱",
        "year": 23,
        "team": "KIA",
        "pa": 286,
        "ops": 0.722,
        "avg": 0.296,
        "obp": 0.329,
        "slg": 0.393,
        "rbi": 39,
        "sb": 2,
        "hr": 3
      },
      {
        "name": "이우성",
        "year": 23,
        "team": "KIA",
        "pa": 400,
        "ops": 0.78,
        "avg": 0.301,
        "obp": 0.363,
        "slg": 0.417,
        "rbi": 58,
        "sb": 8,
        "hr": 8
      },
      {
        "name": "최원준",
        "year": 23,
        "team": "KIA",
        "pa": 274,
        "ops": 0.672,
        "avg": 0.255,
        "obp": 0.341,
        "slg": 0.331,
        "rbi": 23,
        "sb": 13,
        "hr": 1
      }
    ]
  },
  {
    "generation": 28,
    "expected_score": 6.4,
    "lineup": [
      "박찬호",
      "김선빈",
      "최형우",
      "김도영",
      "이창진",
      "소크라테스",
      "고종욱",
      "이우성",
      "최원준"
    ],
    "player_stats": [
      {
        "name": "박찬호",
        "year": 23,
        "team": "KIA",
        "pa": 507,
        "ops": 0.734,
        "avg": 0.301,
        "obp": 0.356,
        "slg": 0.378,
        "rbi": 52,
        "sb": 30,
        "hr": 3
      },
      {
        "name": "김선빈",
        "year": 23,
        "team": "KIA",
        "pa": 473,
        "ops": 0.739,
        "avg": 0.32,
        "obp": 0.381,
        "slg": 0.358,
        "rbi": 48,
        "sb": 3,
        "hr": 0
      },
      {
        "name": "최형우",
        "year": 23,
        "team": "KIA",
        "pa": 508,
        "ops": 0.887,
        "avg": 0.302,
        "obp": 0.4,
        "slg": 0.487,
        "rbi": 81,
        "sb": 0,
        "hr": 17
      },
      {
        "name": "김도영",
        "year": 23,
        "team": "KIA",
        "pa": 385,
        "ops": 0.824,
        "avg": 0.303,
        "obp": 0.371,
        "slg": 0.453,
        "rbi": 47,
        "sb": 25,
        "hr": 7
      },
      {
        "name": "이창진",
        "year": 23,
        "team": "KIA",
        "pa": 284,
        "ops": 0.751,
        "avg": 0.27,
        "obp": 0.362,
        "slg": 0.389,
        "rbi": 29,
        "sb": 9,
        "hr": 4
      },
      {
        "name": "소크라테스",
        "year": 23,
        "team": "KIA",
        "pa": 608,
        "ops": 0.807,
        "avg": 0.285,
        "obp": 0.344,
        "slg": 0.463,
        "rbi": 96,
        "sb": 15,
        "hr": 20
      },
      {
        "name": "고종욱",
        "year": 23,
        "team": "KIA",
        "pa": 286,
        "ops": 0.722,
        "avg": 0.296,
        "obp": 0.329,
        "slg": 0.393,
        "rbi": 39,
        "sb": 2,
        "hr": 3
      },
      {
        "name": "이우성",
        "year": 23,
        "team": "KIA",
        "pa": 400,
        "ops": 0.78,
        "avg": 0.301,
        "obp": 0.363,
        "slg": 0.417,
        "rbi": 58,
        "sb": 8,
        "hr": 8
      },
      {
        "name": "최원준",
        "year": 23,
        "team": "KIA",
        "pa": 274,
        "ops": 0.672,
        "avg": 0.255,
        "obp": 0.341,
        "slg": 0.331,
        "rbi": 23,
        "sb": 13,
        "hr": 1
      }
    ]
  },
  {
    "generation": 29,
    "expected_score": 6.27,
    "lineup": [
      "김선빈",
      "박찬호",
      "최형우",
      "김도영",
      "이창진",
      "소크라테스",
      "고종욱",
      "이우성",
      "최원준"
    ],
    "player_stats": [
      {
        "name": "김선빈",
        "year": 23,
        "team": "KIA",
        "pa": 473,
        "ops": 0.739,
        "avg": 0.32,
        "obp": 0.381,
        "slg": 0.358,
        "rbi": 48,
        "sb": 3,
        "hr": 0
      },
      {
        "name": "박찬호",
        "year": 23,
        "team": "KIA",
        "pa": 507,
        "ops": 0.734,
        "avg": 0.301,
        "obp": 0.356,
        "slg": 0.378,
        "rbi": 52,
        "sb": 30,
        "hr": 3
      },
      {
        "name": "최형우",
        "year": 23,
        "team": "KIA",
        "pa": 508,
        "ops": 0.887,
        "avg": 0.302,
        "obp": 0.4,
        "slg": 0.487,
        "rbi": 81,
        "sb": 0,
        "hr": 17
      },
      {
        "name": "김도영",
        "year": 23,
        "team": "KIA",
        "pa": 385,
        "ops": 0.824,
        "avg": 0.303,
        "obp": 0.371,
        "slg": 0.453,
        "rbi": 47,
        "sb": 25,
        "hr": 7
      },
      {
        "name": "이창진",
        "year": 23,
        "team": "KIA",
        "pa": 284,
        "ops": 0.751,
        "avg": 0.27,
        "obp": 0.362,
        "slg": 0.389,
        "rbi": 29,
        "sb": 9,
        "hr": 4
      },
      {
        "name": "소크라테스",
        "year": 23,
        "team": "KIA",
        "pa": 608,
        "ops": 0.807,
        "avg": 0.285,
        "obp": 0.344,
        "slg": 0.463,
        "rbi": 96,
        "sb": 15,
        "hr": 20
      },
      {
        "name": "고종욱",
        "year": 23,
        "team": "KIA",
        "pa": 286,
        "ops": 0.722,
        "avg": 0.296,
        "obp": 0.329,
        "slg": 0.393,
        "rbi": 39,
        "sb": 2,
        "hr": 3
      },
      {
        "name": "이우성",
        "year": 23,
        "team": "KIA",
        "pa": 400,
        "ops": 0.78,
        "avg": 0.301,
        "obp": 0.363,
        "slg": 0.417,
        "rbi": 58,
        "sb": 8,
        "hr": 8
      },
      {
        "name": "최원준",
        "year": 23,
        "team": "KIA",
        "pa": 274,
        "ops": 0.672,
        "avg": 0.255,
        "obp": 0.341,
        "slg": 0.331,
        "rbi": 23,
        "sb": 13,
        "hr": 1
      }
    ]
  },
  {
    "generation": 30,
    "expected_score": 6.3,
    "lineup": [
      "김선빈",
      "박찬호",
      "최형우",
      "김도영",
      "이창진",
      "소크라테스",
      "최원준",
      "고종욱",
      "이우성"
    ],
    "player_stats": [
      {
        "name": "김선빈",
        "year": 23,
        "team": "KIA",
        "pa": 473,
        "ops": 0.739,
        "avg": 0.32,
        "obp": 0.381,
        "slg": 0.358,
        "rbi": 48,
        "sb": 3,
        "hr": 0
      },
      {
        "name": "박찬호",
        "year": 23,
        "team": "KIA",
        "pa": 507,
        "ops": 0.734,
        "avg": 0.301,
        "obp": 0.356,
        "slg": 0.378,
        "rbi": 52,
        "sb": 30,
        "hr": 3
      },
      {
        "name": "최형우",
        "year": 23,
        "team": "KIA",
        "pa": 508,
        "ops": 0.887,
        "avg": 0.302,
        "obp": 0.4,
        "slg": 0.487,
        "rbi": 81,
        "sb": 0,
        "hr": 17
      },
      {
        "name": "김도영",
        "year": 23,
        "team": "KIA",
        "pa": 385,
        "ops": 0.824,
        "avg": 0.303,
        "obp": 0.371,
        "slg": 0.453,
        "rbi": 47,
        "sb": 25,
        "hr": 7
      },
      {
        "name": "이창진",
        "year": 23,
        "team": "KIA",
        "pa": 284,
        "ops": 0.751,
        "avg": 0.27,
        "obp": 0.362,
        "slg": 0.389,
        "rbi": 29,
        "sb": 9,
        "hr": 4
      },
      {
        "name": "소크라테스",
        "year": 23,
        "team": "KIA",
        "pa": 608,
        "ops": 0.807,
        "avg": 0.285,
        "obp": 0.344,
        "slg": 0.463,
        "rbi": 96,
        "sb": 15,
        "hr": 20
      },
      {
        "name": "최원준",
        "year": 23,
        "team": "KIA",
        "pa": 274,
        "ops": 0.672,
        "avg": 0.255,
        "obp": 0.341,
        "slg": 0.331,
        "rbi": 23,
        "sb": 13,
        "hr": 1
      },
      {
        "name": "고종욱",
        "year": 23,
        "team": "KIA",
        "pa": 286,
        "ops": 0.722,
        "avg": 0.296,
        "obp": 0.329,
        "slg": 0.393,
        "rbi": 39,
        "sb": 2,
        "hr": 3
      },
      {
        "name": "이우성",
        "year": 23,
        "team": "KIA",
        "pa": 400,
        "ops": 0.78,
        "avg": 0.301,
        "obp": 0.363,
        "slg": 0.417,
        "rbi": 58,
        "sb": 8,
        "hr": 8
      }
    ]
  }
]