[
  {
    "generation": 1,
    "expected_score": 6.87,
    "lineup": [
      "박동원",
      "박해민",
      "홍창기",
      "신민재",
      "문보경",
      "김현수",
      "문성주",
      "오스틴",
      "오지환"
    ],
    "player_stats": [
      {
        "name": "박동원",
        "year": 23,
        "team": "LG",
        "pa": 481,
        "ops": 0.777,
        "avg": 0.249,
        "obp": 0.334,
        "slg": 0.443,
        "rbi": 75,
        "sb": 0,
        "hr": 20
      },
      {
        "name": "박해민",
        "year": 23,
        "team": "LG",
        "pa": 558,
        "ops": 0.707,
        "avg": 0.285,
        "obp": 0.348,
        "slg": 0.359,
        "rbi": 59,
        "sb": 26,
        "hr": 6
      },
      {
        "name": "홍창기",
        "year": 23,
        "team": "LG",
        "pa": 643,
        "ops": 0.856,
        "avg": 0.332,
        "obp": 0.444,
        "slg": 0.412,
        "rbi": 65,
        "sb": 23,
        "hr": 1
      },
      {
        "name": "신민재",
        "year": 23,
        "team": "LG",
        "pa": 331,
        "ops": 0.653,
        "avg": 0.277,
        "obp": 0.344,
        "slg": 0.309,
        "rbi": 28,
        "sb": 37,
        "hr": 0
      },
      {
        "name": "문보경",
        "year": 23,
        "team": "LG",
        "pa": 542,
        "ops": 0.825,
        "avg": 0.301,
        "obp": 0.377,
        "slg": 0.448,
        "rbi": 72,
        "sb": 9,
        "hr": 10
      },
      {
        "name": "김현수",
        "year": 23,
        "team": "LG",
        "pa": 556,
        "ops": 0.747,
        "avg": 0.293,
        "obp": 0.364,
        "slg": 0.383,
        "rbi": 88,
        "sb": 2,
        "hr": 6
      },
      {
        "name": "문성주",
        "year": 23,
        "team": "LG",
        "pa": 534,
        "ops": 0.764,
        "avg": 0.294,
        "obp": 0.392,
        "slg": 0.372,
        "rbi": 57,
        "sb": 24,
        "hr": 2
      },
      {
        "name": "오스틴",
        "year": 23,
        "team": "LG",
        "pa": 583,
        "ops": 0.893,
        "avg": 0.313,
        "obp": 0.376,
        "slg": 0.517,
        "rbi": 95,
        "sb": 7,
        "hr": 23
      },
      {
        "name": "오지환",
        "year": 23,
        "team": "LG",
        "pa": 502,
        "ops": 0.767,
        "avg": 0.268,
        "obp": 0.371,
        "slg": 0.396,
        "rbi": 62,
        "sb": 16,
        "hr": 8
      }
    ]
  },
  {
    "generation": 2,
    "expected_score": 6.865,
    "lineup": [
      "문성주",
      "박해민",
      "문보경",
      "신민재",
      "오지환",
      "박동원",
      "홍창기",
      "오스틴",
      "김현수"
    ],
    "player_stats": [
      {
        "name": "문성주",
        "year": 23,
        "team": "LG",
        "pa": 534,
        "ops": 0.764,
        "avg": 0.294,
        "obp": 0.392,
        "slg": 0.372,
        "rbi": 57,
        "sb": 24,
        "hr": 2
      },
      {
        "name": "박해민",
        "year": 23,
        "team": "LG",
        "pa": 558,
        "ops": 0.707,
        "avg": 0.285,
        "obp": 0.348,
        "slg": 0.359,
        "rbi": 59,
        "sb": 26,
        "hr": 6
      },
      {
        "name": "문보경",
        "year": 23,
        "team": "LG",
        "pa": 542,
        "ops": 0.825,
        "avg": 0.301,
        "obp": 0.377,
        "slg": 0.448,
        "rbi": 72,
        "sb": 9,
        "hr": 10
      },
      {
        "name": "신민재",
        "year": 23,
        "team": "LG",
        "pa": 331,
        "ops": 0.653,
        "avg": 0.277,
        "obp": 0.344,
        "slg": 0.309,
        "rbi": 28,
        "sb": 37,
        "hr": 0
      },
      {
        "name": "오지환",
        "year": 23,
        "team": "LG",
        "pa": 502,
        "ops": 0.767,
        "avg": 0.268,
        "obp": 0.371,
        "slg": 0.396,
        "rbi": 62,
        "sb": 16,
        "hr": 8
      },
      {
        "name": "박동원",
        "year": 23,
        "team": "LG",
        "pa": 481,
        "ops": 0.777,
        "avg": 0.249,
        "obp": 0.334,
        "slg": 0.443,
        "rbi": 75,
        "sb": 0,
        "hr": 20
      },
      {
        "name": "홍창기",
        "year": 23,
        "team": "LG",
        "pa": 643,
        "ops": 0.856,
        "avg": 0.332,
        "obp": 0.444,
        "slg": 0.412,
        "rbi": 65,
        "sb": 23,
        "hr": 1
      },
      {
        "name": "오스틴",
        "year": 23,
        "team": "LG",
        "pa": 583,
        "ops": 0.893,
        "avg": 0.313,
        "obp": 0.376,
        "slg": 0.517,
        "rbi": 95,
        "sb": 7,
        "hr": 23
      },
      {
        "name": "김현수",
        "year": 23,
        "team": "LG",
        "pa": 556,
        "ops": 0.747,
        "avg": 0.293,
        "obp": 0.364,
        "slg": 0.383,
        "rbi": 88,
        "sb": 2,
        "hr": 6
      }
    ]
  },
  {
    "generation": 3,
    "expected_score": 6.84,
    "lineup": [
      "오지환",
      "박동원",
      "홍창기",
      "문보경",
      "오스틴",
      "신민재",
      "김현수",
      "박해민",
      "문성주"
    ],
    "player_stats": [
      {
        "name": "오지환",
        "year": 23,
        "team": "LG",
        "pa": 502,
        "ops": 0.767,
        "avg": 0.268,
        "obp": 0.371,
        "slg": 0.396,
        "rbi": 62,
        "sb": 16,
        "hr": 8
      },
      {
        "name": "박동원",
        "year": 23,
        "team": "LG",
        "pa": 481,
        "ops": 0.777,
        "avg": 0.249,
        "obp": 0.334,
        "slg": 0.443,
        "rbi": 75,
        "sb": 0,
        "hr": 20
      },
      {
        "name": "홍창기",
        "year": 23,
        "team": "LG",
        "pa": 643,
        "ops": 0.856,
        "avg": 0.332,
        "obp": 0.444,
        "slg": 0.412,
        "rbi": 65,
        "sb": 23,
        "hr": 1
      },
      {
        "name": "문보경",
        "year": 23,
        "team": "LG",
        "pa": 542,
        "ops": 0.825,
        "avg": 0.301,
        "obp": 0.377,
        "slg": 0.448,
        "rbi": 72,
        "sb": 9,
        "hr": 10
      },
      {
        "name": "오스틴",
        "year": 23,
        "team": "LG",
        "pa": 583,
        "ops": 0.893,
        "avg": 0.313,
        "obp": 0.376,
        "slg": 0.517,
        "rbi": 95,
        "sb": 7,
        "hr": 23
      },
      {
        "name": "신민재",
        "year": 23,
        "team": "LG",
        "pa": 331,
        "ops": 0.653,
        "avg": 0.277,
        "obp": 0.344,
        "slg": 0.309,
        "rbi": 28,
        "sb": 37,
        "hr": 0
      },
      {
        "name": "김현수",
        "year": 23,
        "team": "LG",
        "pa": 556,
        "ops": 0.747,
        "avg": 0.293,
        "obp": 0.364,
        "slg": 0.383,
        "rbi": 88,
        "sb": 2,
        "hr": 6
      },
      {
        "name": "박해민",
        "year": 23,
        "team": "LG",
        "pa": 558,
        "ops": 0.707,
        "avg": 0.285,
        "obp": 0.348,
        "slg": 0.359,
        "rbi": 59,
        "sb": 26,
        "hr": 6
      },
      {
        "name": "문성주",
        "year": 23,
        "team": "LG",
        "pa": 534,
        "ops": 0.764,
        "avg": 0.294,
        "obp": 0.392,
        "slg": 0.372,
        "rbi": 57,
        "sb": 24,
        "hr": 2
      }
    ]
  },
  {
    "generation": 4,
    "expected_score": 6.82,
    "lineup": [
      "박동원",
      "문보경",
      "오스틴",
      "신민재",
      "김현수",
      "홍창기",
      "오지환",
      "문성주",
      "박해민"
    ],
    "player_stats": [
      {
        "name": "박동원",
        "year": 23,
        "team": "LG",
        "pa": 481,
        "ops": 0.777,
        "avg": 0.249,
        "obp": 0.334,
        "slg": 0.443,
        "rbi": 75,
        "sb": 0,
        "hr": 20
      },
      {
        "name": "문보경",
        "year": 23,
        "team": "LG",
        "pa": 542,
        "ops": 0.825,
        "avg": 0.301,
        "obp": 0.377,
        "slg": 0.448,
        "rbi": 72,
        "sb": 9,
        "hr": 10
      },
      {
        "name": "오스틴",
        "year": 23,
        "team": "LG",
        "pa": 583,
        "ops": 0.893,
        "avg": 0.313,
        "obp": 0.376,
        "slg": 0.517,
        "rbi": 95,
        "sb": 7,
        "hr": 23
      },
      {
        "name": "신민재",
        "year": 23,
        "team": "LG",
        "pa": 331,
        "ops": 0.653,
        "avg": 0.277,
        "obp": 0.344,
        "slg": 0.309,
        "rbi": 28,
        "sb": 37,
        "hr": 0
      },
      {
        "name": "김현수",
        "year": 23,
        "team": "LG",
        "pa": 556,
        "ops": 0.747,
        "avg": 0.293,
        "obp": 0.364,
        "slg": 0.383,
        "rbi": 88,
        "sb": 2,
        "hr": 6
      },
      {
        "name": "홍창기",
        "year": 23,
        "team": "LG",
        "pa": 643,
        "ops": 0.856,
        "avg": 0.332,
        "obp": 0.444,
        "slg": 0.412,
        "rbi": 65,
        "sb": 23,
        "hr": 1
      },
      {
        "name": "오지환",
        "year": 23,
        "team": "LG",
        "pa": 502,
        "ops": 0.767,
        "avg": 0.268,
        "obp": 0.371,
        "slg": 0.396,
        "rbi": 62,
        "sb": 16,
        "hr": 8
      },
      {
        "name": "문성주",
        "year": 23,
        "team": "LG",
        "pa": 534,
        "ops": 0.764,
        "avg": 0.294,
        "obp": 0.392,
        "slg": 0.372,
        "rbi": 57,
        "sb": 24,
        "hr": 2
      },
      {
        "name": "박해민",
        "year": 23,
        "team": "LG",
        "pa": 558,
        "ops": 0.707,
        "avg": 0.285,
        "obp": 0.348,
        "slg": 0.359,
        "rbi": 59,
        "sb": 26,
        "hr": 6
      }
    ]
  },
  {
    "generation": 5,
    "expected_score": 6.82,
    "lineup": [
      "신민재",
      "문보경",
      "문성주",
      "김현수",
      "박동원",
      "홍창기",
      "오지환",
      "오스틴",
      "박해민"
    ],
    "player_stats": [
      {
        "name": "신민재",
        "year": 23,
        "team": "LG",
        "pa": 331,
        "ops": 0.653,
        "avg": 0.277,
        "obp": 0.344,
        "slg": 0.309,
        "rbi": 28,
        "sb": 37,
        "hr": 0
      },
      {
        "name": "문보경",
        "year": 23,
        "team": "LG",
        "pa": 542,
        "ops": 0.825,
        "avg": 0.301,
        "obp": 0.377,
        "slg": 0.448,
        "rbi": 72,
        "sb": 9,
        "hr": 10
      },
      {
        "name": "문성주",
        "year": 23,
        "team": "LG",
        "pa": 534,
        "ops": 0.764,
        "avg": 0.294,
        "obp": 0.392,
        "slg": 0.372,
        "rbi": 57,
        "sb": 24,
        "hr": 2
      },
      {
        "name": "김현수",
        "year": 23,
        "team": "LG",
        "pa": 556,
        "ops": 0.747,
        "avg": 0.293,
        "obp": 0.364,
        "slg": 0.383,
        "rbi": 88,
        "sb": 2,
        "hr": 6
      },
      {
        "name": "박동원",
        "year": 23,
        "team": "LG",
        "pa": 481,
        "ops": 0.777,
        "avg": 0.249,
        "obp": 0.334,
        "slg": 0.443,
        "rbi": 75,
        "sb": 0,
        "hr": 20
      },
      {
        "name": "홍창기",
        "year": 23,
        "team": "LG",
        "pa": 643,
        "ops": 0.856,
        "avg": 0.332,
        "obp": 0.444,
        "slg": 0.412,
        "rbi": 65,
        "sb": 23,
        "hr": 1
      },
      {
        "name": "오지환",
        "year": 23,
        "team": "LG",
        "pa": 502,
        "ops": 0.767,
        "avg": 0.268,
        "obp": 0.371,
        "slg": 0.396,
        "rbi": 62,
        "sb": 16,
        "hr": 8
      },
      {
        "name": "오스틴",
        "year": 23,
        "team": "LG",
        "pa": 583,
        "ops": 0.893,
        "avg": 0.313,
        "obp": 0.376,
        "slg": 0.517,
        "rbi": 95,
        "sb": 7,
        "hr": 23
      },
      {
        "name": "박해민",
        "year": 23,
        "team": "LG",
        "pa": 558,
        "ops": 0.707,
        "avg": 0.285,
        "obp": 0.348,
        "slg": 0.359,
        "rbi": 59,
        "sb": 26,
        "hr": 6
      }
    ]
  },
  {
    "generation": 6,
    "expected_score": 6.645,
    "lineup": [
      "문성주",
      "신민재",
      "김현수",
      "오지환",
      "박해민",
      "박동원",
      "홍창기",
      "오스틴",
      "문보경"
    ],
    "player_stats": [
      {
        "name": "문성주",
        "year": 23,
        "team": "LG",
        "pa": 534,
        "ops": 0.764,
        "avg": 0.294,
        "obp": 0.392,
        "slg": 0.372,
        "rbi": 57,
        "sb": 24,
        "hr": 2
      },
      {
        "name": "신민재",
        "year": 23,
        "team": "LG",
        "pa": 331,
        "ops": 0.653,
        "avg": 0.277,
        "obp": 0.344,
        "slg": 0.309,
        "rbi": 28,
        "sb": 37,
        "hr": 0
      },
      {
        "name": "김현수",
        "year": 23,
        "team": "LG",
        "pa": 556,
        "ops": 0.747,
        "avg": 0.293,
        "obp": 0.364,
        "slg": 0.383,
        "rbi": 88,
        "sb": 2,
        "hr": 6
      },
      {
        "name": "오지환",
        "year": 23,
        "team": "LG",
        "pa": 502,
        "ops": 0.767,
        "avg": 0.268,
        "obp": 0.371,
        "slg": 0.396,
        "rbi": 62,
        "sb": 16,
        "hr": 8
      },
      {
        "name": "박해민",
        "year": 23,
        "team": "LG",
        "pa": 558,
        "ops": 0.707,
        "avg": 0.285,
        "obp": 0.348,
        "slg": 0.359,
        "rbi": 59,
        "sb": 26,
        "hr": 6
      },
      {
        "name": "박동원",
        "year": 23,
        "team": "LG",
        "pa": 481,
        "ops": 0.777,
        "avg": 0.249,
        "obp": 0.334,
        "slg": 0.443,
        "rbi": 75,
        "sb": 0,
        "hr": 20
      },
      {
        "name": "홍창기",
        "year": 23,
        "team": "LG",
        "pa": 643,
        "ops": 0.856,
        "avg": 0.332,
        "obp": 0.444,
        "slg": 0.412,
        "rbi": 65,
        "sb": 23,
        "hr": 1
      },
      {
        "name": "오스틴",
        "year": 23,
        "team": "LG",
        "pa": 583,
        "ops": 0.893,
        "avg": 0.313,
        "obp": 0.376,
        "slg": 0.517,
        "rbi": 95,
        "sb": 7,
        "hr": 23
      },
      {
        "name": "문보경",
        "year": 23,
        "team": "LG",
        "pa": 542,
        "ops": 0.825,
        "avg": 0.301,
        "obp": 0.377,
        "slg": 0.448,
        "rbi": 72,
        "sb": 9,
        "hr": 10
      }
    ]
  },
  {
    "generation": 7,
    "expected_score": 6.86,
    "lineup": [
      "박해민",
      "문성주",
      "신민재",
      "김현수",
      "박동원",
      "오지환",
      "홍창기",
      "문보경",
      "오스틴"
    ],
    "player_stats": [
      {
        "name": "박해민",
        "year": 23,
        "team": "LG",
        "pa": 558,
        "ops": 0.707,
        "avg": 0.285,
        "obp": 0.348,
        "slg": 0.359,
        "rbi": 59,
        "sb": 26,
        "hr": 6
      },
      {
        "name": "문성주",
        "year": 23,
        "team": "LG",
        "pa": 534,
        "ops": 0.764,
        "avg": 0.294,
        "obp": 0.392,
        "slg": 0.372,
        "rbi": 57,
        "sb": 24,
        "hr": 2
      },
      {
        "name": "신민재",
        "year": 23,
        "team": "LG",
        "pa": 331,
        "ops": 0.653,
        "avg": 0.277,
        "obp": 0.344,
        "slg": 0.309,
        "rbi": 28,
        "sb": 37,
        "hr": 0
      },
      {
        "name": "김현수",
        "year": 23,
        "team": "LG",
        "pa": 556,
        "ops": 0.747,
        "avg": 0.293,
        "obp": 0.364,
        "slg": 0.383,
        "rbi": 88,
        "sb": 2,
        "hr": 6
      },
      {
        "name": "박동원",
        "year": 23,
        "team": "LG",
        "pa": 481,
        "ops": 0.777,
        "avg": 0.249,
        "obp": 0.334,
        "slg": 0.443,
        "rbi": 75,
        "sb": 0,
        "hr": 20
      },
      {
        "name": "오지환",
        "year": 23,
        "team": "LG",
        "pa": 502,
        "ops": 0.767,
        "avg": 0.268,
        "obp": 0.371,
        "slg": 0.396,
        "rbi": 62,
        "sb": 16,
        "hr": 8
      },
      {
        "name": "홍창기",
        "year": 23,
        "team": "LG",
        "pa": 643,
        "ops": 0.856,
        "avg": 0.332,
        "obp": 0.444,
        "slg": 0.412,
        "rbi": 65,
        "sb": 23,
        "hr": 1
      },
      {
        "name": "문보경",
        "year": 23,
        "team": "LG",
        "pa": 542,
        "ops": 0.825,
        "avg": 0.301,
        "obp": 0.377,
        "slg": 0.448,
        "rbi": 72,
        "sb": 9,
        "hr": 10
      },
      {
        "name": "오스틴",
        "year": 23,
        "team": "LG",
        "pa": 583,
        "ops": 0.893,
        "avg": 0.313,
        "obp": 0.376,
        "slg": 0.517,
        "rbi": 95,
        "sb": 7,
        "hr": 23
      }
    ]
  },
  {
    "generation": 8,
    "expected_score": 6.89,
    "lineup": [
      "오지환",
      "신민재",
      "문성주",
      "김현수",
      "박해민",
      "문보경",
      "홍창기",
      "오스틴",
      "박동원"
    ],
    "player_stats": [
      {
        "name": "오지환",
        "year": 23,
        "team": "LG",
        "pa": 502,
        "ops": 0.767,
        "avg": 0.268,
        "obp": 0.371,
        "slg": 0.396,
        "rbi": 62,
        "sb": 16,
        "hr": 8
      },
      {
        "name": "신민재",
        "year": 23,
        "team": "LG",
        "pa": 331,
        "ops": 0.653,
        "avg": 0.277,
        "obp": 0.344,
        "slg": 0.309,
        "rbi": 28,
        "sb": 37,
        "hr": 0
      },
      {
        "name": "문성주",
        "year": 23,
        "team": "LG",
        "pa": 534,
        "ops": 0.764,
        "avg": 0.294,
        "obp": 0.392,
        "slg": 0.372,
        "rbi": 57,
        "sb": 24,
        "hr": 2
      },
      {
        "name": "김현수",
        "year": 23,
        "team": "LG",
        "pa": 556,
        "ops": 0.747,
        "avg": 0.293,
        "obp": 0.364,
        "slg": 0.383,
        "rbi": 88,
        "sb": 2,
        "hr": 6
      },
      {
        "name": "박해민",
        "year": 23,
        "team": "LG",
        "pa": 558,
        "ops": 0.707,
        "avg": 0.285,
        "obp": 0.348,
        "slg": 0.359,
        "rbi": 59,
        "sb": 26,
        "hr": 6
      },
      {
        "name": "문보경",
        "year": 23,
        "team": "LG",
        "pa": 542,
        "ops": 0.825,
        "avg": 0.301,
        "obp": 0.377,
        "slg": 0.448,
        "rbi": 72,
        "sb": 9,
        "hr": 10
      },
      {
        "name": "홍창기",
        "year": 23,
        "team": "LG",
        "pa": 643,
        "ops": 0.856,
        "avg": 0.332,
        "obp": 0.444,
        "slg": 0.412,
        "rbi": 65,
        "sb": 23,
        "hr": 1
      },
      {
        "name": "오스틴",
        "year": 23,
        "team": "LG",
        "pa": 583,
        "ops": 0.893,
        "avg": 0.313,
        "obp": 0.376,
        "slg": 0.517,
        "rbi": 95,
        "sb": 7,
        "hr": 23
      },
      {
        "name": "박동원",
        "year": 23,
        "team": "LG",
        "pa": 481,
        "ops": 0.777,
        "avg": 0.249,
        "obp": 0.334,
        "slg": 0.443,
        "rbi": 75,
        "sb": 0,
        "hr": 20
      }
    ]
  },
  {
    "generation": 9,
    "expected_score": 6.715,
    "lineup": [
      "신민재",
      "문성주",
      "박해민",
      "김현수",
      "박동원",
      "오지환",
      "홍창기",
      "문보경",
      "오스틴"
    ],
    "player_stats": [
      {
        "name": "신민재",
        "year": 23,
        "team": "LG",
        "pa": 331,
        "ops": 0.653,
        "avg": 0.277,
        "obp": 0.344,
        "slg": 0.309,
        "rbi": 28,
        "sb": 37,
        "hr": 0
      },
      {
        "name": "문성주",
        "year": 23,
        "team": "LG",
        "pa": 534,
        "ops": 0.764,
        "avg": 0.294,
        "obp": 0.392,
        "slg": 0.372,
        "rbi": 57,
        "sb": 24,
        "hr": 2
      },
      {
        "name": "박해민",
        "year": 23,
        "team": "LG",
        "pa": 558,
        "ops": 0.707,
        "avg": 0.285,
        "obp": 0.348,
        "slg": 0.359,
        "rbi": 59,
        "sb": 26,
        "hr": 6
      },
      {
        "name": "김현수",
        "year": 23,
        "team": "LG",
        "pa": 556,
        "ops": 0.747,
        "avg": 0.293,
        "obp": 0.364,
        "slg": 0.383,
        "rbi": 88,
        "sb": 2,
        "hr": 6
      },
      {
        "name": "박동원",
        "year": 23,
        "team": "LG",
        "pa": 481,
        "ops": 0.777,
        "avg": 0.249,
        "obp": 0.334,
        "slg": 0.443,
        "rbi": 75,
        "sb": 0,
        "hr": 20
      },
      {
        "name": "오지환",
        "year": 23,
        "team": "LG",
        "pa": 502,
        "ops": 0.767,
        "avg": 0.268,
        "obp": 0.371,
        "slg": 0.396,
        "rbi": 62,
        "sb": 16,
        "hr": 8
      },
      {
        "name": "홍창기",
        "year": 23,
        "team": "LG",
        "pa": 643,
        "ops": 0.856,
        "avg": 0.332,
        "obp": 0.444,
        "slg": 0.412,
        "rbi": 65,
        "sb": 23,
        "hr": 1
      },
      {
        "name": "문보경",
        "year": 23,
        "team": "LG",
        "pa": 542,
        "ops": 0.825,
        "avg": 0.301,
        "obp": 0.377,
        "slg": 0.448,
        "rbi": 72,
        "sb": 9,
        "hr": 10
      },
      {
        "name": "오스틴",
        "year": 23,
        "team": "LG",
        "pa": 583,
        "ops": 0.893,
        "avg": 0.313,
        "obp": 0.376,
        "slg": 0.517,
        "rbi": 95,
        "sb": 7,
        "hr": 23
      }
    ]
  },
  {
    "generation": 10,
    "expected_score": 6.8,
    "lineup": [
      "박해민",
      "문성주",
      "신민재",
      "김현수",
      "오지환",
      "박동원",
      "홍창기",
      "오스틴",
      "문보경"
    ],
    "player_stats": [
      {
        "name": "박해민",
        "year": 23,
        "team": "LG",
        "pa": 558,
        "ops": 0.707,
        "avg": 0.285,
        "obp": 0.348,
        "slg": 0.359,
        "rbi": 59,
        "sb": 26,
        "hr": 6
      },
      {
        "name": "문성주",
        "year": 23,
        "team": "LG",
        "pa": 534,
        "ops": 0.764,
        "avg": 0.294,
        "obp": 0.392,
        "slg": 0.372,
        "rbi": 57,
        "sb": 24,
        "hr": 2
      },
      {
        "name": "신민재",
        "year": 23,
        "team": "LG",
        "pa": 331,
        "ops": 0.653,
        "avg": 0.277,
        "obp": 0.344,
        "slg": 0.309,
        "rbi": 28,
        "sb": 37,
        "hr": 0
      },
      {
        "name": "김현수",
        "year": 23,
        "team": "LG",
        "pa": 556,
        "ops": 0.747,
        "avg": 0.293,
        "obp": 0.364,
        "slg": 0.383,
        "rbi": 88,
        "sb": 2,
        "hr": 6
      },
      {
        "name": "오지환",
        "year": 23,
        "team": "LG",
        "pa": 502,
        "ops": 0.767,
        "avg": 0.268,
        "obp": 0.371,
        "slg": 0.396,
        "rbi": 62,
        "sb": 16,
        "hr": 8
      },
      {
        "name": "박동원",
        "year": 23,
        "team": "LG",
        "pa": 481,
        "ops": 0.777,
        "avg": 0.249,
        "obp": 0.334,
        "slg": 0.443,
        "rbi": 75,
        "sb": 0,
        "hr": 20
      },
      {
        "name": "홍창기",
        "year": 23,
        "team": "LG",
        "pa": 643,
        "ops": 0.856,
        "avg": 0.332,
        "obp": 0.444,
        "slg": 0.412,
        "rbi": 65,
        "sb": 23,
        "hr": 1
      },
      {
        "name": "오스틴",
        "year": 23,
        "team": "LG",
        "pa": 583,
        "ops": 0.893,
        "avg": 0.313,
        "obp": 0.376,
        "slg": 0.517,
        "rbi": 95,
        "sb": 7,
        "hr": 23
      },
      {
        "name": "문보경",
        "year": 23,
        "team": "LG",
        "pa": 542,
        "ops": 0.825,
        "avg": 0.301,
        "obp": 0.377,
        "slg": 0.448,
        "rbi": 72,
        "sb": 9,
        "hr": 10
      }
    ]
  },
  {
    "generation": 11,
    "expected_score": 7.06,
    "lineup": [
      "신민재",
      "문성주",
      "김현수",
      "오지환",
      "박동원",
      "박해민",
      "홍창기",
      "문보경",
      "오스틴"
    ],
    "player_stats": [
      {
        "name": "신민재",
        "year": 23,
        "team": "LG",
        "pa": 331,
        "ops": 0.653,
        "avg": 0.277,
        "obp": 0.344,
        "slg": 0.309,
        "rbi": 28,
        "sb": 37,
        "hr": 0
      },
      {
        "name": "문성주",
        "year": 23,
        "team": "LG",
        "pa": 534,
        "ops": 0.764,
        "avg": 0.294,
        "obp": 0.392,
        "slg": 0.372,
        "rbi": 57,
        "sb": 24,
        "hr": 2
      },
      {
        "name": "김현수",
        "year": 23,
        "team": "LG",
        "pa": 556,
        "ops": 0.747,
        "avg": 0.293,
        "obp": 0.364,
        "slg": 0.383,
        "rbi": 88,
        "sb": 2,
        "hr": 6
      },
      {
        "name": "오지환",
        "year": 23,
        "team": "LG",
        "pa": 502,
        "ops": 0.767,
        "avg": 0.268,
        "obp": 0.371,
        "slg": 0.396,
        "rbi": 62,
        "sb": 16,
        "hr": 8
      },
      {
        "name": "박동원",
        "year": 23,
        "team": "LG",
        "pa": 481,
        "ops": 0.777,
        "avg": 0.249,
        "obp": 0.334,
        "slg": 0.443,
        "rbi": 75,
        "sb": 0,
        "hr": 20
      },
      {
        "name": "박해민",
        "year": 23,
        "team": "LG",
        "pa": 558,
        "ops": 0.707,
        "avg": 0.285,
        "obp": 0.348,
        "slg": 0.359,
        "rbi": 59,
        "sb": 26,
        "hr": 6
      },
      {
        "name": "홍창기",
        "year": 23,
        "team": "LG",
        "pa": 643,
        "ops": 0.856,
        "avg": 0.332,
        "obp": 0.444,
        "slg": 0.412,
        "rbi": 65,
        "sb": 23,
        "hr": 1
      },
      {
        "name": "문보경",
        "year": 23,
        "team": "LG",
        "pa": 542,
        "ops": 0.825,
        "avg": 0.301,
        "obp": 0.377,
        "slg": 0.448,
        "rbi": 72,
        "sb": 9,
        "hr": 10
      },
      {
        "name": "오스틴",
        "year": 23,
        "team": "LG",
        "pa": 583,
        "ops": 0.893,
        "avg": 0.313,
        "obp": 0.376,
        "slg": 0.517,
        "rbi": 95,
        "sb": 7,
        "hr": 23
      }
    ]
  },
  {
    "generation": 12,
    "expected_score": 6.67,
    "lineup": [
      "박해민",
      "문성주",
      "김현수",
      "오지환",
      "박동원",
      "신민재",
      "홍창기",
      "오스틴",
      "문보경"
    ],
    "player_stats": [
      {
        "name": "박해민",
        "year": 23,
        "team": "LG",
        "pa": 558,
        "ops": 0.707,
        "avg": 0.285,
        "obp": 0.348,
        "slg": 0.359,
        "rbi": 59,
        "sb": 26,
        "hr": 6
      },
      {
        "name": "문성주",
        "year": 23,
        "team": "LG",
        "pa": 534,
        "ops": 0.764,
        "avg": 0.294,
        "obp": 0.392,
        "slg": 0.372,
        "rbi": 57,
        "sb": 24,
        "hr": 2
      },
      {
        "name": "김현수",
        "year": 23,
        "team": "LG",
        "pa": 556,
        "ops": 0.747,
        "avg": 0.293,
        "obp": 0.364,
        "slg": 0.383,
        "rbi": 88,
        "sb": 2,
        "hr": 6
      },
      {
        "name": "오지환",
        "year": 23,
        "team": "LG",
        "pa": 502,
        "ops": 0.767,
        "avg": 0.268,
        "obp": 0.371,
        "slg": 0.396,
        "rbi": 62,
        "sb": 16,
        "hr": 8
      },
      {
        "name": "박동원",
        "year": 23,
        "team": "LG",
        "pa": 481,
        "ops": 0.777,
        "avg": 0.249,
        "obp": 0.334,
        "slg": 0.443,
        "rbi": 75,
        "sb": 0,
        "hr": 20
      },
      {
        "name": "신민재",
        "year": 23,
        "team": "LG",
        "pa": 331,
        "ops": 0.653,
        "avg": 0.277,
        "obp": 0.344,
        "slg": 0.309,
        "rbi": 28,
        "sb": 37,
        "hr": 0
      },
      {
        "name": "홍창기",
        "year": 23,
        "team": "LG",
        "pa": 643,
        "ops": 0.856,
        "avg": 0.332,
        "obp": 0.444,
        "slg": 0.412,
        "rbi": 65,
        "sb": 23,
        "hr": 1
      },
      {
        "name": "오스틴",
        "year": 23,
        "team": "LG",
        "pa": 583,
        "ops": 0.893,
        "avg": 0.313,
        "obp": 0.376,
        "slg": 0.517,
        "rbi": 95,
        "sb": 7,
        "hr": 23
      },
      {
        "name": "문보경",
        "year": 23,
        "team": "LG",
        "pa": 542,
        "ops": 0.825,
        "avg": 0.301,
        "obp": 0.377,
        "slg": 0.448,
        "rbi": 72,
        "sb": 9,
        "hr": 10
      }
    ]
  },
  {
    "generation": 13,
    "expected_score": 6.85,
    "lineup": [
      "문성주",
      "오지환",
      "박동원",
      "신민재",
      "김현수",
      "박해민",
      "홍창기",
      "문보경",
      "오스틴"
    ],
    "player_stats": [
      {
        "name": "문성주",
        "year": 23,
        "team": "LG",
        "pa": 534,
        "ops": 0.764,
        "avg": 0.294,
        "obp": 0.392,
        "slg": 0.372,
        "rbi": 57,
        "sb": 24,
        "hr": 2
      },
      {
        "name": "오지환",
        "year": 23,
        "team": "LG",
        "pa": 502,
        "ops": 0.767,
        "avg": 0.268,
        "obp": 0.371,
        "slg": 0.396,
        "rbi": 62,
        "sb": 16,
        "hr": 8
      },
      {
        "name": "박동원",
        "year": 23,
        "team": "LG",
        "pa": 481,
        "ops": 0.777,
        "avg": 0.249,
        "obp": 0.334,
        "slg": 0.443,
        "rbi": 75,
        "sb": 0,
        "hr": 20
      },
      {
        "name": "신민재",
        "year": 23,
        "team": "LG",
        "pa": 331,
        "ops": 0.653,
        "avg": 0.277,
        "obp": 0.344,
        "slg": 0.309,
        "rbi": 28,
        "sb": 37,
        "hr": 0
      },
      {
        "name": "김현수",
        "year": 23,
        "team": "LG",
        "pa": 556,
        "ops": 0.747,
        "avg": 0.293,
        "obp": 0.364,
        "slg": 0.383,
        "rbi": 88,
        "sb": 2,
        "hr": 6
      },
      {
        "name": "박해민",
        "year": 23,
        "team": "LG",
        "pa": 558,
        "ops": 0.707,
        "avg": 0.285,
        "obp": 0.348,
        "slg": 0.359,
        "rbi": 59,
        "sb": 26,
        "hr": 6
      },
      {
        "name": "홍창기",
        "year": 23,
        "team": "LG",
        "pa": 643,
        "ops": 0.856,
        "avg": 0.332,
        "obp": 0.444,
        "slg": 0.412,
        "rbi": 65,
        "sb": 23,
        "hr": 1
      },
      {
        "name": "문보경",
        "year": 23,
        "team": "LG",
        "pa": 542,
        "ops": 0.825,
        "avg": 0.301,
        "obp": 0.377,
        "slg": 0.448,
        "rbi": 72,
        "sb": 9,
        "hr": 10
      },
      {
        "name": "오스틴",
        "year": 23,
        "team": "LG",
        "pa": 583,
        "ops": 0.893,
        "avg": 0.313,
        "obp": 0.376,
        "slg": 0.517,
        "rbi": 95,
        "sb": 7,
        "hr": 23
      }
    ]
  },
  {
    "generation": 14,
    "expected_score": 6.86,
    "lineup": [
      "문성주",
      "김현수",
      "박해민",
      "오지환",
      "박동원",
      "신민재",
      "문보경",
      "홍창기",
      "오스틴"
    ],
    "player_stats": [
      {
        "name": "문성주",
        "year": 23,
        "team": "LG",
        "pa": 534,
        "ops": 0.764,
        "avg": 0.294,
        "obp": 0.392,
        "slg": 0.372,
        "rbi": 57,
        "sb": 24,
        "hr": 2
      },
      {
        "name": "김현수",
        "year": 23,
        "team": "LG",
        "pa": 556,
        "ops": 0.747,
        "avg": 0.293,
        "obp": 0.364,
        "slg": 0.383,
        "rbi": 88,
        "sb": 2,
        "hr": 6
      },
      {
        "name": "박해민",
        "year": 23,
        "team": "LG",
        "pa": 558,
        "ops": 0.707,
        "avg": 0.285,
        "obp": 0.348,
        "slg": 0.359,
        "rbi": 59,
        "sb": 26,
        "hr": 6
      },
      {
        "name": "오지환",
        "year": 23,
        "team": "LG",
        "pa": 502,
        "ops": 0.767,
        "avg": 0.268,
        "obp": 0.371,
        "slg": 0.396,
        "rbi": 62,
        "sb": 16,
        "hr": 8
      },
      {
        "name": "박동원",
        "year": 23,
        "team": "LG",
        "pa": 481,
        "ops": 0.777,
        "avg": 0.249,
        "obp": 0.334,
        "slg": 0.443,
        "rbi": 75,
        "sb": 0,
        "hr": 20
      },
      {
        "name": "신민재",
        "year": 23,
        "team": "LG",
        "pa": 331,
        "ops": 0.653,
        "avg": 0.277,
        "obp": 0.344,
        "slg": 0.309,
        "rbi": 28,
        "sb": 37,
        "hr": 0
      },
      {
        "name": "문보경",
        "year": 23,
        "team": "LG",
        "pa": 542,
        "ops": 0.825,
        "avg": 0.301,
        "obp": 0.377,
        "slg": 0.448,
        "rbi": 72,
        "sb": 9,
        "hr": 10
      },
      {
        "name": "홍창기",
        "year": 23,
        "team": "LG",
        "pa": 643,
        "ops": 0.856,
        "avg": 0.332,
        "obp": 0.444,
        "slg": 0.412,
        "rbi": 65,
        "sb": 23,
        "hr": 1
      },
      {
        "name": "오스틴",
        "year": 23,
        "team": "LG",
        "pa": 583,
        "ops": 0.893,
        "avg": 0.313,
        "obp": 0.376,
        "slg": 0.517,
        "rbi": 95,
        "sb": 7,
        "hr": 23
      }
    ]
  },
  {
    "generation": 15,
    "expected_score": 6.895,
    "lineup": [
      "신민재",
      "문보경",
      "문성주",
      "김현수",
      "오지환",
      "박동원",
      "홍창기",
      "오스틴",
      "박해민"
    ],
    "player_stats": [
      {
        "name": "신민재",
        "year": 23,
        "team": "LG",
        "pa": 331,
        "ops": 0.653,
        "avg": 0.277,
        "obp": 0.344,
        "slg": 0.309,
        "rbi": 28,
        "sb": 37,
        "hr": 0
      },
      {
        "name": "문보경",
        "year": 23,
        "team": "LG",
        "pa": 542,
        "ops": 0.825,
        "avg": 0.301,
        "obp": 0.377,
        "slg": 0.448,
        "rbi": 72,
        "sb": 9,
        "hr": 10
      },
      {
        "name": "문성주",
        "year": 23,
        "team": "LG",
        "pa": 534,
        "ops": 0.764,
        "avg": 0.294,
        "obp": 0.392,
        "slg": 0.372,
        "rbi": 57,
        "sb": 24,
        "hr": 2
      },
      {
        "name": "김현수",
        "year": 23,
        "team": "LG",
        "pa": 556,
        "ops": 0.747,
        "avg": 0.293,
        "obp": 0.364,
        "slg": 0.383,
        "rbi": 88,
        "sb": 2,
        "hr": 6
      },
      {
        "name": "오지환",
        "year": 23,
        "team": "LG",
        "pa": 502,
        "ops": 0.767,
        "avg": 0.268,
        "obp": 0.371,
        "slg": 0.396,
        "rbi": 62,
        "sb": 16,
        "hr": 8
      },
      {
        "name": "박동원",
        "year": 23,
        "team": "LG",
        "pa": 481,
        "ops": 0.777,
        "avg": 0.249,
        "obp": 0.334,
        "slg": 0.443,
        "rbi": 75,
        "sb": 0,
        "hr": 20
      },
      {
        "name": "홍창기",
        "year": 23,
        "team": "LG",
        "pa": 643,
        "ops": 0.856,
        "avg": 0.332,
        "obp": 0.444,
        "slg": 0.412,
        "rbi": 65,
        "sb": 23,
        "hr": 1
      },
      {
        "name": "오스틴",
        "year": 23,
        "team": "LG",
        "pa": 583,
        "ops": 0.893,
        "avg": 0.313,
        "obp": 0.376,
        "slg": 0.517,
        "rbi": 95,
        "sb": 7,
        "hr": 23
      },
      {
        "name": "박해민",
        "year": 23,
        "team": "LG",
        "pa": 558,
        "ops": 0.707,
        "avg": 0.285,
        "obp": 0.348,
        "slg": 0.359,
        "rbi": 59,
        "sb": 26,
        "hr": 6
      }
    ]
  },
  {
    "generation": 16,
    "expected_score": 6.98,
    "lineup": [
      "문성주",
      "박해민",
      "신민재",
      "김현수",
      "오지환",
      "박동원",
      "홍창기",
      "오스틴",
      "문보경"
    ],
    "player_stats": [
      {
        "name": "문성주",
        "year": 23,
        "team": "LG",
        "pa": 534,
        "ops": 0.764,
        "avg": 0.294,
        "obp": 0.392,
        "slg": 0.372,
        "rbi": 57,
        "sb": 24,
        "hr": 2
      },
      {
        "name": "박해민",
        "year": 23,
        "team": "LG",
        "pa": 558,
        "ops": 0.707,
        "avg": 0.285,
        "obp": 0.348,
        "slg": 0.359,
        "rbi": 59,
        "sb": 26,
        "hr": 6
      },
      {
        "name": "신민재",
        "year": 23,
        "team": "LG",
        "pa": 331,
        "ops": 0.653,
        "avg": 0.277,
        "obp": 0.344,
        "slg": 0.309,
        "rbi": 28,
        "sb": 37,
        "hr": 0
      },
      {
        "name": "김현수",
        "year": 23,
        "team": "LG",
        "pa": 556,
        "ops": 0.747,
        "avg": 0.293,
        "obp": 0.364,
        "slg": 0.383,
        "rbi": 88,
        "sb": 2,
        "hr": 6
      },
      {
        "name": "오지환",
        "year": 23,
        "team": "LG",
        "pa": 502,
        "ops": 0.767,
        "avg": 0.268,
        "obp": 0.371,
        "slg": 0.396,
        "rbi": 62,
        "sb": 16,
        "hr": 8
      },
      {
        "name": "박동원",
        "year": 23,
        "team": "LG",
        "pa": 481,
        "ops": 0.777,
        "avg": 0.249,
        "obp": 0.334,
        "slg": 0.443,
        "rbi": 75,
        "sb": 0,
        "hr": 20
      },
      {
        "name": "홍창기",
        "year": 23,
        "team": "LG",
        "pa": 643,
        "ops": 0.856,
        "avg": 0.332,
        "obp": 0.444,
        "slg": 0.412,
        "rbi": 65,
        "sb": 23,
        "hr": 1
      },
      {
        "name": "오스틴",
        "year": 23,
        "team": "LG",
        "pa": 583,
        "ops": 0.893,
        "avg": 0.313,
        "obp": 0.376,
        "slg": 0.517,
        "rbi": 95,
        "sb": 7,
        "hr": 23
      },
      {
        "name": "문보경",
        "year": 23,
        "team": "LG",
        "pa": 542,
        "ops": 0.825,
        "avg": 0.301,
        "obp": 0.377,
        "slg": 0.448,
        "rbi": 72,
        "sb": 9,
        "hr": 10
      }
    ]
  },
  {
    "generation": 17,
    "expected_score": 6.89,
    "lineup": [
      "문성주",
      "김현수",
      "박해민",
      "신민재",
      "오지환",
      "홍창기",
      "문보경",
      "박동원",
      "오스틴"
    ],
    "player_stats": [
      {
        "name": "문성주",
        "year": 23,
        "team": "LG",
        "pa": 534,
        "ops": 0.764,
        "avg": 0.294,
        "obp": 0.392,
        "slg": 0.372,
        "rbi": 57,
        "sb": 24,
        "hr": 2
      },
      {
        "name": "김현수",
        "year": 23,
        "team": "LG",
        "pa": 556,
        "ops": 0.747,
        "avg": 0.293,
        "obp": 0.364,
        "slg": 0.383,
        "rbi": 88,
        "sb": 2,
        "hr": 6
      },
      {
        "name": "박해민",
        "year": 23,
        "team": "LG",
        "pa": 558,
        "ops": 0.707,
        "avg": 0.285,
        "obp": 0.348,
        "slg": 0.359,
        "rbi": 59,
        "sb": 26,
        "hr": 6
      },
      {
        "name": "신민재",
        "year": 23,
        "team": "LG",
        "pa": 331,
        "ops": 0.653,
        "avg": 0.277,
        "obp": 0.344,
        "slg": 0.309,
        "rbi": 28,
        "sb": 37,
        "hr": 0
      },
      {
        "name": "오지환",
        "year": 23,
        "team": "LG",
        "pa": 502,
        "ops": 0.767,
        "avg": 0.268,
        "obp": 0.371,
        "slg": 0.396,
        "rbi": 62,
        "sb": 16,
        "hr": 8
      },
      {
        "name": "홍창기",
        "year": 23,
        "team": "LG",
        "pa": 643,
        "ops": 0.856,
        "avg": 0.332,
        "obp": 0.444,
        "slg": 0.412,
        "rbi": 65,
        "sb": 23,
        "hr": 1
      },
      {
        "name": "문보경",
        "year": 23,
        "team": "LG",
        "pa": 542,
        "ops": 0.825,
        "avg": 0.301,
        "obp": 0.377,
        "slg": 0.448,
        "rbi": 72,
        "sb": 9,
        "hr": 10
      },
      {
        "name": "박동원",
        "year": 23,
        "team": "LG",
        "pa": 481,
        "ops": 0.777,
        "avg": 0.249,
        "obp": 0.334,
        "slg": 0.443,
        "rbi": 75,
        "sb": 0,
        "hr": 20
      },
      {
        "name": "오스틴",
        "year": 23,
        "team": "LG",
        "pa": 583,
        "ops": 0.893,
        "avg": 0.313,
        "obp": 0.376,
        "slg": 0.517,
        "rbi": 95,
        "sb": 7,
        "hr": 23
      }
    ]
  },
  {
    "generation": 18,
    "expected_score": 7.165,
    "lineup": [
      "문성주",
      "오지환",
      "신민재",
      "김현수",
      "문보경",
      "박동원",
      "박해민",
      "홍창기",
      "오스틴"
    ],
    "player_stats": [
      {
        "name": "문성주",
        "year": 23,
        "team": "LG",
        "pa": 534,
        "ops": 0.764,
        "avg": 0.294,
        "obp": 0.392,
        "slg": 0.372,
        "rbi": 57,
        "sb": 24,
        "hr": 2
      },
      {
        "name": "오지환",
        "year": 23,
        "team": "LG",
        "pa": 502,
        "ops": 0.767,
        "avg": 0.268,
        "obp": 0.371,
        "slg": 0.396,
        "rbi": 62,
        "sb": 16,
        "hr": 8
      },
      {
        "name": "신민재",
        "year": 23,
        "team": "LG",
        "pa": 331,
        "ops": 0.653,
        "avg": 0.277,
        "obp": 0.344,
        "slg": 0.309,
        "rbi": 28,
        "sb": 37,
        "hr": 0
      },
      {
        "name": "김현수",
        "year": 23,
        "team": "LG",
        "pa": 556,
        "ops": 0.747,
        "avg": 0.293,
        "obp": 0.364,
        "slg": 0.383,
        "rbi": 88,
        "sb": 2,
        "hr": 6
      },
      {
        "name": "문보경",
        "year": 23,
        "team": "LG",
        "pa": 542,
        "ops": 0.825,
        "avg": 0.301,
        "obp": 0.377,
        "slg": 0.448,
        "rbi": 72,
        "sb": 9,
        "hr": 10
      },
      {
        "name": "박동원",
        "year": 23,
        "team": "LG",
        "pa": 481,
        "ops": 0.777,
        "avg": 0.249,
        "obp": 0.334,
        "slg": 0.443,
        "rbi": 75,
        "sb": 0,
        "hr": 20
      },
      {
        "name": "박해민",
        "year": 23,
        "team": "LG",
        "pa": 558,
        "ops": 0.707,
        "avg": 0.285,
        "obp": 0.348,
        "slg": 0.359,
        "rbi": 59,
        "sb": 26,
        "hr": 6
      },
      {
        "name": "홍창기",
        "year": 23,
        "team": "LG",
        "pa": 643,
        "ops": 0.856,
        "avg": 0.332,
        "obp": 0.444,
        "slg": 0.412,
        "rbi": 65,
        "sb": 23,
        "hr": 1
      },
      {
        "name": "오스틴",
        "year": 23,
        "team": "LG",
        "pa": 583,
        "ops": 0.893,
        "avg": 0.313,
        "obp": 0.376,
        "slg": 0.517,
        "rbi": 95,
        "sb": 7,
        "hr": 23
      }
    ]
  },
  {
    "generation": 19,
    "expected_score": 6.73,
    "lineup": [
      "문성주",
      "박동원",
      "신민재",
      "오지환",
      "김현수",
      "박해민",
      "문보경",
      "홍창기",
      "오스틴"
    ],
    "player_stats": [
      {
        "name": "문성주",
        "year": 23,
        "team": "LG",
        "pa": 534,
        "ops": 0.764,
        "avg": 0.294,
        "obp": 0.392,
        "slg": 0.372,
        "rbi": 57,
        "sb": 24,
        "hr": 2
      },
      {
        "name": "박동원",
        "year": 23,
        "team": "LG",
        "pa": 481,
        "ops": 0.777,
        "avg": 0.249,
        "obp": 0.334,
        "slg": 0.443,
        "rbi": 75,
        "sb": 0,
        "hr": 20
      },
      {
        "name": "신민재",
        "year": 23,
        "team": "LG",
        "pa": 331,
        "ops": 0.653,
        "avg": 0.277,
        "obp": 0.344,
        "slg": 0.309,
        "rbi": 28,
        "sb": 37,
        "hr": 0
      },
      {
        "name": "오지환",
        "year": 23,
        "team": "LG",
        "pa": 502,
        "ops": 0.767,
        "avg": 0.268,
        "obp": 0.371,
        "slg": 0.396,
        "rbi": 62,
        "sb": 16,
        "hr": 8
      },
      {
        "name": "김현수",
        "year": 23,
        "team": "LG",
        "pa": 556,
        "ops": 0.747,
        "avg": 0.293,
        "obp": 0.364,
        "slg": 0.383,
        "rbi": 88,
        "sb": 2,
        "hr": 6
      },
      {
        "name": "박해민",
        "year": 23,
        "team": "LG",
        "pa": 558,
        "ops": 0.707,
        "avg": 0.285,
        "obp": 0.348,
        "slg": 0.359,
        "rbi": 59,
        "sb": 26,
        "hr": 6
      },
      {
        "name": "문보경",
        "year": 23,
        "team": "LG",
        "pa": 542,
        "ops": 0.825,
        "avg": 0.301,
        "obp": 0.377,
        "slg": 0.448,
        "rbi": 72,
        "sb": 9,
        "hr": 10
      },
      {
        "name": "홍창기",
        "year": 23,
        "team": "LG",
        "pa": 643,
        "ops": 0.856,
        "avg": 0.332,
        "obp": 0.444,
        "slg": 0.412,
        "rbi": 65,
        "sb": 23,
        "hr": 1
      },
      {
        "name": "오스틴",
        "year": 23,
        "team": "LG",
        "pa": 583,
        "ops": 0.893,
        "avg": 0.313,
        "obp": 0.376,
        "slg": 0.517,
        "rbi": 95,
        "sb": 7,
        "hr": 23
      }
    ]
  },
  {
    "generation": 20,
    "expected_score": 6.73,
    "lineup": [
      "문성주",
      "신민재",
      "홍창기",
      "김현수",
      "문보경",
      "오지환",
      "박해민",
      "오스틴",
      "박동원"
    ],
    "player_stats": [
      {
        "name": "문성주",
        "year": 23,
        "team": "LG",
        "pa": 534,
        "ops": 0.764,
        "avg": 0.294,
        "obp": 0.392,
        "slg": 0.372,
        "rbi": 57,
        "sb": 24,
        "hr": 2
      },
      {
        "name": "신민재",
        "year": 23,
        "team": "LG",
        "pa": 331,
        "ops": 0.653,
        "avg": 0.277,
        "obp": 0.344,
        "slg": 0.309,
        "rbi": 28,
        "sb": 37,
        "hr": 0
      },
      {
        "name": "홍창기",
        "year": 23,
        "team": "LG",
        "pa": 643,
        "ops": 0.856,
        "avg": 0.332,
        "obp": 0.444,
        "slg": 0.412,
        "rbi": 65,
        "sb": 23,
        "hr": 1
      },
      {
        "name": "김현수",
        "year": 23,
        "team": "LG",
        "pa": 556,
        "ops": 0.747,
        "avg": 0.293,
        "obp": 0.364,
        "slg": 0.383,
        "rbi": 88,
        "sb": 2,
        "hr": 6
      },
      {
        "name": "문보경",
        "year": 23,
        "team": "LG",
        "pa": 542,
        "ops": 0.825,
        "avg": 0.301,
        "obp": 0.377,
        "slg": 0.448,
        "rbi": 72,
        "sb": 9,
        "hr": 10
      },
      {
        "name": "오지환",
        "year": 23,
        "team": "LG",
        "pa": 502,
        "ops": 0.767,
        "avg": 0.268,
        "obp": 0.371,
        "slg": 0.396,
        "rbi": 62,
        "sb": 16,
        "hr": 8
      },
      {
        "name": "박해민",
        "year": 23,
        "team": "LG",
        "pa": 558,
        "ops": 0.707,
        "avg": 0.285,
        "obp": 0.348,
        "slg": 0.359,
        "rbi": 59,
        "sb": 26,
        "hr": 6
      },
      {
        "name": "오스틴",
        "year": 23,
        "team": "LG",
        "pa": 583,
        "ops": 0.893,
        "avg": 0.313,
        "obp": 0.376,
        "slg": 0.517,
        "rbi": 95,
        "sb": 7,
        "hr": 23
      },
      {
        "name": "박동원",
        "year": 23,
        "team": "LG",
        "pa": 481,
        "ops": 0.777,
        "avg": 0.249,
        "obp": 0.334,
        "slg": 0.443,
        "rbi": 75,
        "sb": 0,
        "hr": 20
      }
    ]
  },
  {
    "generation": 21,
    "expected_score": 6.795,
    "lineup": [
      "문성주",
      "신민재",
      "오지환",
      "김현수",
      "박동원",
      "박해민",
      "문보경",
      "홍창기",
      "오스틴"
    ],
    "player_stats": [
      {
        "name": "문성주",
        "year": 23,
        "team": "LG",
        "pa": 534,
        "ops": 0.764,
        "avg": 0.294,
        "obp": 0.392,
        "slg": 0.372,
        "rbi": 57,
        "sb": 24,
        "hr": 2
      },
      {
        "name": "신민재",
        "year": 23,
        "team": "LG",
        "pa": 331,
        "ops": 0.653,
        "avg": 0.277,
        "obp": 0.344,
        "slg": 0.309,
        "rbi": 28,
        "sb": 37,
        "hr": 0
      },
      {
        "name": "오지환",
        "year": 23,
        "team": "LG",
        "pa": 502,
        "ops": 0.767,
        "avg": 0.268,
        "obp": 0.371,
        "slg": 0.396,
        "rbi": 62,
        "sb": 16,
        "hr": 8
      },
      {
        "name": "김현수",
        "year": 23,
        "team": "LG",
        "pa": 556,
        "ops": 0.747,
        "avg": 0.293,
        "obp": 0.364,
        "slg": 0.383,
        "rbi": 88,
        "sb": 2,
        "hr": 6
      },
      {
        "name": "박동원",
        "year": 23,
        "team": "LG",
        "pa": 481,
        "ops": 0.777,
        "avg": 0.249,
        "obp": 0.334,
        "slg": 0.443,
        "rbi": 75,
        "sb": 0,
        "hr": 20
      },
      {
        "name": "박해민",
        "year": 23,
        "team": "LG",
        "pa": 558,
        "ops": 0.707,
        "avg": 0.285,
        "obp": 0.348,
        "slg": 0.359,
        "rbi": 59,
        "sb": 26,
        "hr": 6
      },
      {
        "name": "문보경",
        "year": 23,
        "team": "LG",
        "pa": 542,
        "ops": 0.825,
        "avg": 0.301,
        "obp": 0.377,
        "slg": 0.448,
        "rbi": 72,
        "sb": 9,
        "hr": 10
      },
      {
        "name": "홍창기",
        "year": 23,
        "team": "LG",
        "pa": 643,
        "ops": 0.856,
        "avg": 0.332,
        "obp": 0.444,
        "slg": 0.412,
        "rbi": 65,
        "sb": 23,
        "hr": 1
      },
      {
        "name": "오스틴",
        "year": 23,
        "team": "LG",
        "pa": 583,
        "ops": 0.893,
        "avg": 0.313,
        "obp": 0.376,
        "slg": 0.517,
        "rbi": 95,
        "sb": 7,
        "hr": 23
      }
    ]
  },
  {
    "generation": 22,
    "expected_score": 7.08,
    "lineup": [
      "문성주",
      "김현수",
      "신민재",
      "오지환",
      "문보경",
      "박동원",
      "박해민",
      "홍창기",
      "오스틴"
    ],
    "player_stats": [
      {
        "name": "문성주",
        "year": 23,
        "team": "LG",
        "pa": 534,
        "ops": 0.764,
        "avg": 0.294,
        "obp": 0.392,
        "slg": 0.372,
        "rbi": 57,
        "sb": 24,
        "hr": 2
      },
      {
        "name": "김현수",
        "year": 23,
        "team": "LG",
        "pa": 556,
        "ops": 0.747,
        "avg": 0.293,
        "obp": 0.364,
        "slg": 0.383,
        "rbi": 88,
        "sb": 2,
        "hr": 6
      },
      {
        "name": "신민재",
        "year": 23,
        "team": "LG",
        "pa": 331,
        "ops": 0.653,
        "avg": 0.277,
        "obp": 0.344,
        "slg": 0.309,
        "rbi": 28,
        "sb": 37,
        "hr": 0
      },
      {
        "name": "오지환",
        "year": 23,
        "team": "LG",
        "pa": 502,
        "ops": 0.767,
        "avg": 0.268,
        "obp": 0.371,
        "slg": 0.396,
        "rbi": 62,
        "sb": 16,
        "hr": 8
      },
      {
        "name": "문보경",
        "year": 23,
        "team": "LG",
        "pa": 542,
        "ops": 0.825,
        "avg": 0.301,
        "obp": 0.377,
        "slg": 0.448,
        "rbi": 72,
        "sb": 9,
        "hr": 10
      },
      {
        "name": "박동원",
        "year": 23,
        "team": "LG",
        "pa": 481,
        "ops": 0.777,
        "avg": 0.249,
        "obp": 0.334,
        "slg": 0.443,
        "rbi": 75,
        "sb": 0,
        "hr": 20
      },
      {
        "name": "박해민",
        "year": 23,
        "team": "LG",
        "pa": 558,
        "ops": 0.707,
        "avg": 0.285,
        "obp": 0.348,
        "slg": 0.359,
        "rbi": 59,
        "sb": 26,
        "hr": 6
      },
      {
        "name": "홍창기",
        "year": 23,
        "team": "LG",
        "pa": 643,
        "ops": 0.856,
        "avg": 0.332,
        "obp": 0.444,
        "slg": 0.412,
        "rbi": 65,
        "sb": 23,
        "hr": 1
      },
      {
        "name": "오스틴",
        "year": 23,
        "team": "LG",
        "pa": 583,
        "ops": 0.893,
        "avg": 0.313,
        "obp": 0.376,
        "slg": 0.517,
        "rbi": 95,
        "sb": 7,
        "hr": 23
      }
    ]
  },
  {
    "generation": 23,
    "expected_score": 7.045,
    "lineup": [
      "문성주",
      "신민재",
      "김현수",
      "문보경",
      "오지환",
      "박해민",
      "박동원",
      "홍창기",
      "오스틴"
    ],
    "player_stats": [
      {
        "name": "문성주",
        "year": 23,
        "team": "LG",
        "pa": 534,
        "ops": 0.764,
        "avg": 0.294,
        "obp": 0.392,
        "slg": 0.372,
        "rbi": 57,
        "sb": 24,
        "hr": 2
      },
      {
        "name": "신민재",
        "year": 23,
        "team": "LG",
        "pa": 331,
        "ops": 0.653,
        "avg": 0.277,
        "obp": 0.344,
        "slg": 0.309,
        "rbi": 28,
        "sb": 37,
        "hr": 0
      },
      {
        "name": "김현수",
        "year": 23,
        "team": "LG",
        "pa": 556,
        "ops": 0.747,
        "avg": 0.293,
        "obp": 0.364,
        "slg": 0.383,
        "rbi": 88,
        "sb": 2,
        "hr": 6
      },
      {
        "name": "문보경",
        "year": 23,
        "team": "LG",
        "pa": 542,
        "ops": 0.825,
        "avg": 0.301,
        "obp": 0.377,
        "slg": 0.448,
        "rbi": 72,
        "sb": 9,
        "hr": 10
      },
      {
        "name": "오지환",
        "year": 23,
        "team": "LG",
        "pa": 502,
        "ops": 0.767,
        "avg": 0.268,
        "obp": 0.371,
        "slg": 0.396,
        "rbi": 62,
        "sb": 16,
        "hr": 8
      },
      {
        "name": "박해민",
        "year": 23,
        "team": "LG",
        "pa": 558,
        "ops": 0.707,
        "avg": 0.285,
        "obp": 0.348,
        "slg": 0.359,
        "rbi": 59,
        "sb": 26,
        "hr": 6
      },
      {
        "name": "박동원",
        "year": 23,
        "team": "LG",
        "pa": 481,
        "ops": 0.777,
        "avg": 0.249,
        "obp": 0.334,
        "slg": 0.443,
        "rbi": 75,
        "sb": 0,
        "hr": 20
      },
      {
        "name": "홍창기",
        "year": 23,
        "team": "LG",
        "pa": 643,
        "ops": 0.856,
        "avg": 0.332,
        "obp": 0.444,
        "slg": 0.412,
        "rbi": 65,
        "sb": 23,
        "hr": 1
      },
      {
        "name": "오스틴",
        "year": 23,
        "team": "LG",
        "pa": 583,
        "ops": 0.893,
        "avg": 0.313,
        "obp": 0.376,
        "slg": 0.517,
        "rbi": 95,
        "sb": 7,
        "hr": 23
      }
    ]
  },
  {
    "generation": 24,
    "expected_score": 6.815,
    "lineup": [
      "문성주",
      "신민재",
      "오지환",
      "김현수",
      "박해민",
      "박동원",
      "문보경",
      "홍창기",
      "오스틴"
    ],
    "player_stats": [
      {
        "name": "문성주",
        "year": 23,
        "team": "LG",
        "pa": 534,
        "ops": 0.764,
        "avg": 0.294,
        "obp": 0.392,
        "slg": 0.372,
        "rbi": 57,
        "sb": 24,
        "hr": 2
      },
      {
        "name": "신민재",
        "year": 23,
        "team": "LG",
        "pa": 331,
        "ops": 0.653,
        "avg": 0.277,
        "obp": 0.344,
        "slg": 0.309,
        "rbi": 28,
        "sb": 37,
        "hr": 0
      },
      {
        "name": "오지환",
        "year": 23,
        "team": "LG",
        "pa": 502,
        "ops": 0.767,
        "avg": 0.268,
        "obp": 0.371,
        "slg": 0.396,
        "rbi": 62,
        "sb": 16,
        "hr": 8
      },
      {
        "name": "김현수",
        "year": 23,
        "team": "LG",
        "pa": 556,
        "ops": 0.747,
        "avg": 0.293,
        "obp": 0.364,
        "slg": 0.383,
        "rbi": 88,
        "sb": 2,
        "hr": 6
      },
      {
        "name": "박해민",
        "year": 23,
        "team": "LG",
        "pa": 558,
        "ops": 0.707,
        "avg": 0.285,
        "obp": 0.348,
        "slg": 0.359,
        "rbi": 59,
        "sb": 26,
        "hr": 6
      },
      {
        "name": "박동원",
        "year": 23,
        "team": "LG",
        "pa": 481,
        "ops": 0.777,
        "avg": 0.249,
        "obp": 0.334,
        "slg": 0.443,
        "rbi": 75,
        "sb": 0,
        "hr": 20
      },
      {
        "name": "문보경",
        "year": 23,
        "team": "LG",
        "pa": 542,
        "ops": 0.825,
        "avg": 0.301,
        "obp": 0.377,
        "slg": 0.448,
        "rbi": 72,
        "sb": 9,
        "hr": 10
      },
      {
        "name": "홍창기",
        "year": 23,
        "team": "LG",
        "pa": 643,
        "ops": 0.856,
        "avg": 0.332,
        "obp": 0.444,
        "slg": 0.412,
        "rbi": 65,
        "sb": 23,
        "hr": 1
      },
      {
        "name": "오스틴",
        "year": 23,
        "team": "LG",
        "pa": 583,
        "ops": 0.893,
        "avg": 0.313,
        "obp": 0.376,
        "slg": 0.517,
        "rbi": 95,
        "sb": 7,
        "hr": 23
      }
    ]
  },
  {
    "generation": 25,
    "expected_score": 6.865,
    "lineup": [
      "문성주",
      "오지환",
      "박해민",
      "신민재",
      "김현수",
      "홍창기",
      "문보경",
      "박동원",
      "오스틴"
    ],
    "player_stats": [
      {
        "name": "문성주",
        "year": 23,
        "team": "LG",
        "pa": 534,
        "ops": 0.764,
        "avg": 0.294,
        "obp": 0.392,
        "slg": 0.372,
        "rbi": 57,
        "sb": 24,
        "hr": 2
      },
      {
        "name": "오지환",
        "year": 23,
        "team": "LG",
        "pa": 502,
        "ops": 0.767,
        "avg": 0.268,
        "obp": 0.371,
        "slg": 0.396,
        "rbi": 62,
        "sb": 16,
        "hr": 8
      },
      {
        "name": "박해민",
        "year": 23,
        "team": "LG",
        "pa": 558,
        "ops": 0.707,
        "avg": 0.285,
        "obp": 0.348,
        "slg": 0.359,
        "rbi": 59,
        "sb": 26,
        "hr": 6
      },
      {
        "name": "신민재",
        "year": 23,
        "team": "LG",
        "pa": 331,
        "ops": 0.653,
        "avg": 0.277,
        "obp": 0.344,
        "slg": 0.309,
        "rbi": 28,
        "sb": 37,
        "hr": 0
      },
      {
        "name": "김현수",
        "year": 23,
        "team": "LG",
        "pa": 556,
        "ops": 0.747,
        "avg": 0.293,
        "obp": 0.364,
        "slg": 0.383,
        "rbi": 88,
        "sb": 2,
        "hr": 6
      },
      {
        "name": "홍창기",
        "year": 23,
        "team": "LG",
        "pa": 643,
        "ops": 0.856,
        "avg": 0.332,
        "obp": 0.444,
        "slg": 0.412,
        "rbi": 65,
        "sb": 23,
        "hr": 1
      },
      {
        "name": "문보경",
        "year": 23,
        "team": "LG",
        "pa": 542,
        "ops": 0.825,
        "avg": 0.301,
        "obp": 0.377,
        "slg": 0.448,
        "rbi": 72,
        "sb": 9,
        "hr": 10
      },
      {
        "name": "박동원",
        "year": 23,
        "team": "LG",
        "pa": 481,
        "ops": 0.777,
        "avg": 0.249,
        "obp": 0.334,
        "slg": 0.443,
        "rbi": 75,
        "sb": 0,
        "hr": 20
      },
      {
        "name": "오스틴",
        "year": 23,
        "team": "LG",
        "pa": 583,
        "ops": 0.893,
        "avg": 0.313,
        "obp": 0.376,
        "slg": 0.517,
        "rbi": 95,
        "sb": 7,
        "hr": 23
      }
    ]
  },
  {
    "generation": 26,
    "expected_score": 6.95,
    "lineup": [
      "문성주",
      "김현수",
      "신민재",
      "오지환",
      "문보경",
      "박동원",
      "박해민",
      "홍창기",
      "오스틴"
    ],
    "player_stats": [
      {
        "name": "문성주",
        "year": 23,
        "team": "LG",
        "pa": 534,
        "ops": 0.764,
        "avg": 0.294,
        "obp": 0.392,
        "slg": 0.372,
        "rbi": 57,
        "sb": 24,
        "hr": 2
      },
      {
        "name": "김현수",
        "year": 23,
        "team": "LG",
        "pa": 556,
        "ops": 0.747,
        "avg": 0.293,
        "obp": 0.364,
        "slg": 0.383,
        "rbi": 88,
        "sb": 2,
        "hr": 6
      },
      {
        "name": "신민재",
        "year": 23,
        "team": "LG",
        "pa": 331,
        "ops": 0.653,
        "avg": 0.277,
        "obp": 0.344,
        "slg": 0.309,
        "rbi": 28,
        "sb": 37,
        "hr": 0
      },
      {
        "name": "오지환",
        "year": 23,
        "team": "LG",
        "pa": 502,
        "ops": 0.767,
        "avg": 0.268,
        "obp": 0.371,
        "slg": 0.396,
        "rbi": 62,
        "sb": 16,
        "hr": 8
      },
      {
        "name": "문보경",
        "year": 23,
        "team": "LG",
        "pa": 542,
        "ops": 0.825,
        "avg": 0.301,
        "obp": 0.377,
        "slg": 0.448,
        "rbi": 72,
        "sb": 9,
        "hr": 10
      },
      {
        "name": "박동원",
        "year": 23,
        "team": "LG",
        "pa": 481,
        "ops": 0.777,
        "avg": 0.249,
        "obp": 0.334,
        "slg": 0.443,
        "rbi": 75,
        "sb": 0,
        "hr": 20
      },
      {
        "name": "박해민",
        "year": 23,
        "team": "LG",
        "pa": 558,
        "ops": 0.707,
        "avg": 0.285,
        "obp": 0.348,
        "slg": 0.359,
        "rbi": 59,
        "sb": 26,
        "hr": 6
      },
      {
        "name": "홍창기",
        "year": 23,
        "team": "LG",
        "pa": 643,
        "ops": 0.856,
        "avg": 0.332,
        "obp": 0.444,
        "slg": 0.412,
        "rbi": 65,
        "sb": 23,
        "hr": 1
      },
      {
        "name": "오스틴",
        "year": 23,
        "team": "LG",
        "pa": 583,
        "ops": 0.893,
        "avg": 0.313,
        "obp": 0.376,
        "slg": 0.517,
        "rbi": 95,
        "sb": 7,
        "hr": 23
      }
    ]
  },
  {
    "generation": 27,
    "expected_score": 6.78,
    "lineup": [
      "문성주",
      "김현수",
      "신민재",
      "오지환",
      "문보경",
      "박동원",
      "박해민",
      "홍창기",
      "오스틴"
    ],
    "player_stats": [
      {
        "name": "문성주",
        "year": 23,
        "team": "LG",
        "pa": 534,
        "ops": 0.764,
        "avg": 0.294,
        "obp": 0.392,
        "slg": 0.372,
        "rbi": 57,
        "sb": 24,
        "hr": 2
      },
      {
        "name": "김현수",
        "year": 23,
        "team": "LG",
        "pa": 556,
        "ops": 0.747,
        "avg": 0.293,
        "obp": 0.364,
        "slg": 0.383,
        "rbi": 88,
        "sb": 2,
        "hr": 6
      },
      {
        "name": "신민재",
        "year": 23,
        "team": "LG",
        "pa": 331,
        "ops": 0.653,
        "avg": 0.277,
        "obp": 0.344,
        "slg": 0.309,
        "rbi": 28,
        "sb": 37,
        "hr": 0
      },
      {
        "name": "오지환",
        "year": 23,
        "team": "LG",
        "pa": 502,
        "ops": 0.767,
        "avg": 0.268,
        "obp": 0.371,
        "slg": 0.396,
        "rbi": 62,
        "sb": 16,
        "hr": 8
      },
      {
        "name": "문보경",
        "year": 23,
        "team": "LG",
        "pa": 542,
        "ops": 0.825,
        "avg": 0.301,
        "obp": 0.377,
        "slg": 0.448,
        "rbi": 72,
        "sb": 9,
        "hr": 10
      },
      {
        "name": "박동원",
        "year": 23,
        "team": "LG",
        "pa": 481,
        "ops": 0.777,
        "avg": 0.249,
        "obp": 0.334,
        "slg": 0.443,
        "rbi": 75,
        "sb": 0,
        "hr": 20
      },
      {
        "name": "박해민",
        "year": 23,
        "team": "LG",
        "pa": 558,
        "ops": 0.707,
        "avg": 0.285,
        "obp": 0.348,
        "slg": 0.359,
        "rbi": 59,
        "sb": 26,
        "hr": 6
      },
      {
        "name": "홍창기",
        "year": 23,
        "team": "LG",
        "pa": 643,
        "ops": 0.856,
        "avg": 0.332,
        "obp": 0.444,
        "slg": 0.412,
        "rbi": 65,
        "sb": 23,
        "hr": 1
      },
      {
        "name": "오스틴",
        "year": 23,
        "team": "LG",
        "pa": 583,
        "ops": 0.893,
        "avg": 0.313,
        "obp": 0.376,
        "slg": 0.517,
        "rbi": 95,
        "sb": 7,
        "hr": 23
      }
    ]
  },
  {
    "generation": 28,
    "expected_score": 6.8,
    "lineup": [
      "문성주",
      "김현수",
      "신민재",
      "오지환",
      "문보경",
      "박동원",
      "박해민",
      "홍창기",
      "오스틴"
    ],
    "player_stats": [
      {
        "name": "문성주",
        "year": 23,
        "team": "LG",
        "pa": 534,
        "ops": 0.764,
        "avg": 0.294,
        "obp": 0.392,
        "slg": 0.372,
        "rbi": 57,
        "sb": 24,
        "hr": 2
      },
      {
        "name": "김현수",
        "year": 23,
        "team": "LG",
        "pa": 556,
        "ops": 0.747,
        "avg": 0.293,
        "obp": 0.364,
        "slg": 0.383,
        "rbi": 88,
        "sb": 2,
        "hr": 6
      },
      {
        "name": "신민재",
        "year": 23,
        "team": "LG",
        "pa": 331,
        "ops": 0.653,
        "avg": 0.277,
        "obp": 0.344,
        "slg": 0.309,
        "rbi": 28,
        "sb": 37,
        "hr": 0
      },
      {
        "name": "오지환",
        "year": 23,
        "team": "LG",
        "pa": 502,
        "ops": 0.767,
        "avg": 0.268,
        "obp": 0.371,
        "slg": 0.396,
        "rbi": 62,
        "sb": 16,
        "hr": 8
      },
      {
        "name": "문보경",
        "year": 23,
        "team": "LG",
        "pa": 542,
        "ops": 0.825,
        "avg": 0.301,
        "obp": 0.377,
        "slg": 0.448,
        "rbi": 72,
        "sb": 9,
        "hr": 10
      },
      {
        "name": "박동원",
        "year": 23,
        "team": "LG",
        "pa": 481,
        "ops": 0.777,
        "avg": 0.249,
        "obp": 0.334,
        "slg": 0.443,
        "rbi": 75,
        "sb": 0,
        "hr": 20
      },
      {
        "name": "박해민",
        "year": 23,
        "team": "LG",
        "pa": 558,
        "ops": 0.707,
        "avg": 0.285,
        "obp": 0.348,
        "slg": 0.359,
        "rbi": 59,
        "sb": 26,
        "hr": 6
      },
      {
        "name": "홍창기",
        "year": 23,
        "team": "LG",
        "pa": 643,
        "ops": 0.856,
        "avg": 0.332,
        "obp": 0.444,
        "slg": 0.412,
        "rbi": 65,
        "sb": 23,
        "hr": 1
      },
      {
        "name": "오스틴",
        "year": 23,
        "team": "LG",
        "pa": 583,
        "ops": 0.893,
        "avg": 0.313,
        "obp": 0.376,
        "slg": 0.517,
        "rbi": 95,
        "sb": 7,
        "hr": 23
      }
    ]
  },
  {
    "generation": 29,
    "expected_score": 6.505,
    "lineup": [
      "문성주",
      "김현수",
      "신민재",
      "오지환",
      "문보경",
      "박동원",
      "박해민",
      "홍창기",
      "오스틴"
    ],
    "player_stats": [
      {
        "name": "문성주",
        "year": 23,
        "team": "LG",
        "pa": 534,
        "ops": 0.764,
        "avg": 0.294,
        "obp": 0.392,
        "slg": 0.372,
        "rbi": 57,
        "sb": 24,
        "hr": 2
      },
      {
        "name": "김현수",
        "year": 23,
        "team": "LG",
        "pa": 556,
        "ops": 0.747,
        "avg": 0.293,
        "obp": 0.364,
        "slg": 0.383,
        "rbi": 88,
        "sb": 2,
        "hr": 6
      },
      {
        "name": "신민재",
        "year": 23,
        "team": "LG",
        "pa": 331,
        "ops": 0.653,
        "avg": 0.277,
        "obp": 0.344,
        "slg": 0.309,
        "rbi": 28,
        "sb": 37,
        "hr": 0
      },
      {
        "name": "오지환",
        "year": 23,
        "team": "LG",
        "pa": 502,
        "ops": 0.767,
        "avg": 0.268,
        "obp": 0.371,
        "slg": 0.396,
        "rbi": 62,
        "sb": 16,
        "hr": 8
      },
      {
        "name": "문보경",
        "year": 23,
        "team": "LG",
        "pa": 542,
        "ops": 0.825,
        "avg": 0.301,
        "obp": 0.377,
        "slg": 0.448,
        "rbi": 72,
        "sb": 9,
        "hr": 10
      },
      {
        "name": "박동원",
        "year": 23,
        "team": "LG",
        "pa": 481,
        "ops": 0.777,
        "avg": 0.249,
        "obp": 0.334,
        "slg": 0.443,
        "rbi": 75,
        "sb": 0,
        "hr": 20
      },
      {
        "name": "박해민",
        "year": 23,
        "team": "LG",
        "pa": 558,
        "ops": 0.707,
        "avg": 0.285,
        "obp": 0.348,
        "slg": 0.359,
        "rbi": 59,
        "sb": 26,
        "hr": 6
      },
      {
        "name": "홍창기",
        "year": 23,
        "team": "LG",
        "pa": 643,
        "ops": 0.856,
        "avg": 0.332,
        "obp": 0.444,
        "slg": 0.412,
        "rbi": 65,
        "sb": 23,
        "hr": 1
      },
      {
        "name": "오스틴",
        "year": 23,
        "team": "LG",
        "pa": 583,
        "ops": 0.893,
        "avg": 0.313,
        "obp": 0.376,
        "slg": 0.517,
        "rbi": 95,
        "sb": 7,
        "hr": 23
      }
    ]
  },
  {
    "generation": 30,
    "expected_score": 6.81,
    "lineup": [
      "문성주",
      "오지환",
      "문보경",
      "박해민",
      "신민재",
      "김현수",
      "박동원",
      "홍창기",
      "오스틴"
    ],
    "player_stats": [
      {
        "name": "문성주",
        "year": 23,
        "team": "LG",
        "pa": 534,
        "ops": 0.764,
        "avg": 0.294,
        "obp": 0.392,
        "slg": 0.372,
        "rbi": 57,
        "sb": 24,
        "hr": 2
      },
      {
        "name": "오지환",
        "year": 23,
        "team": "LG",
        "pa": 502,
        "ops": 0.767,
        "avg": 0.268,
        "obp": 0.371,
        "slg": 0.396,
        "rbi": 62,
        "sb": 16,
        "hr": 8
      },
      {
        "name": "문보경",
        "year": 23,
        "team": "LG",
        "pa": 542,
        "ops": 0.825,
        "avg": 0.301,
        "obp": 0.377,
        "slg": 0.448,
        "rbi": 72,
        "sb": 9,
        "hr": 10
      },
      {
        "name": "박해민",
        "year": 23,
        "team": "LG",
        "pa": 558,
        "ops": 0.707,
        "avg": 0.285,
        "obp": 0.348,
        "slg": 0.359,
        "rbi": 59,
        "sb": 26,
        "hr": 6
      },
      {
        "name": "신민재",
        "year": 23,
        "team": "LG",
        "pa": 331,
        "ops": 0.653,
        "avg": 0.277,
        "obp": 0.344,
        "slg": 0.309,
        "rbi": 28,
        "sb": 37,
        "hr": 0
      },
      {
        "name": "김현수",
        "year": 23,
        "team": "LG",
        "pa": 556,
        "ops": 0.747,
        "avg": 0.293,
        "obp": 0.364,
        "slg": 0.383,
        "rbi": 88,
        "sb": 2,
        "hr": 6
      },
      {
        "name": "박동원",
        "year": 23,
        "team": "LG",
        "pa": 481,
        "ops": 0.777,
        "avg": 0.249,
        "obp": 0.334,
        "slg": 0.443,
        "rbi": 75,
        "sb": 0,
        "hr": 20
      },
      {
        "name": "홍창기",
        "year": 23,
        "team": "LG",
        "pa": 643,
        "ops": 0.856,
        "avg": 0.332,
        "obp": 0.444,
        "slg": 0.412,
        "rbi": 65,
        "sb": 23,
        "hr": 1
      },
      {
        "name": "오스틴",
        "year": 23,
        "team": "LG",
        "pa": 583,
        "ops": 0.893,
        "avg": 0.313,
        "obp": 0.376,
        "slg": 0.517,
        "rbi": 95,
        "sb": 7,
        "hr": 23
      }
    ]
  }
]