[
  {
    "generation": 1,
    "expected_score": 6.535,
    "lineup": [
      "박민우",
      "손아섭",
      "도태훈",
      "박건우",
      "서호철",
      "박세혁",
      "마틴",
      "권희동",
      "김주원"
    ],
    "player_stats": [
      {
        "name": "박민우",
        "year": 23,
        "team": "NC",
        "pa": 509,
        "ops": 0.786,
        "avg": 0.316,
        "obp": 0.381,
        "slg": 0.405,
        "rbi": 46,
        "sb": 26,
        "hr": 2
      },
      {
        "name": "손아섭",
        "year": 23,
        "team": "NC",
        "pa": 609,
        "ops": 0.836,
        "avg": 0.339,
        "obp": 0.393,
        "slg": 0.443,
        "rbi": 65,
        "sb": 14,
        "hr": 5
      },
      {
        "name": "도태훈",
        "year": 23,
        "team": "NC",
        "pa": 302,
        "ops": 0.698,
        "avg": 0.234,
        "obp": 0.376,
        "slg": 0.322,
        "rbi": 23,
        "sb": 2,
        "hr": 5
      },
      {
        "name": "박건우",
        "year": 23,
        "team": "NC",
        "pa": 533,
        "ops": 0.877,
        "avg": 0.319,
        "obp": 0.397,
        "slg": 0.48,
        "rbi": 85,
        "sb": 7,
        "hr": 12
      },
      {
        "name": "서호철",
        "year": 23,
        "team": "NC",
        "pa": 435,
        "ops": 0.714,
        "avg": 0.287,
        "obp": 0.331,
        "slg": 0.383,
        "rbi": 41,
        "sb": 4,
        "hr": 5
      },
      {
        "name": "박세혁",
        "year": 23,
        "team": "NC",
        "pa": 283,
        "ops": 0.654,
        "avg": 0.211,
        "obp": 0.307,
        "slg": 0.347,
        "rbi": 32,
        "sb": 1,
        "hr": 6
      },
      {
        "name": "마틴",
        "year": 23,
        "team": "NC",
        "pa": 503,
        "ops": 0.815,
        "avg": 0.283,
        "obp": 0.36,
        "slg": 0.455,
        "rbi": 90,
        "sb": 15,
        "hr": 17
      },
      {
        "name": "권희동",
        "year": 23,
        "team": "NC",
        "pa": 373,
        "ops": 0.793,
        "avg": 0.285,
        "obp": 0.388,
        "slg": 0.405,
        "rbi": 63,
        "sb": 2,
        "hr": 7
      },
      {
        "name": "김주원",
        "year": 23,
        "team": "NC",
        "pa": 474,
        "ops": 0.668,
        "avg": 0.233,
        "obp": 0.328,
        "slg": 0.34,
        "rbi": 54,
        "sb": 15,
        "hr": 10
      }
    ]
  },
  {
    "generation": 2,
    "expected_score": 6.37,
    "lineup": [
      "도태훈",
      "권희동",
      "박민우",
      "박건우",
      "서호철",
      "손아섭",
      "김주원",
      "마틴",
      "박세혁"
    ],
    "player_stats": [
      {
        "name": "도태훈",
        "year": 23,
        "team": "NC",
        "pa": 302,
        "ops": 0.698,
        "avg": 0.234,
        "obp": 0.376,
        "slg": 0.322,
        "rbi": 23,
        "sb": 2,
        "hr": 5
      },
      {
        "name": "권희동",
        "year": 23,
        "team": "NC",
        "pa": 373,
        "ops": 0.793,
        "avg": 0.285,
        "obp": 0.388,
        "slg": 0.405,
        "rbi": 63,
        "sb": 2,
        "hr": 7
      },
      {
        "name": "박민우",
        "year": 23,
        "team": "NC",
        "pa": 509,
        "ops": 0.786,
        "avg": 0.316,
        "obp": 0.381,
        "slg": 0.405,
        "rbi": 46,
        "sb": 26,
        "hr": 2
      },
      {
        "name": "박건우",
        "year": 23,
        "team": "NC",
        "pa": 533,
        "ops": 0.877,
        "avg": 0.319,
        "obp": 0.397,
        "slg": 0.48,
        "rbi": 85,
        "sb": 7,
        "hr": 12
      },
      {
        "name": "서호철",
        "year": 23,
        "team": "NC",
        "pa": 435,
        "ops": 0.714,
        "avg": 0.287,
        "obp": 0.331,
        "slg": 0.383,
        "rbi": 41,
        "sb": 4,
        "hr": 5
      },
      {
        "name": "손아섭",
        "year": 23,
        "team": "NC",
        "pa": 609,
        "ops": 0.836,
        "avg": 0.339,
        "obp": 0.393,
        "slg": 0.443,
        "rbi": 65,
        "sb": 14,
        "hr": 5
      },
      {
        "name": "김주원",
        "year": 23,
        "team": "NC",
        "pa": 474,
        "ops": 0.668,
        "avg": 0.233,
        "obp": 0.328,
        "slg": 0.34,
        "rbi": 54,
        "sb": 15,
        "hr": 10
      },
      {
        "name": "마틴",
        "year": 23,
        "team": "NC",
        "pa": 503,
        "ops": 0.815,
        "avg": 0.283,
        "obp": 0.36,
        "slg": 0.455,
        "rbi": 90,
        "sb": 15,
        "hr": 17
      },
      {
        "name": "박세혁",
        "year": 23,
        "team": "NC",
        "pa": 283,
        "ops": 0.654,
        "avg": 0.211,
        "obp": 0.307,
        "slg": 0.347,
        "rbi": 32,
        "sb": 1,
        "hr": 6
      }
    ]
  },
  {
    "generation": 3,
    "expected_score": 6.495,
    "lineup": [
      "도태훈",
      "권희동",
      "마틴",
      "김주원",
      "박민우",
      "박건우",
      "서호철",
      "손아섭",
      "박세혁"
    ],
    "player_stats": [
      {
        "name": "도태훈",
        "year": 23,
        "team": "NC",
        "pa": 302,
        "ops": 0.698,
        "avg": 0.234,
        "obp": 0.376,
        "slg": 0.322,
        "rbi": 23,
        "sb": 2,
        "hr": 5
      },
      {
        "name": "권희동",
        "year": 23,
        "team": "NC",
        "pa": 373,
        "ops": 0.793,
        "avg": 0.285,
        "obp": 0.388,
        "slg": 0.405,
        "rbi": 63,
        "sb": 2,
        "hr": 7
      },
      {
        "name": "마틴",
        "year": 23,
        "team": "NC",
        "pa": 503,
        "ops": 0.815,
        "avg": 0.283,
        "obp": 0.36,
        "slg": 0.455,
        "rbi": 90,
        "sb": 15,
        "hr": 17
      },
      {
        "name": "김주원",
        "year": 23,
        "team": "NC",
        "pa": 474,
        "ops": 0.668,
        "avg": 0.233,
        "obp": 0.328,
        "slg": 0.34,
        "rbi": 54,
        "sb": 15,
        "hr": 10
      },
      {
        "name": "박민우",
        "year": 23,
        "team": "NC",
        "pa": 509,
        "ops": 0.786,
        "avg": 0.316,
        "obp": 0.381,
        "slg": 0.405,
        "rbi": 46,
        "sb": 26,
        "hr": 2
      },
      {
        "name": "박건우",
        "year": 23,
        "team": "NC",
        "pa": 533,
        "ops": 0.877,
        "avg": 0.319,
        "obp": 0.397,
        "slg": 0.48,
        "rbi": 85,
        "sb": 7,
        "hr": 12
      },
      {
        "name": "서호철",
        "year": 23,
        "team": "NC",
        "pa": 435,
        "ops": 0.714,
        "avg": 0.287,
        "obp": 0.331,
        "slg": 0.383,
        "rbi": 41,
        "sb": 4,
        "hr": 5
      },
      {
        "name": "손아섭",
        "year": 23,
        "team": "NC",
        "pa": 609,
        "ops": 0.836,
        "avg": 0.339,
        "obp": 0.393,
        "slg": 0.443,
        "rbi": 65,
        "sb": 14,
        "hr": 5
      },
      {
        "name": "박세혁",
        "year": 23,
        "team": "NC",
        "pa": 283,
        "ops": 0.654,
        "avg": 0.211,
        "obp": 0.307,
        "slg": 0.347,
        "rbi": 32,
        "sb": 1,
        "hr": 6
      }
    ]
  },
  {
    "generation": 4,
    "expected_score": 6.335,
    "lineup": [
      "권희동",
      "박민우",
      "손아섭",
      "김주원",
      "박세혁",
      "마틴",
      "도태훈",
      "박건우",
      "서호철"
    ],
    "player_stats": [
      {
        "name": "권희동",
        "year": 23,
        "team": "NC",
        "pa": 373,
        "ops": 0.793,
        "avg": 0.285,
        "obp": 0.388,
        "slg": 0.405,
        "rbi": 63,
        "sb": 2,
        "hr": 7
      },
      {
        "name": "박민우",
        "year": 23,
        "team": "NC",
        "pa": 509,
        "ops": 0.786,
        "avg": 0.316,
        "obp": 0.381,
        "slg": 0.405,
        "rbi": 46,
        "sb": 26,
        "hr": 2
      },
      {
        "name": "손아섭",
        "year": 23,
        "team": "NC",
        "pa": 609,
        "ops": 0.836,
        "avg": 0.339,
        "obp": 0.393,
        "slg": 0.443,
        "rbi": 65,
        "sb": 14,
        "hr": 5
      },
      {
        "name": "김주원",
        "year": 23,
        "team": "NC",
        "pa": 474,
        "ops": 0.668,
        "avg": 0.233,
        "obp": 0.328,
        "slg": 0.34,
        "rbi": 54,
        "sb": 15,
        "hr": 10
      },
      {
        "name": "박세혁",
        "year": 23,
        "team": "NC",
        "pa": 283,
        "ops": 0.654,
        "avg": 0.211,
        "obp": 0.307,
        "slg": 0.347,
        "rbi": 32,
        "sb": 1,
        "hr": 6
      },
      {
        "name": "마틴",
        "year": 23,
        "team": "NC",
        "pa": 503,
        "ops": 0.815,
        "avg": 0.283,
        "obp": 0.36,
        "slg": 0.455,
        "rbi": 90,
        "sb": 15,
        "hr": 17
      },
      {
        "name": "도태훈",
        "year": 23,
        "team": "NC",
        "pa": 302,
        "ops": 0.698,
        "avg": 0.234,
        "obp": 0.376,
        "slg": 0.322,
        "rbi": 23,
        "sb": 2,
        "hr": 5
      },
      {
        "name": "박건우",
        "year": 23,
        "team": "NC",
        "pa": 533,
        "ops": 0.877,
        "avg": 0.319,
        "obp": 0.397,
        "slg": 0.48,
        "rbi": 85,
        "sb": 7,
        "hr": 12
      },
      {
        "name": "서호철",
        "year": 23,
        "team": "NC",
        "pa": 435,
        "ops": 0.714,
        "avg": 0.287,
        "obp": 0.331,
        "slg": 0.383,
        "rbi": 41,
        "sb": 4,
        "hr": 5
      }
    ]
  },
  {
    "generation": 5,
    "expected_score": 6.605,
    "lineup": [
      "박건우",
      "박민우",
      "권희동",
      "도태훈",
      "손아섭",
      "서호철",
      "박세혁",
      "마틴",
      "김주원"
    ],
    "player_stats": [
      {
        "name": "박건우",
        "year": 23,
        "team": "NC",
        "pa": 533,
        "ops": 0.877,
        "avg": 0.319,
        "obp": 0.397,
        "slg": 0.48,
        "rbi": 85,
        "sb": 7,
        "hr": 12
      },
      {
        "name": "박민우",
        "year": 23,
        "team": "NC",
        "pa": 509,
        "ops": 0.786,
        "avg": 0.316,
        "obp": 0.381,
        "slg": 0.405,
        "rbi": 46,
        "sb": 26,
        "hr": 2
      },
      {
        "name": "권희동",
        "year": 23,
        "team": "NC",
        "pa": 373,
        "ops": 0.793,
        "avg": 0.285,
        "obp": 0.388,
        "slg": 0.405,
        "rbi": 63,
        "sb": 2,
        "hr": 7
      },
      {
        "name": "도태훈",
        "year": 23,
        "team": "NC",
        "pa": 302,
        "ops": 0.698,
        "avg": 0.234,
        "obp": 0.376,
        "slg": 0.322,
        "rbi": 23,
        "sb": 2,
        "hr": 5
      },
      {
        "name": "손아섭",
        "year": 23,
        "team": "NC",
        "pa": 609,
        "ops": 0.836,
        "avg": 0.339,
        "obp": 0.393,
        "slg": 0.443,
        "rbi": 65,
        "sb": 14,
        "hr": 5
      },
      {
        "name": "서호철",
        "year": 23,
        "team": "NC",
        "pa": 435,
        "ops": 0.714,
        "avg": 0.287,
        "obp": 0.331,
        "slg": 0.383,
        "rbi": 41,
        "sb": 4,
        "hr": 5
      },
      {
        "name": "박세혁",
        "year": 23,
        "team": "NC",
        "pa": 283,
        "ops": 0.654,
        "avg": 0.211,
        "obp": 0.307,
        "slg": 0.347,
        "rbi": 32,
        "sb": 1,
        "hr": 6
      },
      {
        "name": "마틴",
        "year": 23,
        "team": "NC",
        "pa": 503,
        "ops": 0.815,
        "avg": 0.283,
        "obp": 0.36,
        "slg": 0.455,
        "rbi": 90,
        "sb": 15,
        "hr": 17
      },
      {
        "name": "김주원",
        "year": 23,
        "team": "NC",
        "pa": 474,
        "ops": 0.668,
        "avg": 0.233,
        "obp": 0.328,
        "slg": 0.34,
        "rbi": 54,
        "sb": 15,
        "hr": 10
      }
    ]
  },
  {
    "generation": 6,
    "expected_score": 6.47,
    "lineup": [
      "김주원",
      "박민우",
      "박건우",
      "마틴",
      "도태훈",
      "권희동",
      "손아섭",
      "서호철",
      "박세혁"
    ],
    "player_stats": [
      {
        "name": "김주원",
        "year": 23,
        "team": "NC",
        "pa": 474,
        "ops": 0.668,
        "avg": 0.233,
        "obp": 0.328,
        "slg": 0.34,
        "rbi": 54,
        "sb": 15,
        "hr": 10
      },
      {
        "name": "박민우",
        "year": 23,
        "team": "NC",
        "pa": 509,
        "ops": 0.786,
        "avg": 0.316,
        "obp": 0.381,
        "slg": 0.405,
        "rbi": 46,
        "sb": 26,
        "hr": 2
      },
      {
        "name": "박건우",
        "year": 23,
        "team": "NC",
        "pa": 533,
        "ops": 0.877,
        "avg": 0.319,
        "obp": 0.397,
        "slg": 0.48,
        "rbi": 85,
        "sb": 7,
        "hr": 12
      },
      {
        "name": "마틴",
        "year": 23,
        "team": "NC",
        "pa": 503,
        "ops": 0.815,
        "avg": 0.283,
        "obp": 0.36,
        "slg": 0.455,
        "rbi": 90,
        "sb": 15,
        "hr": 17
      },
      {
        "name": "도태훈",
        "year": 23,
        "team": "NC",
        "pa": 302,
        "ops": 0.698,
        "avg": 0.234,
        "obp": 0.376,
        "slg": 0.322,
        "rbi": 23,
        "sb": 2,
        "hr": 5
      },
      {
        "name": "권희동",
        "year": 23,
        "team": "NC",
        "pa": 373,
        "ops": 0.793,
        "avg": 0.285,
        "obp": 0.388,
        "slg": 0.405,
        "rbi": 63,
        "sb": 2,
        "hr": 7
      },
      {
        "name": "손아섭",
        "year": 23,
        "team": "NC",
        "pa": 609,
        "ops": 0.836,
        "avg": 0.339,
        "obp": 0.393,
        "slg": 0.443,
        "rbi": 65,
        "sb": 14,
        "hr": 5
      },
      {
        "name": "서호철",
        "year": 23,
        "team": "NC",
        "pa": 435,
        "ops": 0.714,
        "avg": 0.287,
        "obp": 0.331,
        "slg": 0.383,
        "rbi": 41,
        "sb": 4,
        "hr": 5
      },
      {
        "name": "박세혁",
        "year": 23,
        "team": "NC",
        "pa": 283,
        "ops": 0.654,
        "avg": 0.211,
        "obp": 0.307,
        "slg": 0.347,
        "rbi": 32,
        "sb": 1,
        "hr": 6
      }
    ]
  },
  {
    "generation": 7,
    "expected_score": 6.715,
    "lineup": [
      "박민우",
      "박건우",
      "김주원",
      "마틴",
      "도태훈",
      "권희동",
      "손아섭",
      "서호철",
      "박세혁"
    ],
    "player_stats": [
      {
        "name": "박민우",
        "year": 23,
        "team": "NC",
        "pa": 509,
        "ops": 0.786,
        "avg": 0.316,
        "obp": 0.381,
        "slg": 0.405,
        "rbi": 46,
        "sb": 26,
        "hr": 2
      },
      {
        "name": "박건우",
        "year": 23,
        "team": "NC",
        "pa": 533,
        "ops": 0.877,
        "avg": 0.319,
        "obp": 0.397,
        "slg": 0.48,
        "rbi": 85,
        "sb": 7,
        "hr": 12
      },
      {
        "name": "김주원",
        "year": 23,
        "team": "NC",
        "pa": 474,
        "ops": 0.668,
        "avg": 0.233,
        "obp": 0.328,
        "slg": 0.34,
        "rbi": 54,
        "sb": 15,
        "hr": 10
      },
      {
        "name": "마틴",
        "year": 23,
        "team": "NC",
        "pa": 503,
        "ops": 0.815,
        "avg": 0.283,
        "obp": 0.36,
        "slg": 0.455,
        "rbi": 90,
        "sb": 15,
        "hr": 17
      },
      {
        "name": "도태훈",
        "year": 23,
        "team": "NC",
        "pa": 302,
        "ops": 0.698,
        "avg": 0.234,
        "obp": 0.376,
        "slg": 0.322,
        "rbi": 23,
        "sb": 2,
        "hr": 5
      },
      {
        "name": "권희동",
        "year": 23,
        "team": "NC",
        "pa": 373,
        "ops": 0.793,
        "avg": 0.285,
        "obp": 0.388,
        "slg": 0.405,
        "rbi": 63,
        "sb": 2,
        "hr": 7
      },
      {
        "name": "손아섭",
        "year": 23,
        "team": "NC",
        "pa": 609,
        "ops": 0.836,
        "avg": 0.339,
        "obp": 0.393,
        "slg": 0.443,
        "rbi": 65,
        "sb": 14,
        "hr": 5
      },
      {
        "name": "서호철",
        "year": 23,
        "team": "NC",
        "pa": 435,
        "ops": 0.714,
        "avg": 0.287,
        "obp": 0.331,
        "slg": 0.383,
        "rbi": 41,
        "sb": 4,
        "hr": 5
      },
      {
        "name": "박세혁",
        "year": 23,
        "team": "NC",
        "pa": 283,
        "ops": 0.654,
        "avg": 0.211,
        "obp": 0.307,
        "slg": 0.347,
        "rbi": 32,
        "sb": 1,
        "hr": 6
      }
    ]
  },
  {
    "generation": 8,
    "expected_score": 6.385,
    "lineup": [
      "서호철",
      "권희동",
      "김주원",
      "박민우",
      "손아섭",
      "마틴",
      "도태훈",
      "박건우",
      "박세혁"
    ],
    "player_stats": [
      {
        "name": "서호철",
        "year": 23,
        "team": "NC",
        "pa": 435,
        "ops": 0.714,
        "avg": 0.287,
        "obp": 0.331,
        "slg": 0.383,
        "rbi": 41,
        "sb": 4,
        "hr": 5
      },
      {
        "name": "권희동",
        "year": 23,
        "team": "NC",
        "pa": 373,
        "ops": 0.793,
        "avg": 0.285,
        "obp": 0.388,
        "slg": 0.405,
        "rbi": 63,
        "sb": 2,
        "hr": 7
      },
      {
        "name": "김주원",
        "year": 23,
        "team": "NC",
        "pa": 474,
        "ops": 0.668,
        "avg": 0.233,
        "obp": 0.328,
        "slg": 0.34,
        "rbi": 54,
        "sb": 15,
        "hr": 10
      },
      {
        "name": "박민우",
        "year": 23,
        "team": "NC",
        "pa": 509,
        "ops": 0.786,
        "avg": 0.316,
        "obp": 0.381,
        "slg": 0.405,
        "rbi": 46,
        "sb": 26,
        "hr": 2
      },
      {
        "name": "손아섭",
        "year": 23,
        "team": "NC",
        "pa": 609,
        "ops": 0.836,
        "avg": 0.339,
        "obp": 0.393,
        "slg": 0.443,
        "rbi": 65,
        "sb": 14,
        "hr": 5
      },
      {
        "name": "마틴",
        "year": 23,
        "team": "NC",
        "pa": 503,
        "ops": 0.815,
        "avg": 0.283,
        "obp": 0.36,
        "slg": 0.455,
        "rbi": 90,
        "sb": 15,
        "hr": 17
      },
      {
        "name": "도태훈",
        "year": 23,
        "team": "NC",
        "pa": 302,
        "ops": 0.698,
        "avg": 0.234,
        "obp": 0.376,
        "slg": 0.322,
        "rbi": 23,
        "sb": 2,
        "hr": 5
      },
      {
        "name": "박건우",
        "year": 23,
        "team": "NC",
        "pa": 533,
        "ops": 0.877,
        "avg": 0.319,
        "obp": 0.397,
        "slg": 0.48,
        "rbi": 85,
        "sb": 7,
        "hr": 12
      },
      {
        "name": "박세혁",
        "year": 23,
        "team": "NC",
        "pa": 283,
        "ops": 0.654,
        "avg": 0.211,
        "obp": 0.307,
        "slg": 0.347,
        "rbi": 32,
        "sb": 1,
        "hr": 6
      }
    ]
  },
  {
    "generation": 9,
    "expected_score": 6.245,
    "lineup": [
      "박건우",
      "서호철",
      "도태훈",
      "권희동",
      "손아섭",
      "박민우",
      "김주원",
      "마틴",
      "박세혁"
    ],
    "player_stats": [
      {
        "name": "박건우",
        "year": 23,
        "team": "NC",
        "pa": 533,
        "ops": 0.877,
        "avg": 0.319,
        "obp": 0.397,
        "slg": 0.48,
        "rbi": 85,
        "sb": 7,
        "hr": 12
      },
      {
        "name": "서호철",
        "year": 23,
        "team": "NC",
        "pa": 435,
        "ops": 0.714,
        "avg": 0.287,
        "obp": 0.331,
        "slg": 0.383,
        "rbi": 41,
        "sb": 4,
        "hr": 5
      },
      {
        "name": "도태훈",
        "year": 23,
        "team": "NC",
        "pa": 302,
        "ops": 0.698,
        "avg": 0.234,
        "obp": 0.376,
        "slg": 0.322,
        "rbi": 23,
        "sb": 2,
        "hr": 5
      },
      {
        "name": "권희동",
        "year": 23,
        "team": "NC",
        "pa": 373,
        "ops": 0.793,
        "avg": 0.285,
        "obp": 0.388,
        "slg": 0.405,
        "rbi": 63,
        "sb": 2,
        "hr": 7
      },
      {
        "name": "손아섭",
        "year": 23,
        "team": "NC",
        "pa": 609,
        "ops": 0.836,
        "avg": 0.339,
        "obp": 0.393,
        "slg": 0.443,
        "rbi": 65,
        "sb": 14,
        "hr": 5
      },
      {
        "name": "박민우",
        "year": 23,
        "team": "NC",
        "pa": 509,
        "ops": 0.786,
        "avg": 0.316,
        "obp": 0.381,
        "slg": 0.405,
        "rbi": 46,
        "sb": 26,
        "hr": 2
      },
      {
        "name": "김주원",
        "year": 23,
        "team": "NC",
        "pa": 474,
        "ops": 0.668,
        "avg": 0.233,
        "obp": 0.328,
        "slg": 0.34,
        "rbi": 54,
        "sb": 15,
        "hr": 10
      },
      {
        "name": "마틴",
        "year": 23,
        "team": "NC",
        "pa": 503,
        "ops": 0.815,
        "avg": 0.283,
        "obp": 0.36,
        "slg": 0.455,
        "rbi": 90,
        "sb": 15,
        "hr": 17
      },
      {
        "name": "박세혁",
        "year": 23,
        "team": "NC",
        "pa": 283,
        "ops": 0.654,
        "avg": 0.211,
        "obp": 0.307,
        "slg": 0.347,
        "rbi": 32,
        "sb": 1,
        "hr": 6
      }
    ]
  },
  {
    "generation": 10,
    "expected_score": 6.54,
    "lineup": [
      "박건우",
      "서호철",
      "권희동",
      "박민우",
      "김주원",
      "마틴",
      "도태훈",
      "박세혁",
      "손아섭"
    ],
    "player_stats": [
      {
        "name": "박건우",
        "year": 23,
        "team": "NC",
        "pa": 533,
        "ops": 0.877,
        "avg": 0.319,
        "obp": 0.397,
        "slg": 0.48,
        "rbi": 85,
        "sb": 7,
        "hr": 12
      },
      {
        "name": "서호철",
        "year": 23,
        "team": "NC",
        "pa": 435,
        "ops": 0.714,
        "avg": 0.287,
        "obp": 0.331,
        "slg": 0.383,
        "rbi": 41,
        "sb": 4,
        "hr": 5
      },
      {
        "name": "권희동",
        "year": 23,
        "team": "NC",
        "pa": 373,
        "ops": 0.793,
        "avg": 0.285,
        "obp": 0.388,
        "slg": 0.405,
        "rbi": 63,
        "sb": 2,
        "hr": 7
      },
      {
        "name": "박민우",
        "year": 23,
        "team": "NC",
        "pa": 509,
        "ops": 0.786,
        "avg": 0.316,
        "obp": 0.381,
        "slg": 0.405,
        "rbi": 46,
        "sb": 26,
        "hr": 2
      },
      {
        "name": "김주원",
        "year": 23,
        "team": "NC",
        "pa": 474,
        "ops": 0.668,
        "avg": 0.233,
        "obp": 0.328,
        "slg": 0.34,
        "rbi": 54,
        "sb": 15,
        "hr": 10
      },
      {
        "name": "마틴",
        "year": 23,
        "team": "NC",
        "pa": 503,
        "ops": 0.815,
        "avg": 0.283,
        "obp": 0.36,
        "slg": 0.455,
        "rbi": 90,
        "sb": 15,
        "hr": 17
      },
      {
        "name": "도태훈",
        "year": 23,
        "team": "NC",
        "pa": 302,
        "ops": 0.698,
        "avg": 0.234,
        "obp": 0.376,
        "slg": 0.322,
        "rbi": 23,
        "sb": 2,
        "hr": 5
      },
      {
        "name": "박세혁",
        "year": 23,
        "team": "NC",
        "pa": 283,
        "ops": 0.654,
        "avg": 0.211,
        "obp": 0.307,
        "slg": 0.347,
        "rbi": 32,
        "sb": 1,
        "hr": 6
      },
      {
        "name": "손아섭",
        "year": 23,
        "team": "NC",
        "pa": 609,
        "ops": 0.836,
        "avg": 0.339,
        "obp": 0.393,
        "slg": 0.443,
        "rbi": 65,
        "sb": 14,
        "hr": 5
      }
    ]
  },
  {
    "generation": 11,
    "expected_score": 6.22,
    "lineup": [
      "김주원",
      "서호철",
      "도태훈",
      "권희동",
      "손아섭",
      "박민우",
      "마틴",
      "박건우",
      "박세혁"
    ],
    "player_stats": [
      {
        "name": "김주원",
        "year": 23,
        "team": "NC",
        "pa": 474,
        "ops": 0.668,
        "avg": 0.233,
        "obp": 0.328,
        "slg": 0.34,
        "rbi": 54,
        "sb": 15,
        "hr": 10
      },
      {
        "name": "서호철",
        "year": 23,
        "team": "NC",
        "pa": 435,
        "ops": 0.714,
        "avg": 0.287,
        "obp": 0.331,
        "slg": 0.383,
        "rbi": 41,
        "sb": 4,
        "hr": 5
      },
      {
        "name": "도태훈",
        "year": 23,
        "team": "NC",
        "pa": 302,
        "ops": 0.698,
        "avg": 0.234,
        "obp": 0.376,
        "slg": 0.322,
        "rbi": 23,
        "sb": 2,
        "hr": 5
      },
      {
        "name": "권희동",
        "year": 23,
        "team": "NC",
        "pa": 373,
        "ops": 0.793,
        "avg": 0.285,
        "obp": 0.388,
        "slg": 0.405,
        "rbi": 63,
        "sb": 2,
        "hr": 7
      },
      {
        "name": "손아섭",
        "year": 23,
        "team": "NC",
        "pa": 609,
        "ops": 0.836,
        "avg": 0.339,
        "obp": 0.393,
        "slg": 0.443,
        "rbi": 65,
        "sb": 14,
        "hr": 5
      },
      {
        "name": "박민우",
        "year": 23,
        "team": "NC",
        "pa": 509,
        "ops": 0.786,
        "avg": 0.316,
        "obp": 0.381,
        "slg": 0.405,
        "rbi": 46,
        "sb": 26,
        "hr": 2
      },
      {
        "name": "마틴",
        "year": 23,
        "team": "NC",
        "pa": 503,
        "ops": 0.815,
        "avg": 0.283,
        "obp": 0.36,
        "slg": 0.455,
        "rbi": 90,
        "sb": 15,
        "hr": 17
      },
      {
        "name": "박건우",
        "year": 23,
        "team": "NC",
        "pa": 533,
        "ops": 0.877,
        "avg": 0.319,
        "obp": 0.397,
        "slg": 0.48,
        "rbi": 85,
        "sb": 7,
        "hr": 12
      },
      {
        "name": "박세혁",
        "year": 23,
        "team": "NC",
        "pa": 283,
        "ops": 0.654,
        "avg": 0.211,
        "obp": 0.307,
        "slg": 0.347,
        "rbi": 32,
        "sb": 1,
        "hr": 6
      }
    ]
  },
  {
    "generation": 12,
    "expected_score": 6.465,
    "lineup": [
      "서호철",
      "김주원",
      "박민우",
      "박건우",
      "마틴",
      "도태훈",
      "권희동",
      "손아섭",
      "박세혁"
    ],
    "player_stats": [
      {
        "name": "서호철",
        "year": 23,
        "team": "NC",
        "pa": 435,
        "ops": 0.714,
        "avg": 0.287,
        "obp": 0.331,
        "slg": 0.383,
        "rbi": 41,
        "sb": 4,
        "hr": 5
      },
      {
        "name": "김주원",
        "year": 23,
        "team": "NC",
        "pa": 474,
        "ops": 0.668,
        "avg": 0.233,
        "obp": 0.328,
        "slg": 0.34,
        "rbi": 54,
        "sb": 15,
        "hr": 10
      },
      {
        "name": "박민우",
        "year": 23,
        "team": "NC",
        "pa": 509,
        "ops": 0.786,
        "avg": 0.316,
        "obp": 0.381,
        "slg": 0.405,
        "rbi": 46,
        "sb": 26,
        "hr": 2
      },
      {
        "name": "박건우",
        "year": 23,
        "team": "NC",
        "pa": 533,
        "ops": 0.877,
        "avg": 0.319,
        "obp": 0.397,
        "slg": 0.48,
        "rbi": 85,
        "sb": 7,
        "hr": 12
      },
      {
        "name": "마틴",
        "year": 23,
        "team": "NC",
        "pa": 503,
        "ops": 0.815,
        "avg": 0.283,
        "obp": 0.36,
        "slg": 0.455,
        "rbi": 90,
        "sb": 15,
        "hr": 17
      },
      {
        "name": "도태훈",
        "year": 23,
        "team": "NC",
        "pa": 302,
        "ops": 0.698,
        "avg": 0.234,
        "obp": 0.376,
        "slg": 0.322,
        "rbi": 23,
        "sb": 2,
        "hr": 5
      },
      {
        "name": "권희동",
        "year": 23,
        "team": "NC",
        "pa": 373,
        "ops": 0.793,
        "avg": 0.285,
        "obp": 0.388,
        "slg": 0.405,
        "rbi": 63,
        "sb": 2,
        "hr": 7
      },
      {
        "name": "손아섭",
        "year": 23,
        "team": "NC",
        "pa": 609,
        "ops": 0.836,
        "avg": 0.339,
        "obp": 0.393,
        "slg": 0.443,
        "rbi": 65,
        "sb": 14,
        "hr": 5
      },
      {
        "name": "박세혁",
        "year": 23,
        "team": "NC",
        "pa": 283,
        "ops": 0.654,
        "avg": 0.211,
        "obp": 0.307,
        "slg": 0.347,
        "rbi": 32,
        "sb": 1,
        "hr": 6
      }
    ]
  },
  {
    "generation": 13,
    "expected_score": 6.365,
    "lineup": [
      "박건우",
      "권희동",
      "박세혁",
      "서호철",
      "손아섭",
      "김주원",
      "박민우",
      "마틴",
      "도태훈"
    ],
    "player_stats": [
      {
        "name": "박건우",
        "year": 23,
        "team": "NC",
        "pa": 533,
        "ops": 0.877,
        "avg": 0.319,
        "obp": 0.397,
        "slg": 0.48,
        "rbi": 85,
        "sb": 7,
        "hr": 12
      },
      {
        "name": "권희동",
        "year": 23,
        "team": "NC",
        "pa": 373,
        "ops": 0.793,
        "avg": 0.285,
        "obp": 0.388,
        "slg": 0.405,
        "rbi": 63,
        "sb": 2,
        "hr": 7
      },
      {
        "name": "박세혁",
        "year": 23,
        "team": "NC",
        "pa": 283,
        "ops": 0.654,
        "avg": 0.211,
        "obp": 0.307,
        "slg": 0.347,
        "rbi": 32,
        "sb": 1,
        "hr": 6
      },
      {
        "name": "서호철",
        "year": 23,
        "team": "NC",
        "pa": 435,
        "ops": 0.714,
        "avg": 0.287,
        "obp": 0.331,
        "slg": 0.383,
        "rbi": 41,
        "sb": 4,
        "hr": 5
      },
      {
        "name": "손아섭",
        "year": 23,
        "team": "NC",
        "pa": 609,
        "ops": 0.836,
        "avg": 0.339,
        "obp": 0.393,
        "slg": 0.443,
        "rbi": 65,
        "sb": 14,
        "hr": 5
      },
      {
        "name": "김주원",
        "year": 23,
        "team": "NC",
        "pa": 474,
        "ops": 0.668,
        "avg": 0.233,
        "obp": 0.328,
        "slg": 0.34,
        "rbi": 54,
        "sb": 15,
        "hr": 10
      },
      {
        "name": "박민우",
        "year": 23,
        "team": "NC",
        "pa": 509,
        "ops": 0.786,
        "avg": 0.316,
        "obp": 0.381,
        "slg": 0.405,
        "rbi": 46,
        "sb": 26,
        "hr": 2
      },
      {
        "name": "마틴",
        "year": 23,
        "team": "NC",
        "pa": 503,
        "ops": 0.815,
        "avg": 0.283,
        "obp": 0.36,
        "slg": 0.455,
        "rbi": 90,
        "sb": 15,
        "hr": 17
      },
      {
        "name": "도태훈",
        "year": 23,
        "team": "NC",
        "pa": 302,
        "ops": 0.698,
        "avg": 0.234,
        "obp": 0.376,
        "slg": 0.322,
        "rbi": 23,
        "sb": 2,
        "hr": 5
      }
    ]
  },
  {
    "generation": 14,
    "expected_score": 6.225,
    "lineup": [
      "김주원",
      "박민우",
      "권희동",
      "박건우",
      "마틴",
      "도태훈",
      "손아섭",
      "서호철",
      "박세혁"
    ],
    "player_stats": [
      {
        "name": "김주원",
        "year": 23,
        "team": "NC",
        "pa": 474,
        "ops": 0.668,
        "avg": 0.233,
        "obp": 0.328,
        "slg": 0.34,
        "rbi": 54,
        "sb": 15,
        "hr": 10
      },
      {
        "name": "박민우",
        "year": 23,
        "team": "NC",
        "pa": 509,
        "ops": 0.786,
        "avg": 0.316,
        "obp": 0.381,
        "slg": 0.405,
        "rbi": 46,
        "sb": 26,
        "hr": 2
      },
      {
        "name": "권희동",
        "year": 23,
        "team": "NC",
        "pa": 373,
        "ops": 0.793,
        "avg": 0.285,
        "obp": 0.388,
        "slg": 0.405,
        "rbi": 63,
        "sb": 2,
        "hr": 7
      },
      {
        "name": "박건우",
        "year": 23,
        "team": "NC",
        "pa": 533,
        "ops": 0.877,
        "avg": 0.319,
        "obp": 0.397,
        "slg": 0.48,
        "rbi": 85,
        "sb": 7,
        "hr": 12
      },
      {
        "name": "마틴",
        "year": 23,
        "team": "NC",
        "pa": 503,
        "ops": 0.815,
        "avg": 0.283,
        "obp": 0.36,
        "slg": 0.455,
        "rbi": 90,
        "sb": 15,
        "hr": 17
      },
      {
        "name": "도태훈",
        "year": 23,
        "team": "NC",
        "pa": 302,
        "ops": 0.698,
        "avg": 0.234,
        "obp": 0.376,
        "slg": 0.322,
        "rbi": 23,
        "sb": 2,
        "hr": 5
      },
      {
        "name": "손아섭",
        "year": 23,
        "team": "NC",
        "pa": 609,
        "ops": 0.836,
        "avg": 0.339,
        "obp": 0.393,
        "slg": 0.443,
        "rbi": 65,
        "sb": 14,
        "hr": 5
      },
      {
        "name": "서호철",
        "year": 23,
        "team": "NC",
        "pa": 435,
        "ops": 0.714,
        "avg": 0.287,
        "obp": 0.331,
        "slg": 0.383,
        "rbi": 41,
        "sb": 4,
        "hr": 5
      },
      {
        "name": "박세혁",
        "year": 23,
        "team": "NC",
        "pa": 283,
        "ops": 0.654,
        "avg": 0.211,
        "obp": 0.307,
        "slg": 0.347,
        "rbi": 32,
        "sb": 1,
        "hr": 6
      }
    ]
  },
  {
    "generation": 15,
    "expected_score": 6.59,
    "lineup": [
      "김주원",
      "박민우",
      "박건우",
      "권희동",
      "마틴",
      "도태훈",
      "손아섭",
      "서호철",
      "박세혁"
    ],
    "player_stats": [
      {
        "name": "김주원",
        "year": 23,
        "team": "NC",
        "pa": 474,
        "ops": 0.668,
        "avg": 0.233,
        "obp": 0.328,
        "slg": 0.34,
        "rbi": 54,
        "sb": 15,
        "hr": 10
      },
      {
        "name": "박민우",
        "year": 23,
        "team": "NC",
        "pa": 509,
        "ops": 0.786,
        "avg": 0.316,
        "obp": 0.381,
        "slg": 0.405,
        "rbi": 46,
        "sb": 26,
        "hr": 2
      },
      {
        "name": "박건우",
        "year": 23,
        "team": "NC",
        "pa": 533,
        "ops": 0.877,
        "avg": 0.319,
        "obp": 0.397,
        "slg": 0.48,
        "rbi": 85,
        "sb": 7,
        "hr": 12
      },
      {
        "name": "권희동",
        "year": 23,
        "team": "NC",
        "pa": 373,
        "ops": 0.793,
        "avg": 0.285,
        "obp": 0.388,
        "slg": 0.405,
        "rbi": 63,
        "sb": 2,
        "hr": 7
      },
      {
        "name": "마틴",
        "year": 23,
        "team": "NC",
        "pa": 503,
        "ops": 0.815,
        "avg": 0.283,
        "obp": 0.36,
        "slg": 0.455,
        "rbi": 90,
        "sb": 15,
        "hr": 17
      },
      {
        "name": "도태훈",
        "year": 23,
        "team": "NC",
        "pa": 302,
        "ops": 0.698,
        "avg": 0.234,
        "obp": 0.376,
        "slg": 0.322,
        "rbi": 23,
        "sb": 2,
        "hr": 5
      },
      {
        "name": "손아섭",
        "year": 23,
        "team": "NC",
        "pa": 609,
        "ops": 0.836,
        "avg": 0.339,
        "obp": 0.393,
        "slg": 0.443,
        "rbi": 65,
        "sb": 14,
        "hr": 5
      },
      {
        "name": "서호철",
        "year": 23,
        "team": "NC",
        "pa": 435,
        "ops": 0.714,
        "avg": 0.287,
        "obp": 0.331,
        "slg": 0.383,
        "rbi": 41,
        "sb": 4,
        "hr": 5
      },
      {
        "name": "박세혁",
        "year": 23,
        "team": "NC",
        "pa": 283,
        "ops": 0.654,
        "avg": 0.211,
        "obp": 0.307,
        "slg": 0.347,
        "rbi": 32,
        "sb": 1,
        "hr": 6
      }
    ]
  },
  {
    "generation": 16,
    "expected_score": 6.305,
    "lineup": [
      "김주원",
      "박민우",
      "박건우",
      "권희동",
      "마틴",
      "도태훈",
      "손아섭",
      "서호철",
      "박세혁"
    ],
    "player_stats": [
      {
        "name": "김주원",
        "year": 23,
        "team": "NC",
        "pa": 474,
        "ops": 0.668,
        "avg": 0.233,
        "obp": 0.328,
        "slg": 0.34,
        "rbi": 54,
        "sb": 15,
        "hr": 10
      },
      {
        "name": "박민우",
        "year": 23,
        "team": "NC",
        "pa": 509,
        "ops": 0.786,
        "avg": 0.316,
        "obp": 0.381,
        "slg": 0.405,
        "rbi": 46,
        "sb": 26,
        "hr": 2
      },
      {
        "name": "박건우",
        "year": 23,
        "team": "NC",
        "pa": 533,
        "ops": 0.877,
        "avg": 0.319,
        "obp": 0.397,
        "slg": 0.48,
        "rbi": 85,
        "sb": 7,
        "hr": 12
      },
      {
        "name": "권희동",
        "year": 23,
        "team": "NC",
        "pa": 373,
        "ops": 0.793,
        "avg": 0.285,
        "obp": 0.388,
        "slg": 0.405,
        "rbi": 63,
        "sb": 2,
        "hr": 7
      },
      {
        "name": "마틴",
        "year": 23,
        "team": "NC",
        "pa": 503,
        "ops": 0.815,
        "avg": 0.283,
        "obp": 0.36,
        "slg": 0.455,
        "rbi": 90,
        "sb": 15,
        "hr": 17
      },
      {
        "name": "도태훈",
        "year": 23,
        "team": "NC",
        "pa": 302,
        "ops": 0.698,
        "avg": 0.234,
        "obp": 0.376,
        "slg": 0.322,
        "rbi": 23,
        "sb": 2,
        "hr": 5
      },
      {
        "name": "손아섭",
        "year": 23,
        "team": "NC",
        "pa": 609,
        "ops": 0.836,
        "avg": 0.339,
        "obp": 0.393,
        "slg": 0.443,
        "rbi": 65,
        "sb": 14,
        "hr": 5
      },
      {
        "name": "서호철",
        "year": 23,
        "team": "NC",
        "pa": 435,
        "ops": 0.714,
        "avg": 0.287,
        "obp": 0.331,
        "slg": 0.383,
        "rbi": 41,
        "sb": 4,
        "hr": 5
      },
      {
        "name": "박세혁",
        "year": 23,
        "team": "NC",
        "pa": 283,
        "ops": 0.654,
        "avg": 0.211,
        "obp": 0.307,
        "slg": 0.347,
        "rbi": 32,
        "sb": 1,
        "hr": 6
      }
    ]
  },
  {
    "generation": 17,
    "expected_score": 6.39,
    "lineup": [
      "박세혁",
      "서호철",
      "박민우",
      "김주원",
      "박건우",
      "손아섭",
      "도태훈",
      "마틴",
      "권희동"
    ],
    "player_stats": [
      {
        "name": "박세혁",
        "year": 23,
        "team": "NC",
        "pa": 283,
        "ops": 0.654,
        "avg": 0.211,
        "obp": 0.307,
        "slg": 0.347,
        "rbi": 32,
        "sb": 1,
        "hr": 6
      },
      {
        "name": "서호철",
        "year": 23,
        "team": "NC",
        "pa": 435,
        "ops": 0.714,
        "avg": 0.287,
        "obp": 0.331,
        "slg": 0.383,
        "rbi": 41,
        "sb": 4,
        "hr": 5
      },
      {
        "name": "박민우",
        "year": 23,
        "team": "NC",
        "pa": 509,
        "ops": 0.786,
        "avg": 0.316,
        "obp": 0.381,
        "slg": 0.405,
        "rbi": 46,
        "sb": 26,
        "hr": 2
      },
      {
        "name": "김주원",
        "year": 23,
        "team": "NC",
        "pa": 474,
        "ops": 0.668,
        "avg": 0.233,
        "obp": 0.328,
        "slg": 0.34,
        "rbi": 54,
        "sb": 15,
        "hr": 10
      },
      {
        "name": "박건우",
        "year": 23,
        "team": "NC",
        "pa": 533,
        "ops": 0.877,
        "avg": 0.319,
        "obp": 0.397,
        "slg": 0.48,
        "rbi": 85,
        "sb": 7,
        "hr": 12
      },
      {
        "name": "손아섭",
        "year": 23,
        "team": "NC",
        "pa": 609,
        "ops": 0.836,
        "avg": 0.339,
        "obp": 0.393,
        "slg": 0.443,
        "rbi": 65,
        "sb": 14,
        "hr": 5
      },
      {
        "name": "도태훈",
        "year": 23,
        "team": "NC",
        "pa": 302,
        "ops": 0.698,
        "avg": 0.234,
        "obp": 0.376,
        "slg": 0.322,
        "rbi": 23,
        "sb": 2,
        "hr": 5
      },
      {
        "name": "마틴",
        "year": 23,
        "team": "NC",
        "pa": 503,
        "ops": 0.815,
        "avg": 0.283,
        "obp": 0.36,
        "slg": 0.455,
        "rbi": 90,
        "sb": 15,
        "hr": 17
      },
      {
        "name": "권희동",
        "year": 23,
        "team": "NC",
        "pa": 373,
        "ops": 0.793,
        "avg": 0.285,
        "obp": 0.388,
        "slg": 0.405,
        "rbi": 63,
        "sb": 2,
        "hr": 7
      }
    ]
  },
  {
    "generation": 18,
    "expected_score": 6.335,
    "lineup": [
      "박건우",
      "서호철",
      "도태훈",
      "권희동",
      "김주원",
      "마틴",
      "박민우",
      "박세혁",
      "손아섭"
    ],
    "player_stats": [
      {
        "name": "박건우",
        "year": 23,
        "team": "NC",
        "pa": 533,
        "ops": 0.877,
        "avg": 0.319,
        "obp": 0.397,
        "slg": 0.48,
        "rbi": 85,
        "sb": 7,
        "hr": 12
      },
      {
        "name": "서호철",
        "year": 23,
        "team": "NC",
        "pa": 435,
        "ops": 0.714,
        "avg": 0.287,
        "obp": 0.331,
        "slg": 0.383,
        "rbi": 41,
        "sb": 4,
        "hr": 5
      },
      {
        "name": "도태훈",
        "year": 23,
        "team": "NC",
        "pa": 302,
        "ops": 0.698,
        "avg": 0.234,
        "obp": 0.376,
        "slg": 0.322,
        "rbi": 23,
        "sb": 2,
        "hr": 5
      },
      {
        "name": "권희동",
        "year": 23,
        "team": "NC",
        "pa": 373,
        "ops": 0.793,
        "avg": 0.285,
        "obp": 0.388,
        "slg": 0.405,
        "rbi": 63,
        "sb": 2,
        "hr": 7
      },
      {
        "name": "김주원",
        "year": 23,
        "team": "NC",
        "pa": 474,
        "ops": 0.668,
        "avg": 0.233,
        "obp": 0.328,
        "slg": 0.34,
        "rbi": 54,
        "sb": 15,
        "hr": 10
      },
      {
        "name": "마틴",
        "year": 23,
        "team": "NC",
        "pa": 503,
        "ops": 0.815,
        "avg": 0.283,
        "obp": 0.36,
        "slg": 0.455,
        "rbi": 90,
        "sb": 15,
        "hr": 17
      },
      {
        "name": "박민우",
        "year": 23,
        "team": "NC",
        "pa": 509,
        "ops": 0.786,
        "avg": 0.316,
        "obp": 0.381,
        "slg": 0.405,
        "rbi": 46,
        "sb": 26,
        "hr": 2
      },
      {
        "name": "박세혁",
        "year": 23,
        "team": "NC",
        "pa": 283,
        "ops": 0.654,
        "avg": 0.211,
        "obp": 0.307,
        "slg": 0.347,
        "rbi": 32,
        "sb": 1,
        "hr": 6
      },
      {
        "name": "손아섭",
        "year": 23,
        "team": "NC",
        "pa": 609,
        "ops": 0.836,
        "avg": 0.339,
        "obp": 0.393,
        "slg": 0.443,
        "rbi": 65,
        "sb": 14,
        "hr": 5
      }
    ]
  },
  {
    "generation": 19,
    "expected_score": 6.47,
    "lineup": [
      "박건우",
      "권희동",
      "김주원",
      "서호철",
      "손아섭",
      "도태훈",
      "마틴",
      "박세혁",
      "박민우"
    ],
    "player_stats": [
      {
        "name": "박건우",
        "year": 23,
        "team": "NC",
        "pa": 533,
        "ops": 0.877,
        "avg": 0.319,
        "obp": 0.397,
        "slg": 0.48,
        "rbi": 85,
        "sb": 7,
        "hr": 12
      },
      {
        "name": "권희동",
        "year": 23,
        "team": "NC",
        "pa": 373,
        "ops": 0.793,
        "avg": 0.285,
        "obp": 0.388,
        "slg": 0.405,
        "rbi": 63,
        "sb": 2,
        "hr": 7
      },
      {
        "name": "김주원",
        "year": 23,
        "team": "NC",
        "pa": 474,
        "ops": 0.668,
        "avg": 0.233,
        "obp": 0.328,
        "slg": 0.34,
        "rbi": 54,
        "sb": 15,
        "hr": 10
      },
      {
        "name": "서호철",
        "year": 23,
        "team": "NC",
        "pa": 435,
        "ops": 0.714,
        "avg": 0.287,
        "obp": 0.331,
        "slg": 0.383,
        "rbi": 41,
        "sb": 4,
        "hr": 5
      },
      {
        "name": "손아섭",
        "year": 23,
        "team": "NC",
        "pa": 609,
        "ops": 0.836,
        "avg": 0.339,
        "obp": 0.393,
        "slg": 0.443,
        "rbi": 65,
        "sb": 14,
        "hr": 5
      },
      {
        "name": "도태훈",
        "year": 23,
        "team": "NC",
        "pa": 302,
        "ops": 0.698,
        "avg": 0.234,
        "obp": 0.376,
        "slg": 0.322,
        "rbi": 23,
        "sb": 2,
        "hr": 5
      },
      {
        "name": "마틴",
        "year": 23,
        "team": "NC",
        "pa": 503,
        "ops": 0.815,
        "avg": 0.283,
        "obp": 0.36,
        "slg": 0.455,
        "rbi": 90,
        "sb": 15,
        "hr": 17
      },
      {
        "name": "박세혁",
        "year": 23,
        "team": "NC",
        "pa": 283,
        "ops": 0.654,
        "avg": 0.211,
        "obp": 0.307,
        "slg": 0.347,
        "rbi": 32,
        "sb": 1,
        "hr": 6
      },
      {
        "name": "박민우",
        "year": 23,
        "team": "NC",
        "pa": 509,
        "ops": 0.786,
        "avg": 0.316,
        "obp": 0.381,
        "slg": 0.405,
        "rbi": 46,
        "sb": 26,
        "hr": 2
      }
    ]
  },
  {
    "generation": 20,
    "expected_score": 6.36,
    "lineup": [
      "김주원",
      "서호철",
      "박건우",
      "도태훈",
      "권희동",
      "마틴",
      "박민우",
      "박세혁",
      "손아섭"
    ],
    "player_stats": [
      {
        "name": "김주원",
        "year": 23,
        "team": "NC",
        "pa": 474,
        "ops": 0.668,
        "avg": 0.233,
        "obp": 0.328,
        "slg": 0.34,
        "rbi": 54,
        "sb": 15,
        "hr": 10
      },
      {
        "name": "서호철",
        "year": 23,
        "team": "NC",
        "pa": 435,
        "ops": 0.714,
        "avg": 0.287,
        "obp": 0.331,
        "slg": 0.383,
        "rbi": 41,
        "sb": 4,
        "hr": 5
      },
      {
        "name": "박건우",
        "year": 23,
        "team": "NC",
        "pa": 533,
        "ops": 0.877,
        "avg": 0.319,
        "obp": 0.397,
        "slg": 0.48,
        "rbi": 85,
        "sb": 7,
        "hr": 12
      },
      {
        "name": "도태훈",
        "year": 23,
        "team": "NC",
        "pa": 302,
        "ops": 0.698,
        "avg": 0.234,
        "obp": 0.376,
        "slg": 0.322,
        "rbi": 23,
        "sb": 2,
        "hr": 5
      },
      {
        "name": "권희동",
        "year": 23,
        "team": "NC",
        "pa": 373,
        "ops": 0.793,
        "avg": 0.285,
        "obp": 0.388,
        "slg": 0.405,
        "rbi": 63,
        "sb": 2,
        "hr": 7
      },
      {
        "name": "마틴",
        "year": 23,
        "team": "NC",
        "pa": 503,
        "ops": 0.815,
        "avg": 0.283,
        "obp": 0.36,
        "slg": 0.455,
        "rbi": 90,
        "sb": 15,
        "hr": 17
      },
      {
        "name": "박민우",
        "year": 23,
        "team": "NC",
        "pa": 509,
        "ops": 0.786,
        "avg": 0.316,
        "obp": 0.381,
        "slg": 0.405,
        "rbi": 46,
        "sb": 26,
        "hr": 2
      },
      {
        "name": "박세혁",
        "year": 23,
        "team": "NC",
        "pa": 283,
        "ops": 0.654,
        "avg": 0.211,
        "obp": 0.307,
        "slg": 0.347,
        "rbi": 32,
        "sb": 1,
        "hr": 6
      },
      {
        "name": "손아섭",
        "year": 23,
        "team": "NC",
        "pa": 609,
        "ops": 0.836,
        "avg": 0.339,
        "obp": 0.393,
        "slg": 0.443,
        "rbi": 65,
        "sb": 14,
        "hr": 5
      }
    ]
  },
  {
    "generation": 21,
    "expected_score": 6.66,
    "lineup": [
      "김주원",
      "박민우",
      "권희동",
      "서호철",
      "박건우",
      "손아섭",
      "도태훈",
      "마틴",
      "박세혁"
    ],
    "player_stats": [
      {
        "name": "김주원",
        "year": 23,
        "team": "NC",
        "pa": 474,
        "ops": 0.668,
        "avg": 0.233,
        "obp": 0.328,
        "slg": 0.34,
        "rbi": 54,
        "sb": 15,
        "hr": 10
      },
      {
        "name": "박민우",
        "year": 23,
        "team": "NC",
        "pa": 509,
        "ops": 0.786,
        "avg": 0.316,
        "obp": 0.381,
        "slg": 0.405,
        "rbi": 46,
        "sb": 26,
        "hr": 2
      },
      {
        "name": "권희동",
        "year": 23,
        "team": "NC",
        "pa": 373,
        "ops": 0.793,
        "avg": 0.285,
        "obp": 0.388,
        "slg": 0.405,
        "rbi": 63,
        "sb": 2,
        "hr": 7
      },
      {
        "name": "서호철",
        "year": 23,
        "team": "NC",
        "pa": 435,
        "ops": 0.714,
        "avg": 0.287,
        "obp": 0.331,
        "slg": 0.383,
        "rbi": 41,
        "sb": 4,
        "hr": 5
      },
      {
        "name": "박건우",
        "year": 23,
        "team": "NC",
        "pa": 533,
        "ops": 0.877,
        "avg": 0.319,
        "obp": 0.397,
        "slg": 0.48,
        "rbi": 85,
        "sb": 7,
        "hr": 12
      },
      {
        "name": "손아섭",
        "year": 23,
        "team": "NC",
        "pa": 609,
        "ops": 0.836,
        "avg": 0.339,
        "obp": 0.393,
        "slg": 0.443,
        "rbi": 65,
        "sb": 14,
        "hr": 5
      },
      {
        "name": "도태훈",
        "year": 23,
        "team": "NC",
        "pa": 302,
        "ops": 0.698,
        "avg": 0.234,
        "obp": 0.376,
        "slg": 0.322,
        "rbi": 23,
        "sb": 2,
        "hr": 5
      },
      {
        "name": "마틴",
        "year": 23,
        "team": "NC",
        "pa": 503,
        "ops": 0.815,
        "avg": 0.283,
        "obp": 0.36,
        "slg": 0.455,
        "rbi": 90,
        "sb": 15,
        "hr": 17
      },
      {
        "name": "박세혁",
        "year": 23,
        "team": "NC",
        "pa": 283,
        "ops": 0.654,
        "avg": 0.211,
        "obp": 0.307,
        "slg": 0.347,
        "rbi": 32,
        "sb": 1,
        "hr": 6
      }
    ]
  },
  {
    "generation": 22,
    "expected_score": 6.56,
    "lineup": [
      "김주원",
      "서호철",
      "박건우",
      "박민우",
      "손아섭",
      "권희동",
      "마틴",
      "도태훈",
      "박세혁"
    ],
    "player_stats": [
      {
        "name": "김주원",
        "year": 23,
        "team": "NC",
        "pa": 474,
        "ops": 0.668,
        "avg": 0.233,
        "obp": 0.328,
        "slg": 0.34,
        "rbi": 54,
        "sb": 15,
        "hr": 10
      },
      {
        "name": "서호철",
        "year": 23,
        "team": "NC",
        "pa": 435,
        "ops": 0.714,
        "avg": 0.287,
        "obp": 0.331,
        "slg": 0.383,
        "rbi": 41,
        "sb": 4,
        "hr": 5
      },
      {
        "name": "박건우",
        "year": 23,
        "team": "NC",
        "pa": 533,
        "ops": 0.877,
        "avg": 0.319,
        "obp": 0.397,
        "slg": 0.48,
        "rbi": 85,
        "sb": 7,
        "hr": 12
      },
      {
        "name": "박민우",
        "year": 23,
        "team": "NC",
        "pa": 509,
        "ops": 0.786,
        "avg": 0.316,
        "obp": 0.381,
        "slg": 0.405,
        "rbi": 46,
        "sb": 26,
        "hr": 2
      },
      {
        "name": "손아섭",
        "year": 23,
        "team": "NC",
        "pa": 609,
        "ops": 0.836,
        "avg": 0.339,
        "obp": 0.393,
        "slg": 0.443,
        "rbi": 65,
        "sb": 14,
        "hr": 5
      },
      {
        "name": "권희동",
        "year": 23,
        "team": "NC",
        "pa": 373,
        "ops": 0.793,
        "avg": 0.285,
        "obp": 0.388,
        "slg": 0.405,
        "rbi": 63,
        "sb": 2,
        "hr": 7
      },
      {
        "name": "마틴",
        "year": 23,
        "team": "NC",
        "pa": 503,
        "ops": 0.815,
        "avg": 0.283,
        "obp": 0.36,
        "slg": 0.455,
        "rbi": 90,
        "sb": 15,
        "hr": 17
      },
      {
        "name": "도태훈",
        "year": 23,
        "team": "NC",
        "pa": 302,
        "ops": 0.698,
        "avg": 0.234,
        "obp": 0.376,
        "slg": 0.322,
        "rbi": 23,
        "sb": 2,
        "hr": 5
      },
      {
        "name": "박세혁",
        "year": 23,
        "team": "NC",
        "pa": 283,
        "ops": 0.654,
        "avg": 0.211,
        "obp": 0.307,
        "slg": 0.347,
        "rbi": 32,
        "sb": 1,
        "hr": 6
      }
    ]
  },
  {
    "generation": 23,
    "expected_score": 6.465,
    "lineup": [
      "박건우",
      "권희동",
      "서호철",
      "김주원",
      "마틴",
      "손아섭",
      "박민우",
      "도태훈",
      "박세혁"
    ],
    "player_stats": [
      {
        "name": "박건우",
        "year": 23,
        "team": "NC",
        "pa": 533,
        "ops": 0.877,
        "avg": 0.319,
        "obp": 0.397,
        "slg": 0.48,
        "rbi": 85,
        "sb": 7,
        "hr": 12
      },
      {
        "name": "권희동",
        "year": 23,
        "team": "NC",
        "pa": 373,
        "ops": 0.793,
        "avg": 0.285,
        "obp": 0.388,
        "slg": 0.405,
        "rbi": 63,
        "sb": 2,
        "hr": 7
      },
      {
        "name": "서호철",
        "year": 23,
        "team": "NC",
        "pa": 435,
        "ops": 0.714,
        "avg": 0.287,
        "obp": 0.331,
        "slg": 0.383,
        "rbi": 41,
        "sb": 4,
        "hr": 5
      },
      {
        "name": "김주원",
        "year": 23,
        "team": "NC",
        "pa": 474,
        "ops": 0.668,
        "avg": 0.233,
        "obp": 0.328,
        "slg": 0.34,
        "rbi": 54,
        "sb": 15,
        "hr": 10
      },
      {
        "name": "마틴",
        "year": 23,
        "team": "NC",
        "pa": 503,
        "ops": 0.815,
        "avg": 0.283,
        "obp": 0.36,
        "slg": 0.455,
        "rbi": 90,
        "sb": 15,
        "hr": 17
      },
      {
        "name": "손아섭",
        "year": 23,
        "team": "NC",
        "pa": 609,
        "ops": 0.836,
        "avg": 0.339,
        "obp": 0.393,
        "slg": 0.443,
        "rbi": 65,
        "sb": 14,
        "hr": 5
      },
      {
        "name": "박민우",
        "year": 23,
        "team": "NC",
        "pa": 509,
        "ops": 0.786,
        "avg": 0.316,
        "obp": 0.381,
        "slg": 0.405,
        "rbi": 46,
        "sb": 26,
        "hr": 2
      },
      {
        "name": "도태훈",
        "year": 23,
        "team": "NC",
        "pa": 302,
        "ops": 0.698,
        "avg": 0.234,
        "obp": 0.376,
        "slg": 0.322,
        "rbi": 23,
        "sb": 2,
        "hr": 5
      },
      {
        "name": "박세혁",
        "year": 23,
        "team": "NC",
        "pa": 283,
        "ops": 0.654,
        "avg": 0.211,
        "obp": 0.307,
        "slg": 0.347,
        "rbi": 32,
        "sb": 1,
        "hr": 6
      }
    ]
  },
  {
    "generation": 24,
    "expected_score": 6.435,
    "lineup": [
      "서호철",
      "김주원",
      "박건우",
      "손아섭",
      "박민우",
      "도태훈",
      "권희동",
      "마틴",
      "박세혁"
    ],
    "player_stats": [
      {
        "name": "서호철",
        "year": 23,
        "team": "NC",
        "pa": 435,
        "ops": 0.714,
        "avg": 0.287,
        "obp": 0.331,
        "slg": 0.383,
        "rbi": 41,
        "sb": 4,
        "hr": 5
      },
      {
        "name": "김주원",
        "year": 23,
        "team": "NC",
        "pa": 474,
        "ops": 0.668,
        "avg": 0.233,
        "obp": 0.328,
        "slg": 0.34,
        "rbi": 54,
        "sb": 15,
        "hr": 10
      },
      {
        "name": "박건우",
        "year": 23,
        "team": "NC",
        "pa": 533,
        "ops": 0.877,
        "avg": 0.319,
        "obp": 0.397,
        "slg": 0.48,
        "rbi": 85,
        "sb": 7,
        "hr": 12
      },
      {
        "name": "손아섭",
        "year": 23,
        "team": "NC",
        "pa": 609,
        "ops": 0.836,
        "avg": 0.339,
        "obp": 0.393,
        "slg": 0.443,
        "rbi": 65,
        "sb": 14,
        "hr": 5
      },
      {
        "name": "박민우",
        "year": 23,
        "team": "NC",
        "pa": 509,
        "ops": 0.786,
        "avg": 0.316,
        "obp": 0.381,
        "slg": 0.405,
        "rbi": 46,
        "sb": 26,
        "hr": 2
      },
      {
        "name": "도태훈",
        "year": 23,
        "team": "NC",
        "pa": 302,
        "ops": 0.698,
        "avg": 0.234,
        "obp": 0.376,
        "slg": 0.322,
        "rbi": 23,
        "sb": 2,
        "hr": 5
      },
      {
        "name": "권희동",
        "year": 23,
        "team": "NC",
        "pa": 373,
        "ops": 0.793,
        "avg": 0.285,
        "obp": 0.388,
        "slg": 0.405,
        "rbi": 63,
        "sb": 2,
        "hr": 7
      },
      {
        "name": "마틴",
        "year": 23,
        "team": "NC",
        "pa": 503,
        "ops": 0.815,
        "avg": 0.283,
        "obp": 0.36,
        "slg": 0.455,
        "rbi": 90,
        "sb": 15,
        "hr": 17
      },
      {
        "name": "박세혁",
        "year": 23,
        "team": "NC",
        "pa": 283,
        "ops": 0.654,
        "avg": 0.211,
        "obp": 0.307,
        "slg": 0.347,
        "rbi": 32,
        "sb": 1,
        "hr": 6
      }
    ]
  },
  {
    "generation": 25,
    "expected_score": 6.365,
    "lineup": [
      "김주원",
      "박민우",
      "권희동",
      "서호철",
      "박건우",
      "도태훈",
      "마틴",
      "손아섭",
      "박세혁"
    ],
    "player_stats": [
      {
        "name": "김주원",
        "year": 23,
        "team": "NC",
        "pa": 474,
        "ops": 0.668,
        "avg": 0.233,
        "obp": 0.328,
        "slg": 0.34,
        "rbi": 54,
        "sb": 15,
        "hr": 10
      },
      {
        "name": "박민우",
        "year": 23,
        "team": "NC",
        "pa": 509,
        "ops": 0.786,
        "avg": 0.316,
        "obp": 0.381,
        "slg": 0.405,
        "rbi": 46,
        "sb": 26,
        "hr": 2
      },
      {
        "name": "권희동",
        "year": 23,
        "team": "NC",
        "pa": 373,
        "ops": 0.793,
        "avg": 0.285,
        "obp": 0.388,
        "slg": 0.405,
        "rbi": 63,
        "sb": 2,
        "hr": 7
      },
      {
        "name": "서호철",
        "year": 23,
        "team": "NC",
        "pa": 435,
        "ops": 0.714,
        "avg": 0.287,
        "obp": 0.331,
        "slg": 0.383,
        "rbi": 41,
        "sb": 4,
        "hr": 5
      },
      {
        "name": "박건우",
        "year": 23,
        "team": "NC",
        "pa": 533,
        "ops": 0.877,
        "avg": 0.319,
        "obp": 0.397,
        "slg": 0.48,
        "rbi": 85,
        "sb": 7,
        "hr": 12
      },
      {
        "name": "도태훈",
        "year": 23,
        "team": "NC",
        "pa": 302,
        "ops": 0.698,
        "avg": 0.234,
        "obp": 0.376,
        "slg": 0.322,
        "rbi": 23,
        "sb": 2,
        "hr": 5
      },
      {
        "name": "마틴",
        "year": 23,
        "team": "NC",
        "pa": 503,
        "ops": 0.815,
        "avg": 0.283,
        "obp": 0.36,
        "slg": 0.455,
        "rbi": 90,
        "sb": 15,
        "hr": 17
      },
      {
        "name": "손아섭",
        "year": 23,
        "team": "NC",
        "pa": 609,
        "ops": 0.836,
        "avg": 0.339,
        "obp": 0.393,
        "slg": 0.443,
        "rbi": 65,
        "sb": 14,
        "hr": 5
      },
      {
        "name": "박세혁",
        "year": 23,
        "team": "NC",
        "pa": 283,
        "ops": 0.654,
        "avg": 0.211,
        "obp": 0.307,
        "slg": 0.347,
        "rbi": 32,
        "sb": 1,
        "hr": 6
      }
    ]
  },
  {
    "generation": 26,
    "expected_score": 6.265,
    "lineup": [
      "김주원",
      "서호철",
      "박건우",
      "권희동",
      "마틴",
      "손아섭",
      "박민우",
      "도태훈",
      "박세혁"
    ],
    "player_stats": [
      {
        "name": "김주원",
        "year": 23,
        "team": "NC",
        "pa": 474,
        "ops": 0.668,
        "avg": 0.233,
        "obp": 0.328,
        "slg": 0.34,
        "rbi": 54,
        "sb": 15,
        "hr": 10
      },
      {
        "name": "서호철",
        "year": 23,
        "team": "NC",
        "pa": 435,
        "ops": 0.714,
        "avg": 0.287,
        "obp": 0.331,
        "slg": 0.383,
        "rbi": 41,
        "sb": 4,
        "hr": 5
      },
      {
        "name": "박건우",
        "year": 23,
        "team": "NC",
        "pa": 533,
        "ops": 0.877,
        "avg": 0.319,
        "obp": 0.397,
        "slg": 0.48,
        "rbi": 85,
        "sb": 7,
        "hr": 12
      },
      {
        "name": "권희동",
        "year": 23,
        "team": "NC",
        "pa": 373,
        "ops": 0.793,
        "avg": 0.285,
        "obp": 0.388,
        "slg": 0.405,
        "rbi": 63,
        "sb": 2,
        "hr": 7
      },
      {
        "name": "마틴",
        "year": 23,
        "team": "NC",
        "pa": 503,
        "ops": 0.815,
        "avg": 0.283,
        "obp": 0.36,
        "slg": 0.455,
        "rbi": 90,
        "sb": 15,
        "hr": 17
      },
      {
        "name": "손아섭",
        "year": 23,
        "team": "NC",
        "pa": 609,
        "ops": 0.836,
        "avg": 0.339,
        "obp": 0.393,
        "slg": 0.443,
        "rbi": 65,
        "sb": 14,
        "hr": 5
      },
      {
        "name": "박민우",
        "year": 23,
        "team": "NC",
        "pa": 509,
        "ops": 0.786,
        "avg": 0.316,
        "obp": 0.381,
        "slg": 0.405,
        "rbi": 46,
        "sb": 26,
        "hr": 2
      },
      {
        "name": "도태훈",
        "year": 23,
        "team": "NC",
        "pa": 302,
        "ops": 0.698,
        "avg": 0.234,
        "obp": 0.376,
        "slg": 0.322,
        "rbi": 23,
        "sb": 2,
        "hr": 5
      },
      {
        "name": "박세혁",
        "year": 23,
        "team": "NC",
        "pa": 283,
        "ops": 0.654,
        "avg": 0.211,
        "obp": 0.307,
        "slg": 0.347,
        "rbi": 32,
        "sb": 1,
        "hr": 6
      }
    ]
  },
  {
    "generation": 27,
    "expected_score": 6.52,
    "lineup": [
      "박건우",
      "손아섭",
      "권희동",
      "서호철",
      "도태훈",
      "박세혁",
      "김주원",
      "박민우",
      "마틴"
    ],
    "player_stats": [
      {
        "name": "박건우",
        "year": 23,
        "team": "NC",
        "pa": 533,
        "ops": 0.877,
        "avg": 0.319,
        "obp": 0.397,
        "slg": 0.48,
        "rbi": 85,
        "sb": 7,
        "hr": 12
      },
      {
        "name": "손아섭",
        "year": 23,
        "team": "NC",
        "pa": 609,
        "ops": 0.836,
        "avg": 0.339,
        "obp": 0.393,
        "slg": 0.443,
        "rbi": 65,
        "sb": 14,
        "hr": 5
      },
      {
        "name": "권희동",
        "year": 23,
        "team": "NC",
        "pa": 373,
        "ops": 0.793,
        "avg": 0.285,
        "obp": 0.388,
        "slg": 0.405,
        "rbi": 63,
        "sb": 2,
        "hr": 7
      },
      {
        "name": "서호철",
        "year": 23,
        "team": "NC",
        "pa": 435,
        "ops": 0.714,
        "avg": 0.287,
        "obp": 0.331,
        "slg": 0.383,
        "rbi": 41,
        "sb": 4,
        "hr": 5
      },
      {
        "name": "도태훈",
        "year": 23,
        "team": "NC",
        "pa": 302,
        "ops": 0.698,
        "avg": 0.234,
        "obp": 0.376,
        "slg": 0.322,
        "rbi": 23,
        "sb": 2,
        "hr": 5
      },
      {
        "name": "박세혁",
        "year": 23,
        "team": "NC",
        "pa": 283,
        "ops": 0.654,
        "avg": 0.211,
        "obp": 0.307,
        "slg": 0.347,
        "rbi": 32,
        "sb": 1,
        "hr": 6
      },
      {
        "name": "김주원",
        "year": 23,
        "team": "NC",
        "pa": 474,
        "ops": 0.668,
        "avg": 0.233,
        "obp": 0.328,
        "slg": 0.34,
        "rbi": 54,
        "sb": 15,
        "hr": 10
      },
      {
        "name": "박민우",
        "year": 23,
        "team": "NC",
        "pa": 509,
        "ops": 0.786,
        "avg": 0.316,
        "obp": 0.381,
        "slg": 0.405,
        "rbi": 46,
        "sb": 26,
        "hr": 2
      },
      {
        "name": "마틴",
        "year": 23,
        "team": "NC",
        "pa": 503,
        "ops": 0.815,
        "avg": 0.283,
        "obp": 0.36,
        "slg": 0.455,
        "rbi": 90,
        "sb": 15,
        "hr": 17
      }
    ]
  },
  {
    "generation": 28,
    "expected_score": 6.59,
    "lineup": [
      "김주원",
      "박건우",
      "권희동",
      "서호철",
      "도태훈",
      "박민우",
      "마틴",
      "손아섭",
      "박세혁"
    ],
    "player_stats": [
      {
        "name": "김주원",
        "year": 23,
        "team": "NC",
        "pa": 474,
        "ops": 0.668,
        "avg": 0.233,
        "obp": 0.328,
        "slg": 0.34,
        "rbi": 54,
        "sb": 15,
        "hr": 10
      },
      {
        "name": "박건우",
        "year": 23,
        "team": "NC",
        "pa": 533,
        "ops": 0.877,
        "avg": 0.319,
        "obp": 0.397,
        "slg": 0.48,
        "rbi": 85,
        "sb": 7,
        "hr": 12
      },
      {
        "name": "권희동",
        "year": 23,
        "team": "NC",
        "pa": 373,
        "ops": 0.793,
        "avg": 0.285,
        "obp": 0.388,
        "slg": 0.405,
        "rbi": 63,
        "sb": 2,
        "hr": 7
      },
      {
        "name": "서호철",
        "year": 23,
        "team": "NC",
        "pa": 435,
        "ops": 0.714,
        "avg": 0.287,
        "obp": 0.331,
        "slg": 0.383,
        "rbi": 41,
        "sb": 4,
        "hr": 5
      },
      {
        "name": "도태훈",
        "year": 23,
        "team": "NC",
        "pa": 302,
        "ops": 0.698,
        "avg": 0.234,
        "obp": 0.376,
        "slg": 0.322,
        "rbi": 23,
        "sb": 2,
        "hr": 5
      },
      {
        "name": "박민우",
        "year": 23,
        "team": "NC",
        "pa": 509,
        "ops": 0.786,
        "avg": 0.316,
        "obp": 0.381,
        "slg": 0.405,
        "rbi": 46,
        "sb": 26,
        "hr": 2
      },
      {
        "name": "마틴",
        "year": 23,
        "team": "NC",
        "pa": 503,
        "ops": 0.815,
        "avg": 0.283,
        "obp": 0.36,
        "slg": 0.455,
        "rbi": 90,
        "sb": 15,
        "hr": 17
      },
      {
        "name": "손아섭",
        "year": 23,
        "team": "NC",
        "pa": 609,
        "ops": 0.836,
        "avg": 0.339,
        "obp": 0.393,
        "slg": 0.443,
        "rbi": 65,
        "sb": 14,
        "hr": 5
      },
      {
        "name": "박세혁",
        "year": 23,
        "team": "NC",
        "pa": 283,
        "ops": 0.654,
        "avg": 0.211,
        "obp": 0.307,
        "slg": 0.347,
        "rbi": 32,
        "sb": 1,
        "hr": 6
      }
    ]
  },
  {
    "generation": 29,
    "expected_score": 6.255,
    "lineup": [
      "김주원",
      "박건우",
      "권희동",
      "박민우",
      "손아섭",
      "서호철",
      "도태훈",
      "마틴",
      "박세혁"
    ],
    "player_stats": [
      {
        "name": "김주원",
        "year": 23,
        "team": "NC",
        "pa": 474,
        "ops": 0.668,
        "avg": 0.233,
        "obp": 0.328,
        "slg": 0.34,
        "rbi": 54,
        "sb": 15,
        "hr": 10
      },
      {
        "name": "박건우",
        "year": 23,
        "team": "NC",
        "pa": 533,
        "ops": 0.877,
        "avg": 0.319,
        "obp": 0.397,
        "slg": 0.48,
        "rbi": 85,
        "sb": 7,
        "hr": 12
      },
      {
        "name": "권희동",
        "year": 23,
        "team": "NC",
        "pa": 373,
        "ops": 0.793,
        "avg": 0.285,
        "obp": 0.388,
        "slg": 0.405,
        "rbi": 63,
        "sb": 2,
        "hr": 7
      },
      {
        "name": "박민우",
        "year": 23,
        "team": "NC",
        "pa": 509,
        "ops": 0.786,
        "avg": 0.316,
        "obp": 0.381,
        "slg": 0.405,
        "rbi": 46,
        "sb": 26,
        "hr": 2
      },
      {
        "name": "손아섭",
        "year": 23,
        "team": "NC",
        "pa": 609,
        "ops": 0.836,
        "avg": 0.339,
        "obp": 0.393,
        "slg": 0.443,
        "rbi": 65,
        "sb": 14,
        "hr": 5
      },
      {
        "name": "서호철",
        "year": 23,
        "team": "NC",
        "pa": 435,
        "ops": 0.714,
        "avg": 0.287,
        "obp": 0.331,
        "slg": 0.383,
        "rbi": 41,
        "sb": 4,
        "hr": 5
      },
      {
        "name": "도태훈",
        "year": 23,
        "team": "NC",
        "pa": 302,
        "ops": 0.698,
        "avg": 0.234,
        "obp": 0.376,
        "slg": 0.322,
        "rbi": 23,
        "sb": 2,
        "hr": 5
      },
      {
        "name": "마틴",
        "year": 23,
        "team": "NC",
        "pa": 503,
        "ops": 0.815,
        "avg": 0.283,
        "obp": 0.36,
        "slg": 0.455,
        "rbi": 90,
        "sb": 15,
        "hr": 17
      },
      {
        "name": "박세혁",
        "year": 23,
        "team": "NC",
        "pa": 283,
        "ops": 0.654,
        "avg": 0.211,
        "obp": 0.307,
        "slg": 0.347,
        "rbi": 32,
        "sb": 1,
        "hr": 6
      }
    ]
  },
  {
    "generation": 30,
    "expected_score": 6.52,
    "lineup": [
      "김주원",
      "박건우",
      "서호철",
      "박민우",
      "권희동",
      "도태훈",
      "박세혁",
      "손아섭",
      "마틴"
    ],
    "player_stats": [
      {
        "name": "김주원",
        "year": 23,
        "team": "NC",
        "pa": 474,
        "ops": 0.668,
        "avg": 0.233,
        "obp": 0.328,
        "slg": 0.34,
        "rbi": 54,
        "sb": 15,
        "hr": 10
      },
      {
        "name": "박건우",
        "year": 23,
        "team": "NC",
        "pa": 533,
        "ops": 0.877,
        "avg": 0.319,
        "obp": 0.397,
        "slg": 0.48,
        "rbi": 85,
        "sb": 7,
        "hr": 12
      },
      {
        "name": "서호철",
        "year": 23,
        "team": "NC",
        "pa": 435,
        "ops": 0.714,
        "avg": 0.287,
        "obp": 0.331,
        "slg": 0.383,
        "rbi": 41,
        "sb": 4,
        "hr": 5
      },
      {
        "name": "박민우",
        "year": 23,
        "team": "NC",
        "pa": 509,
        "ops": 0.786,
        "avg": 0.316,
        "obp": 0.381,
        "slg": 0.405,
        "rbi": 46,
        "sb": 26,
        "hr": 2
      },
      {
        "name": "권희동",
        "year": 23,
        "team": "NC",
        "pa": 373,
        "ops": 0.793,
        "avg": 0.285,
        "obp": 0.388,
        "slg": 0.405,
        "rbi": 63,
        "sb": 2,
        "hr": 7
      },
      {
        "name": "도태훈",
        "year": 23,
        "team": "NC",
        "pa": 302,
        "ops": 0.698,
        "avg": 0.234,
        "obp": 0.376,
        "slg": 0.322,
        "rbi": 23,
        "sb": 2,
        "hr": 5
      },
      {
        "name": "박세혁",
        "year": 23,
        "team": "NC",
        "pa": 283,
        "ops": 0.654,
        "avg": 0.211,
        "obp": 0.307,
        "slg": 0.347,
        "rbi": 32,
        "sb": 1,
        "hr": 6
      },
      {
        "name": "손아섭",
        "year": 23,
        "team": "NC",
        "pa": 609,
        "ops": 0.836,
        "avg": 0.339,
        "obp": 0.393,
        "slg": 0.443,
        "rbi": 65,
        "sb": 14,
        "hr": 5
      },
      {
        "name": "마틴",
        "year": 23,
        "team": "NC",
        "pa": 503,
        "ops": 0.815,
        "avg": 0.283,
        "obp": 0.36,
        "slg": 0.455,
        "rbi": 90,
        "sb": 15,
        "hr": 17
      }
    ]
  }
]