[
  {
    "generation": 1,
    "expected_score": 5.745,
    "lineup": [
      "최정",
      "김성현",
      "김민식",
      "한유섬",
      "추신수",
      "에레디아",
      "박성한",
      "최주환",
      "최지훈"
    ],
    "player_stats": [
      {
        "name": "최정",
        "year": 23,
        "team": "SSG",
        "pa": 552,
        "ops": 0.936,
        "avg": 0.297,
        "obp": 0.388,
        "slg": 0.548,
        "rbi": 87,
        "sb": 7,
        "hr": 29
      },
      {
        "name": "김성현",
        "year": 23,
        "team": "SSG",
        "pa": 354,
        "ops": 0.651,
        "avg": 0.268,
        "obp": 0.328,
        "slg": 0.323,
        "rbi": 27,
        "sb": 4,
        "hr": 1
      },
      {
        "name": "김민식",
        "year": 23,
        "team": "SSG",
        "pa": 318,
        "ops": 0.618,
        "avg": 0.218,
        "obp": 0.302,
        "slg": 0.316,
        "rbi": 34,
        "sb": 0,
        "hr": 5
      },
      {
        "name": "한유섬",
        "year": 23,
        "team": "SSG",
        "pa": 388,
        "ops": 0.748,
        "avg": 0.273,
        "obp": 0.355,
        "slg": 0.393,
        "rbi": 55,
        "sb": 2,
        "hr": 7
      },
      {
        "name": "추신수",
        "year": 23,
        "team": "SSG",
        "pa": 462,
        "ops": 0.777,
        "avg": 0.254,
        "obp": 0.379,
        "slg": 0.398,
        "rbi": 41,
        "sb": 6,
        "hr": 12
      },
      {
        "name": "에레디아",
        "year": 23,
        "team": "SSG",
        "pa": 523,
        "ops": 0.846,
        "avg": 0.323,
        "obp": 0.385,
        "slg": 0.461,
        "rbi": 76,
        "sb": 12,
        "hr": 12
      },
      {
        "name": "박성한",
        "year": 23,
        "team": "SSG",
        "pa": 529,
        "ops": 0.713,
        "avg": 0.266,
        "obp": 0.347,
        "slg": 0.366,
        "rbi": 47,
        "sb": 4,
        "hr": 9
      },
      {
        "name": "최주환",
        "year": 23,
        "team": "SSG",
        "pa": 478,
        "ops": 0.742,
        "avg": 0.235,
        "obp": 0.31,
        "slg": 0.432,
        "rbi": 63,
        "sb": 0,
        "hr": 20
      },
      {
        "name": "최지훈",
        "year": 23,
        "team": "SSG",
        "pa": 503,
        "ops": 0.672,
        "avg": 0.268,
        "obp": 0.315,
        "slg": 0.357,
        "rbi": 30,
        "sb": 21,
        "hr": 2
      }
    ]
  },
  {
    "generation": 2,
    "expected_score": 5.695,
    "lineup": [
      "에레디아",
      "김성현",
      "최주환",
      "최정",
      "한유섬",
      "추신수",
      "최지훈",
      "박성한",
      "김민식"
    ],
    "player_stats": [
      {
        "name": "에레디아",
        "year": 23,
        "team": "SSG",
        "pa": 523,
        "ops": 0.846,
        "avg": 0.323,
        "obp": 0.385,
        "slg": 0.461,
        "rbi": 76,
        "sb": 12,
        "hr": 12
      },
      {
        "name": "김성현",
        "year": 23,
        "team": "SSG",
        "pa": 354,
        "ops": 0.651,
        "avg": 0.268,
        "obp": 0.328,
        "slg": 0.323,
        "rbi": 27,
        "sb": 4,
        "hr": 1
      },
      {
        "name": "최주환",
        "year": 23,
        "team": "SSG",
        "pa": 478,
        "ops": 0.742,
        "avg": 0.235,
        "obp": 0.31,
        "slg": 0.432,
        "rbi": 63,
        "sb": 0,
        "hr": 20
      },
      {
        "name": "최정",
        "year": 23,
        "team": "SSG",
        "pa": 552,
        "ops": 0.936,
        "avg": 0.297,
        "obp": 0.388,
        "slg": 0.548,
        "rbi": 87,
        "sb": 7,
        "hr": 29
      },
      {
        "name": "한유섬",
        "year": 23,
        "team": "SSG",
        "pa": 388,
        "ops": 0.748,
        "avg": 0.273,
        "obp": 0.355,
        "slg": 0.393,
        "rbi": 55,
        "sb": 2,
        "hr": 7
      },
      {
        "name": "추신수",
        "year": 23,
        "team": "SSG",
        "pa": 462,
        "ops": 0.777,
        "avg": 0.254,
        "obp": 0.379,
        "slg": 0.398,
        "rbi": 41,
        "sb": 6,
        "hr": 12
      },
      {
        "name": "최지훈",
        "year": 23,
        "team": "SSG",
        "pa": 503,
        "ops": 0.672,
        "avg": 0.268,
        "obp": 0.315,
        "slg": 0.357,
        "rbi": 30,
        "sb": 21,
        "hr": 2
      },
      {
        "name": "박성한",
        "year": 23,
        "team": "SSG",
        "pa": 529,
        "ops": 0.713,
        "avg": 0.266,
        "obp": 0.347,
        "slg": 0.366,
        "rbi": 47,
        "sb": 4,
        "hr": 9
      },
      {
        "name": "김민식",
        "year": 23,
        "team": "SSG",
        "pa": 318,
        "ops": 0.618,
        "avg": 0.218,
        "obp": 0.302,
        "slg": 0.316,
        "rbi": 34,
        "sb": 0,
        "hr": 5
      }
    ]
  },
  {
    "generation": 3,
    "expected_score": 5.64,
    "lineup": [
      "김민식",
      "박성한",
      "추신수",
      "한유섬",
      "최지훈",
      "최주환",
      "에레디아",
      "최정",
      "김성현"
    ],
    "player_stats": [
      {
        "name": "김민식",
        "year": 23,
        "team": "SSG",
        "pa": 318,
        "ops": 0.618,
        "avg": 0.218,
        "obp": 0.302,
        "slg": 0.316,
        "rbi": 34,
        "sb": 0,
        "hr": 5
      },
      {
        "name": "박성한",
        "year": 23,
        "team": "SSG",
        "pa": 529,
        "ops": 0.713,
        "avg": 0.266,
        "obp": 0.347,
        "slg": 0.366,
        "rbi": 47,
        "sb": 4,
        "hr": 9
      },
      {
        "name": "추신수",
        "year": 23,
        "team": "SSG",
        "pa": 462,
        "ops": 0.777,
        "avg": 0.254,
        "obp": 0.379,
        "slg": 0.398,
        "rbi": 41,
        "sb": 6,
        "hr": 12
      },
      {
        "name": "한유섬",
        "year": 23,
        "team": "SSG",
        "pa": 388,
        "ops": 0.748,
        "avg": 0.273,
        "obp": 0.355,
        "slg": 0.393,
        "rbi": 55,
        "sb": 2,
        "hr": 7
      },
      {
        "name": "최지훈",
        "year": 23,
        "team": "SSG",
        "pa": 503,
        "ops": 0.672,
        "avg": 0.268,
        "obp": 0.315,
        "slg": 0.357,
        "rbi": 30,
        "sb": 21,
        "hr": 2
      },
      {
        "name": "최주환",
        "year": 23,
        "team": "SSG",
        "pa": 478,
        "ops": 0.742,
        "avg": 0.235,
        "obp": 0.31,
        "slg": 0.432,
        "rbi": 63,
        "sb": 0,
        "hr": 20
      },
      {
        "name": "에레디아",
        "year": 23,
        "team": "SSG",
        "pa": 523,
        "ops": 0.846,
        "avg": 0.323,
        "obp": 0.385,
        "slg": 0.461,
        "rbi": 76,
        "sb": 12,
        "hr": 12
      },
      {
        "name": "최정",
        "year": 23,
        "team": "SSG",
        "pa": 552,
        "ops": 0.936,
        "avg": 0.297,
        "obp": 0.388,
        "slg": 0.548,
        "rbi": 87,
        "sb": 7,
        "hr": 29
      },
      {
        "name": "김성현",
        "year": 23,
        "team": "SSG",
        "pa": 354,
        "ops": 0.651,
        "avg": 0.268,
        "obp": 0.328,
        "slg": 0.323,
        "rbi": 27,
        "sb": 4,
        "hr": 1
      }
    ]
  },
  {
    "generation": 4,
    "expected_score": 5.79,
    "lineup": [
      "박성한",
      "최정",
      "에레디아",
      "최주환",
      "추신수",
      "김성현",
      "최지훈",
      "한유섬",
      "김민식"
    ],
    "player_stats": [
      {
        "name": "박성한",
        "year": 23,
        "team": "SSG",
        "pa": 529,
        "ops": 0.713,
        "avg": 0.266,
        "obp": 0.347,
        "slg": 0.366,
        "rbi": 47,
        "sb": 4,
        "hr": 9
      },
      {
        "name": "최정",
        "year": 23,
        "team": "SSG",
        "pa": 552,
        "ops": 0.936,
        "avg": 0.297,
        "obp": 0.388,
        "slg": 0.548,
        "rbi": 87,
        "sb": 7,
        "hr": 29
      },
      {
        "name": "에레디아",
        "year": 23,
        "team": "SSG",
        "pa": 523,
        "ops": 0.846,
        "avg": 0.323,
        "obp": 0.385,
        "slg": 0.461,
        "rbi": 76,
        "sb": 12,
        "hr": 12
      },
      {
        "name": "최주환",
        "year": 23,
        "team": "SSG",
        "pa": 478,
        "ops": 0.742,
        "avg": 0.235,
        "obp": 0.31,
        "slg": 0.432,
        "rbi": 63,
        "sb": 0,
        "hr": 20
      },
      {
        "name": "추신수",
        "year": 23,
        "team": "SSG",
        "pa": 462,
        "ops": 0.777,
        "avg": 0.254,
        "obp": 0.379,
        "slg": 0.398,
        "rbi": 41,
        "sb": 6,
        "hr": 12
      },
      {
        "name": "김성현",
        "year": 23,
        "team": "SSG",
        "pa": 354,
        "ops": 0.651,
        "avg": 0.268,
        "obp": 0.328,
        "slg": 0.323,
        "rbi": 27,
        "sb": 4,
        "hr": 1
      },
      {
        "name": "최지훈",
        "year": 23,
        "team": "SSG",
        "pa": 503,
        "ops": 0.672,
        "avg": 0.268,
        "obp": 0.315,
        "slg": 0.357,
        "rbi": 30,
        "sb": 21,
        "hr": 2
      },
      {
        "name": "한유섬",
        "year": 23,
        "team": "SSG",
        "pa": 388,
        "ops": 0.748,
        "avg": 0.273,
        "obp": 0.355,
        "slg": 0.393,
        "rbi": 55,
        "sb": 2,
        "hr": 7
      },
      {
        "name": "김민식",
        "year": 23,
        "team": "SSG",
        "pa": 318,
        "ops": 0.618,
        "avg": 0.218,
        "obp": 0.302,
        "slg": 0.316,
        "rbi": 34,
        "sb": 0,
        "hr": 5
      }
    ]
  },
  {
    "generation": 5,
    "expected_score": 5.615,
    "lineup": [
      "최정",
      "한유섬",
      "추신수",
      "최지훈",
      "최주환",
      "박성한",
      "김민식",
      "김성현",
      "에레디아"
    ],
    "player_stats": [
      {
        "name": "최정",
        "year": 23,
        "team": "SSG",
        "pa": 552,
        "ops": 0.936,
        "avg": 0.297,
        "obp": 0.388,
        "slg": 0.548,
        "rbi": 87,
        "sb": 7,
        "hr": 29
      },
      {
        "name": "한유섬",
        "year": 23,
        "team": "SSG",
        "pa": 388,
        "ops": 0.748,
        "avg": 0.273,
        "obp": 0.355,
        "slg": 0.393,
        "rbi": 55,
        "sb": 2,
        "hr": 7
      },
      {
        "name": "추신수",
        "year": 23,
        "team": "SSG",
        "pa": 462,
        "ops": 0.777,
        "avg": 0.254,
        "obp": 0.379,
        "slg": 0.398,
        "rbi": 41,
        "sb": 6,
        "hr": 12
      },
      {
        "name": "최지훈",
        "year": 23,
        "team": "SSG",
        "pa": 503,
        "ops": 0.672,
        "avg": 0.268,
        "obp": 0.315,
        "slg": 0.357,
        "rbi": 30,
        "sb": 21,
        "hr": 2
      },
      {
        "name": "최주환",
        "year": 23,
        "team": "SSG",
        "pa": 478,
        "ops": 0.742,
        "avg": 0.235,
        "obp": 0.31,
        "slg": 0.432,
        "rbi": 63,
        "sb": 0,
        "hr": 20
      },
      {
        "name": "박성한",
        "year": 23,
        "team": "SSG",
        "pa": 529,
        "ops": 0.713,
        "avg": 0.266,
        "obp": 0.347,
        "slg": 0.366,
        "rbi": 47,
        "sb": 4,
        "hr": 9
      },
      {
        "name": "김민식",
        "year": 23,
        "team": "SSG",
        "pa": 318,
        "ops": 0.618,
        "avg": 0.218,
        "obp": 0.302,
        "slg": 0.316,
        "rbi": 34,
        "sb": 0,
        "hr": 5
      },
      {
        "name": "김성현",
        "year": 23,
        "team": "SSG",
        "pa": 354,
        "ops": 0.651,
        "avg": 0.268,
        "obp": 0.328,
        "slg": 0.323,
        "rbi": 27,
        "sb": 4,
        "hr": 1
      },
      {
        "name": "에레디아",
        "year": 23,
        "team": "SSG",
        "pa": 523,
        "ops": 0.846,
        "avg": 0.323,
        "obp": 0.385,
        "slg": 0.461,
        "rbi": 76,
        "sb": 12,
        "hr": 12
      }
    ]
  },
  {
    "generation": 6,
    "expected_score": 5.635,
    "lineup": [
      "박성한",
      "추신수",
      "한유섬",
      "최정",
      "김민식",
      "최주환",
      "최지훈",
      "에레디아",
      "김성현"
    ],
    "player_stats": [
      {
        "name": "박성한",
        "year": 23,
        "team": "SSG",
        "pa": 529,
        "ops": 0.713,
        "avg": 0.266,
        "obp": 0.347,
        "slg": 0.366,
        "rbi": 47,
        "sb": 4,
        "hr": 9
      },
      {
        "name": "추신수",
        "year": 23,
        "team": "SSG",
        "pa": 462,
        "ops": 0.777,
        "avg": 0.254,
        "obp": 0.379,
        "slg": 0.398,
        "rbi": 41,
        "sb": 6,
        "hr": 12
      },
      {
        "name": "한유섬",
        "year": 23,
        "team": "SSG",
        "pa": 388,
        "ops": 0.748,
        "avg": 0.273,
        "obp": 0.355,
        "slg": 0.393,
        "rbi": 55,
        "sb": 2,
        "hr": 7
      },
      {
        "name": "최정",
        "year": 23,
        "team": "SSG",
        "pa": 552,
        "ops": 0.936,
        "avg": 0.297,
        "obp": 0.388,
        "slg": 0.548,
        "rbi": 87,
        "sb": 7,
        "hr": 29
      },
      {
        "name": "김민식",
        "year": 23,
        "team": "SSG",
        "pa": 318,
        "ops": 0.618,
        "avg": 0.218,
        "obp": 0.302,
        "slg": 0.316,
        "rbi": 34,
        "sb": 0,
        "hr": 5
      },
      {
        "name": "최주환",
        "year": 23,
        "team": "SSG",
        "pa": 478,
        "ops": 0.742,
        "avg": 0.235,
        "obp": 0.31,
        "slg": 0.432,
        "rbi": 63,
        "sb": 0,
        "hr": 20
      },
      {
        "name": "최지훈",
        "year": 23,
        "team": "SSG",
        "pa": 503,
        "ops": 0.672,
        "avg": 0.268,
        "obp": 0.315,
        "slg": 0.357,
        "rbi": 30,
        "sb": 21,
        "hr": 2
      },
      {
        "name": "에레디아",
        "year": 23,
        "team": "SSG",
        "pa": 523,
        "ops": 0.846,
        "avg": 0.323,
        "obp": 0.385,
        "slg": 0.461,
        "rbi": 76,
        "sb": 12,
        "hr": 12
      },
      {
        "name": "김성현",
        "year": 23,
        "team": "SSG",
        "pa": 354,
        "ops": 0.651,
        "avg": 0.268,
        "obp": 0.328,
        "slg": 0.323,
        "rbi": 27,
        "sb": 4,
        "hr": 1
      }
    ]
  },
  {
    "generation": 7,
    "expected_score": 5.635,
    "lineup": [
      "에레디아",
      "김성현",
      "최주환",
      "한유섬",
      "추신수",
      "최정",
      "박성한",
      "김민식",
      "최지훈"
    ],
    "player_stats": [
      {
        "name": "에레디아",
        "year": 23,
        "team": "SSG",
        "pa": 523,
        "ops": 0.846,
        "avg": 0.323,
        "obp": 0.385,
        "slg": 0.461,
        "rbi": 76,
        "sb": 12,
        "hr": 12
      },
      {
        "name": "김성현",
        "year": 23,
        "team": "SSG",
        "pa": 354,
        "ops": 0.651,
        "avg": 0.268,
        "obp": 0.328,
        "slg": 0.323,
        "rbi": 27,
        "sb": 4,
        "hr": 1
      },
      {
        "name": "최주환",
        "year": 23,
        "team": "SSG",
        "pa": 478,
        "ops": 0.742,
        "avg": 0.235,
        "obp": 0.31,
        "slg": 0.432,
        "rbi": 63,
        "sb": 0,
        "hr": 20
      },
      {
        "name": "한유섬",
        "year": 23,
        "team": "SSG",
        "pa": 388,
        "ops": 0.748,
        "avg": 0.273,
        "obp": 0.355,
        "slg": 0.393,
        "rbi": 55,
        "sb": 2,
        "hr": 7
      },
      {
        "name": "추신수",
        "year": 23,
        "team": "SSG",
        "pa": 462,
        "ops": 0.777,
        "avg": 0.254,
        "obp": 0.379,
        "slg": 0.398,
        "rbi": 41,
        "sb": 6,
        "hr": 12
      },
      {
        "name": "최정",
        "year": 23,
        "team": "SSG",
        "pa": 552,
        "ops": 0.936,
        "avg": 0.297,
        "obp": 0.388,
        "slg": 0.548,
        "rbi": 87,
        "sb": 7,
        "hr": 29
      },
      {
        "name": "박성한",
        "year": 23,
        "team": "SSG",
        "pa": 529,
        "ops": 0.713,
        "avg": 0.266,
        "obp": 0.347,
        "slg": 0.366,
        "rbi": 47,
        "sb": 4,
        "hr": 9
      },
      {
        "name": "김민식",
        "year": 23,
        "team": "SSG",
        "pa": 318,
        "ops": 0.618,
        "avg": 0.218,
        "obp": 0.302,
        "slg": 0.316,
        "rbi": 34,
        "sb": 0,
        "hr": 5
      },
      {
        "name": "최지훈",
        "year": 23,
        "team": "SSG",
        "pa": 503,
        "ops": 0.672,
        "avg": 0.268,
        "obp": 0.315,
        "slg": 0.357,
        "rbi": 30,
        "sb": 21,
        "hr": 2
      }
    ]
  },
  {
    "generation": 8,
    "expected_score": 5.59,
    "lineup": [
      "김성현",
      "추신수",
      "한유섬",
      "최정",
      "김민식",
      "최주환",
      "최지훈",
      "에레디아",
      "박성한"
    ],
    "player_stats": [
      {
        "name": "김성현",
        "year": 23,
        "team": "SSG",
        "pa": 354,
        "ops": 0.651,
        "avg": 0.268,
        "obp": 0.328,
        "slg": 0.323,
        "rbi": 27,
        "sb": 4,
        "hr": 1
      },
      {
        "name": "추신수",
        "year": 23,
        "team": "SSG",
        "pa": 462,
        "ops": 0.777,
        "avg": 0.254,
        "obp": 0.379,
        "slg": 0.398,
        "rbi": 41,
        "sb": 6,
        "hr": 12
      },
      {
        "name": "한유섬",
        "year": 23,
        "team": "SSG",
        "pa": 388,
        "ops": 0.748,
        "avg": 0.273,
        "obp": 0.355,
        "slg": 0.393,
        "rbi": 55,
        "sb": 2,
        "hr": 7
      },
      {
        "name": "최정",
        "year": 23,
        "team": "SSG",
        "pa": 552,
        "ops": 0.936,
        "avg": 0.297,
        "obp": 0.388,
        "slg": 0.548,
        "rbi": 87,
        "sb": 7,
        "hr": 29
      },
      {
        "name": "김민식",
        "year": 23,
        "team": "SSG",
        "pa": 318,
        "ops": 0.618,
        "avg": 0.218,
        "obp": 0.302,
        "slg": 0.316,
        "rbi": 34,
        "sb": 0,
        "hr": 5
      },
      {
        "name": "최주환",
        "year": 23,
        "team": "SSG",
        "pa": 478,
        "ops": 0.742,
        "avg": 0.235,
        "obp": 0.31,
        "slg": 0.432,
        "rbi": 63,
        "sb": 0,
        "hr": 20
      },
      {
        "name": "최지훈",
        "year": 23,
        "team": "SSG",
        "pa": 503,
        "ops": 0.672,
        "avg": 0.268,
        "obp": 0.315,
        "slg": 0.357,
        "rbi": 30,
        "sb": 21,
        "hr": 2
      },
      {
        "name": "에레디아",
        "year": 23,
        "team": "SSG",
        "pa": 523,
        "ops": 0.846,
        "avg": 0.323,
        "obp": 0.385,
        "slg": 0.461,
        "rbi": 76,
        "sb": 12,
        "hr": 12
      },
      {
        "name": "박성한",
        "year": 23,
        "team": "SSG",
        "pa": 529,
        "ops": 0.713,
        "avg": 0.266,
        "obp": 0.347,
        "slg": 0.366,
        "rbi": 47,
        "sb": 4,
        "hr": 9
      }
    ]
  },
  {
    "generation": 9,
    "expected_score": 5.53,
    "lineup": [
      "한유섬",
      "김성현",
      "최정",
      "박성한",
      "최주환",
      "추신수",
      "최지훈",
      "에레디아",
      "김민식"
    ],
    "player_stats": [
      {
        "name": "한유섬",
        "year": 23,
        "team": "SSG",
        "pa": 388,
        "ops": 0.748,
        "avg": 0.273,
        "obp": 0.355,
        "slg": 0.393,
        "rbi": 55,
        "sb": 2,
        "hr": 7
      },
      {
        "name": "김성현",
        "year": 23,
        "team": "SSG",
        "pa": 354,
        "ops": 0.651,
        "avg": 0.268,
        "obp": 0.328,
        "slg": 0.323,
        "rbi": 27,
        "sb": 4,
        "hr": 1
      },
      {
        "name": "최정",
        "year": 23,
        "team": "SSG",
        "pa": 552,
        "ops": 0.936,
        "avg": 0.297,
        "obp": 0.388,
        "slg": 0.548,
        "rbi": 87,
        "sb": 7,
        "hr": 29
      },
      {
        "name": "박성한",
        "year": 23,
        "team": "SSG",
        "pa": 529,
        "ops": 0.713,
        "avg": 0.266,
        "obp": 0.347,
        "slg": 0.366,
        "rbi": 47,
        "sb": 4,
        "hr": 9
      },
      {
        "name": "최주환",
        "year": 23,
        "team": "SSG",
        "pa": 478,
        "ops": 0.742,
        "avg": 0.235,
        "obp": 0.31,
        "slg": 0.432,
        "rbi": 63,
        "sb": 0,
        "hr": 20
      },
      {
        "name": "추신수",
        "year": 23,
        "team": "SSG",
        "pa": 462,
        "ops": 0.777,
        "avg": 0.254,
        "obp": 0.379,
        "slg": 0.398,
        "rbi": 41,
        "sb": 6,
        "hr": 12
      },
      {
        "name": "최지훈",
        "year": 23,
        "team": "SSG",
        "pa": 503,
        "ops": 0.672,
        "avg": 0.268,
        "obp": 0.315,
        "slg": 0.357,
        "rbi": 30,
        "sb": 21,
        "hr": 2
      },
      {
        "name": "에레디아",
        "year": 23,
        "team": "SSG",
        "pa": 523,
        "ops": 0.846,
        "avg": 0.323,
        "obp": 0.385,
        "slg": 0.461,
        "rbi": 76,
        "sb": 12,
        "hr": 12
      },
      {
        "name": "김민식",
        "year": 23,
        "team": "SSG",
        "pa": 318,
        "ops": 0.618,
        "avg": 0.218,
        "obp": 0.302,
        "slg": 0.316,
        "rbi": 34,
        "sb": 0,
        "hr": 5
      }
    ]
  },
  {
    "generation": 10,
    "expected_score": 5.625,
    "lineup": [
      "한유섬",
      "김성현",
      "추신수",
      "최정",
      "김민식",
      "최주환",
      "최지훈",
      "에레디아",
      "박성한"
    ],
    "player_stats": [
      {
        "name": "한유섬",
        "year": 23,
        "team": "SSG",
        "pa": 388,
        "ops": 0.748,
        "avg": 0.273,
        "obp": 0.355,
        "slg": 0.393,
        "rbi": 55,
        "sb": 2,
        "hr": 7
      },
      {
        "name": "김성현",
        "year": 23,
        "team": "SSG",
        "pa": 354,
        "ops": 0.651,
        "avg": 0.268,
        "obp": 0.328,
        "slg": 0.323,
        "rbi": 27,
        "sb": 4,
        "hr": 1
      },
      {
        "name": "추신수",
        "year": 23,
        "team": "SSG",
        "pa": 462,
        "ops": 0.777,
        "avg": 0.254,
        "obp": 0.379,
        "slg": 0.398,
        "rbi": 41,
        "sb": 6,
        "hr": 12
      },
      {
        "name": "최정",
        "year": 23,
        "team": "SSG",
        "pa": 552,
        "ops": 0.936,
        "avg": 0.297,
        "obp": 0.388,
        "slg": 0.548,
        "rbi": 87,
        "sb": 7,
        "hr": 29
      },
      {
        "name": "김민식",
        "year": 23,
        "team": "SSG",
        "pa": 318,
        "ops": 0.618,
        "avg": 0.218,
        "obp": 0.302,
        "slg": 0.316,
        "rbi": 34,
        "sb": 0,
        "hr": 5
      },
      {
        "name": "최주환",
        "year": 23,
        "team": "SSG",
        "pa": 478,
        "ops": 0.742,
        "avg": 0.235,
        "obp": 0.31,
        "slg": 0.432,
        "rbi": 63,
        "sb": 0,
        "hr": 20
      },
      {
        "name": "최지훈",
        "year": 23,
        "team": "SSG",
        "pa": 503,
        "ops": 0.672,
        "avg": 0.268,
        "obp": 0.315,
        "slg": 0.357,
        "rbi": 30,
        "sb": 21,
        "hr": 2
      },
      {
        "name": "에레디아",
        "year": 23,
        "team": "SSG",
        "pa": 523,
        "ops": 0.846,
        "avg": 0.323,
        "obp": 0.385,
        "slg": 0.461,
        "rbi": 76,
        "sb": 12,
        "hr": 12
      },
      {
        "name": "박성한",
        "year": 23,
        "team": "SSG",
        "pa": 529,
        "ops": 0.713,
        "avg": 0.266,
        "obp": 0.347,
        "slg": 0.366,
        "rbi": 47,
        "sb": 4,
        "hr": 9
      }
    ]
  },
  {
    "generation": 11,
    "expected_score": 5.64,
    "lineup": [
      "한유섬",
      "김성현",
      "최정",
      "추신수",
      "김민식",
      "최주환",
      "최지훈",
      "에레디아",
      "박성한"
    ],
    "player_stats": [
      {
        "name": "한유섬",
        "year": 23,
        "team": "SSG",
        "pa": 388,
        "ops": 0.748,
        "avg": 0.273,
        "obp": 0.355,
        "slg": 0.393,
        "rbi": 55,
        "sb": 2,
        "hr": 7
      },
      {
        "name": "김성현",
        "year": 23,
        "team": "SSG",
        "pa": 354,
        "ops": 0.651,
        "avg": 0.268,
        "obp": 0.328,
        "slg": 0.323,
        "rbi": 27,
        "sb": 4,
        "hr": 1
      },
      {
        "name": "최정",
        "year": 23,
        "team": "SSG",
        "pa": 552,
        "ops": 0.936,
        "avg": 0.297,
        "obp": 0.388,
        "slg": 0.548,
        "rbi": 87,
        "sb": 7,
        "hr": 29
      },
      {
        "name": "추신수",
        "year": 23,
        "team": "SSG",
        "pa": 462,
        "ops": 0.777,
        "avg": 0.254,
        "obp": 0.379,
        "slg": 0.398,
        "rbi": 41,
        "sb": 6,
        "hr": 12
      },
      {
        "name": "김민식",
        "year": 23,
        "team": "SSG",
        "pa": 318,
        "ops": 0.618,
        "avg": 0.218,
        "obp": 0.302,
        "slg": 0.316,
        "rbi": 34,
        "sb": 0,
        "hr": 5
      },
      {
        "name": "최주환",
        "year": 23,
        "team": "SSG",
        "pa": 478,
        "ops": 0.742,
        "avg": 0.235,
        "obp": 0.31,
        "slg": 0.432,
        "rbi": 63,
        "sb": 0,
        "hr": 20
      },
      {
        "name": "최지훈",
        "year": 23,
        "team": "SSG",
        "pa": 503,
        "ops": 0.672,
        "avg": 0.268,
        "obp": 0.315,
        "slg": 0.357,
        "rbi": 30,
        "sb": 21,
        "hr": 2
      },
      {
        "name": "에레디아",
        "year": 23,
        "team": "SSG",
        "pa": 523,
        "ops": 0.846,
        "avg": 0.323,
        "obp": 0.385,
        "slg": 0.461,
        "rbi": 76,
        "sb": 12,
        "hr": 12
      },
      {
        "name": "박성한",
        "year": 23,
        "team": "SSG",
        "pa": 529,
        "ops": 0.713,
        "avg": 0.266,
        "obp": 0.347,
        "slg": 0.366,
        "rbi": 47,
        "sb": 4,
        "hr": 9
      }
    ]
  },
  {
    "generation": 12,
    "expected_score": 5.735,
    "lineup": [
      "한유섬",
      "김성현",
      "최정",
      "추신수",
      "김민식",
      "최주환",
      "최지훈",
      "에레디아",
      "박성한"
    ],
    "player_stats": [
      {
        "name": "한유섬",
        "year": 23,
        "team": "SSG",
        "pa": 388,
        "ops": 0.748,
        "avg": 0.273,
        "obp": 0.355,
        "slg": 0.393,
        "rbi": 55,
        "sb": 2,
        "hr": 7
      },
      {
        "name": "김성현",
        "year": 23,
        "team": "SSG",
        "pa": 354,
        "ops": 0.651,
        "avg": 0.268,
        "obp": 0.328,
        "slg": 0.323,
        "rbi": 27,
        "sb": 4,
        "hr": 1
      },
      {
        "name": "최정",
        "year": 23,
        "team": "SSG",
        "pa": 552,
        "ops": 0.936,
        "avg": 0.297,
        "obp": 0.388,
        "slg": 0.548,
        "rbi": 87,
        "sb": 7,
        "hr": 29
      },
      {
        "name": "추신수",
        "year": 23,
        "team": "SSG",
        "pa": 462,
        "ops": 0.777,
        "avg": 0.254,
        "obp": 0.379,
        "slg": 0.398,
        "rbi": 41,
        "sb": 6,
        "hr": 12
      },
      {
        "name": "김민식",
        "year": 23,
        "team": "SSG",
        "pa": 318,
        "ops": 0.618,
        "avg": 0.218,
        "obp": 0.302,
        "slg": 0.316,
        "rbi": 34,
        "sb": 0,
        "hr": 5
      },
      {
        "name": "최주환",
        "year": 23,
        "team": "SSG",
        "pa": 478,
        "ops": 0.742,
        "avg": 0.235,
        "obp": 0.31,
        "slg": 0.432,
        "rbi": 63,
        "sb": 0,
        "hr": 20
      },
      {
        "name": "최지훈",
        "year": 23,
        "team": "SSG",
        "pa": 503,
        "ops": 0.672,
        "avg": 0.268,
        "obp": 0.315,
        "slg": 0.357,
        "rbi": 30,
        "sb": 21,
        "hr": 2
      },
      {
        "name": "에레디아",
        "year": 23,
        "team": "SSG",
        "pa": 523,
        "ops": 0.846,
        "avg": 0.323,
        "obp": 0.385,
        "slg": 0.461,
        "rbi": 76,
        "sb": 12,
        "hr": 12
      },
      {
        "name": "박성한",
        "year": 23,
        "team": "SSG",
        "pa": 529,
        "ops": 0.713,
        "avg": 0.266,
        "obp": 0.347,
        "slg": 0.366,
        "rbi": 47,
        "sb": 4,
        "hr": 9
      }
    ]
  },
  {
    "generation": 13,
    "expected_score": 5.635,
    "lineup": [
      "한유섬",
      "김성현",
      "추신수",
      "최주환",
      "박성한",
      "최정",
      "김민식",
      "최지훈",
      "에레디아"
    ],
    "player_stats": [
      {
        "name": "한유섬",
        "year": 23,
        "team": "SSG",
        "pa": 388,
        "ops": 0.748,
        "avg": 0.273,
        "obp": 0.355,
        "slg": 0.393,
        "rbi": 55,
        "sb": 2,
        "hr": 7
      },
      {
        "name": "김성현",
        "year": 23,
        "team": "SSG",
        "pa": 354,
        "ops": 0.651,
        "avg": 0.268,
        "obp": 0.328,
        "slg": 0.323,
        "rbi": 27,
        "sb": 4,
        "hr": 1
      },
      {
        "name": "추신수",
        "year": 23,
        "team": "SSG",
        "pa": 462,
        "ops": 0.777,
        "avg": 0.254,
        "obp": 0.379,
        "slg": 0.398,
        "rbi": 41,
        "sb": 6,
        "hr": 12
      },
      {
        "name": "최주환",
        "year": 23,
        "team": "SSG",
        "pa": 478,
        "ops": 0.742,
        "avg": 0.235,
        "obp": 0.31,
        "slg": 0.432,
        "rbi": 63,
        "sb": 0,
        "hr": 20
      },
      {
        "name": "박성한",
        "year": 23,
        "team": "SSG",
        "pa": 529,
        "ops": 0.713,
        "avg": 0.266,
        "obp": 0.347,
        "slg": 0.366,
        "rbi": 47,
        "sb": 4,
        "hr": 9
      },
      {
        "name": "최정",
        "year": 23,
        "team": "SSG",
        "pa": 552,
        "ops": 0.936,
        "avg": 0.297,
        "obp": 0.388,
        "slg": 0.548,
        "rbi": 87,
        "sb": 7,
        "hr": 29
      },
      {
        "name": "김민식",
        "year": 23,
        "team": "SSG",
        "pa": 318,
        "ops": 0.618,
        "avg": 0.218,
        "obp": 0.302,
        "slg": 0.316,
        "rbi": 34,
        "sb": 0,
        "hr": 5
      },
      {
        "name": "최지훈",
        "year": 23,
        "team": "SSG",
        "pa": 503,
        "ops": 0.672,
        "avg": 0.268,
        "obp": 0.315,
        "slg": 0.357,
        "rbi": 30,
        "sb": 21,
        "hr": 2
      },
      {
        "name": "에레디아",
        "year": 23,
        "team": "SSG",
        "pa": 523,
        "ops": 0.846,
        "avg": 0.323,
        "obp": 0.385,
        "slg": 0.461,
        "rbi": 76,
        "sb": 12,
        "hr": 12
      }
    ]
  },
  {
    "generation": 14,
    "expected_score": 5.605,
    "lineup": [
      "한유섬",
      "김성현",
      "최주환",
      "추신수",
      "김민식",
      "최정",
      "최지훈",
      "에레디아",
      "박성한"
    ],
    "player_stats": [
      {
        "name": "한유섬",
        "year": 23,
        "team": "SSG",
        "pa": 388,
        "ops": 0.748,
        "avg": 0.273,
        "obp": 0.355,
        "slg": 0.393,
        "rbi": 55,
        "sb": 2,
        "hr": 7
      },
      {
        "name": "김성현",
        "year": 23,
        "team": "SSG",
        "pa": 354,
        "ops": 0.651,
        "avg": 0.268,
        "obp": 0.328,
        "slg": 0.323,
        "rbi": 27,
        "sb": 4,
        "hr": 1
      },
      {
        "name": "최주환",
        "year": 23,
        "team": "SSG",
        "pa": 478,
        "ops": 0.742,
        "avg": 0.235,
        "obp": 0.31,
        "slg": 0.432,
        "rbi": 63,
        "sb": 0,
        "hr": 20
      },
      {
        "name": "추신수",
        "year": 23,
        "team": "SSG",
        "pa": 462,
        "ops": 0.777,
        "avg": 0.254,
        "obp": 0.379,
        "slg": 0.398,
        "rbi": 41,
        "sb": 6,
        "hr": 12
      },
      {
        "name": "김민식",
        "year": 23,
        "team": "SSG",
        "pa": 318,
        "ops": 0.618,
        "avg": 0.218,
        "obp": 0.302,
        "slg": 0.316,
        "rbi": 34,
        "sb": 0,
        "hr": 5
      },
      {
        "name": "최정",
        "year": 23,
        "team": "SSG",
        "pa": 552,
        "ops": 0.936,
        "avg": 0.297,
        "obp": 0.388,
        "slg": 0.548,
        "rbi": 87,
        "sb": 7,
        "hr": 29
      },
      {
        "name": "최지훈",
        "year": 23,
        "team": "SSG",
        "pa": 503,
        "ops": 0.672,
        "avg": 0.268,
        "obp": 0.315,
        "slg": 0.357,
        "rbi": 30,
        "sb": 21,
        "hr": 2
      },
      {
        "name": "에레디아",
        "year": 23,
        "team": "SSG",
        "pa": 523,
        "ops": 0.846,
        "avg": 0.323,
        "obp": 0.385,
        "slg": 0.461,
        "rbi": 76,
        "sb": 12,
        "hr": 12
      },
      {
        "name": "박성한",
        "year": 23,
        "team": "SSG",
        "pa": 529,
        "ops": 0.713,
        "avg": 0.266,
        "obp": 0.347,
        "slg": 0.366,
        "rbi": 47,
        "sb": 4,
        "hr": 9
      }
    ]
  },
  {
    "generation": 15,
    "expected_score": 5.78,
    "lineup": [
      "김민식",
      "김성현",
      "추신수",
      "한유섬",
      "최정",
      "최주환",
      "최지훈",
      "에레디아",
      "박성한"
    ],
    "player_stats": [
      {
        "name": "김민식",
        "year": 23,
        "team": "SSG",
        "pa": 318,
        "ops": 0.618,
        "avg": 0.218,
        "obp": 0.302,
        "slg": 0.316,
        "rbi": 34,
        "sb": 0,
        "hr": 5
      },
      {
        "name": "김성현",
        "year": 23,
        "team": "SSG",
        "pa": 354,
        "ops": 0.651,
        "avg": 0.268,
        "obp": 0.328,
        "slg": 0.323,
        "rbi": 27,
        "sb": 4,
        "hr": 1
      },
      {
        "name": "추신수",
        "year": 23,
        "team": "SSG",
        "pa": 462,
        "ops": 0.777,
        "avg": 0.254,
        "obp": 0.379,
        "slg": 0.398,
        "rbi": 41,
        "sb": 6,
        "hr": 12
      },
      {
        "name": "한유섬",
        "year": 23,
        "team": "SSG",
        "pa": 388,
        "ops": 0.748,
        "avg": 0.273,
        "obp": 0.355,
        "slg": 0.393,
        "rbi": 55,
        "sb": 2,
        "hr": 7
      },
      {
        "name": "최정",
        "year": 23,
        "team": "SSG",
        "pa": 552,
        "ops": 0.936,
        "avg": 0.297,
        "obp": 0.388,
        "slg": 0.548,
        "rbi": 87,
        "sb": 7,
        "hr": 29
      },
      {
        "name": "최주환",
        "year": 23,
        "team": "SSG",
        "pa": 478,
        "ops": 0.742,
        "avg": 0.235,
        "obp": 0.31,
        "slg": 0.432,
        "rbi": 63,
        "sb": 0,
        "hr": 20
      },
      {
        "name": "최지훈",
        "year": 23,
        "team": "SSG",
        "pa": 503,
        "ops": 0.672,
        "avg": 0.268,
        "obp": 0.315,
        "slg": 0.357,
        "rbi": 30,
        "sb": 21,
        "hr": 2
      },
      {
        "name": "에레디아",
        "year": 23,
        "team": "SSG",
        "pa": 523,
        "ops": 0.846,
        "avg": 0.323,
        "obp": 0.385,
        "slg": 0.461,
        "rbi": 76,
        "sb": 12,
        "hr": 12
      },
      {
        "name": "박성한",
        "year": 23,
        "team": "SSG",
        "pa": 529,
        "ops": 0.713,
        "avg": 0.266,
        "obp": 0.347,
        "slg": 0.366,
        "rbi": 47,
        "sb": 4,
        "hr": 9
      }
    ]
  },
  {
    "generation": 16,
    "expected_score": 5.655,
    "lineup": [
      "한유섬",
      "추신수",
      "김성현",
      "최정",
      "김민식",
      "박성한",
      "최주환",
      "최지훈",
      "에레디아"
    ],
    "player_stats": [
      {
        "name": "한유섬",
        "year": 23,
        "team": "SSG",
        "pa": 388,
        "ops": 0.748,
        "avg": 0.273,
        "obp": 0.355,
        "slg": 0.393,
        "rbi": 55,
        "sb": 2,
        "hr": 7
      },
      {
        "name": "추신수",
        "year": 23,
        "team": "SSG",
        "pa": 462,
        "ops": 0.777,
        "avg": 0.254,
        "obp": 0.379,
        "slg": 0.398,
        "rbi": 41,
        "sb": 6,
        "hr": 12
      },
      {
        "name": "김성현",
        "year": 23,
        "team": "SSG",
        "pa": 354,
        "ops": 0.651,
        "avg": 0.268,
        "obp": 0.328,
        "slg": 0.323,
        "rbi": 27,
        "sb": 4,
        "hr": 1
      },
      {
        "name": "최정",
        "year": 23,
        "team": "SSG",
        "pa": 552,
        "ops": 0.936,
        "avg": 0.297,
        "obp": 0.388,
        "slg": 0.548,
        "rbi": 87,
        "sb": 7,
        "hr": 29
      },
      {
        "name": "김민식",
        "year": 23,
        "team": "SSG",
        "pa": 318,
        "ops": 0.618,
        "avg": 0.218,
        "obp": 0.302,
        "slg": 0.316,
        "rbi": 34,
        "sb": 0,
        "hr": 5
      },
      {
        "name": "박성한",
        "year": 23,
        "team": "SSG",
        "pa": 529,
        "ops": 0.713,
        "avg": 0.266,
        "obp": 0.347,
        "slg": 0.366,
        "rbi": 47,
        "sb": 4,
        "hr": 9
      },
      {
        "name": "최주환",
        "year": 23,
        "team": "SSG",
        "pa": 478,
        "ops": 0.742,
        "avg": 0.235,
        "obp": 0.31,
        "slg": 0.432,
        "rbi": 63,
        "sb": 0,
        "hr": 20
      },
      {
        "name": "최지훈",
        "year": 23,
        "team": "SSG",
        "pa": 503,
        "ops": 0.672,
        "avg": 0.268,
        "obp": 0.315,
        "slg": 0.357,
        "rbi": 30,
        "sb": 21,
        "hr": 2
      },
      {
        "name": "에레디아",
        "year": 23,
        "team": "SSG",
        "pa": 523,
        "ops": 0.846,
        "avg": 0.323,
        "obp": 0.385,
        "slg": 0.461,
        "rbi": 76,
        "sb": 12,
        "hr": 12
      }
    ]
  },
  {
    "generation": 17,
    "expected_score": 5.81,
    "lineup": [
      "추신수",
      "에레디아",
      "한유섬",
      "최정",
      "김민식",
      "박성한",
      "김성현",
      "최지훈",
      "최주환"
    ],
    "player_stats": [
      {
        "name": "추신수",
        "year": 23,
        "team": "SSG",
        "pa": 462,
        "ops": 0.777,
        "avg": 0.254,
        "obp": 0.379,
        "slg": 0.398,
        "rbi": 41,
        "sb": 6,
        "hr": 12
      },
      {
        "name": "에레디아",
        "year": 23,
        "team": "SSG",
        "pa": 523,
        "ops": 0.846,
        "avg": 0.323,
        "obp": 0.385,
        "slg": 0.461,
        "rbi": 76,
        "sb": 12,
        "hr": 12
      },
      {
        "name": "한유섬",
        "year": 23,
        "team": "SSG",
        "pa": 388,
        "ops": 0.748,
        "avg": 0.273,
        "obp": 0.355,
        "slg": 0.393,
        "rbi": 55,
        "sb": 2,
        "hr": 7
      },
      {
        "name": "최정",
        "year": 23,
        "team": "SSG",
        "pa": 552,
        "ops": 0.936,
        "avg": 0.297,
        "obp": 0.388,
        "slg": 0.548,
        "rbi": 87,
        "sb": 7,
        "hr": 29
      },
      {
        "name": "김민식",
        "year": 23,
        "team": "SSG",
        "pa": 318,
        "ops": 0.618,
        "avg": 0.218,
        "obp": 0.302,
        "slg": 0.316,
        "rbi": 34,
        "sb": 0,
        "hr": 5
      },
      {
        "name": "박성한",
        "year": 23,
        "team": "SSG",
        "pa": 529,
        "ops": 0.713,
        "avg": 0.266,
        "obp": 0.347,
        "slg": 0.366,
        "rbi": 47,
        "sb": 4,
        "hr": 9
      },
      {
        "name": "김성현",
        "year": 23,
        "team": "SSG",
        "pa": 354,
        "ops": 0.651,
        "avg": 0.268,
        "obp": 0.328,
        "slg": 0.323,
        "rbi": 27,
        "sb": 4,
        "hr": 1
      },
      {
        "name": "최지훈",
        "year": 23,
        "team": "SSG",
        "pa": 503,
        "ops": 0.672,
        "avg": 0.268,
        "obp": 0.315,
        "slg": 0.357,
        "rbi": 30,
        "sb": 21,
        "hr": 2
      },
      {
        "name": "최주환",
        "year": 23,
        "team": "SSG",
        "pa": 478,
        "ops": 0.742,
        "avg": 0.235,
        "obp": 0.31,
        "slg": 0.432,
        "rbi": 63,
        "sb": 0,
        "hr": 20
      }
    ]
  },
  {
    "generation": 18,
    "expected_score": 5.765,
    "lineup": [
      "한유섬",
      "최정",
      "추신수",
      "김민식",
      "박성한",
      "최주환",
      "김성현",
      "최지훈",
      "에레디아"
    ],
    "player_stats": [
      {
        "name": "한유섬",
        "year": 23,
        "team": "SSG",
        "pa": 388,
        "ops": 0.748,
        "avg": 0.273,
        "obp": 0.355,
        "slg": 0.393,
        "rbi": 55,
        "sb": 2,
        "hr": 7
      },
      {
        "name": "최정",
        "year": 23,
        "team": "SSG",
        "pa": 552,
        "ops": 0.936,
        "avg": 0.297,
        "obp": 0.388,
        "slg": 0.548,
        "rbi": 87,
        "sb": 7,
        "hr": 29
      },
      {
        "name": "추신수",
        "year": 23,
        "team": "SSG",
        "pa": 462,
        "ops": 0.777,
        "avg": 0.254,
        "obp": 0.379,
        "slg": 0.398,
        "rbi": 41,
        "sb": 6,
        "hr": 12
      },
      {
        "name": "김민식",
        "year": 23,
        "team": "SSG",
        "pa": 318,
        "ops": 0.618,
        "avg": 0.218,
        "obp": 0.302,
        "slg": 0.316,
        "rbi": 34,
        "sb": 0,
        "hr": 5
      },
      {
        "name": "박성한",
        "year": 23,
        "team": "SSG",
        "pa": 529,
        "ops": 0.713,
        "avg": 0.266,
        "obp": 0.347,
        "slg": 0.366,
        "rbi": 47,
        "sb": 4,
        "hr": 9
      },
      {
        "name": "최주환",
        "year": 23,
        "team": "SSG",
        "pa": 478,
        "ops": 0.742,
        "avg": 0.235,
        "obp": 0.31,
        "slg": 0.432,
        "rbi": 63,
        "sb": 0,
        "hr": 20
      },
      {
        "name": "김성현",
        "year": 23,
        "team": "SSG",
        "pa": 354,
        "ops": 0.651,
        "avg": 0.268,
        "obp": 0.328,
        "slg": 0.323,
        "rbi": 27,
        "sb": 4,
        "hr": 1
      },
      {
        "name": "최지훈",
        "year": 23,
        "team": "SSG",
        "pa": 503,
        "ops": 0.672,
        "avg": 0.268,
        "obp": 0.315,
        "slg": 0.357,
        "rbi": 30,
        "sb": 21,
        "hr": 2
      },
      {
        "name": "에레디아",
        "year": 23,
        "team": "SSG",
        "pa": 523,
        "ops": 0.846,
        "avg": 0.323,
        "obp": 0.385,
        "slg": 0.461,
        "rbi": 76,
        "sb": 12,
        "hr": 12
      }
    ]
  },
  {
    "generation": 19,
    "expected_score": 5.8,
    "lineup": [
      "한유섬",
      "추신수",
      "김성현",
      "최정",
      "최주환",
      "최지훈",
      "김민식",
      "에레디아",
      "박성한"
    ],
    "player_stats": [
      {
        "name": "한유섬",
        "year": 23,
        "team": "SSG",
        "pa": 388,
        "ops": 0.748,
        "avg": 0.273,
        "obp": 0.355,
        "slg": 0.393,
        "rbi": 55,
        "sb": 2,
        "hr": 7
      },
      {
        "name": "추신수",
        "year": 23,
        "team": "SSG",
        "pa": 462,
        "ops": 0.777,
        "avg": 0.254,
        "obp": 0.379,
        "slg": 0.398,
        "rbi": 41,
        "sb": 6,
        "hr": 12
      },
      {
        "name": "김성현",
        "year": 23,
        "team": "SSG",
        "pa": 354,
        "ops": 0.651,
        "avg": 0.268,
        "obp": 0.328,
        "slg": 0.323,
        "rbi": 27,
        "sb": 4,
        "hr": 1
      },
      {
        "name": "최정",
        "year": 23,
        "team": "SSG",
        "pa": 552,
        "ops": 0.936,
        "avg": 0.297,
        "obp": 0.388,
        "slg": 0.548,
        "rbi": 87,
        "sb": 7,
        "hr": 29
      },
      {
        "name": "최주환",
        "year": 23,
        "team": "SSG",
        "pa": 478,
        "ops": 0.742,
        "avg": 0.235,
        "obp": 0.31,
        "slg": 0.432,
        "rbi": 63,
        "sb": 0,
        "hr": 20
      },
      {
        "name": "최지훈",
        "year": 23,
        "team": "SSG",
        "pa": 503,
        "ops": 0.672,
        "avg": 0.268,
        "obp": 0.315,
        "slg": 0.357,
        "rbi": 30,
        "sb": 21,
        "hr": 2
      },
      {
        "name": "김민식",
        "year": 23,
        "team": "SSG",
        "pa": 318,
        "ops": 0.618,
        "avg": 0.218,
        "obp": 0.302,
        "slg": 0.316,
        "rbi": 34,
        "sb": 0,
        "hr": 5
      },
      {
        "name": "에레디아",
        "year": 23,
        "team": "SSG",
        "pa": 523,
        "ops": 0.846,
        "avg": 0.323,
        "obp": 0.385,
        "slg": 0.461,
        "rbi": 76,
        "sb": 12,
        "hr": 12
      },
      {
        "name": "박성한",
        "year": 23,
        "team": "SSG",
        "pa": 529,
        "ops": 0.713,
        "avg": 0.266,
        "obp": 0.347,
        "slg": 0.366,
        "rbi": 47,
        "sb": 4,
        "hr": 9
      }
    ]
  },
  {
    "generation": 20,
    "expected_score": 5.765,
    "lineup": [
      "한유섬",
      "추신수",
      "김성현",
      "최정",
      "최주환",
      "김민식",
      "박성한",
      "최지훈",
      "에레디아"
    ],
    "player_stats": [
      {
        "name": "한유섬",
        "year": 23,
        "team": "SSG",
        "pa": 388,
        "ops": 0.748,
        "avg": 0.273,
        "obp": 0.355,
        "slg": 0.393,
        "rbi": 55,
        "sb": 2,
        "hr": 7
      },
      {
        "name": "추신수",
        "year": 23,
        "team": "SSG",
        "pa": 462,
        "ops": 0.777,
        "avg": 0.254,
        "obp": 0.379,
        "slg": 0.398,
        "rbi": 41,
        "sb": 6,
        "hr": 12
      },
      {
        "name": "김성현",
        "year": 23,
        "team": "SSG",
        "pa": 354,
        "ops": 0.651,
        "avg": 0.268,
        "obp": 0.328,
        "slg": 0.323,
        "rbi": 27,
        "sb": 4,
        "hr": 1
      },
      {
        "name": "최정",
        "year": 23,
        "team": "SSG",
        "pa": 552,
        "ops": 0.936,
        "avg": 0.297,
        "obp": 0.388,
        "slg": 0.548,
        "rbi": 87,
        "sb": 7,
        "hr": 29
      },
      {
        "name": "최주환",
        "year": 23,
        "team": "SSG",
        "pa": 478,
        "ops": 0.742,
        "avg": 0.235,
        "obp": 0.31,
        "slg": 0.432,
        "rbi": 63,
        "sb": 0,
        "hr": 20
      },
      {
        "name": "김민식",
        "year": 23,
        "team": "SSG",
        "pa": 318,
        "ops": 0.618,
        "avg": 0.218,
        "obp": 0.302,
        "slg": 0.316,
        "rbi": 34,
        "sb": 0,
        "hr": 5
      },
      {
        "name": "박성한",
        "year": 23,
        "team": "SSG",
        "pa": 529,
        "ops": 0.713,
        "avg": 0.266,
        "obp": 0.347,
        "slg": 0.366,
        "rbi": 47,
        "sb": 4,
        "hr": 9
      },
      {
        "name": "최지훈",
        "year": 23,
        "team": "SSG",
        "pa": 503,
        "ops": 0.672,
        "avg": 0.268,
        "obp": 0.315,
        "slg": 0.357,
        "rbi": 30,
        "sb": 21,
        "hr": 2
      },
      {
        "name": "에레디아",
        "year": 23,
        "team": "SSG",
        "pa": 523,
        "ops": 0.846,
        "avg": 0.323,
        "obp": 0.385,
        "slg": 0.461,
        "rbi": 76,
        "sb": 12,
        "hr": 12
      }
    ]
  },
  {
    "generation": 21,
    "expected_score": 5.595,
    "lineup": [
      "한유섬",
      "최정",
      "추신수",
      "최주환",
      "김민식",
      "박성한",
      "김성현",
      "에레디아",
      "최지훈"
    ],
    "player_stats": [
      {
        "name": "한유섬",
        "year": 23,
        "team": "SSG",
        "pa": 388,
        "ops": 0.748,
        "avg": 0.273,
        "obp": 0.355,
        "slg": 0.393,
        "rbi": 55,
        "sb": 2,
        "hr": 7
      },
      {
        "name": "최정",
        "year": 23,
        "team": "SSG",
        "pa": 552,
        "ops": 0.936,
        "avg": 0.297,
        "obp": 0.388,
        "slg": 0.548,
        "rbi": 87,
        "sb": 7,
        "hr": 29
      },
      {
        "name": "추신수",
        "year": 23,
        "team": "SSG",
        "pa": 462,
        "ops": 0.777,
        "avg": 0.254,
        "obp": 0.379,
        "slg": 0.398,
        "rbi": 41,
        "sb": 6,
        "hr": 12
      },
      {
        "name": "최주환",
        "year": 23,
        "team": "SSG",
        "pa": 478,
        "ops": 0.742,
        "avg": 0.235,
        "obp": 0.31,
        "slg": 0.432,
        "rbi": 63,
        "sb": 0,
        "hr": 20
      },
      {
        "name": "김민식",
        "year": 23,
        "team": "SSG",
        "pa": 318,
        "ops": 0.618,
        "avg": 0.218,
        "obp": 0.302,
        "slg": 0.316,
        "rbi": 34,
        "sb": 0,
        "hr": 5
      },
      {
        "name": "박성한",
        "year": 23,
        "team": "SSG",
        "pa": 529,
        "ops": 0.713,
        "avg": 0.266,
        "obp": 0.347,
        "slg": 0.366,
        "rbi": 47,
        "sb": 4,
        "hr": 9
      },
      {
        "name": "김성현",
        "year": 23,
        "team": "SSG",
        "pa": 354,
        "ops": 0.651,
        "avg": 0.268,
        "obp": 0.328,
        "slg": 0.323,
        "rbi": 27,
        "sb": 4,
        "hr": 1
      },
      {
        "name": "에레디아",
        "year": 23,
        "team": "SSG",
        "pa": 523,
        "ops": 0.846,
        "avg": 0.323,
        "obp": 0.385,
        "slg": 0.461,
        "rbi": 76,
        "sb": 12,
        "hr": 12
      },
      {
        "name": "최지훈",
        "year": 23,
        "team": "SSG",
        "pa": 503,
        "ops": 0.672,
        "avg": 0.268,
        "obp": 0.315,
        "slg": 0.357,
        "rbi": 30,
        "sb": 21,
        "hr": 2
      }
    ]
  },
  {
    "generation": 22,
    "expected_score": 5.745,
    "lineup": [
      "한유섬",
      "김성현",
      "추신수",
      "최정",
      "김민식",
      "최주환",
      "최지훈",
      "에레디아",
      "박성한"
    ],
    "player_stats": [
      {
        "name": "한유섬",
        "year": 23,
        "team": "SSG",
        "pa": 388,
        "ops": 0.748,
        "avg": 0.273,
        "obp": 0.355,
        "slg": 0.393,
        "rbi": 55,
        "sb": 2,
        "hr": 7
      },
      {
        "name": "김성현",
        "year": 23,
        "team": "SSG",
        "pa": 354,
        "ops": 0.651,
        "avg": 0.268,
        "obp": 0.328,
        "slg": 0.323,
        "rbi": 27,
        "sb": 4,
        "hr": 1
      },
      {
        "name": "추신수",
        "year": 23,
        "team": "SSG",
        "pa": 462,
        "ops": 0.777,
        "avg": 0.254,
        "obp": 0.379,
        "slg": 0.398,
        "rbi": 41,
        "sb": 6,
        "hr": 12
      },
      {
        "name": "최정",
        "year": 23,
        "team": "SSG",
        "pa": 552,
        "ops": 0.936,
        "avg": 0.297,
        "obp": 0.388,
        "slg": 0.548,
        "rbi": 87,
        "sb": 7,
        "hr": 29
      },
      {
        "name": "김민식",
        "year": 23,
        "team": "SSG",
        "pa": 318,
        "ops": 0.618,
        "avg": 0.218,
        "obp": 0.302,
        "slg": 0.316,
        "rbi": 34,
        "sb": 0,
        "hr": 5
      },
      {
        "name": "최주환",
        "year": 23,
        "team": "SSG",
        "pa": 478,
        "ops": 0.742,
        "avg": 0.235,
        "obp": 0.31,
        "slg": 0.432,
        "rbi": 63,
        "sb": 0,
        "hr": 20
      },
      {
        "name": "최지훈",
        "year": 23,
        "team": "SSG",
        "pa": 503,
        "ops": 0.672,
        "avg": 0.268,
        "obp": 0.315,
        "slg": 0.357,
        "rbi": 30,
        "sb": 21,
        "hr": 2
      },
      {
        "name": "에레디아",
        "year": 23,
        "team": "SSG",
        "pa": 523,
        "ops": 0.846,
        "avg": 0.323,
        "obp": 0.385,
        "slg": 0.461,
        "rbi": 76,
        "sb": 12,
        "hr": 12
      },
      {
        "name": "박성한",
        "year": 23,
        "team": "SSG",
        "pa": 529,
        "ops": 0.713,
        "avg": 0.266,
        "obp": 0.347,
        "slg": 0.366,
        "rbi": 47,
        "sb": 4,
        "hr": 9
      }
    ]
  },
  {
    "generation": 23,
    "expected_score": 5.65,
    "lineup": [
      "한유섬",
      "김성현",
      "추신수",
      "최정",
      "김민식",
      "최주환",
      "최지훈",
      "에레디아",
      "박성한"
    ],
    "player_stats": [
      {
        "name": "한유섬",
        "year": 23,
        "team": "SSG",
        "pa": 388,
        "ops": 0.748,
        "avg": 0.273,
        "obp": 0.355,
        "slg": 0.393,
        "rbi": 55,
        "sb": 2,
        "hr": 7
      },
      {
        "name": "김성현",
        "year": 23,
        "team": "SSG",
        "pa": 354,
        "ops": 0.651,
        "avg": 0.268,
        "obp": 0.328,
        "slg": 0.323,
        "rbi": 27,
        "sb": 4,
        "hr": 1
      },
      {
        "name": "추신수",
        "year": 23,
        "team": "SSG",
        "pa": 462,
        "ops": 0.777,
        "avg": 0.254,
        "obp": 0.379,
        "slg": 0.398,
        "rbi": 41,
        "sb": 6,
        "hr": 12
      },
      {
        "name": "최정",
        "year": 23,
        "team": "SSG",
        "pa": 552,
        "ops": 0.936,
        "avg": 0.297,
        "obp": 0.388,
        "slg": 0.548,
        "rbi": 87,
        "sb": 7,
        "hr": 29
      },
      {
        "name": "김민식",
        "year": 23,
        "team": "SSG",
        "pa": 318,
        "ops": 0.618,
        "avg": 0.218,
        "obp": 0.302,
        "slg": 0.316,
        "rbi": 34,
        "sb": 0,
        "hr": 5
      },
      {
        "name": "최주환",
        "year": 23,
        "team": "SSG",
        "pa": 478,
        "ops": 0.742,
        "avg": 0.235,
        "obp": 0.31,
        "slg": 0.432,
        "rbi": 63,
        "sb": 0,
        "hr": 20
      },
      {
        "name": "최지훈",
        "year": 23,
        "team": "SSG",
        "pa": 503,
        "ops": 0.672,
        "avg": 0.268,
        "obp": 0.315,
        "slg": 0.357,
        "rbi": 30,
        "sb": 21,
        "hr": 2
      },
      {
        "name": "에레디아",
        "year": 23,
        "team": "SSG",
        "pa": 523,
        "ops": 0.846,
        "avg": 0.323,
        "obp": 0.385,
        "slg": 0.461,
        "rbi": 76,
        "sb": 12,
        "hr": 12
      },
      {
        "name": "박성한",
        "year": 23,
        "team": "SSG",
        "pa": 529,
        "ops": 0.713,
        "avg": 0.266,
        "obp": 0.347,
        "slg": 0.366,
        "rbi": 47,
        "sb": 4,
        "hr": 9
      }
    ]
  },
  {
    "generation": 24,
    "expected_score": 5.755,
    "lineup": [
      "한유섬",
      "추신수",
      "최정",
      "최주환",
      "김민식",
      "김성현",
      "최지훈",
      "에레디아",
      "박성한"
    ],
    "player_stats": [
      {
        "name": "한유섬",
        "year": 23,
        "team": "SSG",
        "pa": 388,
        "ops": 0.748,
        "avg": 0.273,
        "obp": 0.355,
        "slg": 0.393,
        "rbi": 55,
        "sb": 2,
        "hr": 7
      },
      {
        "name": "추신수",
        "year": 23,
        "team": "SSG",
        "pa": 462,
        "ops": 0.777,
        "avg": 0.254,
        "obp": 0.379,
        "slg": 0.398,
        "rbi": 41,
        "sb": 6,
        "hr": 12
      },
      {
        "name": "최정",
        "year": 23,
        "team": "SSG",
        "pa": 552,
        "ops": 0.936,
        "avg": 0.297,
        "obp": 0.388,
        "slg": 0.548,
        "rbi": 87,
        "sb": 7,
        "hr": 29
      },
      {
        "name": "최주환",
        "year": 23,
        "team": "SSG",
        "pa": 478,
        "ops": 0.742,
        "avg": 0.235,
        "obp": 0.31,
        "slg": 0.432,
        "rbi": 63,
        "sb": 0,
        "hr": 20
      },
      {
        "name": "김민식",
        "year": 23,
        "team": "SSG",
        "pa": 318,
        "ops": 0.618,
        "avg": 0.218,
        "obp": 0.302,
        "slg": 0.316,
        "rbi": 34,
        "sb": 0,
        "hr": 5
      },
      {
        "name": "김성현",
        "year": 23,
        "team": "SSG",
        "pa": 354,
        "ops": 0.651,
        "avg": 0.268,
        "obp": 0.328,
        "slg": 0.323,
        "rbi": 27,
        "sb": 4,
        "hr": 1
      },
      {
        "name": "최지훈",
        "year": 23,
        "team": "SSG",
        "pa": 503,
        "ops": 0.672,
        "avg": 0.268,
        "obp": 0.315,
        "slg": 0.357,
        "rbi": 30,
        "sb": 21,
        "hr": 2
      },
      {
        "name": "에레디아",
        "year": 23,
        "team": "SSG",
        "pa": 523,
        "ops": 0.846,
        "avg": 0.323,
        "obp": 0.385,
        "slg": 0.461,
        "rbi": 76,
        "sb": 12,
        "hr": 12
      },
      {
        "name": "박성한",
        "year": 23,
        "team": "SSG",
        "pa": 529,
        "ops": 0.713,
        "avg": 0.266,
        "obp": 0.347,
        "slg": 0.366,
        "rbi": 47,
        "sb": 4,
        "hr": 9
      }
    ]
  },
  {
    "generation": 25,
    "expected_score": 5.525,
    "lineup": [
      "한유섬",
      "김성현",
      "박성한",
      "최정",
      "최주환",
      "김민식",
      "최지훈",
      "추신수",
      "에레디아"
    ],
    "player_stats": [
      {
        "name": "한유섬",
        "year": 23,
        "team": "SSG",
        "pa": 388,
        "ops": 0.748,
        "avg": 0.273,
        "obp": 0.355,
        "slg": 0.393,
        "rbi": 55,
        "sb": 2,
        "hr": 7
      },
      {
        "name": "김성현",
        "year": 23,
        "team": "SSG",
        "pa": 354,
        "ops": 0.651,
        "avg": 0.268,
        "obp": 0.328,
        "slg": 0.323,
        "rbi": 27,
        "sb": 4,
        "hr": 1
      },
      {
        "name": "박성한",
        "year": 23,
        "team": "SSG",
        "pa": 529,
        "ops": 0.713,
        "avg": 0.266,
        "obp": 0.347,
        "slg": 0.366,
        "rbi": 47,
        "sb": 4,
        "hr": 9
      },
      {
        "name": "최정",
        "year": 23,
        "team": "SSG",
        "pa": 552,
        "ops": 0.936,
        "avg": 0.297,
        "obp": 0.388,
        "slg": 0.548,
        "rbi": 87,
        "sb": 7,
        "hr": 29
      },
      {
        "name": "최주환",
        "year": 23,
        "team": "SSG",
        "pa": 478,
        "ops": 0.742,
        "avg": 0.235,
        "obp": 0.31,
        "slg": 0.432,
        "rbi": 63,
        "sb": 0,
        "hr": 20
      },
      {
        "name": "김민식",
        "year": 23,
        "team": "SSG",
        "pa": 318,
        "ops": 0.618,
        "avg": 0.218,
        "obp": 0.302,
        "slg": 0.316,
        "rbi": 34,
        "sb": 0,
        "hr": 5
      },
      {
        "name": "최지훈",
        "year": 23,
        "team": "SSG",
        "pa": 503,
        "ops": 0.672,
        "avg": 0.268,
        "obp": 0.315,
        "slg": 0.357,
        "rbi": 30,
        "sb": 21,
        "hr": 2
      },
      {
        "name": "추신수",
        "year": 23,
        "team": "SSG",
        "pa": 462,
        "ops": 0.777,
        "avg": 0.254,
        "obp": 0.379,
        "slg": 0.398,
        "rbi": 41,
        "sb": 6,
        "hr": 12
      },
      {
        "name": "에레디아",
        "year": 23,
        "team": "SSG",
        "pa": 523,
        "ops": 0.846,
        "avg": 0.323,
        "obp": 0.385,
        "slg": 0.461,
        "rbi": 76,
        "sb": 12,
        "hr": 12
      }
    ]
  },
  {
    "generation": 26,
    "expected_score": 5.76,
    "lineup": [
      "한유섬",
      "추신수",
      "최정",
      "최주환",
      "김민식",
      "김성현",
      "최지훈",
      "박성한",
      "에레디아"
    ],
    "player_stats": [
      {
        "name": "한유섬",
        "year": 23,
        "team": "SSG",
        "pa": 388,
        "ops": 0.748,
        "avg": 0.273,
        "obp": 0.355,
        "slg": 0.393,
        "rbi": 55,
        "sb": 2,
        "hr": 7
      },
      {
        "name": "추신수",
        "year": 23,
        "team": "SSG",
        "pa": 462,
        "ops": 0.777,
        "avg": 0.254,
        "obp": 0.379,
        "slg": 0.398,
        "rbi": 41,
        "sb": 6,
        "hr": 12
      },
      {
        "name": "최정",
        "year": 23,
        "team": "SSG",
        "pa": 552,
        "ops": 0.936,
        "avg": 0.297,
        "obp": 0.388,
        "slg": 0.548,
        "rbi": 87,
        "sb": 7,
        "hr": 29
      },
      {
        "name": "최주환",
        "year": 23,
        "team": "SSG",
        "pa": 478,
        "ops": 0.742,
        "avg": 0.235,
        "obp": 0.31,
        "slg": 0.432,
        "rbi": 63,
        "sb": 0,
        "hr": 20
      },
      {
        "name": "김민식",
        "year": 23,
        "team": "SSG",
        "pa": 318,
        "ops": 0.618,
        "avg": 0.218,
        "obp": 0.302,
        "slg": 0.316,
        "rbi": 34,
        "sb": 0,
        "hr": 5
      },
      {
        "name": "김성현",
        "year": 23,
        "team": "SSG",
        "pa": 354,
        "ops": 0.651,
        "avg": 0.268,
        "obp": 0.328,
        "slg": 0.323,
        "rbi": 27,
        "sb": 4,
        "hr": 1
      },
      {
        "name": "최지훈",
        "year": 23,
        "team": "SSG",
        "pa": 503,
        "ops": 0.672,
        "avg": 0.268,
        "obp": 0.315,
        "slg": 0.357,
        "rbi": 30,
        "sb": 21,
        "hr": 2
      },
      {
        "name": "박성한",
        "year": 23,
        "team": "SSG",
        "pa": 529,
        "ops": 0.713,
        "avg": 0.266,
        "obp": 0.347,
        "slg": 0.366,
        "rbi": 47,
        "sb": 4,
        "hr": 9
      },
      {
        "name": "에레디아",
        "year": 23,
        "team": "SSG",
        "pa": 523,
        "ops": 0.846,
        "avg": 0.323,
        "obp": 0.385,
        "slg": 0.461,
        "rbi": 76,
        "sb": 12,
        "hr": 12
      }
    ]
  },
  {
    "generation": 27,
    "expected_score": 5.68,
    "lineup": [
      "한유섬",
      "추신수",
      "최정",
      "김성현",
      "김민식",
      "최주환",
      "최지훈",
      "에레디아",
      "박성한"
    ],
    "player_stats": [
      {
        "name": "한유섬",
        "year": 23,
        "team": "SSG",
        "pa": 388,
        "ops": 0.748,
        "avg": 0.273,
        "obp": 0.355,
        "slg": 0.393,
        "rbi": 55,
        "sb": 2,
        "hr": 7
      },
      {
        "name": "추신수",
        "year": 23,
        "team": "SSG",
        "pa": 462,
        "ops": 0.777,
        "avg": 0.254,
        "obp": 0.379,
        "slg": 0.398,
        "rbi": 41,
        "sb": 6,
        "hr": 12
      },
      {
        "name": "최정",
        "year": 23,
        "team": "SSG",
        "pa": 552,
        "ops": 0.936,
        "avg": 0.297,
        "obp": 0.388,
        "slg": 0.548,
        "rbi": 87,
        "sb": 7,
        "hr": 29
      },
      {
        "name": "김성현",
        "year": 23,
        "team": "SSG",
        "pa": 354,
        "ops": 0.651,
        "avg": 0.268,
        "obp": 0.328,
        "slg": 0.323,
        "rbi": 27,
        "sb": 4,
        "hr": 1
      },
      {
        "name": "김민식",
        "year": 23,
        "team": "SSG",
        "pa": 318,
        "ops": 0.618,
        "avg": 0.218,
        "obp": 0.302,
        "slg": 0.316,
        "rbi": 34,
        "sb": 0,
        "hr": 5
      },
      {
        "name": "최주환",
        "year": 23,
        "team": "SSG",
        "pa": 478,
        "ops": 0.742,
        "avg": 0.235,
        "obp": 0.31,
        "slg": 0.432,
        "rbi": 63,
        "sb": 0,
        "hr": 20
      },
      {
        "name": "최지훈",
        "year": 23,
        "team": "SSG",
        "pa": 503,
        "ops": 0.672,
        "avg": 0.268,
        "obp": 0.315,
        "slg": 0.357,
        "rbi": 30,
        "sb": 21,
        "hr": 2
      },
      {
        "name": "에레디아",
        "year": 23,
        "team": "SSG",
        "pa": 523,
        "ops": 0.846,
        "avg": 0.323,
        "obp": 0.385,
        "slg": 0.461,
        "rbi": 76,
        "sb": 12,
        "hr": 12
      },
      {
        "name": "박성한",
        "year": 23,
        "team": "SSG",
        "pa": 529,
        "ops": 0.713,
        "avg": 0.266,
        "obp": 0.347,
        "slg": 0.366,
        "rbi": 47,
        "sb": 4,
        "hr": 9
      }
    ]
  },
  {
    "generation": 28,
    "expected_score": 5.635,
    "lineup": [
      "한유섬",
      "김성현",
      "최정",
      "추신수",
      "김민식",
      "최주환",
      "최지훈",
      "에레디아",
      "박성한"
    ],
    "player_stats": [
      {
        "name": "한유섬",
        "year": 23,
        "team": "SSG",
        "pa": 388,
        "ops": 0.748,
        "avg": 0.273,
        "obp": 0.355,
        "slg": 0.393,
        "rbi": 55,
        "sb": 2,
        "hr": 7
      },
      {
        "name": "김성현",
        "year": 23,
        "team": "SSG",
        "pa": 354,
        "ops": 0.651,
        "avg": 0.268,
        "obp": 0.328,
        "slg": 0.323,
        "rbi": 27,
        "sb": 4,
        "hr": 1
      },
      {
        "name": "최정",
        "year": 23,
        "team": "SSG",
        "pa": 552,
        "ops": 0.936,
        "avg": 0.297,
        "obp": 0.388,
        "slg": 0.548,
        "rbi": 87,
        "sb": 7,
        "hr": 29
      },
      {
        "name": "추신수",
        "year": 23,
        "team": "SSG",
        "pa": 462,
        "ops": 0.777,
        "avg": 0.254,
        "obp": 0.379,
        "slg": 0.398,
        "rbi": 41,
        "sb": 6,
        "hr": 12
      },
      {
        "name": "김민식",
        "year": 23,
        "team": "SSG",
        "pa": 318,
        "ops": 0.618,
        "avg": 0.218,
        "obp": 0.302,
        "slg": 0.316,
        "rbi": 34,
        "sb": 0,
        "hr": 5
      },
      {
        "name": "최주환",
        "year": 23,
        "team": "SSG",
        "pa": 478,
        "ops": 0.742,
        "avg": 0.235,
        "obp": 0.31,
        "slg": 0.432,
        "rbi": 63,
        "sb": 0,
        "hr": 20
      },
      {
        "name": "최지훈",
        "year": 23,
        "team": "SSG",
        "pa": 503,
        "ops": 0.672,
        "avg": 0.268,
        "obp": 0.315,
        "slg": 0.357,
        "rbi": 30,
        "sb": 21,
        "hr": 2
      },
      {
        "name": "에레디아",
        "year": 23,
        "team": "SSG",
        "pa": 523,
        "ops": 0.846,
        "avg": 0.323,
        "obp": 0.385,
        "slg": 0.461,
        "rbi": 76,
        "sb": 12,
        "hr": 12
      },
      {
        "name": "박성한",
        "year": 23,
        "team": "SSG",
        "pa": 529,
        "ops": 0.713,
        "avg": 0.266,
        "obp": 0.347,
        "slg": 0.366,
        "rbi": 47,
        "sb": 4,
        "hr": 9
      }
    ]
  },
  {
    "generation": 29,
    "expected_score": 5.6,
    "lineup": [
      "한유섬",
      "추신수",
      "최정",
      "김성현",
      "최주환",
      "박성한",
      "최지훈",
      "김민식",
      "에레디아"
    ],
    "player_stats": [
      {
        "name": "한유섬",
        "year": 23,
        "team": "SSG",
        "pa": 388,
        "ops": 0.748,
        "avg": 0.273,
        "obp": 0.355,
        "slg": 0.393,
        "rbi": 55,
        "sb": 2,
        "hr": 7
      },
      {
        "name": "추신수",
        "year": 23,
        "team": "SSG",
        "pa": 462,
        "ops": 0.777,
        "avg": 0.254,
        "obp": 0.379,
        "slg": 0.398,
        "rbi": 41,
        "sb": 6,
        "hr": 12
      },
      {
        "name": "최정",
        "year": 23,
        "team": "SSG",
        "pa": 552,
        "ops": 0.936,
        "avg": 0.297,
        "obp": 0.388,
        "slg": 0.548,
        "rbi": 87,
        "sb": 7,
        "hr": 29
      },
      {
        "name": "김성현",
        "year": 23,
        "team": "SSG",
        "pa": 354,
        "ops": 0.651,
        "avg": 0.268,
        "obp": 0.328,
        "slg": 0.323,
        "rbi": 27,
        "sb": 4,
        "hr": 1
      },
      {
        "name": "최주환",
        "year": 23,
        "team": "SSG",
        "pa": 478,
        "ops": 0.742,
        "avg": 0.235,
        "obp": 0.31,
        "slg": 0.432,
        "rbi": 63,
        "sb": 0,
        "hr": 20
      },
      {
        "name": "박성한",
        "year": 23,
        "team": "SSG",
        "pa": 529,
        "ops": 0.713,
        "avg": 0.266,
        "obp": 0.347,
        "slg": 0.366,
        "rbi": 47,
        "sb": 4,
        "hr": 9
      },
      {
        "name": "최지훈",
        "year": 23,
        "team": "SSG",
        "pa": 503,
        "ops": 0.672,
        "avg": 0.268,
        "obp": 0.315,
        "slg": 0.357,
        "rbi": 30,
        "sb": 21,
        "hr": 2
      },
      {
        "name": "김민식",
        "year": 23,
        "team": "SSG",
        "pa": 318,
        "ops": 0.618,
        "avg": 0.218,
        "obp": 0.302,
        "slg": 0.316,
        "rbi": 34,
        "sb": 0,
        "hr": 5
      },
      {
        "name": "에레디아",
        "year": 23,
        "team": "SSG",
        "pa": 523,
        "ops": 0.846,
        "avg": 0.323,
        "obp": 0.385,
        "slg": 0.461,
        "rbi": 76,
        "sb": 12,
        "hr": 12
      }
    ]
  },
  {
    "generation": 30,
    "expected_score": 5.5,
    "lineup": [
      "한유섬",
      "추신수",
      "최정",
      "김성현",
      "최주환",
      "박성한",
      "최지훈",
      "김민식",
      "에레디아"
    ],
    "player_stats": [
      {
        "name": "한유섬",
        "year": 23,
        "team": "SSG",
        "pa": 388,
        "ops": 0.748,
        "avg": 0.273,
        "obp": 0.355,
        "slg": 0.393,
        "rbi": 55,
        "sb": 2,
        "hr": 7
      },
      {
        "name": "추신수",
        "year": 23,
        "team": "SSG",
        "pa": 462,
        "ops": 0.777,
        "avg": 0.254,
        "obp": 0.379,
        "slg": 0.398,
        "rbi": 41,
        "sb": 6,
        "hr": 12
      },
      {
        "name": "최정",
        "year": 23,
        "team": "SSG",
        "pa": 552,
        "ops": 0.936,
        "avg": 0.297,
        "obp": 0.388,
        "slg": 0.548,
        "rbi": 87,
        "sb": 7,
        "hr": 29
      },
      {
        "name": "김성현",
        "year": 23,
        "team": "SSG",
        "pa": 354,
        "ops": 0.651,
        "avg": 0.268,
        "obp": 0.328,
        "slg": 0.323,
        "rbi": 27,
        "sb": 4,
        "hr": 1
      },
      {
        "name": "최주환",
        "year": 23,
        "team": "SSG",
        "pa": 478,
        "ops": 0.742,
        "avg": 0.235,
        "obp": 0.31,
        "slg": 0.432,
        "rbi": 63,
        "sb": 0,
        "hr": 20
      },
      {
        "name": "박성한",
        "year": 23,
        "team": "SSG",
        "pa": 529,
        "ops": 0.713,
        "avg": 0.266,
        "obp": 0.347,
        "slg": 0.366,
        "rbi": 47,
        "sb": 4,
        "hr": 9
      },
      {
        "name": "최지훈",
        "year": 23,
        "team": "SSG",
        "pa": 503,
        "ops": 0.672,
        "avg": 0.268,
        "obp": 0.315,
        "slg": 0.357,
        "rbi": 30,
        "sb": 21,
        "hr": 2
      },
      {
        "name": "김민식",
        "year": 23,
        "team": "SSG",
        "pa": 318,
        "ops": 0.618,
        "avg": 0.218,
        "obp": 0.302,
        "slg": 0.316,
        "rbi": 34,
        "sb": 0,
        "hr": 5
      },
      {
        "name": "에레디아",
        "year": 23,
        "team": "SSG",
        "pa": 523,
        "ops": 0.846,
        "avg": 0.323,
        "obp": 0.385,
        "slg": 0.461,
        "rbi": 76,
        "sb": 12,
        "hr": 12
      }
    ]
  }
]