[
  {
    "generation": 1,
    "expected_score": 5.645,
    "lineup": [
      "윤동희",
      "노진혁",
      "유강남",
      "박승욱",
      "고승민",
      "전준우",
      "안권수",
      "안치홍",
      "김민석"
    ],
    "player_stats": [
      {
        "name": "윤동희",
        "year": 23,
        "team": "롯데",
        "pa": 423,
        "ops": 0.687,
        "avg": 0.287,
        "obp": 0.333,
        "slg": 0.354,
        "rbi": 41,
        "sb": 3,
        "hr": 2
      },
      {
        "name": "노진혁",
        "year": 23,
        "team": "롯데",
        "pa": 390,
        "ops": 0.724,
        "avg": 0.257,
        "obp": 0.347,
        "slg": 0.377,
        "rbi": 51,
        "sb": 7,
        "hr": 4
      },
      {
        "name": "유강남",
        "year": 23,
        "team": "롯데",
        "pa": 403,
        "ops": 0.726,
        "avg": 0.261,
        "obp": 0.342,
        "slg": 0.384,
        "rbi": 55,
        "sb": 1,
        "hr": 10
      },
      {
        "name": "박승욱",
        "year": 23,
        "team": "롯데",
        "pa": 338,
        "ops": 0.733,
        "avg": 0.286,
        "obp": 0.364,
        "slg": 0.369,
        "rbi": 30,
        "sb": 15,
        "hr": 0
      },
      {
        "name": "고승민",
        "year": 23,
        "team": "롯데",
        "pa": 308,
        "ops": 0.649,
        "avg": 0.224,
        "obp": 0.331,
        "slg": 0.318,
        "rbi": 24,
        "sb": 8,
        "hr": 2
      },
      {
        "name": "전준우",
        "year": 23,
        "team": "롯데",
        "pa": 559,
        "ops": 0.852,
        "avg": 0.312,
        "obp": 0.381,
        "slg": 0.471,
        "rbi": 77,
        "sb": 9,
        "hr": 17
      },
      {
        "name": "안권수",
        "year": 23,
        "team": "롯데",
        "pa": 309,
        "ops": 0.662,
        "avg": 0.269,
        "obp": 0.341,
        "slg": 0.321,
        "rbi": 29,
        "sb": 16,
        "hr": 2
      },
      {
        "name": "안치홍",
        "year": 23,
        "team": "롯데",
        "pa": 494,
        "ops": 0.774,
        "avg": 0.292,
        "obp": 0.374,
        "slg": 0.4,
        "rbi": 63,
        "sb": 3,
        "hr": 8
      },
      {
        "name": "김민석",
        "year": 23,
        "team": "롯데",
        "pa": 454,
        "ops": 0.652,
        "avg": 0.255,
        "obp": 0.314,
        "slg": 0.338,
        "rbi": 39,
        "sb": 16,
        "hr": 3
      }
    ]
  },
  {
    "generation": 2,
    "expected_score": 5.865,
    "lineup": [
      "김민석",
      "전준우",
      "유강남",
      "노진혁",
      "박승욱",
      "윤동희",
      "고승민",
      "안치홍",
      "안권수"
    ],
    "player_stats": [
      {
        "name": "김민석",
        "year": 23,
        "team": "롯데",
        "pa": 454,
        "ops": 0.652,
        "avg": 0.255,
        "obp": 0.314,
        "slg": 0.338,
        "rbi": 39,
        "sb": 16,
        "hr": 3
      },
      {
        "name": "전준우",
        "year": 23,
        "team": "롯데",
        "pa": 559,
        "ops": 0.852,
        "avg": 0.312,
        "obp": 0.381,
        "slg": 0.471,
        "rbi": 77,
        "sb": 9,
        "hr": 17
      },
      {
        "name": "유강남",
        "year": 23,
        "team": "롯데",
        "pa": 403,
        "ops": 0.726,
        "avg": 0.261,
        "obp": 0.342,
        "slg": 0.384,
        "rbi": 55,
        "sb": 1,
        "hr": 10
      },
      {
        "name": "노진혁",
        "year": 23,
        "team": "롯데",
        "pa": 390,
        "ops": 0.724,
        "avg": 0.257,
        "obp": 0.347,
        "slg": 0.377,
        "rbi": 51,
        "sb": 7,
        "hr": 4
      },
      {
        "name": "박승욱",
        "year": 23,
        "team": "롯데",
        "pa": 338,
        "ops": 0.733,
        "avg": 0.286,
        "obp": 0.364,
        "slg": 0.369,
        "rbi": 30,
        "sb": 15,
        "hr": 0
      },
      {
        "name": "윤동희",
        "year": 23,
        "team": "롯데",
        "pa": 423,
        "ops": 0.687,
        "avg": 0.287,
        "obp": 0.333,
        "slg": 0.354,
        "rbi": 41,
        "sb": 3,
        "hr": 2
      },
      {
        "name": "고승민",
        "year": 23,
        "team": "롯데",
        "pa": 308,
        "ops": 0.649,
        "avg": 0.224,
        "obp": 0.331,
        "slg": 0.318,
        "rbi": 24,
        "sb": 8,
        "hr": 2
      },
      {
        "name": "안치홍",
        "year": 23,
        "team": "롯데",
        "pa": 494,
        "ops": 0.774,
        "avg": 0.292,
        "obp": 0.374,
        "slg": 0.4,
        "rbi": 63,
        "sb": 3,
        "hr": 8
      },
      {
        "name": "안권수",
        "year": 23,
        "team": "롯데",
        "pa": 309,
        "ops": 0.662,
        "avg": 0.269,
        "obp": 0.341,
        "slg": 0.321,
        "rbi": 29,
        "sb": 16,
        "hr": 2
      }
    ]
  },
  {
    "generation": 3,
    "expected_score": 5.625,
    "lineup": [
      "윤동희",
      "노진혁",
      "유강남",
      "박승욱",
      "고승민",
      "전준우",
      "안권수",
      "안치홍",
      "김민석"
    ],
    "player_stats": [
      {
        "name": "윤동희",
        "year": 23,
        "team": "롯데",
        "pa": 423,
        "ops": 0.687,
        "avg": 0.287,
        "obp": 0.333,
        "slg": 0.354,
        "rbi": 41,
        "sb": 3,
        "hr": 2
      },
      {
        "name": "노진혁",
        "year": 23,
        "team": "롯데",
        "pa": 390,
        "ops": 0.724,
        "avg": 0.257,
        "obp": 0.347,
        "slg": 0.377,
        "rbi": 51,
        "sb": 7,
        "hr": 4
      },
      {
        "name": "유강남",
        "year": 23,
        "team": "롯데",
        "pa": 403,
        "ops": 0.726,
        "avg": 0.261,
        "obp": 0.342,
        "slg": 0.384,
        "rbi": 55,
        "sb": 1,
        "hr": 10
      },
      {
        "name": "박승욱",
        "year": 23,
        "team": "롯데",
        "pa": 338,
        "ops": 0.733,
        "avg": 0.286,
        "obp": 0.364,
        "slg": 0.369,
        "rbi": 30,
        "sb": 15,
        "hr": 0
      },
      {
        "name": "고승민",
        "year": 23,
        "team": "롯데",
        "pa": 308,
        "ops": 0.649,
        "avg": 0.224,
        "obp": 0.331,
        "slg": 0.318,
        "rbi": 24,
        "sb": 8,
        "hr": 2
      },
      {
        "name": "전준우",
        "year": 23,
        "team": "롯데",
        "pa": 559,
        "ops": 0.852,
        "avg": 0.312,
        "obp": 0.381,
        "slg": 0.471,
        "rbi": 77,
        "sb": 9,
        "hr": 17
      },
      {
        "name": "안권수",
        "year": 23,
        "team": "롯데",
        "pa": 309,
        "ops": 0.662,
        "avg": 0.269,
        "obp": 0.341,
        "slg": 0.321,
        "rbi": 29,
        "sb": 16,
        "hr": 2
      },
      {
        "name": "안치홍",
        "year": 23,
        "team": "롯데",
        "pa": 494,
        "ops": 0.774,
        "avg": 0.292,
        "obp": 0.374,
        "slg": 0.4,
        "rbi": 63,
        "sb": 3,
        "hr": 8
      },
      {
        "name": "김민석",
        "year": 23,
        "team": "롯데",
        "pa": 454,
        "ops": 0.652,
        "avg": 0.255,
        "obp": 0.314,
        "slg": 0.338,
        "rbi": 39,
        "sb": 16,
        "hr": 3
      }
    ]
  },
  {
    "generation": 4,
    "expected_score": 5.675,
    "lineup": [
      "박승욱",
      "노진혁",
      "유강남",
      "안치홍",
      "윤동희",
      "안권수",
      "김민석",
      "전준우",
      "고승민"
    ],
    "player_stats": [
      {
        "name": "박승욱",
        "year": 23,
        "team": "롯데",
        "pa": 338,
        "ops": 0.733,
        "avg": 0.286,
        "obp": 0.364,
        "slg": 0.369,
        "rbi": 30,
        "sb": 15,
        "hr": 0
      },
      {
        "name": "노진혁",
        "year": 23,
        "team": "롯데",
        "pa": 390,
        "ops": 0.724,
        "avg": 0.257,
        "obp": 0.347,
        "slg": 0.377,
        "rbi": 51,
        "sb": 7,
        "hr": 4
      },
      {
        "name": "유강남",
        "year": 23,
        "team": "롯데",
        "pa": 403,
        "ops": 0.726,
        "avg": 0.261,
        "obp": 0.342,
        "slg": 0.384,
        "rbi": 55,
        "sb": 1,
        "hr": 10
      },
      {
        "name": "안치홍",
        "year": 23,
        "team": "롯데",
        "pa": 494,
        "ops": 0.774,
        "avg": 0.292,
        "obp": 0.374,
        "slg": 0.4,
        "rbi": 63,
        "sb": 3,
        "hr": 8
      },
      {
        "name": "윤동희",
        "year": 23,
        "team": "롯데",
        "pa": 423,
        "ops": 0.687,
        "avg": 0.287,
        "obp": 0.333,
        "slg": 0.354,
        "rbi": 41,
        "sb": 3,
        "hr": 2
      },
      {
        "name": "안권수",
        "year": 23,
        "team": "롯데",
        "pa": 309,
        "ops": 0.662,
        "avg": 0.269,
        "obp": 0.341,
        "slg": 0.321,
        "rbi": 29,
        "sb": 16,
        "hr": 2
      },
      {
        "name": "김민석",
        "year": 23,
        "team": "롯데",
        "pa": 454,
        "ops": 0.652,
        "avg": 0.255,
        "obp": 0.314,
        "slg": 0.338,
        "rbi": 39,
        "sb": 16,
        "hr": 3
      },
      {
        "name": "전준우",
        "year": 23,
        "team": "롯데",
        "pa": 559,
        "ops": 0.852,
        "avg": 0.312,
        "obp": 0.381,
        "slg": 0.471,
        "rbi": 77,
        "sb": 9,
        "hr": 17
      },
      {
        "name": "고승민",
        "year": 23,
        "team": "롯데",
        "pa": 308,
        "ops": 0.649,
        "avg": 0.224,
        "obp": 0.331,
        "slg": 0.318,
        "rbi": 24,
        "sb": 8,
        "hr": 2
      }
    ]
  },
  {
    "generation": 5,
    "expected_score": 5.89,
    "lineup": [
      "안치홍",
      "윤동희",
      "유강남",
      "전준우",
      "박승욱",
      "안권수",
      "김민석",
      "고승민",
      "노진혁"
    ],
    "player_stats": [
      {
        "name": "안치홍",
        "year": 23,
        "team": "롯데",
        "pa": 494,
        "ops": 0.774,
        "avg": 0.292,
        "obp": 0.374,
        "slg": 0.4,
        "rbi": 63,
        "sb": 3,
        "hr": 8
      },
      {
        "name": "윤동희",
        "year": 23,
        "team": "롯데",
        "pa": 423,
        "ops": 0.687,
        "avg": 0.287,
        "obp": 0.333,
        "slg": 0.354,
        "rbi": 41,
        "sb": 3,
        "hr": 2
      },
      {
        "name": "유강남",
        "year": 23,
        "team": "롯데",
        "pa": 403,
        "ops": 0.726,
        "avg": 0.261,
        "obp": 0.342,
        "slg": 0.384,
        "rbi": 55,
        "sb": 1,
        "hr": 10
      },
      {
        "name": "전준우",
        "year": 23,
        "team": "롯데",
        "pa": 559,
        "ops": 0.852,
        "avg": 0.312,
        "obp": 0.381,
        "slg": 0.471,
        "rbi": 77,
        "sb": 9,
        "hr": 17
      },
      {
        "name": "박승욱",
        "year": 23,
        "team": "롯데",
        "pa": 338,
        "ops": 0.733,
        "avg": 0.286,
        "obp": 0.364,
        "slg": 0.369,
        "rbi": 30,
        "sb": 15,
        "hr": 0
      },
      {
        "name": "안권수",
        "year": 23,
        "team": "롯데",
        "pa": 309,
        "ops": 0.662,
        "avg": 0.269,
        "obp": 0.341,
        "slg": 0.321,
        "rbi": 29,
        "sb": 16,
        "hr": 2
      },
      {
        "name": "김민석",
        "year": 23,
        "team": "롯데",
        "pa": 454,
        "ops": 0.652,
        "avg": 0.255,
        "obp": 0.314,
        "slg": 0.338,
        "rbi": 39,
        "sb": 16,
        "hr": 3
      },
      {
        "name": "고승민",
        "year": 23,
        "team": "롯데",
        "pa": 308,
        "ops": 0.649,
        "avg": 0.224,
        "obp": 0.331,
        "slg": 0.318,
        "rbi": 24,
        "sb": 8,
        "hr": 2
      },
      {
        "name": "노진혁",
        "year": 23,
        "team": "롯데",
        "pa": 390,
        "ops": 0.724,
        "avg": 0.257,
        "obp": 0.347,
        "slg": 0.377,
        "rbi": 51,
        "sb": 7,
        "hr": 4
      }
    ]
  },
  {
    "generation": 6,
    "expected_score": 5.655,
    "lineup": [
      "안치홍",
      "윤동희",
      "유강남",
      "전준우",
      "박승욱",
      "안권수",
      "김민석",
      "고승민",
      "노진혁"
    ],
    "player_stats": [
      {
        "name": "안치홍",
        "year": 23,
        "team": "롯데",
        "pa": 494,
        "ops": 0.774,
        "avg": 0.292,
        "obp": 0.374,
        "slg": 0.4,
        "rbi": 63,
        "sb": 3,
        "hr": 8
      },
      {
        "name": "윤동희",
        "year": 23,
        "team": "롯데",
        "pa": 423,
        "ops": 0.687,
        "avg": 0.287,
        "obp": 0.333,
        "slg": 0.354,
        "rbi": 41,
        "sb": 3,
        "hr": 2
      },
      {
        "name": "유강남",
        "year": 23,
        "team": "롯데",
        "pa": 403,
        "ops": 0.726,
        "avg": 0.261,
        "obp": 0.342,
        "slg": 0.384,
        "rbi": 55,
        "sb": 1,
        "hr": 10
      },
      {
        "name": "전준우",
        "year": 23,
        "team": "롯데",
        "pa": 559,
        "ops": 0.852,
        "avg": 0.312,
        "obp": 0.381,
        "slg": 0.471,
        "rbi": 77,
        "sb": 9,
        "hr": 17
      },
      {
        "name": "박승욱",
        "year": 23,
        "team": "롯데",
        "pa": 338,
        "ops": 0.733,
        "avg": 0.286,
        "obp": 0.364,
        "slg": 0.369,
        "rbi": 30,
        "sb": 15,
        "hr": 0
      },
      {
        "name": "안권수",
        "year": 23,
        "team": "롯데",
        "pa": 309,
        "ops": 0.662,
        "avg": 0.269,
        "obp": 0.341,
        "slg": 0.321,
        "rbi": 29,
        "sb": 16,
        "hr": 2
      },
      {
        "name": "김민석",
        "year": 23,
        "team": "롯데",
        "pa": 454,
        "ops": 0.652,
        "avg": 0.255,
        "obp": 0.314,
        "slg": 0.338,
        "rbi": 39,
        "sb": 16,
        "hr": 3
      },
      {
        "name": "고승민",
        "year": 23,
        "team": "롯데",
        "pa": 308,
        "ops": 0.649,
        "avg": 0.224,
        "obp": 0.331,
        "slg": 0.318,
        "rbi": 24,
        "sb": 8,
        "hr": 2
      },
      {
        "name": "노진혁",
        "year": 23,
        "team": "롯데",
        "pa": 390,
        "ops": 0.724,
        "avg": 0.257,
        "obp": 0.347,
        "slg": 0.377,
        "rbi": 51,
        "sb": 7,
        "hr": 4
      }
    ]
  },
  {
    "generation": 7,
    "expected_score": 5.855,
    "lineup": [
      "노진혁",
      "윤동희",
      "유강남",
      "전준우",
      "박승욱",
      "안권수",
      "김민석",
      "고승민",
      "안치홍"
    ],
    "player_stats": [
      {
        "name": "노진혁",
        "year": 23,
        "team": "롯데",
        "pa": 390,
        "ops": 0.724,
        "avg": 0.257,
        "obp": 0.347,
        "slg": 0.377,
        "rbi": 51,
        "sb": 7,
        "hr": 4
      },
      {
        "name": "윤동희",
        "year": 23,
        "team": "롯데",
        "pa": 423,
        "ops": 0.687,
        "avg": 0.287,
        "obp": 0.333,
        "slg": 0.354,
        "rbi": 41,
        "sb": 3,
        "hr": 2
      },
      {
        "name": "유강남",
        "year": 23,
        "team": "롯데",
        "pa": 403,
        "ops": 0.726,
        "avg": 0.261,
        "obp": 0.342,
        "slg": 0.384,
        "rbi": 55,
        "sb": 1,
        "hr": 10
      },
      {
        "name": "전준우",
        "year": 23,
        "team": "롯데",
        "pa": 559,
        "ops": 0.852,
        "avg": 0.312,
        "obp": 0.381,
        "slg": 0.471,
        "rbi": 77,
        "sb": 9,
        "hr": 17
      },
      {
        "name": "박승욱",
        "year": 23,
        "team": "롯데",
        "pa": 338,
        "ops": 0.733,
        "avg": 0.286,
        "obp": 0.364,
        "slg": 0.369,
        "rbi": 30,
        "sb": 15,
        "hr": 0
      },
      {
        "name": "안권수",
        "year": 23,
        "team": "롯데",
        "pa": 309,
        "ops": 0.662,
        "avg": 0.269,
        "obp": 0.341,
        "slg": 0.321,
        "rbi": 29,
        "sb": 16,
        "hr": 2
      },
      {
        "name": "김민석",
        "year": 23,
        "team": "롯데",
        "pa": 454,
        "ops": 0.652,
        "avg": 0.255,
        "obp": 0.314,
        "slg": 0.338,
        "rbi": 39,
        "sb": 16,
        "hr": 3
      },
      {
        "name": "고승민",
        "year": 23,
        "team": "롯데",
        "pa": 308,
        "ops": 0.649,
        "avg": 0.224,
        "obp": 0.331,
        "slg": 0.318,
        "rbi": 24,
        "sb": 8,
        "hr": 2
      },
      {
        "name": "안치홍",
        "year": 23,
        "team": "롯데",
        "pa": 494,
        "ops": 0.774,
        "avg": 0.292,
        "obp": 0.374,
        "slg": 0.4,
        "rbi": 63,
        "sb": 3,
        "hr": 8
      }
    ]
  },
  {
    "generation": 8,
    "expected_score": 5.535,
    "lineup": [
      "안치홍",
      "윤동희",
      "유강남",
      "김민석",
      "전준우",
      "박승욱",
      "안권수",
      "고승민",
      "노진혁"
    ],
    "player_stats": [
      {
        "name": "안치홍",
        "year": 23,
        "team": "롯데",
        "pa": 494,
        "ops": 0.774,
        "avg": 0.292,
        "obp": 0.374,
        "slg": 0.4,
        "rbi": 63,
        "sb": 3,
        "hr": 8
      },
      {
        "name": "윤동희",
        "year": 23,
        "team": "롯데",
        "pa": 423,
        "ops": 0.687,
        "avg": 0.287,
        "obp": 0.333,
        "slg": 0.354,
        "rbi": 41,
        "sb": 3,
        "hr": 2
      },
      {
        "name": "유강남",
        "year": 23,
        "team": "롯데",
        "pa": 403,
        "ops": 0.726,
        "avg": 0.261,
        "obp": 0.342,
        "slg": 0.384,
        "rbi": 55,
        "sb": 1,
        "hr": 10
      },
      {
        "name": "김민석",
        "year": 23,
        "team": "롯데",
        "pa": 454,
        "ops": 0.652,
        "avg": 0.255,
        "obp": 0.314,
        "slg": 0.338,
        "rbi": 39,
        "sb": 16,
        "hr": 3
      },
      {
        "name": "전준우",
        "year": 23,
        "team": "롯데",
        "pa": 559,
        "ops": 0.852,
        "avg": 0.312,
        "obp": 0.381,
        "slg": 0.471,
        "rbi": 77,
        "sb": 9,
        "hr": 17
      },
      {
        "name": "박승욱",
        "year": 23,
        "team": "롯데",
        "pa": 338,
        "ops": 0.733,
        "avg": 0.286,
        "obp": 0.364,
        "slg": 0.369,
        "rbi": 30,
        "sb": 15,
        "hr": 0
      },
      {
        "name": "안권수",
        "year": 23,
        "team": "롯데",
        "pa": 309,
        "ops": 0.662,
        "avg": 0.269,
        "obp": 0.341,
        "slg": 0.321,
        "rbi": 29,
        "sb": 16,
        "hr": 2
      },
      {
        "name": "고승민",
        "year": 23,
        "team": "롯데",
        "pa": 308,
        "ops": 0.649,
        "avg": 0.224,
        "obp": 0.331,
        "slg": 0.318,
        "rbi": 24,
        "sb": 8,
        "hr": 2
      },
      {
        "name": "노진혁",
        "year": 23,
        "team": "롯데",
        "pa": 390,
        "ops": 0.724,
        "avg": 0.257,
        "obp": 0.347,
        "slg": 0.377,
        "rbi": 51,
        "sb": 7,
        "hr": 4
      }
    ]
  },
  {
    "generation": 9,
    "expected_score": 5.675,
    "lineup": [
      "유강남",
      "김민석",
      "전준우",
      "박승욱",
      "안치홍",
      "윤동희",
      "고승민",
      "안권수",
      "노진혁"
    ],
    "player_stats": [
      {
        "name": "유강남",
        "year": 23,
        "team": "롯데",
        "pa": 403,
        "ops": 0.726,
        "avg": 0.261,
        "obp": 0.342,
        "slg": 0.384,
        "rbi": 55,
        "sb": 1,
        "hr": 10
      },
      {
        "name": "김민석",
        "year": 23,
        "team": "롯데",
        "pa": 454,
        "ops": 0.652,
        "avg": 0.255,
        "obp": 0.314,
        "slg": 0.338,
        "rbi": 39,
        "sb": 16,
        "hr": 3
      },
      {
        "name": "전준우",
        "year": 23,
        "team": "롯데",
        "pa": 559,
        "ops": 0.852,
        "avg": 0.312,
        "obp": 0.381,
        "slg": 0.471,
        "rbi": 77,
        "sb": 9,
        "hr": 17
      },
      {
        "name": "박승욱",
        "year": 23,
        "team": "롯데",
        "pa": 338,
        "ops": 0.733,
        "avg": 0.286,
        "obp": 0.364,
        "slg": 0.369,
        "rbi": 30,
        "sb": 15,
        "hr": 0
      },
      {
        "name": "안치홍",
        "year": 23,
        "team": "롯데",
        "pa": 494,
        "ops": 0.774,
        "avg": 0.292,
        "obp": 0.374,
        "slg": 0.4,
        "rbi": 63,
        "sb": 3,
        "hr": 8
      },
      {
        "name": "윤동희",
        "year": 23,
        "team": "롯데",
        "pa": 423,
        "ops": 0.687,
        "avg": 0.287,
        "obp": 0.333,
        "slg": 0.354,
        "rbi": 41,
        "sb": 3,
        "hr": 2
      },
      {
        "name": "고승민",
        "year": 23,
        "team": "롯데",
        "pa": 308,
        "ops": 0.649,
        "avg": 0.224,
        "obp": 0.331,
        "slg": 0.318,
        "rbi": 24,
        "sb": 8,
        "hr": 2
      },
      {
        "name": "안권수",
        "year": 23,
        "team": "롯데",
        "pa": 309,
        "ops": 0.662,
        "avg": 0.269,
        "obp": 0.341,
        "slg": 0.321,
        "rbi": 29,
        "sb": 16,
        "hr": 2
      },
      {
        "name": "노진혁",
        "year": 23,
        "team": "롯데",
        "pa": 390,
        "ops": 0.724,
        "avg": 0.257,
        "obp": 0.347,
        "slg": 0.377,
        "rbi": 51,
        "sb": 7,
        "hr": 4
      }
    ]
  },
  {
    "generation": 10,
    "expected_score": 5.71,
    "lineup": [
      "유강남",
      "김민석",
      "전준우",
      "박승욱",
      "안치홍",
      "윤동희",
      "안권수",
      "고승민",
      "노진혁"
    ],
    "player_stats": [
      {
        "name": "유강남",
        "year": 23,
        "team": "롯데",
        "pa": 403,
        "ops": 0.726,
        "avg": 0.261,
        "obp": 0.342,
        "slg": 0.384,
        "rbi": 55,
        "sb": 1,
        "hr": 10
      },
      {
        "name": "김민석",
        "year": 23,
        "team": "롯데",
        "pa": 454,
        "ops": 0.652,
        "avg": 0.255,
        "obp": 0.314,
        "slg": 0.338,
        "rbi": 39,
        "sb": 16,
        "hr": 3
      },
      {
        "name": "전준우",
        "year": 23,
        "team": "롯데",
        "pa": 559,
        "ops": 0.852,
        "avg": 0.312,
        "obp": 0.381,
        "slg": 0.471,
        "rbi": 77,
        "sb": 9,
        "hr": 17
      },
      {
        "name": "박승욱",
        "year": 23,
        "team": "롯데",
        "pa": 338,
        "ops": 0.733,
        "avg": 0.286,
        "obp": 0.364,
        "slg": 0.369,
        "rbi": 30,
        "sb": 15,
        "hr": 0
      },
      {
        "name": "안치홍",
        "year": 23,
        "team": "롯데",
        "pa": 494,
        "ops": 0.774,
        "avg": 0.292,
        "obp": 0.374,
        "slg": 0.4,
        "rbi": 63,
        "sb": 3,
        "hr": 8
      },
      {
        "name": "윤동희",
        "year": 23,
        "team": "롯데",
        "pa": 423,
        "ops": 0.687,
        "avg": 0.287,
        "obp": 0.333,
        "slg": 0.354,
        "rbi": 41,
        "sb": 3,
        "hr": 2
      },
      {
        "name": "안권수",
        "year": 23,
        "team": "롯데",
        "pa": 309,
        "ops": 0.662,
        "avg": 0.269,
        "obp": 0.341,
        "slg": 0.321,
        "rbi": 29,
        "sb": 16,
        "hr": 2
      },
      {
        "name": "고승민",
        "year": 23,
        "team": "롯데",
        "pa": 308,
        "ops": 0.649,
        "avg": 0.224,
        "obp": 0.331,
        "slg": 0.318,
        "rbi": 24,
        "sb": 8,
        "hr": 2
      },
      {
        "name": "노진혁",
        "year": 23,
        "team": "롯데",
        "pa": 390,
        "ops": 0.724,
        "avg": 0.257,
        "obp": 0.347,
        "slg": 0.377,
        "rbi": 51,
        "sb": 7,
        "hr": 4
      }
    ]
  },
  {
    "generation": 11,
    "expected_score": 5.57,
    "lineup": [
      "유강남",
      "박승욱",
      "김민석",
      "안치홍",
      "전준우",
      "윤동희",
      "고승민",
      "안권수",
      "노진혁"
    ],
    "player_stats": [
      {
        "name": "유강남",
        "year": 23,
        "team": "롯데",
        "pa": 403,
        "ops": 0.726,
        "avg": 0.261,
        "obp": 0.342,
        "slg": 0.384,
        "rbi": 55,
        "sb": 1,
        "hr": 10
      },
      {
        "name": "박승욱",
        "year": 23,
        "team": "롯데",
        "pa": 338,
        "ops": 0.733,
        "avg": 0.286,
        "obp": 0.364,
        "slg": 0.369,
        "rbi": 30,
        "sb": 15,
        "hr": 0
      },
      {
        "name": "김민석",
        "year": 23,
        "team": "롯데",
        "pa": 454,
        "ops": 0.652,
        "avg": 0.255,
        "obp": 0.314,
        "slg": 0.338,
        "rbi": 39,
        "sb": 16,
        "hr": 3
      },
      {
        "name": "안치홍",
        "year": 23,
        "team": "롯데",
        "pa": 494,
        "ops": 0.774,
        "avg": 0.292,
        "obp": 0.374,
        "slg": 0.4,
        "rbi": 63,
        "sb": 3,
        "hr": 8
      },
      {
        "name": "전준우",
        "year": 23,
        "team": "롯데",
        "pa": 559,
        "ops": 0.852,
        "avg": 0.312,
        "obp": 0.381,
        "slg": 0.471,
        "rbi": 77,
        "sb": 9,
        "hr": 17
      },
      {
        "name": "윤동희",
        "year": 23,
        "team": "롯데",
        "pa": 423,
        "ops": 0.687,
        "avg": 0.287,
        "obp": 0.333,
        "slg": 0.354,
        "rbi": 41,
        "sb": 3,
        "hr": 2
      },
      {
        "name": "고승민",
        "year": 23,
        "team": "롯데",
        "pa": 308,
        "ops": 0.649,
        "avg": 0.224,
        "obp": 0.331,
        "slg": 0.318,
        "rbi": 24,
        "sb": 8,
        "hr": 2
      },
      {
        "name": "안권수",
        "year": 23,
        "team": "롯데",
        "pa": 309,
        "ops": 0.662,
        "avg": 0.269,
        "obp": 0.341,
        "slg": 0.321,
        "rbi": 29,
        "sb": 16,
        "hr": 2
      },
      {
        "name": "노진혁",
        "year": 23,
        "team": "롯데",
        "pa": 390,
        "ops": 0.724,
        "avg": 0.257,
        "obp": 0.347,
        "slg": 0.377,
        "rbi": 51,
        "sb": 7,
        "hr": 4
      }
    ]
  },
  {
    "generation": 12,
    "expected_score": 5.895,
    "lineup": [
      "윤동희",
      "김민석",
      "전준우",
      "유강남",
      "박승욱",
      "안치홍",
      "안권수",
      "고승민",
      "노진혁"
    ],
    "player_stats": [
      {
        "name": "윤동희",
        "year": 23,
        "team": "롯데",
        "pa": 423,
        "ops": 0.687,
        "avg": 0.287,
        "obp": 0.333,
        "slg": 0.354,
        "rbi": 41,
        "sb": 3,
        "hr": 2
      },
      {
        "name": "김민석",
        "year": 23,
        "team": "롯데",
        "pa": 454,
        "ops": 0.652,
        "avg": 0.255,
        "obp": 0.314,
        "slg": 0.338,
        "rbi": 39,
        "sb": 16,
        "hr": 3
      },
      {
        "name": "전준우",
        "year": 23,
        "team": "롯데",
        "pa": 559,
        "ops": 0.852,
        "avg": 0.312,
        "obp": 0.381,
        "slg": 0.471,
        "rbi": 77,
        "sb": 9,
        "hr": 17
      },
      {
        "name": "유강남",
        "year": 23,
        "team": "롯데",
        "pa": 403,
        "ops": 0.726,
        "avg": 0.261,
        "obp": 0.342,
        "slg": 0.384,
        "rbi": 55,
        "sb": 1,
        "hr": 10
      },
      {
        "name": "박승욱",
        "year": 23,
        "team": "롯데",
        "pa": 338,
        "ops": 0.733,
        "avg": 0.286,
        "obp": 0.364,
        "slg": 0.369,
        "rbi": 30,
        "sb": 15,
        "hr": 0
      },
      {
        "name": "안치홍",
        "year": 23,
        "team": "롯데",
        "pa": 494,
        "ops": 0.774,
        "avg": 0.292,
        "obp": 0.374,
        "slg": 0.4,
        "rbi": 63,
        "sb": 3,
        "hr": 8
      },
      {
        "name": "안권수",
        "year": 23,
        "team": "롯데",
        "pa": 309,
        "ops": 0.662,
        "avg": 0.269,
        "obp": 0.341,
        "slg": 0.321,
        "rbi": 29,
        "sb": 16,
        "hr": 2
      },
      {
        "name": "고승민",
        "year": 23,
        "team": "롯데",
        "pa": 308,
        "ops": 0.649,
        "avg": 0.224,
        "obp": 0.331,
        "slg": 0.318,
        "rbi": 24,
        "sb": 8,
        "hr": 2
      },
      {
        "name": "노진혁",
        "year": 23,
        "team": "롯데",
        "pa": 390,
        "ops": 0.724,
        "avg": 0.257,
        "obp": 0.347,
        "slg": 0.377,
        "rbi": 51,
        "sb": 7,
        "hr": 4
      }
    ]
  },
  {
    "generation": 13,
    "expected_score": 5.755,
    "lineup": [
      "윤동희",
      "김민석",
      "박승욱",
      "안치홍",
      "전준우",
      "유강남",
      "안권수",
      "고승민",
      "노진혁"
    ],
    "player_stats": [
      {
        "name": "윤동희",
        "year": 23,
        "team": "롯데",
        "pa": 423,
        "ops": 0.687,
        "avg": 0.287,
        "obp": 0.333,
        "slg": 0.354,
        "rbi": 41,
        "sb": 3,
        "hr": 2
      },
      {
        "name": "김민석",
        "year": 23,
        "team": "롯데",
        "pa": 454,
        "ops": 0.652,
        "avg": 0.255,
        "obp": 0.314,
        "slg": 0.338,
        "rbi": 39,
        "sb": 16,
        "hr": 3
      },
      {
        "name": "박승욱",
        "year": 23,
        "team": "롯데",
        "pa": 338,
        "ops": 0.733,
        "avg": 0.286,
        "obp": 0.364,
        "slg": 0.369,
        "rbi": 30,
        "sb": 15,
        "hr": 0
      },
      {
        "name": "안치홍",
        "year": 23,
        "team": "롯데",
        "pa": 494,
        "ops": 0.774,
        "avg": 0.292,
        "obp": 0.374,
        "slg": 0.4,
        "rbi": 63,
        "sb": 3,
        "hr": 8
      },
      {
        "name": "전준우",
        "year": 23,
        "team": "롯데",
        "pa": 559,
        "ops": 0.852,
        "avg": 0.312,
        "obp": 0.381,
        "slg": 0.471,
        "rbi": 77,
        "sb": 9,
        "hr": 17
      },
      {
        "name": "유강남",
        "year": 23,
        "team": "롯데",
        "pa": 403,
        "ops": 0.726,
        "avg": 0.261,
        "obp": 0.342,
        "slg": 0.384,
        "rbi": 55,
        "sb": 1,
        "hr": 10
      },
      {
        "name": "안권수",
        "year": 23,
        "team": "롯데",
        "pa": 309,
        "ops": 0.662,
        "avg": 0.269,
        "obp": 0.341,
        "slg": 0.321,
        "rbi": 29,
        "sb": 16,
        "hr": 2
      },
      {
        "name": "고승민",
        "year": 23,
        "team": "롯데",
        "pa": 308,
        "ops": 0.649,
        "avg": 0.224,
        "obp": 0.331,
        "slg": 0.318,
        "rbi": 24,
        "sb": 8,
        "hr": 2
      },
      {
        "name": "노진혁",
        "year": 23,
        "team": "롯데",
        "pa": 390,
        "ops": 0.724,
        "avg": 0.257,
        "obp": 0.347,
        "slg": 0.377,
        "rbi": 51,
        "sb": 7,
        "hr": 4
      }
    ]
  },
  {
    "generation": 14,
    "expected_score": 6.115,
    "lineup": [
      "안치홍",
      "윤동희",
      "유강남",
      "고승민",
      "박승욱",
      "김민석",
      "전준우",
      "노진혁",
      "안권수"
    ],
    "player_stats": [
      {
        "name": "안치홍",
        "year": 23,
        "team": "롯데",
        "pa": 494,
        "ops": 0.774,
        "avg": 0.292,
        "obp": 0.374,
        "slg": 0.4,
        "rbi": 63,
        "sb": 3,
        "hr": 8
      },
      {
        "name": "윤동희",
        "year": 23,
        "team": "롯데",
        "pa": 423,
        "ops": 0.687,
        "avg": 0.287,
        "obp": 0.333,
        "slg": 0.354,
        "rbi": 41,
        "sb": 3,
        "hr": 2
      },
      {
        "name": "유강남",
        "year": 23,
        "team": "롯데",
        "pa": 403,
        "ops": 0.726,
        "avg": 0.261,
        "obp": 0.342,
        "slg": 0.384,
        "rbi": 55,
        "sb": 1,
        "hr": 10
      },
      {
        "name": "고승민",
        "year": 23,
        "team": "롯데",
        "pa": 308,
        "ops": 0.649,
        "avg": 0.224,
        "obp": 0.331,
        "slg": 0.318,
        "rbi": 24,
        "sb": 8,
        "hr": 2
      },
      {
        "name": "박승욱",
        "year": 23,
        "team": "롯데",
        "pa": 338,
        "ops": 0.733,
        "avg": 0.286,
        "obp": 0.364,
        "slg": 0.369,
        "rbi": 30,
        "sb": 15,
        "hr": 0
      },
      {
        "name": "김민석",
        "year": 23,
        "team": "롯데",
        "pa": 454,
        "ops": 0.652,
        "avg": 0.255,
        "obp": 0.314,
        "slg": 0.338,
        "rbi": 39,
        "sb": 16,
        "hr": 3
      },
      {
        "name": "전준우",
        "year": 23,
        "team": "롯데",
        "pa": 559,
        "ops": 0.852,
        "avg": 0.312,
        "obp": 0.381,
        "slg": 0.471,
        "rbi": 77,
        "sb": 9,
        "hr": 17
      },
      {
        "name": "노진혁",
        "year": 23,
        "team": "롯데",
        "pa": 390,
        "ops": 0.724,
        "avg": 0.257,
        "obp": 0.347,
        "slg": 0.377,
        "rbi": 51,
        "sb": 7,
        "hr": 4
      },
      {
        "name": "안권수",
        "year": 23,
        "team": "롯데",
        "pa": 309,
        "ops": 0.662,
        "avg": 0.269,
        "obp": 0.341,
        "slg": 0.321,
        "rbi": 29,
        "sb": 16,
        "hr": 2
      }
    ]
  },
  {
    "generation": 15,
    "expected_score": 5.78,
    "lineup": [
      "안치홍",
      "유강남",
      "전준우",
      "박승욱",
      "윤동희",
      "김민석",
      "고승민",
      "노진혁",
      "안권수"
    ],
    "player_stats": [
      {
        "name": "안치홍",
        "year": 23,
        "team": "롯데",
        "pa": 494,
        "ops": 0.774,
        "avg": 0.292,
        "obp": 0.374,
        "slg": 0.4,
        "rbi": 63,
        "sb": 3,
        "hr": 8
      },
      {
        "name": "유강남",
        "year": 23,
        "team": "롯데",
        "pa": 403,
        "ops": 0.726,
        "avg": 0.261,
        "obp": 0.342,
        "slg": 0.384,
        "rbi": 55,
        "sb": 1,
        "hr": 10
      },
      {
        "name": "전준우",
        "year": 23,
        "team": "롯데",
        "pa": 559,
        "ops": 0.852,
        "avg": 0.312,
        "obp": 0.381,
        "slg": 0.471,
        "rbi": 77,
        "sb": 9,
        "hr": 17
      },
      {
        "name": "박승욱",
        "year": 23,
        "team": "롯데",
        "pa": 338,
        "ops": 0.733,
        "avg": 0.286,
        "obp": 0.364,
        "slg": 0.369,
        "rbi": 30,
        "sb": 15,
        "hr": 0
      },
      {
        "name": "윤동희",
        "year": 23,
        "team": "롯데",
        "pa": 423,
        "ops": 0.687,
        "avg": 0.287,
        "obp": 0.333,
        "slg": 0.354,
        "rbi": 41,
        "sb": 3,
        "hr": 2
      },
      {
        "name": "김민석",
        "year": 23,
        "team": "롯데",
        "pa": 454,
        "ops": 0.652,
        "avg": 0.255,
        "obp": 0.314,
        "slg": 0.338,
        "rbi": 39,
        "sb": 16,
        "hr": 3
      },
      {
        "name": "고승민",
        "year": 23,
        "team": "롯데",
        "pa": 308,
        "ops": 0.649,
        "avg": 0.224,
        "obp": 0.331,
        "slg": 0.318,
        "rbi": 24,
        "sb": 8,
        "hr": 2
      },
      {
        "name": "노진혁",
        "year": 23,
        "team": "롯데",
        "pa": 390,
        "ops": 0.724,
        "avg": 0.257,
        "obp": 0.347,
        "slg": 0.377,
        "rbi": 51,
        "sb": 7,
        "hr": 4
      },
      {
        "name": "안권수",
        "year": 23,
        "team": "롯데",
        "pa": 309,
        "ops": 0.662,
        "avg": 0.269,
        "obp": 0.341,
        "slg": 0.321,
        "rbi": 29,
        "sb": 16,
        "hr": 2
      }
    ]
  },
  {
    "generation": 16,
    "expected_score": 5.565,
    "lineup": [
      "윤동희",
      "김민석",
      "박승욱",
      "안치홍",
      "전준우",
      "유강남",
      "안권수",
      "고승민",
      "노진혁"
    ],
    "player_stats": [
      {
        "name": "윤동희",
        "year": 23,
        "team": "롯데",
        "pa": 423,
        "ops": 0.687,
        "avg": 0.287,
        "obp": 0.333,
        "slg": 0.354,
        "rbi": 41,
        "sb": 3,
        "hr": 2
      },
      {
        "name": "김민석",
        "year": 23,
        "team": "롯데",
        "pa": 454,
        "ops": 0.652,
        "avg": 0.255,
        "obp": 0.314,
        "slg": 0.338,
        "rbi": 39,
        "sb": 16,
        "hr": 3
      },
      {
        "name": "박승욱",
        "year": 23,
        "team": "롯데",
        "pa": 338,
        "ops": 0.733,
        "avg": 0.286,
        "obp": 0.364,
        "slg": 0.369,
        "rbi": 30,
        "sb": 15,
        "hr": 0
      },
      {
        "name": "안치홍",
        "year": 23,
        "team": "롯데",
        "pa": 494,
        "ops": 0.774,
        "avg": 0.292,
        "obp": 0.374,
        "slg": 0.4,
        "rbi": 63,
        "sb": 3,
        "hr": 8
      },
      {
        "name": "전준우",
        "year": 23,
        "team": "롯데",
        "pa": 559,
        "ops": 0.852,
        "avg": 0.312,
        "obp": 0.381,
        "slg": 0.471,
        "rbi": 77,
        "sb": 9,
        "hr": 17
      },
      {
        "name": "유강남",
        "year": 23,
        "team": "롯데",
        "pa": 403,
        "ops": 0.726,
        "avg": 0.261,
        "obp": 0.342,
        "slg": 0.384,
        "rbi": 55,
        "sb": 1,
        "hr": 10
      },
      {
        "name": "안권수",
        "year": 23,
        "team": "롯데",
        "pa": 309,
        "ops": 0.662,
        "avg": 0.269,
        "obp": 0.341,
        "slg": 0.321,
        "rbi": 29,
        "sb": 16,
        "hr": 2
      },
      {
        "name": "고승민",
        "year": 23,
        "team": "롯데",
        "pa": 308,
        "ops": 0.649,
        "avg": 0.224,
        "obp": 0.331,
        "slg": 0.318,
        "rbi": 24,
        "sb": 8,
        "hr": 2
      },
      {
        "name": "노진혁",
        "year": 23,
        "team": "롯데",
        "pa": 390,
        "ops": 0.724,
        "avg": 0.257,
        "obp": 0.347,
        "slg": 0.377,
        "rbi": 51,
        "sb": 7,
        "hr": 4
      }
    ]
  },
  {
    "generation": 17,
    "expected_score": 5.625,
    "lineup": [
      "안치홍",
      "윤동희",
      "유강남",
      "고승민",
      "박승욱",
      "전준우",
      "김민석",
      "안권수",
      "노진혁"
    ],
    "player_stats": [
      {
        "name": "안치홍",
        "year": 23,
        "team": "롯데",
        "pa": 494,
        "ops": 0.774,
        "avg": 0.292,
        "obp": 0.374,
        "slg": 0.4,
        "rbi": 63,
        "sb": 3,
        "hr": 8
      },
      {
        "name": "윤동희",
        "year": 23,
        "team": "롯데",
        "pa": 423,
        "ops": 0.687,
        "avg": 0.287,
        "obp": 0.333,
        "slg": 0.354,
        "rbi": 41,
        "sb": 3,
        "hr": 2
      },
      {
        "name": "유강남",
        "year": 23,
        "team": "롯데",
        "pa": 403,
        "ops": 0.726,
        "avg": 0.261,
        "obp": 0.342,
        "slg": 0.384,
        "rbi": 55,
        "sb": 1,
        "hr": 10
      },
      {
        "name": "고승민",
        "year": 23,
        "team": "롯데",
        "pa": 308,
        "ops": 0.649,
        "avg": 0.224,
        "obp": 0.331,
        "slg": 0.318,
        "rbi": 24,
        "sb": 8,
        "hr": 2
      },
      {
        "name": "박승욱",
        "year": 23,
        "team": "롯데",
        "pa": 338,
        "ops": 0.733,
        "avg": 0.286,
        "obp": 0.364,
        "slg": 0.369,
        "rbi": 30,
        "sb": 15,
        "hr": 0
      },
      {
        "name": "전준우",
        "year": 23,
        "team": "롯데",
        "pa": 559,
        "ops": 0.852,
        "avg": 0.312,
        "obp": 0.381,
        "slg": 0.471,
        "rbi": 77,
        "sb": 9,
        "hr": 17
      },
      {
        "name": "김민석",
        "year": 23,
        "team": "롯데",
        "pa": 454,
        "ops": 0.652,
        "avg": 0.255,
        "obp": 0.314,
        "slg": 0.338,
        "rbi": 39,
        "sb": 16,
        "hr": 3
      },
      {
        "name": "안권수",
        "year": 23,
        "team": "롯데",
        "pa": 309,
        "ops": 0.662,
        "avg": 0.269,
        "obp": 0.341,
        "slg": 0.321,
        "rbi": 29,
        "sb": 16,
        "hr": 2
      },
      {
        "name": "노진혁",
        "year": 23,
        "team": "롯데",
        "pa": 390,
        "ops": 0.724,
        "avg": 0.257,
        "obp": 0.347,
        "slg": 0.377,
        "rbi": 51,
        "sb": 7,
        "hr": 4
      }
    ]
  },
  {
    "generation": 18,
    "expected_score": 5.675,
    "lineup": [
      "윤동희",
      "유강남",
      "박승욱",
      "안치홍",
      "전준우",
      "김민석",
      "고승민",
      "노진혁",
      "안권수"
    ],
    "player_stats": [
      {
        "name": "윤동희",
        "year": 23,
        "team": "롯데",
        "pa": 423,
        "ops": 0.687,
        "avg": 0.287,
        "obp": 0.333,
        "slg": 0.354,
        "rbi": 41,
        "sb": 3,
        "hr": 2
      },
      {
        "name": "유강남",
        "year": 23,
        "team": "롯데",
        "pa": 403,
        "ops": 0.726,
        "avg": 0.261,
        "obp": 0.342,
        "slg": 0.384,
        "rbi": 55,
        "sb": 1,
        "hr": 10
      },
      {
        "name": "박승욱",
        "year": 23,
        "team": "롯데",
        "pa": 338,
        "ops": 0.733,
        "avg": 0.286,
        "obp": 0.364,
        "slg": 0.369,
        "rbi": 30,
        "sb": 15,
        "hr": 0
      },
      {
        "name": "안치홍",
        "year": 23,
        "team": "롯데",
        "pa": 494,
        "ops": 0.774,
        "avg": 0.292,
        "obp": 0.374,
        "slg": 0.4,
        "rbi": 63,
        "sb": 3,
        "hr": 8
      },
      {
        "name": "전준우",
        "year": 23,
        "team": "롯데",
        "pa": 559,
        "ops": 0.852,
        "avg": 0.312,
        "obp": 0.381,
        "slg": 0.471,
        "rbi": 77,
        "sb": 9,
        "hr": 17
      },
      {
        "name": "김민석",
        "year": 23,
        "team": "롯데",
        "pa": 454,
        "ops": 0.652,
        "avg": 0.255,
        "obp": 0.314,
        "slg": 0.338,
        "rbi": 39,
        "sb": 16,
        "hr": 3
      },
      {
        "name": "고승민",
        "year": 23,
        "team": "롯데",
        "pa": 308,
        "ops": 0.649,
        "avg": 0.224,
        "obp": 0.331,
        "slg": 0.318,
        "rbi": 24,
        "sb": 8,
        "hr": 2
      },
      {
        "name": "노진혁",
        "year": 23,
        "team": "롯데",
        "pa": 390,
        "ops": 0.724,
        "avg": 0.257,
        "obp": 0.347,
        "slg": 0.377,
        "rbi": 51,
        "sb": 7,
        "hr": 4
      },
      {
        "name": "안권수",
        "year": 23,
        "team": "롯데",
        "pa": 309,
        "ops": 0.662,
        "avg": 0.269,
        "obp": 0.341,
        "slg": 0.321,
        "rbi": 29,
        "sb": 16,
        "hr": 2
      }
    ]
  },
  {
    "generation": 19,
    "expected_score": 6.03,
    "lineup": [
      "윤동희",
      "유강남",
      "박승욱",
      "안치홍",
      "전준우",
      "고승민",
      "안권수",
      "김민석",
      "노진혁"
    ],
    "player_stats": [
      {
        "name": "윤동희",
        "year": 23,
        "team": "롯데",
        "pa": 423,
        "ops": 0.687,
        "avg": 0.287,
        "obp": 0.333,
        "slg": 0.354,
        "rbi": 41,
        "sb": 3,
        "hr": 2
      },
      {
        "name": "유강남",
        "year": 23,
        "team": "롯데",
        "pa": 403,
        "ops": 0.726,
        "avg": 0.261,
        "obp": 0.342,
        "slg": 0.384,
        "rbi": 55,
        "sb": 1,
        "hr": 10
      },
      {
        "name": "박승욱",
        "year": 23,
        "team": "롯데",
        "pa": 338,
        "ops": 0.733,
        "avg": 0.286,
        "obp": 0.364,
        "slg": 0.369,
        "rbi": 30,
        "sb": 15,
        "hr": 0
      },
      {
        "name": "안치홍",
        "year": 23,
        "team": "롯데",
        "pa": 494,
        "ops": 0.774,
        "avg": 0.292,
        "obp": 0.374,
        "slg": 0.4,
        "rbi": 63,
        "sb": 3,
        "hr": 8
      },
      {
        "name": "전준우",
        "year": 23,
        "team": "롯데",
        "pa": 559,
        "ops": 0.852,
        "avg": 0.312,
        "obp": 0.381,
        "slg": 0.471,
        "rbi": 77,
        "sb": 9,
        "hr": 17
      },
      {
        "name": "고승민",
        "year": 23,
        "team": "롯데",
        "pa": 308,
        "ops": 0.649,
        "avg": 0.224,
        "obp": 0.331,
        "slg": 0.318,
        "rbi": 24,
        "sb": 8,
        "hr": 2
      },
      {
        "name": "안권수",
        "year": 23,
        "team": "롯데",
        "pa": 309,
        "ops": 0.662,
        "avg": 0.269,
        "obp": 0.341,
        "slg": 0.321,
        "rbi": 29,
        "sb": 16,
        "hr": 2
      },
      {
        "name": "김민석",
        "year": 23,
        "team": "롯데",
        "pa": 454,
        "ops": 0.652,
        "avg": 0.255,
        "obp": 0.314,
        "slg": 0.338,
        "rbi": 39,
        "sb": 16,
        "hr": 3
      },
      {
        "name": "노진혁",
        "year": 23,
        "team": "롯데",
        "pa": 390,
        "ops": 0.724,
        "avg": 0.257,
        "obp": 0.347,
        "slg": 0.377,
        "rbi": 51,
        "sb": 7,
        "hr": 4
      }
    ]
  },
  {
    "generation": 20,
    "expected_score": 5.715,
    "lineup": [
      "안치홍",
      "유강남",
      "전준우",
      "고승민",
      "박승욱",
      "윤동희",
      "안권수",
      "김민석",
      "노진혁"
    ],
    "player_stats": [
      {
        "name": "안치홍",
        "year": 23,
        "team": "롯데",
        "pa": 494,
        "ops": 0.774,
        "avg": 0.292,
        "obp": 0.374,
        "slg": 0.4,
        "rbi": 63,
        "sb": 3,
        "hr": 8
      },
      {
        "name": "유강남",
        "year": 23,
        "team": "롯데",
        "pa": 403,
        "ops": 0.726,
        "avg": 0.261,
        "obp": 0.342,
        "slg": 0.384,
        "rbi": 55,
        "sb": 1,
        "hr": 10
      },
      {
        "name": "전준우",
        "year": 23,
        "team": "롯데",
        "pa": 559,
        "ops": 0.852,
        "avg": 0.312,
        "obp": 0.381,
        "slg": 0.471,
        "rbi": 77,
        "sb": 9,
        "hr": 17
      },
      {
        "name": "고승민",
        "year": 23,
        "team": "롯데",
        "pa": 308,
        "ops": 0.649,
        "avg": 0.224,
        "obp": 0.331,
        "slg": 0.318,
        "rbi": 24,
        "sb": 8,
        "hr": 2
      },
      {
        "name": "박승욱",
        "year": 23,
        "team": "롯데",
        "pa": 338,
        "ops": 0.733,
        "avg": 0.286,
        "obp": 0.364,
        "slg": 0.369,
        "rbi": 30,
        "sb": 15,
        "hr": 0
      },
      {
        "name": "윤동희",
        "year": 23,
        "team": "롯데",
        "pa": 423,
        "ops": 0.687,
        "avg": 0.287,
        "obp": 0.333,
        "slg": 0.354,
        "rbi": 41,
        "sb": 3,
        "hr": 2
      },
      {
        "name": "안권수",
        "year": 23,
        "team": "롯데",
        "pa": 309,
        "ops": 0.662,
        "avg": 0.269,
        "obp": 0.341,
        "slg": 0.321,
        "rbi": 29,
        "sb": 16,
        "hr": 2
      },
      {
        "name": "김민석",
        "year": 23,
        "team": "롯데",
        "pa": 454,
        "ops": 0.652,
        "avg": 0.255,
        "obp": 0.314,
        "slg": 0.338,
        "rbi": 39,
        "sb": 16,
        "hr": 3
      },
      {
        "name": "노진혁",
        "year": 23,
        "team": "롯데",
        "pa": 390,
        "ops": 0.724,
        "avg": 0.257,
        "obp": 0.347,
        "slg": 0.377,
        "rbi": 51,
        "sb": 7,
        "hr": 4
      }
    ]
  },
  {
    "generation": 21,
    "expected_score": 5.895,
    "lineup": [
      "안치홍",
      "윤동희",
      "유강남",
      "고승민",
      "박승욱",
      "전준우",
      "안권수",
      "김민석",
      "노진혁"
    ],
    "player_stats": [
      {
        "name": "안치홍",
        "year": 23,
        "team": "롯데",
        "pa": 494,
        "ops": 0.774,
        "avg": 0.292,
        "obp": 0.374,
        "slg": 0.4,
        "rbi": 63,
        "sb": 3,
        "hr": 8
      },
      {
        "name": "윤동희",
        "year": 23,
        "team": "롯데",
        "pa": 423,
        "ops": 0.687,
        "avg": 0.287,
        "obp": 0.333,
        "slg": 0.354,
        "rbi": 41,
        "sb": 3,
        "hr": 2
      },
      {
        "name": "유강남",
        "year": 23,
        "team": "롯데",
        "pa": 403,
        "ops": 0.726,
        "avg": 0.261,
        "obp": 0.342,
        "slg": 0.384,
        "rbi": 55,
        "sb": 1,
        "hr": 10
      },
      {
        "name": "고승민",
        "year": 23,
        "team": "롯데",
        "pa": 308,
        "ops": 0.649,
        "avg": 0.224,
        "obp": 0.331,
        "slg": 0.318,
        "rbi": 24,
        "sb": 8,
        "hr": 2
      },
      {
        "name": "박승욱",
        "year": 23,
        "team": "롯데",
        "pa": 338,
        "ops": 0.733,
        "avg": 0.286,
        "obp": 0.364,
        "slg": 0.369,
        "rbi": 30,
        "sb": 15,
        "hr": 0
      },
      {
        "name": "전준우",
        "year": 23,
        "team": "롯데",
        "pa": 559,
        "ops": 0.852,
        "avg": 0.312,
        "obp": 0.381,
        "slg": 0.471,
        "rbi": 77,
        "sb": 9,
        "hr": 17
      },
      {
        "name": "안권수",
        "year": 23,
        "team": "롯데",
        "pa": 309,
        "ops": 0.662,
        "avg": 0.269,
        "obp": 0.341,
        "slg": 0.321,
        "rbi": 29,
        "sb": 16,
        "hr": 2
      },
      {
        "name": "김민석",
        "year": 23,
        "team": "롯데",
        "pa": 454,
        "ops": 0.652,
        "avg": 0.255,
        "obp": 0.314,
        "slg": 0.338,
        "rbi": 39,
        "sb": 16,
        "hr": 3
      },
      {
        "name": "노진혁",
        "year": 23,
        "team": "롯데",
        "pa": 390,
        "ops": 0.724,
        "avg": 0.257,
        "obp": 0.347,
        "slg": 0.377,
        "rbi": 51,
        "sb": 7,
        "hr": 4
      }
    ]
  },
  {
    "generation": 22,
    "expected_score": 5.665,
    "lineup": [
      "유강남",
      "안치홍",
      "전준우",
      "박승욱",
      "윤동희",
      "고승민",
      "김민석",
      "안권수",
      "노진혁"
    ],
    "player_stats": [
      {
        "name": "유강남",
        "year": 23,
        "team": "롯데",
        "pa": 403,
        "ops": 0.726,
        "avg": 0.261,
        "obp": 0.342,
        "slg": 0.384,
        "rbi": 55,
        "sb": 1,
        "hr": 10
      },
      {
        "name": "안치홍",
        "year": 23,
        "team": "롯데",
        "pa": 494,
        "ops": 0.774,
        "avg": 0.292,
        "obp": 0.374,
        "slg": 0.4,
        "rbi": 63,
        "sb": 3,
        "hr": 8
      },
      {
        "name": "전준우",
        "year": 23,
        "team": "롯데",
        "pa": 559,
        "ops": 0.852,
        "avg": 0.312,
        "obp": 0.381,
        "slg": 0.471,
        "rbi": 77,
        "sb": 9,
        "hr": 17
      },
      {
        "name": "박승욱",
        "year": 23,
        "team": "롯데",
        "pa": 338,
        "ops": 0.733,
        "avg": 0.286,
        "obp": 0.364,
        "slg": 0.369,
        "rbi": 30,
        "sb": 15,
        "hr": 0
      },
      {
        "name": "윤동희",
        "year": 23,
        "team": "롯데",
        "pa": 423,
        "ops": 0.687,
        "avg": 0.287,
        "obp": 0.333,
        "slg": 0.354,
        "rbi": 41,
        "sb": 3,
        "hr": 2
      },
      {
        "name": "고승민",
        "year": 23,
        "team": "롯데",
        "pa": 308,
        "ops": 0.649,
        "avg": 0.224,
        "obp": 0.331,
        "slg": 0.318,
        "rbi": 24,
        "sb": 8,
        "hr": 2
      },
      {
        "name": "김민석",
        "year": 23,
        "team": "롯데",
        "pa": 454,
        "ops": 0.652,
        "avg": 0.255,
        "obp": 0.314,
        "slg": 0.338,
        "rbi": 39,
        "sb": 16,
        "hr": 3
      },
      {
        "name": "안권수",
        "year": 23,
        "team": "롯데",
        "pa": 309,
        "ops": 0.662,
        "avg": 0.269,
        "obp": 0.341,
        "slg": 0.321,
        "rbi": 29,
        "sb": 16,
        "hr": 2
      },
      {
        "name": "노진혁",
        "year": 23,
        "team": "롯데",
        "pa": 390,
        "ops": 0.724,
        "avg": 0.257,
        "obp": 0.347,
        "slg": 0.377,
        "rbi": 51,
        "sb": 7,
        "hr": 4
      }
    ]
  },
  {
    "generation": 23,
    "expected_score": 5.66,
    "lineup": [
      "유강남",
      "안치홍",
      "윤동희",
      "박승욱",
      "전준우",
      "고승민",
      "안권수",
      "김민석",
      "노진혁"
    ],
    "player_stats": [
      {
        "name": "유강남",
        "year": 23,
        "team": "롯데",
        "pa": 403,
        "ops": 0.726,
        "avg": 0.261,
        "obp": 0.342,
        "slg": 0.384,
        "rbi": 55,
        "sb": 1,
        "hr": 10
      },
      {
        "name": "안치홍",
        "year": 23,
        "team": "롯데",
        "pa": 494,
        "ops": 0.774,
        "avg": 0.292,
        "obp": 0.374,
        "slg": 0.4,
        "rbi": 63,
        "sb": 3,
        "hr": 8
      },
      {
        "name": "윤동희",
        "year": 23,
        "team": "롯데",
        "pa": 423,
        "ops": 0.687,
        "avg": 0.287,
        "obp": 0.333,
        "slg": 0.354,
        "rbi": 41,
        "sb": 3,
        "hr": 2
      },
      {
        "name": "박승욱",
        "year": 23,
        "team": "롯데",
        "pa": 338,
        "ops": 0.733,
        "avg": 0.286,
        "obp": 0.364,
        "slg": 0.369,
        "rbi": 30,
        "sb": 15,
        "hr": 0
      },
      {
        "name": "전준우",
        "year": 23,
        "team": "롯데",
        "pa": 559,
        "ops": 0.852,
        "avg": 0.312,
        "obp": 0.381,
        "slg": 0.471,
        "rbi": 77,
        "sb": 9,
        "hr": 17
      },
      {
        "name": "고승민",
        "year": 23,
        "team": "롯데",
        "pa": 308,
        "ops": 0.649,
        "avg": 0.224,
        "obp": 0.331,
        "slg": 0.318,
        "rbi": 24,
        "sb": 8,
        "hr": 2
      },
      {
        "name": "안권수",
        "year": 23,
        "team": "롯데",
        "pa": 309,
        "ops": 0.662,
        "avg": 0.269,
        "obp": 0.341,
        "slg": 0.321,
        "rbi": 29,
        "sb": 16,
        "hr": 2
      },
      {
        "name": "김민석",
        "year": 23,
        "team": "롯데",
        "pa": 454,
        "ops": 0.652,
        "avg": 0.255,
        "obp": 0.314,
        "slg": 0.338,
        "rbi": 39,
        "sb": 16,
        "hr": 3
      },
      {
        "name": "노진혁",
        "year": 23,
        "team": "롯데",
        "pa": 390,
        "ops": 0.724,
        "avg": 0.257,
        "obp": 0.347,
        "slg": 0.377,
        "rbi": 51,
        "sb": 7,
        "hr": 4
      }
    ]
  },
  {
    "generation": 24,
    "expected_score": 5.705,
    "lineup": [
      "유강남",
      "안치홍",
      "전준우",
      "고승민",
      "박승욱",
      "윤동희",
      "김민석",
      "안권수",
      "노진혁"
    ],
    "player_stats": [
      {
        "name": "유강남",
        "year": 23,
        "team": "롯데",
        "pa": 403,
        "ops": 0.726,
        "avg": 0.261,
        "obp": 0.342,
        "slg": 0.384,
        "rbi": 55,
        "sb": 1,
        "hr": 10
      },
      {
        "name": "안치홍",
        "year": 23,
        "team": "롯데",
        "pa": 494,
        "ops": 0.774,
        "avg": 0.292,
        "obp": 0.374,
        "slg": 0.4,
        "rbi": 63,
        "sb": 3,
        "hr": 8
      },
      {
        "name": "전준우",
        "year": 23,
        "team": "롯데",
        "pa": 559,
        "ops": 0.852,
        "avg": 0.312,
        "obp": 0.381,
        "slg": 0.471,
        "rbi": 77,
        "sb": 9,
        "hr": 17
      },
      {
        "name": "고승민",
        "year": 23,
        "team": "롯데",
        "pa": 308,
        "ops": 0.649,
        "avg": 0.224,
        "obp": 0.331,
        "slg": 0.318,
        "rbi": 24,
        "sb": 8,
        "hr": 2
      },
      {
        "name": "박승욱",
        "year": 23,
        "team": "롯데",
        "pa": 338,
        "ops": 0.733,
        "avg": 0.286,
        "obp": 0.364,
        "slg": 0.369,
        "rbi": 30,
        "sb": 15,
        "hr": 0
      },
      {
        "name": "윤동희",
        "year": 23,
        "team": "롯데",
        "pa": 423,
        "ops": 0.687,
        "avg": 0.287,
        "obp": 0.333,
        "slg": 0.354,
        "rbi": 41,
        "sb": 3,
        "hr": 2
      },
      {
        "name": "김민석",
        "year": 23,
        "team": "롯데",
        "pa": 454,
        "ops": 0.652,
        "avg": 0.255,
        "obp": 0.314,
        "slg": 0.338,
        "rbi": 39,
        "sb": 16,
        "hr": 3
      },
      {
        "name": "안권수",
        "year": 23,
        "team": "롯데",
        "pa": 309,
        "ops": 0.662,
        "avg": 0.269,
        "obp": 0.341,
        "slg": 0.321,
        "rbi": 29,
        "sb": 16,
        "hr": 2
      },
      {
        "name": "노진혁",
        "year": 23,
        "team": "롯데",
        "pa": 390,
        "ops": 0.724,
        "avg": 0.257,
        "obp": 0.347,
        "slg": 0.377,
        "rbi": 51,
        "sb": 7,
        "hr": 4
      }
    ]
  },
  {
    "generation": 25,
    "expected_score": 5.69,
    "lineup": [
      "유강남",
      "안치홍",
      "고승민",
      "윤동희",
      "박승욱",
      "전준우",
      "김민석",
      "안권수",
      "노진혁"
    ],
    "player_stats": [
      {
        "name": "유강남",
        "year": 23,
        "team": "롯데",
        "pa": 403,
        "ops": 0.726,
        "avg": 0.261,
        "obp": 0.342,
        "slg": 0.384,
        "rbi": 55,
        "sb": 1,
        "hr": 10
      },
      {
        "name": "안치홍",
        "year": 23,
        "team": "롯데",
        "pa": 494,
        "ops": 0.774,
        "avg": 0.292,
        "obp": 0.374,
        "slg": 0.4,
        "rbi": 63,
        "sb": 3,
        "hr": 8
      },
      {
        "name": "고승민",
        "year": 23,
        "team": "롯데",
        "pa": 308,
        "ops": 0.649,
        "avg": 0.224,
        "obp": 0.331,
        "slg": 0.318,
        "rbi": 24,
        "sb": 8,
        "hr": 2
      },
      {
        "name": "윤동희",
        "year": 23,
        "team": "롯데",
        "pa": 423,
        "ops": 0.687,
        "avg": 0.287,
        "obp": 0.333,
        "slg": 0.354,
        "rbi": 41,
        "sb": 3,
        "hr": 2
      },
      {
        "name": "박승욱",
        "year": 23,
        "team": "롯데",
        "pa": 338,
        "ops": 0.733,
        "avg": 0.286,
        "obp": 0.364,
        "slg": 0.369,
        "rbi": 30,
        "sb": 15,
        "hr": 0
      },
      {
        "name": "전준우",
        "year": 23,
        "team": "롯데",
        "pa": 559,
        "ops": 0.852,
        "avg": 0.312,
        "obp": 0.381,
        "slg": 0.471,
        "rbi": 77,
        "sb": 9,
        "hr": 17
      },
      {
        "name": "김민석",
        "year": 23,
        "team": "롯데",
        "pa": 454,
        "ops": 0.652,
        "avg": 0.255,
        "obp": 0.314,
        "slg": 0.338,
        "rbi": 39,
        "sb": 16,
        "hr": 3
      },
      {
        "name": "안권수",
        "year": 23,
        "team": "롯데",
        "pa": 309,
        "ops": 0.662,
        "avg": 0.269,
        "obp": 0.341,
        "slg": 0.321,
        "rbi": 29,
        "sb": 16,
        "hr": 2
      },
      {
        "name": "노진혁",
        "year": 23,
        "team": "롯데",
        "pa": 390,
        "ops": 0.724,
        "avg": 0.257,
        "obp": 0.347,
        "slg": 0.377,
        "rbi": 51,
        "sb": 7,
        "hr": 4
      }
    ]
  },
  {
    "generation": 26,
    "expected_score": 5.69,
    "lineup": [
      "유강남",
      "박승욱",
      "윤동희",
      "안치홍",
      "전준우",
      "고승민",
      "안권수",
      "김민석",
      "노진혁"
    ],
    "player_stats": [
      {
        "name": "유강남",
        "year": 23,
        "team": "롯데",
        "pa": 403,
        "ops": 0.726,
        "avg": 0.261,
        "obp": 0.342,
        "slg": 0.384,
        "rbi": 55,
        "sb": 1,
        "hr": 10
      },
      {
        "name": "박승욱",
        "year": 23,
        "team": "롯데",
        "pa": 338,
        "ops": 0.733,
        "avg": 0.286,
        "obp": 0.364,
        "slg": 0.369,
        "rbi": 30,
        "sb": 15,
        "hr": 0
      },
      {
        "name": "윤동희",
        "year": 23,
        "team": "롯데",
        "pa": 423,
        "ops": 0.687,
        "avg": 0.287,
        "obp": 0.333,
        "slg": 0.354,
        "rbi": 41,
        "sb": 3,
        "hr": 2
      },
      {
        "name": "안치홍",
        "year": 23,
        "team": "롯데",
        "pa": 494,
        "ops": 0.774,
        "avg": 0.292,
        "obp": 0.374,
        "slg": 0.4,
        "rbi": 63,
        "sb": 3,
        "hr": 8
      },
      {
        "name": "전준우",
        "year": 23,
        "team": "롯데",
        "pa": 559,
        "ops": 0.852,
        "avg": 0.312,
        "obp": 0.381,
        "slg": 0.471,
        "rbi": 77,
        "sb": 9,
        "hr": 17
      },
      {
        "name": "고승민",
        "year": 23,
        "team": "롯데",
        "pa": 308,
        "ops": 0.649,
        "avg": 0.224,
        "obp": 0.331,
        "slg": 0.318,
        "rbi": 24,
        "sb": 8,
        "hr": 2
      },
      {
        "name": "안권수",
        "year": 23,
        "team": "롯데",
        "pa": 309,
        "ops": 0.662,
        "avg": 0.269,
        "obp": 0.341,
        "slg": 0.321,
        "rbi": 29,
        "sb": 16,
        "hr": 2
      },
      {
        "name": "김민석",
        "year": 23,
        "team": "롯데",
        "pa": 454,
        "ops": 0.652,
        "avg": 0.255,
        "obp": 0.314,
        "slg": 0.338,
        "rbi": 39,
        "sb": 16,
        "hr": 3
      },
      {
        "name": "노진혁",
        "year": 23,
        "team": "롯데",
        "pa": 390,
        "ops": 0.724,
        "avg": 0.257,
        "obp": 0.347,
        "slg": 0.377,
        "rbi": 51,
        "sb": 7,
        "hr": 4
      }
    ]
  },
  {
    "generation": 27,
    "expected_score": 5.785,
    "lineup": [
      "유강남",
      "박승욱",
      "윤동희",
      "안치홍",
      "전준우",
      "고승민",
      "안권수",
      "김민석",
      "노진혁"
    ],
    "player_stats": [
      {
        "name": "유강남",
        "year": 23,
        "team": "롯데",
        "pa": 403,
        "ops": 0.726,
        "avg": 0.261,
        "obp": 0.342,
        "slg": 0.384,
        "rbi": 55,
        "sb": 1,
        "hr": 10
      },
      {
        "name": "박승욱",
        "year": 23,
        "team": "롯데",
        "pa": 338,
        "ops": 0.733,
        "avg": 0.286,
        "obp": 0.364,
        "slg": 0.369,
        "rbi": 30,
        "sb": 15,
        "hr": 0
      },
      {
        "name": "윤동희",
        "year": 23,
        "team": "롯데",
        "pa": 423,
        "ops": 0.687,
        "avg": 0.287,
        "obp": 0.333,
        "slg": 0.354,
        "rbi": 41,
        "sb": 3,
        "hr": 2
      },
      {
        "name": "안치홍",
        "year": 23,
        "team": "롯데",
        "pa": 494,
        "ops": 0.774,
        "avg": 0.292,
        "obp": 0.374,
        "slg": 0.4,
        "rbi": 63,
        "sb": 3,
        "hr": 8
      },
      {
        "name": "전준우",
        "year": 23,
        "team": "롯데",
        "pa": 559,
        "ops": 0.852,
        "avg": 0.312,
        "obp": 0.381,
        "slg": 0.471,
        "rbi": 77,
        "sb": 9,
        "hr": 17
      },
      {
        "name": "고승민",
        "year": 23,
        "team": "롯데",
        "pa": 308,
        "ops": 0.649,
        "avg": 0.224,
        "obp": 0.331,
        "slg": 0.318,
        "rbi": 24,
        "sb": 8,
        "hr": 2
      },
      {
        "name": "안권수",
        "year": 23,
        "team": "롯데",
        "pa": 309,
        "ops": 0.662,
        "avg": 0.269,
        "obp": 0.341,
        "slg": 0.321,
        "rbi": 29,
        "sb": 16,
        "hr": 2
      },
      {
        "name": "김민석",
        "year": 23,
        "team": "롯데",
        "pa": 454,
        "ops": 0.652,
        "avg": 0.255,
        "obp": 0.314,
        "slg": 0.338,
        "rbi": 39,
        "sb": 16,
        "hr": 3
      },
      {
        "name": "노진혁",
        "year": 23,
        "team": "롯데",
        "pa": 390,
        "ops": 0.724,
        "avg": 0.257,
        "obp": 0.347,
        "slg": 0.377,
        "rbi": 51,
        "sb": 7,
        "hr": 4
      }
    ]
  },
  {
    "generation": 28,
    "expected_score": 5.91,
    "lineup": [
      "유강남",
      "윤동희",
      "안치홍",
      "전준우",
      "박승욱",
      "고승민",
      "안권수",
      "김민석",
      "노진혁"
    ],
    "player_stats": [
      {
        "name": "유강남",
        "year": 23,
        "team": "롯데",
        "pa": 403,
        "ops": 0.726,
        "avg": 0.261,
        "obp": 0.342,
        "slg": 0.384,
        "rbi": 55,
        "sb": 1,
        "hr": 10
      },
      {
        "name": "윤동희",
        "year": 23,
        "team": "롯데",
        "pa": 423,
        "ops": 0.687,
        "avg": 0.287,
        "obp": 0.333,
        "slg": 0.354,
        "rbi": 41,
        "sb": 3,
        "hr": 2
      },
      {
        "name": "안치홍",
        "year": 23,
        "team": "롯데",
        "pa": 494,
        "ops": 0.774,
        "avg": 0.292,
        "obp": 0.374,
        "slg": 0.4,
        "rbi": 63,
        "sb": 3,
        "hr": 8
      },
      {
        "name": "전준우",
        "year": 23,
        "team": "롯데",
        "pa": 559,
        "ops": 0.852,
        "avg": 0.312,
        "obp": 0.381,
        "slg": 0.471,
        "rbi": 77,
        "sb": 9,
        "hr": 17
      },
      {
        "name": "박승욱",
        "year": 23,
        "team": "롯데",
        "pa": 338,
        "ops": 0.733,
        "avg": 0.286,
        "obp": 0.364,
        "slg": 0.369,
        "rbi": 30,
        "sb": 15,
        "hr": 0
      },
      {
        "name": "고승민",
        "year": 23,
        "team": "롯데",
        "pa": 308,
        "ops": 0.649,
        "avg": 0.224,
        "obp": 0.331,
        "slg": 0.318,
        "rbi": 24,
        "sb": 8,
        "hr": 2
      },
      {
        "name": "안권수",
        "year": 23,
        "team": "롯데",
        "pa": 309,
        "ops": 0.662,
        "avg": 0.269,
        "obp": 0.341,
        "slg": 0.321,
        "rbi": 29,
        "sb": 16,
        "hr": 2
      },
      {
        "name": "김민석",
        "year": 23,
        "team": "롯데",
        "pa": 454,
        "ops": 0.652,
        "avg": 0.255,
        "obp": 0.314,
        "slg": 0.338,
        "rbi": 39,
        "sb": 16,
        "hr": 3
      },
      {
        "name": "노진혁",
        "year": 23,
        "team": "롯데",
        "pa": 390,
        "ops": 0.724,
        "avg": 0.257,
        "obp": 0.347,
        "slg": 0.377,
        "rbi": 51,
        "sb": 7,
        "hr": 4
      }
    ]
  },
  {
    "generation": 29,
    "expected_score": 5.745,
    "lineup": [
      "유강남",
      "박승욱",
      "윤동희",
      "안치홍",
      "전준우",
      "고승민",
      "김민석",
      "안권수",
      "노진혁"
    ],
    "player_stats": [
      {
        "name": "유강남",
        "year": 23,
        "team": "롯데",
        "pa": 403,
        "ops": 0.726,
        "avg": 0.261,
        "obp": 0.342,
        "slg": 0.384,
        "rbi": 55,
        "sb": 1,
        "hr": 10
      },
      {
        "name": "박승욱",
        "year": 23,
        "team": "롯데",
        "pa": 338,
        "ops": 0.733,
        "avg": 0.286,
        "obp": 0.364,
        "slg": 0.369,
        "rbi": 30,
        "sb": 15,
        "hr": 0
      },
      {
        "name": "윤동희",
        "year": 23,
        "team": "롯데",
        "pa": 423,
        "ops": 0.687,
        "avg": 0.287,
        "obp": 0.333,
        "slg": 0.354,
        "rbi": 41,
        "sb": 3,
        "hr": 2
      },
      {
        "name": "안치홍",
        "year": 23,
        "team": "롯데",
        "pa": 494,
        "ops": 0.774,
        "avg": 0.292,
        "obp": 0.374,
        "slg": 0.4,
        "rbi": 63,
        "sb": 3,
        "hr": 8
      },
      {
        "name": "전준우",
        "year": 23,
        "team": "롯데",
        "pa": 559,
        "ops": 0.852,
        "avg": 0.312,
        "obp": 0.381,
        "slg": 0.471,
        "rbi": 77,
        "sb": 9,
        "hr": 17
      },
      {
        "name": "고승민",
        "year": 23,
        "team": "롯데",
        "pa": 308,
        "ops": 0.649,
        "avg": 0.224,
        "obp": 0.331,
        "slg": 0.318,
        "rbi": 24,
        "sb": 8,
        "hr": 2
      },
      {
        "name": "김민석",
        "year": 23,
        "team": "롯데",
        "pa": 454,
        "ops": 0.652,
        "avg": 0.255,
        "obp": 0.314,
        "slg": 0.338,
        "rbi": 39,
        "sb": 16,
        "hr": 3
      },
      {
        "name": "안권수",
        "year": 23,
        "team": "롯데",
        "pa": 309,
        "ops": 0.662,
        "avg": 0.269,
        "obp": 0.341,
        "slg": 0.321,
        "rbi": 29,
        "sb": 16,
        "hr": 2
      },
      {
        "name": "노진혁",
        "year": 23,
        "team": "롯데",
        "pa": 390,
        "ops": 0.724,
        "avg": 0.257,
        "obp": 0.347,
        "slg": 0.377,
        "rbi": 51,
        "sb": 7,
        "hr": 4
      }
    ]
  },
  {
    "generation": 30,
    "expected_score": 5.95,
    "lineup": [
      "유강남",
      "윤동희",
      "박승욱",
      "안치홍",
      "전준우",
      "고승민",
      "안권수",
      "김민석",
      "노진혁"
    ],
    "player_stats": [
      {
        "name": "유강남",
        "year": 23,
        "team": "롯데",
        "pa": 403,
        "ops": 0.726,
        "avg": 0.261,
        "obp": 0.342,
        "slg": 0.384,
        "rbi": 55,
        "sb": 1,
        "hr": 10
      },
      {
        "name": "윤동희",
        "year": 23,
        "team": "롯데",
        "pa": 423,
        "ops": 0.687,
        "avg": 0.287,
        "obp": 0.333,
        "slg": 0.354,
        "rbi": 41,
        "sb": 3,
        "hr": 2
      },
      {
        "name": "박승욱",
        "year": 23,
        "team": "롯데",
        "pa": 338,
        "ops": 0.733,
        "avg": 0.286,
        "obp": 0.364,
        "slg": 0.369,
        "rbi": 30,
        "sb": 15,
        "hr": 0
      },
      {
        "name": "안치홍",
        "year": 23,
        "team": "롯데",
        "pa": 494,
        "ops": 0.774,
        "avg": 0.292,
        "obp": 0.374,
        "slg": 0.4,
        "rbi": 63,
        "sb": 3,
        "hr": 8
      },
      {
        "name": "전준우",
        "year": 23,
        "team": "롯데",
        "pa": 559,
        "ops": 0.852,
        "avg": 0.312,
        "obp": 0.381,
        "slg": 0.471,
        "rbi": 77,
        "sb": 9,
        "hr": 17
      },
      {
        "name": "고승민",
        "year": 23,
        "team": "롯데",
        "pa": 308,
        "ops": 0.649,
        "avg": 0.224,
        "obp": 0.331,
        "slg": 0.318,
        "rbi": 24,
        "sb": 8,
        "hr": 2
      },
      {
        "name": "안권수",
        "year": 23,
        "team": "롯데",
        "pa": 309,
        "ops": 0.662,
        "avg": 0.269,
        "obp": 0.341,
        "slg": 0.321,
        "rbi": 29,
        "sb": 16,
        "hr": 2
      },
      {
        "name": "김민석",
        "year": 23,
        "team": "롯데",
        "pa": 454,
        "ops": 0.652,
        "avg": 0.255,
        "obp": 0.314,
        "slg": 0.338,
        "rbi": 39,
        "sb": 16,
        "hr": 3
      },
      {
        "name": "노진혁",
        "year": 23,
        "team": "롯데",
        "pa": 390,
        "ops": 0.724,
        "avg": 0.257,
        "obp": 0.347,
        "slg": 0.377,
        "rbi": 51,
        "sb": 7,
        "hr": 4
      }
    ]
  }
]