[
  {
    "generation": 1,
    "expected_score": 5.87,
    "lineup": [
      "구자욱",
      "오재일",
      "김성윤",
      "김지찬",
      "류지혁",
      "이재현",
      "김현준",
      "피렐라",
      "강민호"
    ],
    "player_stats": [
      {
        "name": "구자욱",
        "year": 23,
        "team": "삼성",
        "pa": 515,
        "ops": 0.901,
        "avg": 0.336,
        "obp": 0.407,
        "slg": 0.494,
        "rbi": 71,
        "sb": 12,
        "hr": 11
      },
      {
        "name": "오재일",
        "year": 23,
        "team": "삼성",
        "pa": 364,
        "ops": 0.658,
        "avg": 0.203,
        "obp": 0.302,
        "slg": 0.356,
        "rbi": 54,
        "sb": 1,
        "hr": 11
      },
      {
        "name": "김성윤",
        "year": 23,
        "team": "삼성",
        "pa": 272,
        "ops": 0.758,
        "avg": 0.314,
        "obp": 0.354,
        "slg": 0.404,
        "rbi": 28,
        "sb": 20,
        "hr": 2
      },
      {
        "name": "김지찬",
        "year": 23,
        "team": "삼성",
        "pa": 355,
        "ops": 0.738,
        "avg": 0.292,
        "obp": 0.408,
        "slg": 0.33,
        "rbi": 18,
        "sb": 13,
        "hr": 1
      },
      {
        "name": "류지혁",
        "year": 23,
        "team": "삼성",
        "pa": 269,
        "ops": 0.641,
        "avg": 0.268,
        "obp": 0.326,
        "slg": 0.315,
        "rbi": 28,
        "sb": 22,
        "hr": 2
      },
      {
        "name": "이재현",
        "year": 23,
        "team": "삼성",
        "pa": 538,
        "ops": 0.708,
        "avg": 0.249,
        "obp": 0.33,
        "slg": 0.378,
        "rbi": 60,
        "sb": 5,
        "hr": 12
      },
      {
        "name": "김현준",
        "year": 23,
        "team": "삼성",
        "pa": 479,
        "ops": 0.673,
        "avg": 0.275,
        "obp": 0.327,
        "slg": 0.346,
        "rbi": 46,
        "sb": 5,
        "hr": 3
      },
      {
        "name": "피렐라",
        "year": 23,
        "team": "삼성",
        "pa": 605,
        "ops": 0.764,
        "avg": 0.285,
        "obp": 0.339,
        "slg": 0.425,
        "rbi": 80,
        "sb": 6,
        "hr": 16
      },
      {
        "name": "강민호",
        "year": 23,
        "team": "삼성",
        "pa": 495,
        "ops": 0.811,
        "avg": 0.29,
        "obp": 0.366,
        "slg": 0.445,
        "rbi": 77,
        "sb": 6,
        "hr": 16
      }
    ]
  },
  {
    "generation": 2,
    "expected_score": 5.835,
    "lineup": [
      "구자욱",
      "이재현",
      "김성윤",
      "강민호",
      "김현준",
      "오재일",
      "김지찬",
      "피렐라",
      "류지혁"
    ],
    "player_stats": [
      {
        "name": "구자욱",
        "year": 23,
        "team": "삼성",
        "pa": 515,
        "ops": 0.901,
        "avg": 0.336,
        "obp": 0.407,
        "slg": 0.494,
        "rbi": 71,
        "sb": 12,
        "hr": 11
      },
      {
        "name": "이재현",
        "year": 23,
        "team": "삼성",
        "pa": 538,
        "ops": 0.708,
        "avg": 0.249,
        "obp": 0.33,
        "slg": 0.378,
        "rbi": 60,
        "sb": 5,
        "hr": 12
      },
      {
        "name": "김성윤",
        "year": 23,
        "team": "삼성",
        "pa": 272,
        "ops": 0.758,
        "avg": 0.314,
        "obp": 0.354,
        "slg": 0.404,
        "rbi": 28,
        "sb": 20,
        "hr": 2
      },
      {
        "name": "강민호",
        "year": 23,
        "team": "삼성",
        "pa": 495,
        "ops": 0.811,
        "avg": 0.29,
        "obp": 0.366,
        "slg": 0.445,
        "rbi": 77,
        "sb": 6,
        "hr": 16
      },
      {
        "name": "김현준",
        "year": 23,
        "team": "삼성",
        "pa": 479,
        "ops": 0.673,
        "avg": 0.275,
        "obp": 0.327,
        "slg": 0.346,
        "rbi": 46,
        "sb": 5,
        "hr": 3
      },
      {
        "name": "오재일",
        "year": 23,
        "team": "삼성",
        "pa": 364,
        "ops": 0.658,
        "avg": 0.203,
        "obp": 0.302,
        "slg": 0.356,
        "rbi": 54,
        "sb": 1,
        "hr": 11
      },
      {
        "name": "김지찬",
        "year": 23,
        "team": "삼성",
        "pa": 355,
        "ops": 0.738,
        "avg": 0.292,
        "obp": 0.408,
        "slg": 0.33,
        "rbi": 18,
        "sb": 13,
        "hr": 1
      },
      {
        "name": "피렐라",
        "year": 23,
        "team": "삼성",
        "pa": 605,
        "ops": 0.764,
        "avg": 0.285,
        "obp": 0.339,
        "slg": 0.425,
        "rbi": 80,
        "sb": 6,
        "hr": 16
      },
      {
        "name": "류지혁",
        "year": 23,
        "team": "삼성",
        "pa": 269,
        "ops": 0.641,
        "avg": 0.268,
        "obp": 0.326,
        "slg": 0.315,
        "rbi": 28,
        "sb": 22,
        "hr": 2
      }
    ]
  },
  {
    "generation": 3,
    "expected_score": 5.885,
    "lineup": [
      "김성윤",
      "강민호",
      "이재현",
      "김현준",
      "류지혁",
      "오재일",
      "피렐라",
      "구자욱",
      "김지찬"
    ],
    "player_stats": [
      {
        "name": "김성윤",
        "year": 23,
        "team": "삼성",
        "pa": 272,
        "ops": 0.758,
        "avg": 0.314,
        "obp": 0.354,
        "slg": 0.404,
        "rbi": 28,
        "sb": 20,
        "hr": 2
      },
      {
        "name": "강민호",
        "year": 23,
        "team": "삼성",
        "pa": 495,
        "ops": 0.811,
        "avg": 0.29,
        "obp": 0.366,
        "slg": 0.445,
        "rbi": 77,
        "sb": 6,
        "hr": 16
      },
      {
        "name": "이재현",
        "year": 23,
        "team": "삼성",
        "pa": 538,
        "ops": 0.708,
        "avg": 0.249,
        "obp": 0.33,
        "slg": 0.378,
        "rbi": 60,
        "sb": 5,
        "hr": 12
      },
      {
        "name": "김현준",
        "year": 23,
        "team": "삼성",
        "pa": 479,
        "ops": 0.673,
        "avg": 0.275,
        "obp": 0.327,
        "slg": 0.346,
        "rbi": 46,
        "sb": 5,
        "hr": 3
      },
      {
        "name": "류지혁",
        "year": 23,
        "team": "삼성",
        "pa": 269,
        "ops": 0.641,
        "avg": 0.268,
        "obp": 0.326,
        "slg": 0.315,
        "rbi": 28,
        "sb": 22,
        "hr": 2
      },
      {
        "name": "오재일",
        "year": 23,
        "team": "삼성",
        "pa": 364,
        "ops": 0.658,
        "avg": 0.203,
        "obp": 0.302,
        "slg": 0.356,
        "rbi": 54,
        "sb": 1,
        "hr": 11
      },
      {
        "name": "피렐라",
        "year": 23,
        "team": "삼성",
        "pa": 605,
        "ops": 0.764,
        "avg": 0.285,
        "obp": 0.339,
        "slg": 0.425,
        "rbi": 80,
        "sb": 6,
        "hr": 16
      },
      {
        "name": "구자욱",
        "year": 23,
        "team": "삼성",
        "pa": 515,
        "ops": 0.901,
        "avg": 0.336,
        "obp": 0.407,
        "slg": 0.494,
        "rbi": 71,
        "sb": 12,
        "hr": 11
      },
      {
        "name": "김지찬",
        "year": 23,
        "team": "삼성",
        "pa": 355,
        "ops": 0.738,
        "avg": 0.292,
        "obp": 0.408,
        "slg": 0.33,
        "rbi": 18,
        "sb": 13,
        "hr": 1
      }
    ]
  },
  {
    "generation": 4,
    "expected_score": 6.04,
    "lineup": [
      "강민호",
      "구자욱",
      "김지찬",
      "이재현",
      "김현준",
      "오재일",
      "김성윤",
      "류지혁",
      "피렐라"
    ],
    "player_stats": [
      {
        "name": "강민호",
        "year": 23,
        "team": "삼성",
        "pa": 495,
        "ops": 0.811,
        "avg": 0.29,
        "obp": 0.366,
        "slg": 0.445,
        "rbi": 77,
        "sb": 6,
        "hr": 16
      },
      {
        "name": "구자욱",
        "year": 23,
        "team": "삼성",
        "pa": 515,
        "ops": 0.901,
        "avg": 0.336,
        "obp": 0.407,
        "slg": 0.494,
        "rbi": 71,
        "sb": 12,
        "hr": 11
      },
      {
        "name": "김지찬",
        "year": 23,
        "team": "삼성",
        "pa": 355,
        "ops": 0.738,
        "avg": 0.292,
        "obp": 0.408,
        "slg": 0.33,
        "rbi": 18,
        "sb": 13,
        "hr": 1
      },
      {
        "name": "이재현",
        "year": 23,
        "team": "삼성",
        "pa": 538,
        "ops": 0.708,
        "avg": 0.249,
        "obp": 0.33,
        "slg": 0.378,
        "rbi": 60,
        "sb": 5,
        "hr": 12
      },
      {
        "name": "김현준",
        "year": 23,
        "team": "삼성",
        "pa": 479,
        "ops": 0.673,
        "avg": 0.275,
        "obp": 0.327,
        "slg": 0.346,
        "rbi": 46,
        "sb": 5,
        "hr": 3
      },
      {
        "name": "오재일",
        "year": 23,
        "team": "삼성",
        "pa": 364,
        "ops": 0.658,
        "avg": 0.203,
        "obp": 0.302,
        "slg": 0.356,
        "rbi": 54,
        "sb": 1,
        "hr": 11
      },
      {
        "name": "김성윤",
        "year": 23,
        "team": "삼성",
        "pa": 272,
        "ops": 0.758,
        "avg": 0.314,
        "obp": 0.354,
        "slg": 0.404,
        "rbi": 28,
        "sb": 20,
        "hr": 2
      },
      {
        "name": "류지혁",
        "year": 23,
        "team": "삼성",
        "pa": 269,
        "ops": 0.641,
        "avg": 0.268,
        "obp": 0.326,
        "slg": 0.315,
        "rbi": 28,
        "sb": 22,
        "hr": 2
      },
      {
        "name": "피렐라",
        "year": 23,
        "team": "삼성",
        "pa": 605,
        "ops": 0.764,
        "avg": 0.285,
        "obp": 0.339,
        "slg": 0.425,
        "rbi": 80,
        "sb": 6,
        "hr": 16
      }
    ]
  },
  {
    "generation": 5,
    "expected_score": 5.765,
    "lineup": [
      "구자욱",
      "김성윤",
      "피렐라",
      "강민호",
      "오재일",
      "류지혁",
      "이재현",
      "김지찬",
      "김현준"
    ],
    "player_stats": [
      {
        "name": "구자욱",
        "year": 23,
        "team": "삼성",
        "pa": 515,
        "ops": 0.901,
        "avg": 0.336,
        "obp": 0.407,
        "slg": 0.494,
        "rbi": 71,
        "sb": 12,
        "hr": 11
      },
      {
        "name": "김성윤",
        "year": 23,
        "team": "삼성",
        "pa": 272,
        "ops": 0.758,
        "avg": 0.314,
        "obp": 0.354,
        "slg": 0.404,
        "rbi": 28,
        "sb": 20,
        "hr": 2
      },
      {
        "name": "피렐라",
        "year": 23,
        "team": "삼성",
        "pa": 605,
        "ops": 0.764,
        "avg": 0.285,
        "obp": 0.339,
        "slg": 0.425,
        "rbi": 80,
        "sb": 6,
        "hr": 16
      },
      {
        "name": "강민호",
        "year": 23,
        "team": "삼성",
        "pa": 495,
        "ops": 0.811,
        "avg": 0.29,
        "obp": 0.366,
        "slg": 0.445,
        "rbi": 77,
        "sb": 6,
        "hr": 16
      },
      {
        "name": "오재일",
        "year": 23,
        "team": "삼성",
        "pa": 364,
        "ops": 0.658,
        "avg": 0.203,
        "obp": 0.302,
        "slg": 0.356,
        "rbi": 54,
        "sb": 1,
        "hr": 11
      },
      {
        "name": "류지혁",
        "year": 23,
        "team": "삼성",
        "pa": 269,
        "ops": 0.641,
        "avg": 0.268,
        "obp": 0.326,
        "slg": 0.315,
        "rbi": 28,
        "sb": 22,
        "hr": 2
      },
      {
        "name": "이재현",
        "year": 23,
        "team": "삼성",
        "pa": 538,
        "ops": 0.708,
        "avg": 0.249,
        "obp": 0.33,
        "slg": 0.378,
        "rbi": 60,
        "sb": 5,
        "hr": 12
      },
      {
        "name": "김지찬",
        "year": 23,
        "team": "삼성",
        "pa": 355,
        "ops": 0.738,
        "avg": 0.292,
        "obp": 0.408,
        "slg": 0.33,
        "rbi": 18,
        "sb": 13,
        "hr": 1
      },
      {
        "name": "김현준",
        "year": 23,
        "team": "삼성",
        "pa": 479,
        "ops": 0.673,
        "avg": 0.275,
        "obp": 0.327,
        "slg": 0.346,
        "rbi": 46,
        "sb": 5,
        "hr": 3
      }
    ]
  },
  {
    "generation": 6,
    "expected_score": 6.01,
    "lineup": [
      "강민호",
      "구자욱",
      "김성윤",
      "김지찬",
      "이재현",
      "피렐라",
      "오재일",
      "류지혁",
      "김현준"
    ],
    "player_stats": [
      {
        "name": "강민호",
        "year": 23,
        "team": "삼성",
        "pa": 495,
        "ops": 0.811,
        "avg": 0.29,
        "obp": 0.366,
        "slg": 0.445,
        "rbi": 77,
        "sb": 6,
        "hr": 16
      },
      {
        "name": "구자욱",
        "year": 23,
        "team": "삼성",
        "pa": 515,
        "ops": 0.901,
        "avg": 0.336,
        "obp": 0.407,
        "slg": 0.494,
        "rbi": 71,
        "sb": 12,
        "hr": 11
      },
      {
        "name": "김성윤",
        "year": 23,
        "team": "삼성",
        "pa": 272,
        "ops": 0.758,
        "avg": 0.314,
        "obp": 0.354,
        "slg": 0.404,
        "rbi": 28,
        "sb": 20,
        "hr": 2
      },
      {
        "name": "김지찬",
        "year": 23,
        "team": "삼성",
        "pa": 355,
        "ops": 0.738,
        "avg": 0.292,
        "obp": 0.408,
        "slg": 0.33,
        "rbi": 18,
        "sb": 13,
        "hr": 1
      },
      {
        "name": "이재현",
        "year": 23,
        "team": "삼성",
        "pa": 538,
        "ops": 0.708,
        "avg": 0.249,
        "obp": 0.33,
        "slg": 0.378,
        "rbi": 60,
        "sb": 5,
        "hr": 12
      },
      {
        "name": "피렐라",
        "year": 23,
        "team": "삼성",
        "pa": 605,
        "ops": 0.764,
        "avg": 0.285,
        "obp": 0.339,
        "slg": 0.425,
        "rbi": 80,
        "sb": 6,
        "hr": 16
      },
      {
        "name": "오재일",
        "year": 23,
        "team": "삼성",
        "pa": 364,
        "ops": 0.658,
        "avg": 0.203,
        "obp": 0.302,
        "slg": 0.356,
        "rbi": 54,
        "sb": 1,
        "hr": 11
      },
      {
        "name": "류지혁",
        "year": 23,
        "team": "삼성",
        "pa": 269,
        "ops": 0.641,
        "avg": 0.268,
        "obp": 0.326,
        "slg": 0.315,
        "rbi": 28,
        "sb": 22,
        "hr": 2
      },
      {
        "name": "김현준",
        "year": 23,
        "team": "삼성",
        "pa": 479,
        "ops": 0.673,
        "avg": 0.275,
        "obp": 0.327,
        "slg": 0.346,
        "rbi": 46,
        "sb": 5,
        "hr": 3
      }
    ]
  },
  {
    "generation": 7,
    "expected_score": 5.92,
    "lineup": [
      "강민호",
      "구자욱",
      "이재현",
      "김지찬",
      "오재일",
      "김현준",
      "김성윤",
      "피렐라",
      "류지혁"
    ],
    "player_stats": [
      {
        "name": "강민호",
        "year": 23,
        "team": "삼성",
        "pa": 495,
        "ops": 0.811,
        "avg": 0.29,
        "obp": 0.366,
        "slg": 0.445,
        "rbi": 77,
        "sb": 6,
        "hr": 16
      },
      {
        "name": "구자욱",
        "year": 23,
        "team": "삼성",
        "pa": 515,
        "ops": 0.901,
        "avg": 0.336,
        "obp": 0.407,
        "slg": 0.494,
        "rbi": 71,
        "sb": 12,
        "hr": 11
      },
      {
        "name": "이재현",
        "year": 23,
        "team": "삼성",
        "pa": 538,
        "ops": 0.708,
        "avg": 0.249,
        "obp": 0.33,
        "slg": 0.378,
        "rbi": 60,
        "sb": 5,
        "hr": 12
      },
      {
        "name": "김지찬",
        "year": 23,
        "team": "삼성",
        "pa": 355,
        "ops": 0.738,
        "avg": 0.292,
        "obp": 0.408,
        "slg": 0.33,
        "rbi": 18,
        "sb": 13,
        "hr": 1
      },
      {
        "name": "오재일",
        "year": 23,
        "team": "삼성",
        "pa": 364,
        "ops": 0.658,
        "avg": 0.203,
        "obp": 0.302,
        "slg": 0.356,
        "rbi": 54,
        "sb": 1,
        "hr": 11
      },
      {
        "name": "김현준",
        "year": 23,
        "team": "삼성",
        "pa": 479,
        "ops": 0.673,
        "avg": 0.275,
        "obp": 0.327,
        "slg": 0.346,
        "rbi": 46,
        "sb": 5,
        "hr": 3
      },
      {
        "name": "김성윤",
        "year": 23,
        "team": "삼성",
        "pa": 272,
        "ops": 0.758,
        "avg": 0.314,
        "obp": 0.354,
        "slg": 0.404,
        "rbi": 28,
        "sb": 20,
        "hr": 2
      },
      {
        "name": "피렐라",
        "year": 23,
        "team": "삼성",
        "pa": 605,
        "ops": 0.764,
        "avg": 0.285,
        "obp": 0.339,
        "slg": 0.425,
        "rbi": 80,
        "sb": 6,
        "hr": 16
      },
      {
        "name": "류지혁",
        "year": 23,
        "team": "삼성",
        "pa": 269,
        "ops": 0.641,
        "avg": 0.268,
        "obp": 0.326,
        "slg": 0.315,
        "rbi": 28,
        "sb": 22,
        "hr": 2
      }
    ]
  },
  {
    "generation": 8,
    "expected_score": 5.925,
    "lineup": [
      "구자욱",
      "류지혁",
      "김성윤",
      "김현준",
      "김지찬",
      "오재일",
      "피렐라",
      "강민호",
      "이재현"
    ],
    "player_stats": [
      {
        "name": "구자욱",
        "year": 23,
        "team": "삼성",
        "pa": 515,
        "ops": 0.901,
        "avg": 0.336,
        "obp": 0.407,
        "slg": 0.494,
        "rbi": 71,
        "sb": 12,
        "hr": 11
      },
      {
        "name": "류지혁",
        "year": 23,
        "team": "삼성",
        "pa": 269,
        "ops": 0.641,
        "avg": 0.268,
        "obp": 0.326,
        "slg": 0.315,
        "rbi": 28,
        "sb": 22,
        "hr": 2
      },
      {
        "name": "김성윤",
        "year": 23,
        "team": "삼성",
        "pa": 272,
        "ops": 0.758,
        "avg": 0.314,
        "obp": 0.354,
        "slg": 0.404,
        "rbi": 28,
        "sb": 20,
        "hr": 2
      },
      {
        "name": "김현준",
        "year": 23,
        "team": "삼성",
        "pa": 479,
        "ops": 0.673,
        "avg": 0.275,
        "obp": 0.327,
        "slg": 0.346,
        "rbi": 46,
        "sb": 5,
        "hr": 3
      },
      {
        "name": "김지찬",
        "year": 23,
        "team": "삼성",
        "pa": 355,
        "ops": 0.738,
        "avg": 0.292,
        "obp": 0.408,
        "slg": 0.33,
        "rbi": 18,
        "sb": 13,
        "hr": 1
      },
      {
        "name": "오재일",
        "year": 23,
        "team": "삼성",
        "pa": 364,
        "ops": 0.658,
        "avg": 0.203,
        "obp": 0.302,
        "slg": 0.356,
        "rbi": 54,
        "sb": 1,
        "hr": 11
      },
      {
        "name": "피렐라",
        "year": 23,
        "team": "삼성",
        "pa": 605,
        "ops": 0.764,
        "avg": 0.285,
        "obp": 0.339,
        "slg": 0.425,
        "rbi": 80,
        "sb": 6,
        "hr": 16
      },
      {
        "name": "강민호",
        "year": 23,
        "team": "삼성",
        "pa": 495,
        "ops": 0.811,
        "avg": 0.29,
        "obp": 0.366,
        "slg": 0.445,
        "rbi": 77,
        "sb": 6,
        "hr": 16
      },
      {
        "name": "이재현",
        "year": 23,
        "team": "삼성",
        "pa": 538,
        "ops": 0.708,
        "avg": 0.249,
        "obp": 0.33,
        "slg": 0.378,
        "rbi": 60,
        "sb": 5,
        "hr": 12
      }
    ]
  },
  {
    "generation": 9,
    "expected_score": 5.93,
    "lineup": [
      "구자욱",
      "김성윤",
      "김지찬",
      "이재현",
      "김현준",
      "류지혁",
      "오재일",
      "피렐라",
      "강민호"
    ],
    "player_stats": [
      {
        "name": "구자욱",
        "year": 23,
        "team": "삼성",
        "pa": 515,
        "ops": 0.901,
        "avg": 0.336,
        "obp": 0.407,
        "slg": 0.494,
        "rbi": 71,
        "sb": 12,
        "hr": 11
      },
      {
        "name": "김성윤",
        "year": 23,
        "team": "삼성",
        "pa": 272,
        "ops": 0.758,
        "avg": 0.314,
        "obp": 0.354,
        "slg": 0.404,
        "rbi": 28,
        "sb": 20,
        "hr": 2
      },
      {
        "name": "김지찬",
        "year": 23,
        "team": "삼성",
        "pa": 355,
        "ops": 0.738,
        "avg": 0.292,
        "obp": 0.408,
        "slg": 0.33,
        "rbi": 18,
        "sb": 13,
        "hr": 1
      },
      {
        "name": "이재현",
        "year": 23,
        "team": "삼성",
        "pa": 538,
        "ops": 0.708,
        "avg": 0.249,
        "obp": 0.33,
        "slg": 0.378,
        "rbi": 60,
        "sb": 5,
        "hr": 12
      },
      {
        "name": "김현준",
        "year": 23,
        "team": "삼성",
        "pa": 479,
        "ops": 0.673,
        "avg": 0.275,
        "obp": 0.327,
        "slg": 0.346,
        "rbi": 46,
        "sb": 5,
        "hr": 3
      },
      {
        "name": "류지혁",
        "year": 23,
        "team": "삼성",
        "pa": 269,
        "ops": 0.641,
        "avg": 0.268,
        "obp": 0.326,
        "slg": 0.315,
        "rbi": 28,
        "sb": 22,
        "hr": 2
      },
      {
        "name": "오재일",
        "year": 23,
        "team": "삼성",
        "pa": 364,
        "ops": 0.658,
        "avg": 0.203,
        "obp": 0.302,
        "slg": 0.356,
        "rbi": 54,
        "sb": 1,
        "hr": 11
      },
      {
        "name": "피렐라",
        "year": 23,
        "team": "삼성",
        "pa": 605,
        "ops": 0.764,
        "avg": 0.285,
        "obp": 0.339,
        "slg": 0.425,
        "rbi": 80,
        "sb": 6,
        "hr": 16
      },
      {
        "name": "강민호",
        "year": 23,
        "team": "삼성",
        "pa": 495,
        "ops": 0.811,
        "avg": 0.29,
        "obp": 0.366,
        "slg": 0.445,
        "rbi": 77,
        "sb": 6,
        "hr": 16
      }
    ]
  },
  {
    "generation": 10,
    "expected_score": 5.72,
    "lineup": [
      "김지찬",
      "김성윤",
      "구자욱",
      "강민호",
      "오재일",
      "류지혁",
      "김현준",
      "피렐라",
      "이재현"
    ],
    "player_stats": [
      {
        "name": "김지찬",
        "year": 23,
        "team": "삼성",
        "pa": 355,
        "ops": 0.738,
        "avg": 0.292,
        "obp": 0.408,
        "slg": 0.33,
        "rbi": 18,
        "sb": 13,
        "hr": 1
      },
      {
        "name": "김성윤",
        "year": 23,
        "team": "삼성",
        "pa": 272,
        "ops": 0.758,
        "avg": 0.314,
        "obp": 0.354,
        "slg": 0.404,
        "rbi": 28,
        "sb": 20,
        "hr": 2
      },
      {
        "name": "구자욱",
        "year": 23,
        "team": "삼성",
        "pa": 515,
        "ops": 0.901,
        "avg": 0.336,
        "obp": 0.407,
        "slg": 0.494,
        "rbi": 71,
        "sb": 12,
        "hr": 11
      },
      {
        "name": "강민호",
        "year": 23,
        "team": "삼성",
        "pa": 495,
        "ops": 0.811,
        "avg": 0.29,
        "obp": 0.366,
        "slg": 0.445,
        "rbi": 77,
        "sb": 6,
        "hr": 16
      },
      {
        "name": "오재일",
        "year": 23,
        "team": "삼성",
        "pa": 364,
        "ops": 0.658,
        "avg": 0.203,
        "obp": 0.302,
        "slg": 0.356,
        "rbi": 54,
        "sb": 1,
        "hr": 11
      },
      {
        "name": "류지혁",
        "year": 23,
        "team": "삼성",
        "pa": 269,
        "ops": 0.641,
        "avg": 0.268,
        "obp": 0.326,
        "slg": 0.315,
        "rbi": 28,
        "sb": 22,
        "hr": 2
      },
      {
        "name": "김현준",
        "year": 23,
        "team": "삼성",
        "pa": 479,
        "ops": 0.673,
        "avg": 0.275,
        "obp": 0.327,
        "slg": 0.346,
        "rbi": 46,
        "sb": 5,
        "hr": 3
      },
      {
        "name": "피렐라",
        "year": 23,
        "team": "삼성",
        "pa": 605,
        "ops": 0.764,
        "avg": 0.285,
        "obp": 0.339,
        "slg": 0.425,
        "rbi": 80,
        "sb": 6,
        "hr": 16
      },
      {
        "name": "이재현",
        "year": 23,
        "team": "삼성",
        "pa": 538,
        "ops": 0.708,
        "avg": 0.249,
        "obp": 0.33,
        "slg": 0.378,
        "rbi": 60,
        "sb": 5,
        "hr": 12
      }
    ]
  },
  {
    "generation": 11,
    "expected_score": 5.76,
    "lineup": [
      "이재현",
      "구자욱",
      "피렐라",
      "김지찬",
      "오재일",
      "류지혁",
      "김현준",
      "김성윤",
      "강민호"
    ],
    "player_stats": [
      {
        "name": "이재현",
        "year": 23,
        "team": "삼성",
        "pa": 538,
        "ops": 0.708,
        "avg": 0.249,
        "obp": 0.33,
        "slg": 0.378,
        "rbi": 60,
        "sb": 5,
        "hr": 12
      },
      {
        "name": "구자욱",
        "year": 23,
        "team": "삼성",
        "pa": 515,
        "ops": 0.901,
        "avg": 0.336,
        "obp": 0.407,
        "slg": 0.494,
        "rbi": 71,
        "sb": 12,
        "hr": 11
      },
      {
        "name": "피렐라",
        "year": 23,
        "team": "삼성",
        "pa": 605,
        "ops": 0.764,
        "avg": 0.285,
        "obp": 0.339,
        "slg": 0.425,
        "rbi": 80,
        "sb": 6,
        "hr": 16
      },
      {
        "name": "김지찬",
        "year": 23,
        "team": "삼성",
        "pa": 355,
        "ops": 0.738,
        "avg": 0.292,
        "obp": 0.408,
        "slg": 0.33,
        "rbi": 18,
        "sb": 13,
        "hr": 1
      },
      {
        "name": "오재일",
        "year": 23,
        "team": "삼성",
        "pa": 364,
        "ops": 0.658,
        "avg": 0.203,
        "obp": 0.302,
        "slg": 0.356,
        "rbi": 54,
        "sb": 1,
        "hr": 11
      },
      {
        "name": "류지혁",
        "year": 23,
        "team": "삼성",
        "pa": 269,
        "ops": 0.641,
        "avg": 0.268,
        "obp": 0.326,
        "slg": 0.315,
        "rbi": 28,
        "sb": 22,
        "hr": 2
      },
      {
        "name": "김현준",
        "year": 23,
        "team": "삼성",
        "pa": 479,
        "ops": 0.673,
        "avg": 0.275,
        "obp": 0.327,
        "slg": 0.346,
        "rbi": 46,
        "sb": 5,
        "hr": 3
      },
      {
        "name": "김성윤",
        "year": 23,
        "team": "삼성",
        "pa": 272,
        "ops": 0.758,
        "avg": 0.314,
        "obp": 0.354,
        "slg": 0.404,
        "rbi": 28,
        "sb": 20,
        "hr": 2
      },
      {
        "name": "강민호",
        "year": 23,
        "team": "삼성",
        "pa": 495,
        "ops": 0.811,
        "avg": 0.29,
        "obp": 0.366,
        "slg": 0.445,
        "rbi": 77,
        "sb": 6,
        "hr": 16
      }
    ]
  },
  {
    "generation": 12,
    "expected_score": 5.96,
    "lineup": [
      "구자욱",
      "이재현",
      "김현준",
      "김성윤",
      "김지찬",
      "류지혁",
      "강민호",
      "피렐라",
      "오재일"
    ],
    "player_stats": [
      {
        "name": "구자욱",
        "year": 23,
        "team": "삼성",
        "pa": 515,
        "ops": 0.901,
        "avg": 0.336,
        "obp": 0.407,
        "slg": 0.494,
        "rbi": 71,
        "sb": 12,
        "hr": 11
      },
      {
        "name": "이재현",
        "year": 23,
        "team": "삼성",
        "pa": 538,
        "ops": 0.708,
        "avg": 0.249,
        "obp": 0.33,
        "slg": 0.378,
        "rbi": 60,
        "sb": 5,
        "hr": 12
      },
      {
        "name": "김현준",
        "year": 23,
        "team": "삼성",
        "pa": 479,
        "ops": 0.673,
        "avg": 0.275,
        "obp": 0.327,
        "slg": 0.346,
        "rbi": 46,
        "sb": 5,
        "hr": 3
      },
      {
        "name": "김성윤",
        "year": 23,
        "team": "삼성",
        "pa": 272,
        "ops": 0.758,
        "avg": 0.314,
        "obp": 0.354,
        "slg": 0.404,
        "rbi": 28,
        "sb": 20,
        "hr": 2
      },
      {
        "name": "김지찬",
        "year": 23,
        "team": "삼성",
        "pa": 355,
        "ops": 0.738,
        "avg": 0.292,
        "obp": 0.408,
        "slg": 0.33,
        "rbi": 18,
        "sb": 13,
        "hr": 1
      },
      {
        "name": "류지혁",
        "year": 23,
        "team": "삼성",
        "pa": 269,
        "ops": 0.641,
        "avg": 0.268,
        "obp": 0.326,
        "slg": 0.315,
        "rbi": 28,
        "sb": 22,
        "hr": 2
      },
      {
        "name": "강민호",
        "year": 23,
        "team": "삼성",
        "pa": 495,
        "ops": 0.811,
        "avg": 0.29,
        "obp": 0.366,
        "slg": 0.445,
        "rbi": 77,
        "sb": 6,
        "hr": 16
      },
      {
        "name": "피렐라",
        "year": 23,
        "team": "삼성",
        "pa": 605,
        "ops": 0.764,
        "avg": 0.285,
        "obp": 0.339,
        "slg": 0.425,
        "rbi": 80,
        "sb": 6,
        "hr": 16
      },
      {
        "name": "오재일",
        "year": 23,
        "team": "삼성",
        "pa": 364,
        "ops": 0.658,
        "avg": 0.203,
        "obp": 0.302,
        "slg": 0.356,
        "rbi": 54,
        "sb": 1,
        "hr": 11
      }
    ]
  },
  {
    "generation": 13,
    "expected_score": 5.985,
    "lineup": [
      "김성윤",
      "김지찬",
      "구자욱",
      "강민호",
      "오재일",
      "김현준",
      "이재현",
      "피렐라",
      "류지혁"
    ],
    "player_stats": [
      {
        "name": "김성윤",
        "year": 23,
        "team": "삼성",
        "pa": 272,
        "ops": 0.758,
        "avg": 0.314,
        "obp": 0.354,
        "slg": 0.404,
        "rbi": 28,
        "sb": 20,
        "hr": 2
      },
      {
        "name": "김지찬",
        "year": 23,
        "team": "삼성",
        "pa": 355,
        "ops": 0.738,
        "avg": 0.292,
        "obp": 0.408,
        "slg": 0.33,
        "rbi": 18,
        "sb": 13,
        "hr": 1
      },
      {
        "name": "구자욱",
        "year": 23,
        "team": "삼성",
        "pa": 515,
        "ops": 0.901,
        "avg": 0.336,
        "obp": 0.407,
        "slg": 0.494,
        "rbi": 71,
        "sb": 12,
        "hr": 11
      },
      {
        "name": "강민호",
        "year": 23,
        "team": "삼성",
        "pa": 495,
        "ops": 0.811,
        "avg": 0.29,
        "obp": 0.366,
        "slg": 0.445,
        "rbi": 77,
        "sb": 6,
        "hr": 16
      },
      {
        "name": "오재일",
        "year": 23,
        "team": "삼성",
        "pa": 364,
        "ops": 0.658,
        "avg": 0.203,
        "obp": 0.302,
        "slg": 0.356,
        "rbi": 54,
        "sb": 1,
        "hr": 11
      },
      {
        "name": "김현준",
        "year": 23,
        "team": "삼성",
        "pa": 479,
        "ops": 0.673,
        "avg": 0.275,
        "obp": 0.327,
        "slg": 0.346,
        "rbi": 46,
        "sb": 5,
        "hr": 3
      },
      {
        "name": "이재현",
        "year": 23,
        "team": "삼성",
        "pa": 538,
        "ops": 0.708,
        "avg": 0.249,
        "obp": 0.33,
        "slg": 0.378,
        "rbi": 60,
        "sb": 5,
        "hr": 12
      },
      {
        "name": "피렐라",
        "year": 23,
        "team": "삼성",
        "pa": 605,
        "ops": 0.764,
        "avg": 0.285,
        "obp": 0.339,
        "slg": 0.425,
        "rbi": 80,
        "sb": 6,
        "hr": 16
      },
      {
        "name": "류지혁",
        "year": 23,
        "team": "삼성",
        "pa": 269,
        "ops": 0.641,
        "avg": 0.268,
        "obp": 0.326,
        "slg": 0.315,
        "rbi": 28,
        "sb": 22,
        "hr": 2
      }
    ]
  },
  {
    "generation": 14,
    "expected_score": 5.97,
    "lineup": [
      "김지찬",
      "김성윤",
      "구자욱",
      "강민호",
      "오재일",
      "김현준",
      "이재현",
      "류지혁",
      "피렐라"
    ],
    "player_stats": [
      {
        "name": "김지찬",
        "year": 23,
        "team": "삼성",
        "pa": 355,
        "ops": 0.738,
        "avg": 0.292,
        "obp": 0.408,
        "slg": 0.33,
        "rbi": 18,
        "sb": 13,
        "hr": 1
      },
      {
        "name": "김성윤",
        "year": 23,
        "team": "삼성",
        "pa": 272,
        "ops": 0.758,
        "avg": 0.314,
        "obp": 0.354,
        "slg": 0.404,
        "rbi": 28,
        "sb": 20,
        "hr": 2
      },
      {
        "name": "구자욱",
        "year": 23,
        "team": "삼성",
        "pa": 515,
        "ops": 0.901,
        "avg": 0.336,
        "obp": 0.407,
        "slg": 0.494,
        "rbi": 71,
        "sb": 12,
        "hr": 11
      },
      {
        "name": "강민호",
        "year": 23,
        "team": "삼성",
        "pa": 495,
        "ops": 0.811,
        "avg": 0.29,
        "obp": 0.366,
        "slg": 0.445,
        "rbi": 77,
        "sb": 6,
        "hr": 16
      },
      {
        "name": "오재일",
        "year": 23,
        "team": "삼성",
        "pa": 364,
        "ops": 0.658,
        "avg": 0.203,
        "obp": 0.302,
        "slg": 0.356,
        "rbi": 54,
        "sb": 1,
        "hr": 11
      },
      {
        "name": "김현준",
        "year": 23,
        "team": "삼성",
        "pa": 479,
        "ops": 0.673,
        "avg": 0.275,
        "obp": 0.327,
        "slg": 0.346,
        "rbi": 46,
        "sb": 5,
        "hr": 3
      },
      {
        "name": "이재현",
        "year": 23,
        "team": "삼성",
        "pa": 538,
        "ops": 0.708,
        "avg": 0.249,
        "obp": 0.33,
        "slg": 0.378,
        "rbi": 60,
        "sb": 5,
        "hr": 12
      },
      {
        "name": "류지혁",
        "year": 23,
        "team": "삼성",
        "pa": 269,
        "ops": 0.641,
        "avg": 0.268,
        "obp": 0.326,
        "slg": 0.315,
        "rbi": 28,
        "sb": 22,
        "hr": 2
      },
      {
        "name": "피렐라",
        "year": 23,
        "team": "삼성",
        "pa": 605,
        "ops": 0.764,
        "avg": 0.285,
        "obp": 0.339,
        "slg": 0.425,
        "rbi": 80,
        "sb": 6,
        "hr": 16
      }
    ]
  },
  {
    "generation": 15,
    "expected_score": 5.725,
    "lineup": [
      "김성윤",
      "김지찬",
      "구자욱",
      "오재일",
      "강민호",
      "류지혁",
      "김현준",
      "이재현",
      "피렐라"
    ],
    "player_stats": [
      {
        "name": "김성윤",
        "year": 23,
        "team": "삼성",
        "pa": 272,
        "ops": 0.758,
        "avg": 0.314,
        "obp": 0.354,
        "slg": 0.404,
        "rbi": 28,
        "sb": 20,
        "hr": 2
      },
      {
        "name": "김지찬",
        "year": 23,
        "team": "삼성",
        "pa": 355,
        "ops": 0.738,
        "avg": 0.292,
        "obp": 0.408,
        "slg": 0.33,
        "rbi": 18,
        "sb": 13,
        "hr": 1
      },
      {
        "name": "구자욱",
        "year": 23,
        "team": "삼성",
        "pa": 515,
        "ops": 0.901,
        "avg": 0.336,
        "obp": 0.407,
        "slg": 0.494,
        "rbi": 71,
        "sb": 12,
        "hr": 11
      },
      {
        "name": "오재일",
        "year": 23,
        "team": "삼성",
        "pa": 364,
        "ops": 0.658,
        "avg": 0.203,
        "obp": 0.302,
        "slg": 0.356,
        "rbi": 54,
        "sb": 1,
        "hr": 11
      },
      {
        "name": "강민호",
        "year": 23,
        "team": "삼성",
        "pa": 495,
        "ops": 0.811,
        "avg": 0.29,
        "obp": 0.366,
        "slg": 0.445,
        "rbi": 77,
        "sb": 6,
        "hr": 16
      },
      {
        "name": "류지혁",
        "year": 23,
        "team": "삼성",
        "pa": 269,
        "ops": 0.641,
        "avg": 0.268,
        "obp": 0.326,
        "slg": 0.315,
        "rbi": 28,
        "sb": 22,
        "hr": 2
      },
      {
        "name": "김현준",
        "year": 23,
        "team": "삼성",
        "pa": 479,
        "ops": 0.673,
        "avg": 0.275,
        "obp": 0.327,
        "slg": 0.346,
        "rbi": 46,
        "sb": 5,
        "hr": 3
      },
      {
        "name": "이재현",
        "year": 23,
        "team": "삼성",
        "pa": 538,
        "ops": 0.708,
        "avg": 0.249,
        "obp": 0.33,
        "slg": 0.378,
        "rbi": 60,
        "sb": 5,
        "hr": 12
      },
      {
        "name": "피렐라",
        "year": 23,
        "team": "삼성",
        "pa": 605,
        "ops": 0.764,
        "avg": 0.285,
        "obp": 0.339,
        "slg": 0.425,
        "rbi": 80,
        "sb": 6,
        "hr": 16
      }
    ]
  },
  {
    "generation": 16,
    "expected_score": 5.79,
    "lineup": [
      "구자욱",
      "김성윤",
      "김지찬",
      "오재일",
      "김현준",
      "이재현",
      "강민호",
      "류지혁",
      "피렐라"
    ],
    "player_stats": [
      {
        "name": "구자욱",
        "year": 23,
        "team": "삼성",
        "pa": 515,
        "ops": 0.901,
        "avg": 0.336,
        "obp": 0.407,
        "slg": 0.494,
        "rbi": 71,
        "sb": 12,
        "hr": 11
      },
      {
        "name": "김성윤",
        "year": 23,
        "team": "삼성",
        "pa": 272,
        "ops": 0.758,
        "avg": 0.314,
        "obp": 0.354,
        "slg": 0.404,
        "rbi": 28,
        "sb": 20,
        "hr": 2
      },
      {
        "name": "김지찬",
        "year": 23,
        "team": "삼성",
        "pa": 355,
        "ops": 0.738,
        "avg": 0.292,
        "obp": 0.408,
        "slg": 0.33,
        "rbi": 18,
        "sb": 13,
        "hr": 1
      },
      {
        "name": "오재일",
        "year": 23,
        "team": "삼성",
        "pa": 364,
        "ops": 0.658,
        "avg": 0.203,
        "obp": 0.302,
        "slg": 0.356,
        "rbi": 54,
        "sb": 1,
        "hr": 11
      },
      {
        "name": "김현준",
        "year": 23,
        "team": "삼성",
        "pa": 479,
        "ops": 0.673,
        "avg": 0.275,
        "obp": 0.327,
        "slg": 0.346,
        "rbi": 46,
        "sb": 5,
        "hr": 3
      },
      {
        "name": "이재현",
        "year": 23,
        "team": "삼성",
        "pa": 538,
        "ops": 0.708,
        "avg": 0.249,
        "obp": 0.33,
        "slg": 0.378,
        "rbi": 60,
        "sb": 5,
        "hr": 12
      },
      {
        "name": "강민호",
        "year": 23,
        "team": "삼성",
        "pa": 495,
        "ops": 0.811,
        "avg": 0.29,
        "obp": 0.366,
        "slg": 0.445,
        "rbi": 77,
        "sb": 6,
        "hr": 16
      },
      {
        "name": "류지혁",
        "year": 23,
        "team": "삼성",
        "pa": 269,
        "ops": 0.641,
        "avg": 0.268,
        "obp": 0.326,
        "slg": 0.315,
        "rbi": 28,
        "sb": 22,
        "hr": 2
      },
      {
        "name": "피렐라",
        "year": 23,
        "team": "삼성",
        "pa": 605,
        "ops": 0.764,
        "avg": 0.285,
        "obp": 0.339,
        "slg": 0.425,
        "rbi": 80,
        "sb": 6,
        "hr": 16
      }
    ]
  },
  {
    "generation": 17,
    "expected_score": 5.82,
    "lineup": [
      "김지찬",
      "구자욱",
      "오재일",
      "김현준",
      "김성윤",
      "강민호",
      "류지혁",
      "피렐라",
      "이재현"
    ],
    "player_stats": [
      {
        "name": "김지찬",
        "year": 23,
        "team": "삼성",
        "pa": 355,
        "ops": 0.738,
        "avg": 0.292,
        "obp": 0.408,
        "slg": 0.33,
        "rbi": 18,
        "sb": 13,
        "hr": 1
      },
      {
        "name": "구자욱",
        "year": 23,
        "team": "삼성",
        "pa": 515,
        "ops": 0.901,
        "avg": 0.336,
        "obp": 0.407,
        "slg": 0.494,
        "rbi": 71,
        "sb": 12,
        "hr": 11
      },
      {
        "name": "오재일",
        "year": 23,
        "team": "삼성",
        "pa": 364,
        "ops": 0.658,
        "avg": 0.203,
        "obp": 0.302,
        "slg": 0.356,
        "rbi": 54,
        "sb": 1,
        "hr": 11
      },
      {
        "name": "김현준",
        "year": 23,
        "team": "삼성",
        "pa": 479,
        "ops": 0.673,
        "avg": 0.275,
        "obp": 0.327,
        "slg": 0.346,
        "rbi": 46,
        "sb": 5,
        "hr": 3
      },
      {
        "name": "김성윤",
        "year": 23,
        "team": "삼성",
        "pa": 272,
        "ops": 0.758,
        "avg": 0.314,
        "obp": 0.354,
        "slg": 0.404,
        "rbi": 28,
        "sb": 20,
        "hr": 2
      },
      {
        "name": "강민호",
        "year": 23,
        "team": "삼성",
        "pa": 495,
        "ops": 0.811,
        "avg": 0.29,
        "obp": 0.366,
        "slg": 0.445,
        "rbi": 77,
        "sb": 6,
        "hr": 16
      },
      {
        "name": "류지혁",
        "year": 23,
        "team": "삼성",
        "pa": 269,
        "ops": 0.641,
        "avg": 0.268,
        "obp": 0.326,
        "slg": 0.315,
        "rbi": 28,
        "sb": 22,
        "hr": 2
      },
      {
        "name": "피렐라",
        "year": 23,
        "team": "삼성",
        "pa": 605,
        "ops": 0.764,
        "avg": 0.285,
        "obp": 0.339,
        "slg": 0.425,
        "rbi": 80,
        "sb": 6,
        "hr": 16
      },
      {
        "name": "이재현",
        "year": 23,
        "team": "삼성",
        "pa": 538,
        "ops": 0.708,
        "avg": 0.249,
        "obp": 0.33,
        "slg": 0.378,
        "rbi": 60,
        "sb": 5,
        "hr": 12
      }
    ]
  },
  {
    "generation": 18,
    "expected_score": 5.95,
    "lineup": [
      "구자욱",
      "김지찬",
      "오재일",
      "김현준",
      "강민호",
      "김성윤",
      "류지혁",
      "피렐라",
      "이재현"
    ],
    "player_stats": [
      {
        "name": "구자욱",
        "year": 23,
        "team": "삼성",
        "pa": 515,
        "ops": 0.901,
        "avg": 0.336,
        "obp": 0.407,
        "slg": 0.494,
        "rbi": 71,
        "sb": 12,
        "hr": 11
      },
      {
        "name": "김지찬",
        "year": 23,
        "team": "삼성",
        "pa": 355,
        "ops": 0.738,
        "avg": 0.292,
        "obp": 0.408,
        "slg": 0.33,
        "rbi": 18,
        "sb": 13,
        "hr": 1
      },
      {
        "name": "오재일",
        "year": 23,
        "team": "삼성",
        "pa": 364,
        "ops": 0.658,
        "avg": 0.203,
        "obp": 0.302,
        "slg": 0.356,
        "rbi": 54,
        "sb": 1,
        "hr": 11
      },
      {
        "name": "김현준",
        "year": 23,
        "team": "삼성",
        "pa": 479,
        "ops": 0.673,
        "avg": 0.275,
        "obp": 0.327,
        "slg": 0.346,
        "rbi": 46,
        "sb": 5,
        "hr": 3
      },
      {
        "name": "강민호",
        "year": 23,
        "team": "삼성",
        "pa": 495,
        "ops": 0.811,
        "avg": 0.29,
        "obp": 0.366,
        "slg": 0.445,
        "rbi": 77,
        "sb": 6,
        "hr": 16
      },
      {
        "name": "김성윤",
        "year": 23,
        "team": "삼성",
        "pa": 272,
        "ops": 0.758,
        "avg": 0.314,
        "obp": 0.354,
        "slg": 0.404,
        "rbi": 28,
        "sb": 20,
        "hr": 2
      },
      {
        "name": "류지혁",
        "year": 23,
        "team": "삼성",
        "pa": 269,
        "ops": 0.641,
        "avg": 0.268,
        "obp": 0.326,
        "slg": 0.315,
        "rbi": 28,
        "sb": 22,
        "hr": 2
      },
      {
        "name": "피렐라",
        "year": 23,
        "team": "삼성",
        "pa": 605,
        "ops": 0.764,
        "avg": 0.285,
        "obp": 0.339,
        "slg": 0.425,
        "rbi": 80,
        "sb": 6,
        "hr": 16
      },
      {
        "name": "이재현",
        "year": 23,
        "team": "삼성",
        "pa": 538,
        "ops": 0.708,
        "avg": 0.249,
        "obp": 0.33,
        "slg": 0.378,
        "rbi": 60,
        "sb": 5,
        "hr": 12
      }
    ]
  },
  {
    "generation": 19,
    "expected_score": 5.89,
    "lineup": [
      "김현준",
      "구자욱",
      "김지찬",
      "강민호",
      "이재현",
      "오재일",
      "김성윤",
      "류지혁",
      "피렐라"
    ],
    "player_stats": [
      {
        "name": "김현준",
        "year": 23,
        "team": "삼성",
        "pa": 479,
        "ops": 0.673,
        "avg": 0.275,
        "obp": 0.327,
        "slg": 0.346,
        "rbi": 46,
        "sb": 5,
        "hr": 3
      },
      {
        "name": "구자욱",
        "year": 23,
        "team": "삼성",
        "pa": 515,
        "ops": 0.901,
        "avg": 0.336,
        "obp": 0.407,
        "slg": 0.494,
        "rbi": 71,
        "sb": 12,
        "hr": 11
      },
      {
        "name": "김지찬",
        "year": 23,
        "team": "삼성",
        "pa": 355,
        "ops": 0.738,
        "avg": 0.292,
        "obp": 0.408,
        "slg": 0.33,
        "rbi": 18,
        "sb": 13,
        "hr": 1
      },
      {
        "name": "강민호",
        "year": 23,
        "team": "삼성",
        "pa": 495,
        "ops": 0.811,
        "avg": 0.29,
        "obp": 0.366,
        "slg": 0.445,
        "rbi": 77,
        "sb": 6,
        "hr": 16
      },
      {
        "name": "이재현",
        "year": 23,
        "team": "삼성",
        "pa": 538,
        "ops": 0.708,
        "avg": 0.249,
        "obp": 0.33,
        "slg": 0.378,
        "rbi": 60,
        "sb": 5,
        "hr": 12
      },
      {
        "name": "오재일",
        "year": 23,
        "team": "삼성",
        "pa": 364,
        "ops": 0.658,
        "avg": 0.203,
        "obp": 0.302,
        "slg": 0.356,
        "rbi": 54,
        "sb": 1,
        "hr": 11
      },
      {
        "name": "김성윤",
        "year": 23,
        "team": "삼성",
        "pa": 272,
        "ops": 0.758,
        "avg": 0.314,
        "obp": 0.354,
        "slg": 0.404,
        "rbi": 28,
        "sb": 20,
        "hr": 2
      },
      {
        "name": "류지혁",
        "year": 23,
        "team": "삼성",
        "pa": 269,
        "ops": 0.641,
        "avg": 0.268,
        "obp": 0.326,
        "slg": 0.315,
        "rbi": 28,
        "sb": 22,
        "hr": 2
      },
      {
        "name": "피렐라",
        "year": 23,
        "team": "삼성",
        "pa": 605,
        "ops": 0.764,
        "avg": 0.285,
        "obp": 0.339,
        "slg": 0.425,
        "rbi": 80,
        "sb": 6,
        "hr": 16
      }
    ]
  },
  {
    "generation": 20,
    "expected_score": 5.855,
    "lineup": [
      "구자욱",
      "김지찬",
      "오재일",
      "김성윤",
      "강민호",
      "류지혁",
      "김현준",
      "이재현",
      "피렐라"
    ],
    "player_stats": [
      {
        "name": "구자욱",
        "year": 23,
        "team": "삼성",
        "pa": 515,
        "ops": 0.901,
        "avg": 0.336,
        "obp": 0.407,
        "slg": 0.494,
        "rbi": 71,
        "sb": 12,
        "hr": 11
      },
      {
        "name": "김지찬",
        "year": 23,
        "team": "삼성",
        "pa": 355,
        "ops": 0.738,
        "avg": 0.292,
        "obp": 0.408,
        "slg": 0.33,
        "rbi": 18,
        "sb": 13,
        "hr": 1
      },
      {
        "name": "오재일",
        "year": 23,
        "team": "삼성",
        "pa": 364,
        "ops": 0.658,
        "avg": 0.203,
        "obp": 0.302,
        "slg": 0.356,
        "rbi": 54,
        "sb": 1,
        "hr": 11
      },
      {
        "name": "김성윤",
        "year": 23,
        "team": "삼성",
        "pa": 272,
        "ops": 0.758,
        "avg": 0.314,
        "obp": 0.354,
        "slg": 0.404,
        "rbi": 28,
        "sb": 20,
        "hr": 2
      },
      {
        "name": "강민호",
        "year": 23,
        "team": "삼성",
        "pa": 495,
        "ops": 0.811,
        "avg": 0.29,
        "obp": 0.366,
        "slg": 0.445,
        "rbi": 77,
        "sb": 6,
        "hr": 16
      },
      {
        "name": "류지혁",
        "year": 23,
        "team": "삼성",
        "pa": 269,
        "ops": 0.641,
        "avg": 0.268,
        "obp": 0.326,
        "slg": 0.315,
        "rbi": 28,
        "sb": 22,
        "hr": 2
      },
      {
        "name": "김현준",
        "year": 23,
        "team": "삼성",
        "pa": 479,
        "ops": 0.673,
        "avg": 0.275,
        "obp": 0.327,
        "slg": 0.346,
        "rbi": 46,
        "sb": 5,
        "hr": 3
      },
      {
        "name": "이재현",
        "year": 23,
        "team": "삼성",
        "pa": 538,
        "ops": 0.708,
        "avg": 0.249,
        "obp": 0.33,
        "slg": 0.378,
        "rbi": 60,
        "sb": 5,
        "hr": 12
      },
      {
        "name": "피렐라",
        "year": 23,
        "team": "삼성",
        "pa": 605,
        "ops": 0.764,
        "avg": 0.285,
        "obp": 0.339,
        "slg": 0.425,
        "rbi": 80,
        "sb": 6,
        "hr": 16
      }
    ]
  },
  {
    "generation": 21,
    "expected_score": 5.735,
    "lineup": [
      "김성윤",
      "김지찬",
      "김현준",
      "구자욱",
      "이재현",
      "강민호",
      "오재일",
      "류지혁",
      "피렐라"
    ],
    "player_stats": [
      {
        "name": "김성윤",
        "year": 23,
        "team": "삼성",
        "pa": 272,
        "ops": 0.758,
        "avg": 0.314,
        "obp": 0.354,
        "slg": 0.404,
        "rbi": 28,
        "sb": 20,
        "hr": 2
      },
      {
        "name": "김지찬",
        "year": 23,
        "team": "삼성",
        "pa": 355,
        "ops": 0.738,
        "avg": 0.292,
        "obp": 0.408,
        "slg": 0.33,
        "rbi": 18,
        "sb": 13,
        "hr": 1
      },
      {
        "name": "김현준",
        "year": 23,
        "team": "삼성",
        "pa": 479,
        "ops": 0.673,
        "avg": 0.275,
        "obp": 0.327,
        "slg": 0.346,
        "rbi": 46,
        "sb": 5,
        "hr": 3
      },
      {
        "name": "구자욱",
        "year": 23,
        "team": "삼성",
        "pa": 515,
        "ops": 0.901,
        "avg": 0.336,
        "obp": 0.407,
        "slg": 0.494,
        "rbi": 71,
        "sb": 12,
        "hr": 11
      },
      {
        "name": "이재현",
        "year": 23,
        "team": "삼성",
        "pa": 538,
        "ops": 0.708,
        "avg": 0.249,
        "obp": 0.33,
        "slg": 0.378,
        "rbi": 60,
        "sb": 5,
        "hr": 12
      },
      {
        "name": "강민호",
        "year": 23,
        "team": "삼성",
        "pa": 495,
        "ops": 0.811,
        "avg": 0.29,
        "obp": 0.366,
        "slg": 0.445,
        "rbi": 77,
        "sb": 6,
        "hr": 16
      },
      {
        "name": "오재일",
        "year": 23,
        "team": "삼성",
        "pa": 364,
        "ops": 0.658,
        "avg": 0.203,
        "obp": 0.302,
        "slg": 0.356,
        "rbi": 54,
        "sb": 1,
        "hr": 11
      },
      {
        "name": "류지혁",
        "year": 23,
        "team": "삼성",
        "pa": 269,
        "ops": 0.641,
        "avg": 0.268,
        "obp": 0.326,
        "slg": 0.315,
        "rbi": 28,
        "sb": 22,
        "hr": 2
      },
      {
        "name": "피렐라",
        "year": 23,
        "team": "삼성",
        "pa": 605,
        "ops": 0.764,
        "avg": 0.285,
        "obp": 0.339,
        "slg": 0.425,
        "rbi": 80,
        "sb": 6,
        "hr": 16
      }
    ]
  },
  {
    "generation": 22,
    "expected_score": 5.775,
    "lineup": [
      "구자욱",
      "김지찬",
      "김성윤",
      "류지혁",
      "김현준",
      "강민호",
      "오재일",
      "이재현",
      "피렐라"
    ],
    "player_stats": [
      {
        "name": "구자욱",
        "year": 23,
        "team": "삼성",
        "pa": 515,
        "ops": 0.901,
        "avg": 0.336,
        "obp": 0.407,
        "slg": 0.494,
        "rbi": 71,
        "sb": 12,
        "hr": 11
      },
      {
        "name": "김지찬",
        "year": 23,
        "team": "삼성",
        "pa": 355,
        "ops": 0.738,
        "avg": 0.292,
        "obp": 0.408,
        "slg": 0.33,
        "rbi": 18,
        "sb": 13,
        "hr": 1
      },
      {
        "name": "김성윤",
        "year": 23,
        "team": "삼성",
        "pa": 272,
        "ops": 0.758,
        "avg": 0.314,
        "obp": 0.354,
        "slg": 0.404,
        "rbi": 28,
        "sb": 20,
        "hr": 2
      },
      {
        "name": "류지혁",
        "year": 23,
        "team": "삼성",
        "pa": 269,
        "ops": 0.641,
        "avg": 0.268,
        "obp": 0.326,
        "slg": 0.315,
        "rbi": 28,
        "sb": 22,
        "hr": 2
      },
      {
        "name": "김현준",
        "year": 23,
        "team": "삼성",
        "pa": 479,
        "ops": 0.673,
        "avg": 0.275,
        "obp": 0.327,
        "slg": 0.346,
        "rbi": 46,
        "sb": 5,
        "hr": 3
      },
      {
        "name": "강민호",
        "year": 23,
        "team": "삼성",
        "pa": 495,
        "ops": 0.811,
        "avg": 0.29,
        "obp": 0.366,
        "slg": 0.445,
        "rbi": 77,
        "sb": 6,
        "hr": 16
      },
      {
        "name": "오재일",
        "year": 23,
        "team": "삼성",
        "pa": 364,
        "ops": 0.658,
        "avg": 0.203,
        "obp": 0.302,
        "slg": 0.356,
        "rbi": 54,
        "sb": 1,
        "hr": 11
      },
      {
        "name": "이재현",
        "year": 23,
        "team": "삼성",
        "pa": 538,
        "ops": 0.708,
        "avg": 0.249,
        "obp": 0.33,
        "slg": 0.378,
        "rbi": 60,
        "sb": 5,
        "hr": 12
      },
      {
        "name": "피렐라",
        "year": 23,
        "team": "삼성",
        "pa": 605,
        "ops": 0.764,
        "avg": 0.285,
        "obp": 0.339,
        "slg": 0.425,
        "rbi": 80,
        "sb": 6,
        "hr": 16
      }
    ]
  },
  {
    "generation": 23,
    "expected_score": 5.855,
    "lineup": [
      "김지찬",
      "구자욱",
      "김성윤",
      "류지혁",
      "김현준",
      "강민호",
      "오재일",
      "이재현",
      "피렐라"
    ],
    "player_stats": [
      {
        "name": "김지찬",
        "year": 23,
        "team": "삼성",
        "pa": 355,
        "ops": 0.738,
        "avg": 0.292,
        "obp": 0.408,
        "slg": 0.33,
        "rbi": 18,
        "sb": 13,
        "hr": 1
      },
      {
        "name": "구자욱",
        "year": 23,
        "team": "삼성",
        "pa": 515,
        "ops": 0.901,
        "avg": 0.336,
        "obp": 0.407,
        "slg": 0.494,
        "rbi": 71,
        "sb": 12,
        "hr": 11
      },
      {
        "name": "김성윤",
        "year": 23,
        "team": "삼성",
        "pa": 272,
        "ops": 0.758,
        "avg": 0.314,
        "obp": 0.354,
        "slg": 0.404,
        "rbi": 28,
        "sb": 20,
        "hr": 2
      },
      {
        "name": "류지혁",
        "year": 23,
        "team": "삼성",
        "pa": 269,
        "ops": 0.641,
        "avg": 0.268,
        "obp": 0.326,
        "slg": 0.315,
        "rbi": 28,
        "sb": 22,
        "hr": 2
      },
      {
        "name": "김현준",
        "year": 23,
        "team": "삼성",
        "pa": 479,
        "ops": 0.673,
        "avg": 0.275,
        "obp": 0.327,
        "slg": 0.346,
        "rbi": 46,
        "sb": 5,
        "hr": 3
      },
      {
        "name": "강민호",
        "year": 23,
        "team": "삼성",
        "pa": 495,
        "ops": 0.811,
        "avg": 0.29,
        "obp": 0.366,
        "slg": 0.445,
        "rbi": 77,
        "sb": 6,
        "hr": 16
      },
      {
        "name": "오재일",
        "year": 23,
        "team": "삼성",
        "pa": 364,
        "ops": 0.658,
        "avg": 0.203,
        "obp": 0.302,
        "slg": 0.356,
        "rbi": 54,
        "sb": 1,
        "hr": 11
      },
      {
        "name": "이재현",
        "year": 23,
        "team": "삼성",
        "pa": 538,
        "ops": 0.708,
        "avg": 0.249,
        "obp": 0.33,
        "slg": 0.378,
        "rbi": 60,
        "sb": 5,
        "hr": 12
      },
      {
        "name": "피렐라",
        "year": 23,
        "team": "삼성",
        "pa": 605,
        "ops": 0.764,
        "avg": 0.285,
        "obp": 0.339,
        "slg": 0.425,
        "rbi": 80,
        "sb": 6,
        "hr": 16
      }
    ]
  },
  {
    "generation": 24,
    "expected_score": 6.32,
    "lineup": [
      "구자욱",
      "김지찬",
      "김현준",
      "김성윤",
      "이재현",
      "강민호",
      "피렐라",
      "오재일",
      "류지혁"
    ],
    "player_stats": [
      {
        "name": "구자욱",
        "year": 23,
        "team": "삼성",
        "pa": 515,
        "ops": 0.901,
        "avg": 0.336,
        "obp": 0.407,
        "slg": 0.494,
        "rbi": 71,
        "sb": 12,
        "hr": 11
      },
      {
        "name": "김지찬",
        "year": 23,
        "team": "삼성",
        "pa": 355,
        "ops": 0.738,
        "avg": 0.292,
        "obp": 0.408,
        "slg": 0.33,
        "rbi": 18,
        "sb": 13,
        "hr": 1
      },
      {
        "name": "김현준",
        "year": 23,
        "team": "삼성",
        "pa": 479,
        "ops": 0.673,
        "avg": 0.275,
        "obp": 0.327,
        "slg": 0.346,
        "rbi": 46,
        "sb": 5,
        "hr": 3
      },
      {
        "name": "김성윤",
        "year": 23,
        "team": "삼성",
        "pa": 272,
        "ops": 0.758,
        "avg": 0.314,
        "obp": 0.354,
        "slg": 0.404,
        "rbi": 28,
        "sb": 20,
        "hr": 2
      },
      {
        "name": "이재현",
        "year": 23,
        "team": "삼성",
        "pa": 538,
        "ops": 0.708,
        "avg": 0.249,
        "obp": 0.33,
        "slg": 0.378,
        "rbi": 60,
        "sb": 5,
        "hr": 12
      },
      {
        "name": "강민호",
        "year": 23,
        "team": "삼성",
        "pa": 495,
        "ops": 0.811,
        "avg": 0.29,
        "obp": 0.366,
        "slg": 0.445,
        "rbi": 77,
        "sb": 6,
        "hr": 16
      },
      {
        "name": "피렐라",
        "year": 23,
        "team": "삼성",
        "pa": 605,
        "ops": 0.764,
        "avg": 0.285,
        "obp": 0.339,
        "slg": 0.425,
        "rbi": 80,
        "sb": 6,
        "hr": 16
      },
      {
        "name": "오재일",
        "year": 23,
        "team": "삼성",
        "pa": 364,
        "ops": 0.658,
        "avg": 0.203,
        "obp": 0.302,
        "slg": 0.356,
        "rbi": 54,
        "sb": 1,
        "hr": 11
      },
      {
        "name": "류지혁",
        "year": 23,
        "team": "삼성",
        "pa": 269,
        "ops": 0.641,
        "avg": 0.268,
        "obp": 0.326,
        "slg": 0.315,
        "rbi": 28,
        "sb": 22,
        "hr": 2
      }
    ]
  },
  {
    "generation": 25,
    "expected_score": 6.055,
    "lineup": [
      "김지찬",
      "구자욱",
      "김성윤",
      "류지혁",
      "김현준",
      "강민호",
      "오재일",
      "이재현",
      "피렐라"
    ],
    "player_stats": [
      {
        "name": "김지찬",
        "year": 23,
        "team": "삼성",
        "pa": 355,
        "ops": 0.738,
        "avg": 0.292,
        "obp": 0.408,
        "slg": 0.33,
        "rbi": 18,
        "sb": 13,
        "hr": 1
      },
      {
        "name": "구자욱",
        "year": 23,
        "team": "삼성",
        "pa": 515,
        "ops": 0.901,
        "avg": 0.336,
        "obp": 0.407,
        "slg": 0.494,
        "rbi": 71,
        "sb": 12,
        "hr": 11
      },
      {
        "name": "김성윤",
        "year": 23,
        "team": "삼성",
        "pa": 272,
        "ops": 0.758,
        "avg": 0.314,
        "obp": 0.354,
        "slg": 0.404,
        "rbi": 28,
        "sb": 20,
        "hr": 2
      },
      {
        "name": "류지혁",
        "year": 23,
        "team": "삼성",
        "pa": 269,
        "ops": 0.641,
        "avg": 0.268,
        "obp": 0.326,
        "slg": 0.315,
        "rbi": 28,
        "sb": 22,
        "hr": 2
      },
      {
        "name": "김현준",
        "year": 23,
        "team": "삼성",
        "pa": 479,
        "ops": 0.673,
        "avg": 0.275,
        "obp": 0.327,
        "slg": 0.346,
        "rbi": 46,
        "sb": 5,
        "hr": 3
      },
      {
        "name": "강민호",
        "year": 23,
        "team": "삼성",
        "pa": 495,
        "ops": 0.811,
        "avg": 0.29,
        "obp": 0.366,
        "slg": 0.445,
        "rbi": 77,
        "sb": 6,
        "hr": 16
      },
      {
        "name": "오재일",
        "year": 23,
        "team": "삼성",
        "pa": 364,
        "ops": 0.658,
        "avg": 0.203,
        "obp": 0.302,
        "slg": 0.356,
        "rbi": 54,
        "sb": 1,
        "hr": 11
      },
      {
        "name": "이재현",
        "year": 23,
        "team": "삼성",
        "pa": 538,
        "ops": 0.708,
        "avg": 0.249,
        "obp": 0.33,
        "slg": 0.378,
        "rbi": 60,
        "sb": 5,
        "hr": 12
      },
      {
        "name": "피렐라",
        "year": 23,
        "team": "삼성",
        "pa": 605,
        "ops": 0.764,
        "avg": 0.285,
        "obp": 0.339,
        "slg": 0.425,
        "rbi": 80,
        "sb": 6,
        "hr": 16
      }
    ]
  },
  {
    "generation": 26,
    "expected_score": 5.745,
    "lineup": [
      "김지찬",
      "구자욱",
      "오재일",
      "김현준",
      "김성윤",
      "류지혁",
      "강민호",
      "이재현",
      "피렐라"
    ],
    "player_stats": [
      {
        "name": "김지찬",
        "year": 23,
        "team": "삼성",
        "pa": 355,
        "ops": 0.738,
        "avg": 0.292,
        "obp": 0.408,
        "slg": 0.33,
        "rbi": 18,
        "sb": 13,
        "hr": 1
      },
      {
        "name": "구자욱",
        "year": 23,
        "team": "삼성",
        "pa": 515,
        "ops": 0.901,
        "avg": 0.336,
        "obp": 0.407,
        "slg": 0.494,
        "rbi": 71,
        "sb": 12,
        "hr": 11
      },
      {
        "name": "오재일",
        "year": 23,
        "team": "삼성",
        "pa": 364,
        "ops": 0.658,
        "avg": 0.203,
        "obp": 0.302,
        "slg": 0.356,
        "rbi": 54,
        "sb": 1,
        "hr": 11
      },
      {
        "name": "김현준",
        "year": 23,
        "team": "삼성",
        "pa": 479,
        "ops": 0.673,
        "avg": 0.275,
        "obp": 0.327,
        "slg": 0.346,
        "rbi": 46,
        "sb": 5,
        "hr": 3
      },
      {
        "name": "김성윤",
        "year": 23,
        "team": "삼성",
        "pa": 272,
        "ops": 0.758,
        "avg": 0.314,
        "obp": 0.354,
        "slg": 0.404,
        "rbi": 28,
        "sb": 20,
        "hr": 2
      },
      {
        "name": "류지혁",
        "year": 23,
        "team": "삼성",
        "pa": 269,
        "ops": 0.641,
        "avg": 0.268,
        "obp": 0.326,
        "slg": 0.315,
        "rbi": 28,
        "sb": 22,
        "hr": 2
      },
      {
        "name": "강민호",
        "year": 23,
        "team": "삼성",
        "pa": 495,
        "ops": 0.811,
        "avg": 0.29,
        "obp": 0.366,
        "slg": 0.445,
        "rbi": 77,
        "sb": 6,
        "hr": 16
      },
      {
        "name": "이재현",
        "year": 23,
        "team": "삼성",
        "pa": 538,
        "ops": 0.708,
        "avg": 0.249,
        "obp": 0.33,
        "slg": 0.378,
        "rbi": 60,
        "sb": 5,
        "hr": 12
      },
      {
        "name": "피렐라",
        "year": 23,
        "team": "삼성",
        "pa": 605,
        "ops": 0.764,
        "avg": 0.285,
        "obp": 0.339,
        "slg": 0.425,
        "rbi": 80,
        "sb": 6,
        "hr": 16
      }
    ]
  },
  {
    "generation": 27,
    "expected_score": 6.175,
    "lineup": [
      "구자욱",
      "김지찬",
      "김현준",
      "이재현",
      "김성윤",
      "강민호",
      "피렐라",
      "오재일",
      "류지혁"
    ],
    "player_stats": [
      {
        "name": "구자욱",
        "year": 23,
        "team": "삼성",
        "pa": 515,
        "ops": 0.901,
        "avg": 0.336,
        "obp": 0.407,
        "slg": 0.494,
        "rbi": 71,
        "sb": 12,
        "hr": 11
      },
      {
        "name": "김지찬",
        "year": 23,
        "team": "삼성",
        "pa": 355,
        "ops": 0.738,
        "avg": 0.292,
        "obp": 0.408,
        "slg": 0.33,
        "rbi": 18,
        "sb": 13,
        "hr": 1
      },
      {
        "name": "김현준",
        "year": 23,
        "team": "삼성",
        "pa": 479,
        "ops": 0.673,
        "avg": 0.275,
        "obp": 0.327,
        "slg": 0.346,
        "rbi": 46,
        "sb": 5,
        "hr": 3
      },
      {
        "name": "이재현",
        "year": 23,
        "team": "삼성",
        "pa": 538,
        "ops": 0.708,
        "avg": 0.249,
        "obp": 0.33,
        "slg": 0.378,
        "rbi": 60,
        "sb": 5,
        "hr": 12
      },
      {
        "name": "김성윤",
        "year": 23,
        "team": "삼성",
        "pa": 272,
        "ops": 0.758,
        "avg": 0.314,
        "obp": 0.354,
        "slg": 0.404,
        "rbi": 28,
        "sb": 20,
        "hr": 2
      },
      {
        "name": "강민호",
        "year": 23,
        "team": "삼성",
        "pa": 495,
        "ops": 0.811,
        "avg": 0.29,
        "obp": 0.366,
        "slg": 0.445,
        "rbi": 77,
        "sb": 6,
        "hr": 16
      },
      {
        "name": "피렐라",
        "year": 23,
        "team": "삼성",
        "pa": 605,
        "ops": 0.764,
        "avg": 0.285,
        "obp": 0.339,
        "slg": 0.425,
        "rbi": 80,
        "sb": 6,
        "hr": 16
      },
      {
        "name": "오재일",
        "year": 23,
        "team": "삼성",
        "pa": 364,
        "ops": 0.658,
        "avg": 0.203,
        "obp": 0.302,
        "slg": 0.356,
        "rbi": 54,
        "sb": 1,
        "hr": 11
      },
      {
        "name": "류지혁",
        "year": 23,
        "team": "삼성",
        "pa": 269,
        "ops": 0.641,
        "avg": 0.268,
        "obp": 0.326,
        "slg": 0.315,
        "rbi": 28,
        "sb": 22,
        "hr": 2
      }
    ]
  },
  {
    "generation": 28,
    "expected_score": 5.85,
    "lineup": [
      "강민호",
      "김지찬",
      "김현준",
      "오재일",
      "구자욱",
      "김성윤",
      "피렐라",
      "이재현",
      "류지혁"
    ],
    "player_stats": [
      {
        "name": "강민호",
        "year": 23,
        "team": "삼성",
        "pa": 495,
        "ops": 0.811,
        "avg": 0.29,
        "obp": 0.366,
        "slg": 0.445,
        "rbi": 77,
        "sb": 6,
        "hr": 16
      },
      {
        "name": "김지찬",
        "year": 23,
        "team": "삼성",
        "pa": 355,
        "ops": 0.738,
        "avg": 0.292,
        "obp": 0.408,
        "slg": 0.33,
        "rbi": 18,
        "sb": 13,
        "hr": 1
      },
      {
        "name": "김현준",
        "year": 23,
        "team": "삼성",
        "pa": 479,
        "ops": 0.673,
        "avg": 0.275,
        "obp": 0.327,
        "slg": 0.346,
        "rbi": 46,
        "sb": 5,
        "hr": 3
      },
      {
        "name": "오재일",
        "year": 23,
        "team": "삼성",
        "pa": 364,
        "ops": 0.658,
        "avg": 0.203,
        "obp": 0.302,
        "slg": 0.356,
        "rbi": 54,
        "sb": 1,
        "hr": 11
      },
      {
        "name": "구자욱",
        "year": 23,
        "team": "삼성",
        "pa": 515,
        "ops": 0.901,
        "avg": 0.336,
        "obp": 0.407,
        "slg": 0.494,
        "rbi": 71,
        "sb": 12,
        "hr": 11
      },
      {
        "name": "김성윤",
        "year": 23,
        "team": "삼성",
        "pa": 272,
        "ops": 0.758,
        "avg": 0.314,
        "obp": 0.354,
        "slg": 0.404,
        "rbi": 28,
        "sb": 20,
        "hr": 2
      },
      {
        "name": "피렐라",
        "year": 23,
        "team": "삼성",
        "pa": 605,
        "ops": 0.764,
        "avg": 0.285,
        "obp": 0.339,
        "slg": 0.425,
        "rbi": 80,
        "sb": 6,
        "hr": 16
      },
      {
        "name": "이재현",
        "year": 23,
        "team": "삼성",
        "pa": 538,
        "ops": 0.708,
        "avg": 0.249,
        "obp": 0.33,
        "slg": 0.378,
        "rbi": 60,
        "sb": 5,
        "hr": 12
      },
      {
        "name": "류지혁",
        "year": 23,
        "team": "삼성",
        "pa": 269,
        "ops": 0.641,
        "avg": 0.268,
        "obp": 0.326,
        "slg": 0.315,
        "rbi": 28,
        "sb": 22,
        "hr": 2
      }
    ]
  },
  {
    "generation": 29,
    "expected_score": 5.925,
    "lineup": [
      "류지혁",
      "강민호",
      "김현준",
      "구자욱",
      "김지찬",
      "이재현",
      "김성윤",
      "오재일",
      "피렐라"
    ],
    "player_stats": [
      {
        "name": "류지혁",
        "year": 23,
        "team": "삼성",
        "pa": 269,
        "ops": 0.641,
        "avg": 0.268,
        "obp": 0.326,
        "slg": 0.315,
        "rbi": 28,
        "sb": 22,
        "hr": 2
      },
      {
        "name": "강민호",
        "year": 23,
        "team": "삼성",
        "pa": 495,
        "ops": 0.811,
        "avg": 0.29,
        "obp": 0.366,
        "slg": 0.445,
        "rbi": 77,
        "sb": 6,
        "hr": 16
      },
      {
        "name": "김현준",
        "year": 23,
        "team": "삼성",
        "pa": 479,
        "ops": 0.673,
        "avg": 0.275,
        "obp": 0.327,
        "slg": 0.346,
        "rbi": 46,
        "sb": 5,
        "hr": 3
      },
      {
        "name": "구자욱",
        "year": 23,
        "team": "삼성",
        "pa": 515,
        "ops": 0.901,
        "avg": 0.336,
        "obp": 0.407,
        "slg": 0.494,
        "rbi": 71,
        "sb": 12,
        "hr": 11
      },
      {
        "name": "김지찬",
        "year": 23,
        "team": "삼성",
        "pa": 355,
        "ops": 0.738,
        "avg": 0.292,
        "obp": 0.408,
        "slg": 0.33,
        "rbi": 18,
        "sb": 13,
        "hr": 1
      },
      {
        "name": "이재현",
        "year": 23,
        "team": "삼성",
        "pa": 538,
        "ops": 0.708,
        "avg": 0.249,
        "obp": 0.33,
        "slg": 0.378,
        "rbi": 60,
        "sb": 5,
        "hr": 12
      },
      {
        "name": "김성윤",
        "year": 23,
        "team": "삼성",
        "pa": 272,
        "ops": 0.758,
        "avg": 0.314,
        "obp": 0.354,
        "slg": 0.404,
        "rbi": 28,
        "sb": 20,
        "hr": 2
      },
      {
        "name": "오재일",
        "year": 23,
        "team": "삼성",
        "pa": 364,
        "ops": 0.658,
        "avg": 0.203,
        "obp": 0.302,
        "slg": 0.356,
        "rbi": 54,
        "sb": 1,
        "hr": 11
      },
      {
        "name": "피렐라",
        "year": 23,
        "team": "삼성",
        "pa": 605,
        "ops": 0.764,
        "avg": 0.285,
        "obp": 0.339,
        "slg": 0.425,
        "rbi": 80,
        "sb": 6,
        "hr": 16
      }
    ]
  },
  {
    "generation": 30,
    "expected_score": 5.925,
    "lineup": [
      "류지혁",
      "구자욱",
      "강민호",
      "오재일",
      "김현준",
      "김성윤",
      "피렐라",
      "김지찬",
      "이재현"
    ],
    "player_stats": [
      {
        "name": "류지혁",
        "year": 23,
        "team": "삼성",
        "pa": 269,
        "ops": 0.641,
        "avg": 0.268,
        "obp": 0.326,
        "slg": 0.315,
        "rbi": 28,
        "sb": 22,
        "hr": 2
      },
      {
        "name": "구자욱",
        "year": 23,
        "team": "삼성",
        "pa": 515,
        "ops": 0.901,
        "avg": 0.336,
        "obp": 0.407,
        "slg": 0.494,
        "rbi": 71,
        "sb": 12,
        "hr": 11
      },
      {
        "name": "강민호",
        "year": 23,
        "team": "삼성",
        "pa": 495,
        "ops": 0.811,
        "avg": 0.29,
        "obp": 0.366,
        "slg": 0.445,
        "rbi": 77,
        "sb": 6,
        "hr": 16
      },
      {
        "name": "오재일",
        "year": 23,
        "team": "삼성",
        "pa": 364,
        "ops": 0.658,
        "avg": 0.203,
        "obp": 0.302,
        "slg": 0.356,
        "rbi": 54,
        "sb": 1,
        "hr": 11
      },
      {
        "name": "김현준",
        "year": 23,
        "team": "삼성",
        "pa": 479,
        "ops": 0.673,
        "avg": 0.275,
        "obp": 0.327,
        "slg": 0.346,
        "rbi": 46,
        "sb": 5,
        "hr": 3
      },
      {
        "name": "김성윤",
        "year": 23,
        "team": "삼성",
        "pa": 272,
        "ops": 0.758,
        "avg": 0.314,
        "obp": 0.354,
        "slg": 0.404,
        "rbi": 28,
        "sb": 20,
        "hr": 2
      },
      {
        "name": "피렐라",
        "year": 23,
        "team": "삼성",
        "pa": 605,
        "ops": 0.764,
        "avg": 0.285,
        "obp": 0.339,
        "slg": 0.425,
        "rbi": 80,
        "sb": 6,
        "hr": 16
      },
      {
        "name": "김지찬",
        "year": 23,
        "team": "삼성",
        "pa": 355,
        "ops": 0.738,
        "avg": 0.292,
        "obp": 0.408,
        "slg": 0.33,
        "rbi": 18,
        "sb": 13,
        "hr": 1
      },
      {
        "name": "이재현",
        "year": 23,
        "team": "삼성",
        "pa": 538,
        "ops": 0.708,
        "avg": 0.249,
        "obp": 0.33,
        "slg": 0.378,
        "rbi": 60,
        "sb": 5,
        "hr": 12
      }
    ]
  }
]