[
  {
    "generation": 1,
    "expected_score": 5.715,
    "lineup": [
      "송성문",
      "임지열",
      "러셀",
      "김휘집",
      "김혜성",
      "이정후",
      "이지영",
      "김동헌",
      "도슨"
    ],
    "player_stats": [
      {
        "name": "송성문",
        "year": 23,
        "team": "키움",
        "pa": 438,
        "ops": 0.683,
        "avg": 0.263,
        "obp": 0.325,
        "slg": 0.358,
        "rbi": 60,
        "sb": 1,
        "hr": 5
      },
      {
        "name": "임지열",
        "year": 23,
        "team": "키움",
        "pa": 246,
        "ops": 0.72,
        "avg": 0.259,
        "obp": 0.352,
        "slg": 0.368,
        "rbi": 35,
        "sb": 1,
        "hr": 5
      },
      {
        "name": "러셀",
        "year": 23,
        "team": "키움",
        "pa": 239,
        "ops": 0.739,
        "avg": 0.286,
        "obp": 0.339,
        "slg": 0.4,
        "rbi": 42,
        "sb": 1,
        "hr": 4
      },
      {
        "name": "김휘집",
        "year": 23,
        "team": "키움",
        "pa": 435,
        "ops": 0.712,
        "avg": 0.249,
        "obp": 0.338,
        "slg": 0.374,
        "rbi": 51,
        "sb": 0,
        "hr": 8
      },
      {
        "name": "김혜성",
        "year": 23,
        "team": "키움",
        "pa": 621,
        "ops": 0.842,
        "avg": 0.335,
        "obp": 0.396,
        "slg": 0.446,
        "rbi": 57,
        "sb": 25,
        "hr": 7
      },
      {
        "name": "이정후",
        "year": 23,
        "team": "키움",
        "pa": 387,
        "ops": 0.861,
        "avg": 0.318,
        "obp": 0.406,
        "slg": 0.455,
        "rbi": 45,
        "sb": 6,
        "hr": 6
      },
      {
        "name": "이지영",
        "year": 23,
        "team": "키움",
        "pa": 237,
        "ops": 0.586,
        "avg": 0.249,
        "obp": 0.291,
        "slg": 0.295,
        "rbi": 8,
        "sb": 1,
        "hr": 0
      },
      {
        "name": "김동헌",
        "year": 23,
        "team": "키움",
        "pa": 242,
        "ops": 0.631,
        "avg": 0.242,
        "obp": 0.318,
        "slg": 0.313,
        "rbi": 17,
        "sb": 0,
        "hr": 2
      },
      {
        "name": "도슨",
        "year": 23,
        "team": "키움",
        "pa": 261,
        "ops": 0.852,
        "avg": 0.336,
        "obp": 0.398,
        "slg": 0.454,
        "rbi": 29,
        "sb": 9,
        "hr": 3
      }
    ]
  },
  {
    "generation": 2,
    "expected_score": 5.855,
    "lineup": [
      "도슨",
      "송성문",
      "이지영",
      "임지열",
      "김혜성",
      "김동헌",
      "이정후",
      "김휘집",
      "러셀"
    ],
    "player_stats": [
      {
        "name": "도슨",
        "year": 23,
        "team": "키움",
        "pa": 261,
        "ops": 0.852,
        "avg": 0.336,
        "obp": 0.398,
        "slg": 0.454,
        "rbi": 29,
        "sb": 9,
        "hr": 3
      },
      {
        "name": "송성문",
        "year": 23,
        "team": "키움",
        "pa": 438,
        "ops": 0.683,
        "avg": 0.263,
        "obp": 0.325,
        "slg": 0.358,
        "rbi": 60,
        "sb": 1,
        "hr": 5
      },
      {
        "name": "이지영",
        "year": 23,
        "team": "키움",
        "pa": 237,
        "ops": 0.586,
        "avg": 0.249,
        "obp": 0.291,
        "slg": 0.295,
        "rbi": 8,
        "sb": 1,
        "hr": 0
      },
      {
        "name": "임지열",
        "year": 23,
        "team": "키움",
        "pa": 246,
        "ops": 0.72,
        "avg": 0.259,
        "obp": 0.352,
        "slg": 0.368,
        "rbi": 35,
        "sb": 1,
        "hr": 5
      },
      {
        "name": "김혜성",
        "year": 23,
        "team": "키움",
        "pa": 621,
        "ops": 0.842,
        "avg": 0.335,
        "obp": 0.396,
        "slg": 0.446,
        "rbi": 57,
        "sb": 25,
        "hr": 7
      },
      {
        "name": "김동헌",
        "year": 23,
        "team": "키움",
        "pa": 242,
        "ops": 0.631,
        "avg": 0.242,
        "obp": 0.318,
        "slg": 0.313,
        "rbi": 17,
        "sb": 0,
        "hr": 2
      },
      {
        "name": "이정후",
        "year": 23,
        "team": "키움",
        "pa": 387,
        "ops": 0.861,
        "avg": 0.318,
        "obp": 0.406,
        "slg": 0.455,
        "rbi": 45,
        "sb": 6,
        "hr": 6
      },
      {
        "name": "김휘집",
        "year": 23,
        "team": "키움",
        "pa": 435,
        "ops": 0.712,
        "avg": 0.249,
        "obp": 0.338,
        "slg": 0.374,
        "rbi": 51,
        "sb": 0,
        "hr": 8
      },
      {
        "name": "러셀",
        "year": 23,
        "team": "키움",
        "pa": 239,
        "ops": 0.739,
        "avg": 0.286,
        "obp": 0.339,
        "slg": 0.4,
        "rbi": 42,
        "sb": 1,
        "hr": 4
      }
    ]
  },
  {
    "generation": 3,
    "expected_score": 5.875,
    "lineup": [
      "김동헌",
      "김혜성",
      "임지열",
      "이지영",
      "도슨",
      "이정후",
      "러셀",
      "김휘집",
      "송성문"
    ],
    "player_stats": [
      {
        "name": "김동헌",
        "year": 23,
        "team": "키움",
        "pa": 242,
        "ops": 0.631,
        "avg": 0.242,
        "obp": 0.318,
        "slg": 0.313,
        "rbi": 17,
        "sb": 0,
        "hr": 2
      },
      {
        "name": "김혜성",
        "year": 23,
        "team": "키움",
        "pa": 621,
        "ops": 0.842,
        "avg": 0.335,
        "obp": 0.396,
        "slg": 0.446,
        "rbi": 57,
        "sb": 25,
        "hr": 7
      },
      {
        "name": "임지열",
        "year": 23,
        "team": "키움",
        "pa": 246,
        "ops": 0.72,
        "avg": 0.259,
        "obp": 0.352,
        "slg": 0.368,
        "rbi": 35,
        "sb": 1,
        "hr": 5
      },
      {
        "name": "이지영",
        "year": 23,
        "team": "키움",
        "pa": 237,
        "ops": 0.586,
        "avg": 0.249,
        "obp": 0.291,
        "slg": 0.295,
        "rbi": 8,
        "sb": 1,
        "hr": 0
      },
      {
        "name": "도슨",
        "year": 23,
        "team": "키움",
        "pa": 261,
        "ops": 0.852,
        "avg": 0.336,
        "obp": 0.398,
        "slg": 0.454,
        "rbi": 29,
        "sb": 9,
        "hr": 3
      },
      {
        "name": "이정후",
        "year": 23,
        "team": "키움",
        "pa": 387,
        "ops": 0.861,
        "avg": 0.318,
        "obp": 0.406,
        "slg": 0.455,
        "rbi": 45,
        "sb": 6,
        "hr": 6
      },
      {
        "name": "러셀",
        "year": 23,
        "team": "키움",
        "pa": 239,
        "ops": 0.739,
        "avg": 0.286,
        "obp": 0.339,
        "slg": 0.4,
        "rbi": 42,
        "sb": 1,
        "hr": 4
      },
      {
        "name": "김휘집",
        "year": 23,
        "team": "키움",
        "pa": 435,
        "ops": 0.712,
        "avg": 0.249,
        "obp": 0.338,
        "slg": 0.374,
        "rbi": 51,
        "sb": 0,
        "hr": 8
      },
      {
        "name": "송성문",
        "year": 23,
        "team": "키움",
        "pa": 438,
        "ops": 0.683,
        "avg": 0.263,
        "obp": 0.325,
        "slg": 0.358,
        "rbi": 60,
        "sb": 1,
        "hr": 5
      }
    ]
  },
  {
    "generation": 4,
    "expected_score": 6.02,
    "lineup": [
      "도슨",
      "송성문",
      "러셀",
      "김휘집",
      "이지영",
      "이정후",
      "김혜성",
      "김동헌",
      "임지열"
    ],
    "player_stats": [
      {
        "name": "도슨",
        "year": 23,
        "team": "키움",
        "pa": 261,
        "ops": 0.852,
        "avg": 0.336,
        "obp": 0.398,
        "slg": 0.454,
        "rbi": 29,
        "sb": 9,
        "hr": 3
      },
      {
        "name": "송성문",
        "year": 23,
        "team": "키움",
        "pa": 438,
        "ops": 0.683,
        "avg": 0.263,
        "obp": 0.325,
        "slg": 0.358,
        "rbi": 60,
        "sb": 1,
        "hr": 5
      },
      {
        "name": "러셀",
        "year": 23,
        "team": "키움",
        "pa": 239,
        "ops": 0.739,
        "avg": 0.286,
        "obp": 0.339,
        "slg": 0.4,
        "rbi": 42,
        "sb": 1,
        "hr": 4
      },
      {
        "name": "김휘집",
        "year": 23,
        "team": "키움",
        "pa": 435,
        "ops": 0.712,
        "avg": 0.249,
        "obp": 0.338,
        "slg": 0.374,
        "rbi": 51,
        "sb": 0,
        "hr": 8
      },
      {
        "name": "이지영",
        "year": 23,
        "team": "키움",
        "pa": 237,
        "ops": 0.586,
        "avg": 0.249,
        "obp": 0.291,
        "slg": 0.295,
        "rbi": 8,
        "sb": 1,
        "hr": 0
      },
      {
        "name": "이정후",
        "year": 23,
        "team": "키움",
        "pa": 387,
        "ops": 0.861,
        "avg": 0.318,
        "obp": 0.406,
        "slg": 0.455,
        "rbi": 45,
        "sb": 6,
        "hr": 6
      },
      {
        "name": "김혜성",
        "year": 23,
        "team": "키움",
        "pa": 621,
        "ops": 0.842,
        "avg": 0.335,
        "obp": 0.396,
        "slg": 0.446,
        "rbi": 57,
        "sb": 25,
        "hr": 7
      },
      {
        "name": "김동헌",
        "year": 23,
        "team": "키움",
        "pa": 242,
        "ops": 0.631,
        "avg": 0.242,
        "obp": 0.318,
        "slg": 0.313,
        "rbi": 17,
        "sb": 0,
        "hr": 2
      },
      {
        "name": "임지열",
        "year": 23,
        "team": "키움",
        "pa": 246,
        "ops": 0.72,
        "avg": 0.259,
        "obp": 0.352,
        "slg": 0.368,
        "rbi": 35,
        "sb": 1,
        "hr": 5
      }
    ]
  },
  {
    "generation": 5,
    "expected_score": 5.955,
    "lineup": [
      "이지영",
      "김휘집",
      "러셀",
      "도슨",
      "임지열",
      "김혜성",
      "김동헌",
      "이정후",
      "송성문"
    ],
    "player_stats": [
      {
        "name": "이지영",
        "year": 23,
        "team": "키움",
        "pa": 237,
        "ops": 0.586,
        "avg": 0.249,
        "obp": 0.291,
        "slg": 0.295,
        "rbi": 8,
        "sb": 1,
        "hr": 0
      },
      {
        "name": "김휘집",
        "year": 23,
        "team": "키움",
        "pa": 435,
        "ops": 0.712,
        "avg": 0.249,
        "obp": 0.338,
        "slg": 0.374,
        "rbi": 51,
        "sb": 0,
        "hr": 8
      },
      {
        "name": "러셀",
        "year": 23,
        "team": "키움",
        "pa": 239,
        "ops": 0.739,
        "avg": 0.286,
        "obp": 0.339,
        "slg": 0.4,
        "rbi": 42,
        "sb": 1,
        "hr": 4
      },
      {
        "name": "도슨",
        "year": 23,
        "team": "키움",
        "pa": 261,
        "ops": 0.852,
        "avg": 0.336,
        "obp": 0.398,
        "slg": 0.454,
        "rbi": 29,
        "sb": 9,
        "hr": 3
      },
      {
        "name": "임지열",
        "year": 23,
        "team": "키움",
        "pa": 246,
        "ops": 0.72,
        "avg": 0.259,
        "obp": 0.352,
        "slg": 0.368,
        "rbi": 35,
        "sb": 1,
        "hr": 5
      },
      {
        "name": "김혜성",
        "year": 23,
        "team": "키움",
        "pa": 621,
        "ops": 0.842,
        "avg": 0.335,
        "obp": 0.396,
        "slg": 0.446,
        "rbi": 57,
        "sb": 25,
        "hr": 7
      },
      {
        "name": "김동헌",
        "year": 23,
        "team": "키움",
        "pa": 242,
        "ops": 0.631,
        "avg": 0.242,
        "obp": 0.318,
        "slg": 0.313,
        "rbi": 17,
        "sb": 0,
        "hr": 2
      },
      {
        "name": "이정후",
        "year": 23,
        "team": "키움",
        "pa": 387,
        "ops": 0.861,
        "avg": 0.318,
        "obp": 0.406,
        "slg": 0.455,
        "rbi": 45,
        "sb": 6,
        "hr": 6
      },
      {
        "name": "송성문",
        "year": 23,
        "team": "키움",
        "pa": 438,
        "ops": 0.683,
        "avg": 0.263,
        "obp": 0.325,
        "slg": 0.358,
        "rbi": 60,
        "sb": 1,
        "hr": 5
      }
    ]
  },
  {
    "generation": 6,
    "expected_score": 5.785,
    "lineup": [
      "김동헌",
      "러셀",
      "김혜성",
      "김휘집",
      "도슨",
      "이지영",
      "송성문",
      "임지열",
      "이정후"
    ],
    "player_stats": [
      {
        "name": "김동헌",
        "year": 23,
        "team": "키움",
        "pa": 242,
        "ops": 0.631,
        "avg": 0.242,
        "obp": 0.318,
        "slg": 0.313,
        "rbi": 17,
        "sb": 0,
        "hr": 2
      },
      {
        "name": "러셀",
        "year": 23,
        "team": "키움",
        "pa": 239,
        "ops": 0.739,
        "avg": 0.286,
        "obp": 0.339,
        "slg": 0.4,
        "rbi": 42,
        "sb": 1,
        "hr": 4
      },
      {
        "name": "김혜성",
        "year": 23,
        "team": "키움",
        "pa": 621,
        "ops": 0.842,
        "avg": 0.335,
        "obp": 0.396,
        "slg": 0.446,
        "rbi": 57,
        "sb": 25,
        "hr": 7
      },
      {
        "name": "김휘집",
        "year": 23,
        "team": "키움",
        "pa": 435,
        "ops": 0.712,
        "avg": 0.249,
        "obp": 0.338,
        "slg": 0.374,
        "rbi": 51,
        "sb": 0,
        "hr": 8
      },
      {
        "name": "도슨",
        "year": 23,
        "team": "키움",
        "pa": 261,
        "ops": 0.852,
        "avg": 0.336,
        "obp": 0.398,
        "slg": 0.454,
        "rbi": 29,
        "sb": 9,
        "hr": 3
      },
      {
        "name": "이지영",
        "year": 23,
        "team": "키움",
        "pa": 237,
        "ops": 0.586,
        "avg": 0.249,
        "obp": 0.291,
        "slg": 0.295,
        "rbi": 8,
        "sb": 1,
        "hr": 0
      },
      {
        "name": "송성문",
        "year": 23,
        "team": "키움",
        "pa": 438,
        "ops": 0.683,
        "avg": 0.263,
        "obp": 0.325,
        "slg": 0.358,
        "rbi": 60,
        "sb": 1,
        "hr": 5
      },
      {
        "name": "임지열",
        "year": 23,
        "team": "키움",
        "pa": 246,
        "ops": 0.72,
        "avg": 0.259,
        "obp": 0.352,
        "slg": 0.368,
        "rbi": 35,
        "sb": 1,
        "hr": 5
      },
      {
        "name": "이정후",
        "year": 23,
        "team": "키움",
        "pa": 387,
        "ops": 0.861,
        "avg": 0.318,
        "obp": 0.406,
        "slg": 0.455,
        "rbi": 45,
        "sb": 6,
        "hr": 6
      }
    ]
  },
  {
    "generation": 7,
    "expected_score": 5.845,
    "lineup": [
      "김혜성",
      "김동헌",
      "김휘집",
      "도슨",
      "러셀",
      "송성문",
      "임지열",
      "이지영",
      "이정후"
    ],
    "player_stats": [
      {
        "name": "김혜성",
        "year": 23,
        "team": "키움",
        "pa": 621,
        "ops": 0.842,
        "avg": 0.335,
        "obp": 0.396,
        "slg": 0.446,
        "rbi": 57,
        "sb": 25,
        "hr": 7
      },
      {
        "name": "김동헌",
        "year": 23,
        "team": "키움",
        "pa": 242,
        "ops": 0.631,
        "avg": 0.242,
        "obp": 0.318,
        "slg": 0.313,
        "rbi": 17,
        "sb": 0,
        "hr": 2
      },
      {
        "name": "김휘집",
        "year": 23,
        "team": "키움",
        "pa": 435,
        "ops": 0.712,
        "avg": 0.249,
        "obp": 0.338,
        "slg": 0.374,
        "rbi": 51,
        "sb": 0,
        "hr": 8
      },
      {
        "name": "도슨",
        "year": 23,
        "team": "키움",
        "pa": 261,
        "ops": 0.852,
        "avg": 0.336,
        "obp": 0.398,
        "slg": 0.454,
        "rbi": 29,
        "sb": 9,
        "hr": 3
      },
      {
        "name": "러셀",
        "year": 23,
        "team": "키움",
        "pa": 239,
        "ops": 0.739,
        "avg": 0.286,
        "obp": 0.339,
        "slg": 0.4,
        "rbi": 42,
        "sb": 1,
        "hr": 4
      },
      {
        "name": "송성문",
        "year": 23,
        "team": "키움",
        "pa": 438,
        "ops": 0.683,
        "avg": 0.263,
        "obp": 0.325,
        "slg": 0.358,
        "rbi": 60,
        "sb": 1,
        "hr": 5
      },
      {
        "name": "임지열",
        "year": 23,
        "team": "키움",
        "pa": 246,
        "ops": 0.72,
        "avg": 0.259,
        "obp": 0.352,
        "slg": 0.368,
        "rbi": 35,
        "sb": 1,
        "hr": 5
      },
      {
        "name": "이지영",
        "year": 23,
        "team": "키움",
        "pa": 237,
        "ops": 0.586,
        "avg": 0.249,
        "obp": 0.291,
        "slg": 0.295,
        "rbi": 8,
        "sb": 1,
        "hr": 0
      },
      {
        "name": "이정후",
        "year": 23,
        "team": "키움",
        "pa": 387,
        "ops": 0.861,
        "avg": 0.318,
        "obp": 0.406,
        "slg": 0.455,
        "rbi": 45,
        "sb": 6,
        "hr": 6
      }
    ]
  },
  {
    "generation": 8,
    "expected_score": 5.825,
    "lineup": [
      "김동헌",
      "김혜성",
      "이지영",
      "도슨",
      "송성문",
      "러셀",
      "김휘집",
      "이정후",
      "임지열"
    ],
    "player_stats": [
      {
        "name": "김동헌",
        "year": 23,
        "team": "키움",
        "pa": 242,
        "ops": 0.631,
        "avg": 0.242,
        "obp": 0.318,
        "slg": 0.313,
        "rbi": 17,
        "sb": 0,
        "hr": 2
      },
      {
        "name": "김혜성",
        "year": 23,
        "team": "키움",
        "pa": 621,
        "ops": 0.842,
        "avg": 0.335,
        "obp": 0.396,
        "slg": 0.446,
        "rbi": 57,
        "sb": 25,
        "hr": 7
      },
      {
        "name": "이지영",
        "year": 23,
        "team": "키움",
        "pa": 237,
        "ops": 0.586,
        "avg": 0.249,
        "obp": 0.291,
        "slg": 0.295,
        "rbi": 8,
        "sb": 1,
        "hr": 0
      },
      {
        "name": "도슨",
        "year": 23,
        "team": "키움",
        "pa": 261,
        "ops": 0.852,
        "avg": 0.336,
        "obp": 0.398,
        "slg": 0.454,
        "rbi": 29,
        "sb": 9,
        "hr": 3
      },
      {
        "name": "송성문",
        "year": 23,
        "team": "키움",
        "pa": 438,
        "ops": 0.683,
        "avg": 0.263,
        "obp": 0.325,
        "slg": 0.358,
        "rbi": 60,
        "sb": 1,
        "hr": 5
      },
      {
        "name": "러셀",
        "year": 23,
        "team": "키움",
        "pa": 239,
        "ops": 0.739,
        "avg": 0.286,
        "obp": 0.339,
        "slg": 0.4,
        "rbi": 42,
        "sb": 1,
        "hr": 4
      },
      {
        "name": "김휘집",
        "year": 23,
        "team": "키움",
        "pa": 435,
        "ops": 0.712,
        "avg": 0.249,
        "obp": 0.338,
        "slg": 0.374,
        "rbi": 51,
        "sb": 0,
        "hr": 8
      },
      {
        "name": "이정후",
        "year": 23,
        "team": "키움",
        "pa": 387,
        "ops": 0.861,
        "avg": 0.318,
        "obp": 0.406,
        "slg": 0.455,
        "rbi": 45,
        "sb": 6,
        "hr": 6
      },
      {
        "name": "임지열",
        "year": 23,
        "team": "키움",
        "pa": 246,
        "ops": 0.72,
        "avg": 0.259,
        "obp": 0.352,
        "slg": 0.368,
        "rbi": 35,
        "sb": 1,
        "hr": 5
      }
    ]
  },
  {
    "generation": 9,
    "expected_score": 6.005,
    "lineup": [
      "김동헌",
      "김혜성",
      "김휘집",
      "도슨",
      "러셀",
      "이지영",
      "이정후",
      "임지열",
      "송성문"
    ],
    "player_stats": [
      {
        "name": "김동헌",
        "year": 23,
        "team": "키움",
        "pa": 242,
        "ops": 0.631,
        "avg": 0.242,
        "obp": 0.318,
        "slg": 0.313,
        "rbi": 17,
        "sb": 0,
        "hr": 2
      },
      {
        "name": "김혜성",
        "year": 23,
        "team": "키움",
        "pa": 621,
        "ops": 0.842,
        "avg": 0.335,
        "obp": 0.396,
        "slg": 0.446,
        "rbi": 57,
        "sb": 25,
        "hr": 7
      },
      {
        "name": "김휘집",
        "year": 23,
        "team": "키움",
        "pa": 435,
        "ops": 0.712,
        "avg": 0.249,
        "obp": 0.338,
        "slg": 0.374,
        "rbi": 51,
        "sb": 0,
        "hr": 8
      },
      {
        "name": "도슨",
        "year": 23,
        "team": "키움",
        "pa": 261,
        "ops": 0.852,
        "avg": 0.336,
        "obp": 0.398,
        "slg": 0.454,
        "rbi": 29,
        "sb": 9,
        "hr": 3
      },
      {
        "name": "러셀",
        "year": 23,
        "team": "키움",
        "pa": 239,
        "ops": 0.739,
        "avg": 0.286,
        "obp": 0.339,
        "slg": 0.4,
        "rbi": 42,
        "sb": 1,
        "hr": 4
      },
      {
        "name": "이지영",
        "year": 23,
        "team": "키움",
        "pa": 237,
        "ops": 0.586,
        "avg": 0.249,
        "obp": 0.291,
        "slg": 0.295,
        "rbi": 8,
        "sb": 1,
        "hr": 0
      },
      {
        "name": "이정후",
        "year": 23,
        "team": "키움",
        "pa": 387,
        "ops": 0.861,
        "avg": 0.318,
        "obp": 0.406,
        "slg": 0.455,
        "rbi": 45,
        "sb": 6,
        "hr": 6
      },
      {
        "name": "임지열",
        "year": 23,
        "team": "키움",
        "pa": 246,
        "ops": 0.72,
        "avg": 0.259,
        "obp": 0.352,
        "slg": 0.368,
        "rbi": 35,
        "sb": 1,
        "hr": 5
      },
      {
        "name": "송성문",
        "year": 23,
        "team": "키움",
        "pa": 438,
        "ops": 0.683,
        "avg": 0.263,
        "obp": 0.325,
        "slg": 0.358,
        "rbi": 60,
        "sb": 1,
        "hr": 5
      }
    ]
  },
  {
    "generation": 10,
    "expected_score": 5.775,
    "lineup": [
      "임지열",
      "김동헌",
      "김휘집",
      "도슨",
      "이지영",
      "러셀",
      "김혜성",
      "송성문",
      "이정후"
    ],
    "player_stats": [
      {
        "name": "임지열",
        "year": 23,
        "team": "키움",
        "pa": 246,
        "ops": 0.72,
        "avg": 0.259,
        "obp": 0.352,
        "slg": 0.368,
        "rbi": 35,
        "sb": 1,
        "hr": 5
      },
      {
        "name": "김동헌",
        "year": 23,
        "team": "키움",
        "pa": 242,
        "ops": 0.631,
        "avg": 0.242,
        "obp": 0.318,
        "slg": 0.313,
        "rbi": 17,
        "sb": 0,
        "hr": 2
      },
      {
        "name": "김휘집",
        "year": 23,
        "team": "키움",
        "pa": 435,
        "ops": 0.712,
        "avg": 0.249,
        "obp": 0.338,
        "slg": 0.374,
        "rbi": 51,
        "sb": 0,
        "hr": 8
      },
      {
        "name": "도슨",
        "year": 23,
        "team": "키움",
        "pa": 261,
        "ops": 0.852,
        "avg": 0.336,
        "obp": 0.398,
        "slg": 0.454,
        "rbi": 29,
        "sb": 9,
        "hr": 3
      },
      {
        "name": "이지영",
        "year": 23,
        "team": "키움",
        "pa": 237,
        "ops": 0.586,
        "avg": 0.249,
        "obp": 0.291,
        "slg": 0.295,
        "rbi": 8,
        "sb": 1,
        "hr": 0
      },
      {
        "name": "러셀",
        "year": 23,
        "team": "키움",
        "pa": 239,
        "ops": 0.739,
        "avg": 0.286,
        "obp": 0.339,
        "slg": 0.4,
        "rbi": 42,
        "sb": 1,
        "hr": 4
      },
      {
        "name": "김혜성",
        "year": 23,
        "team": "키움",
        "pa": 621,
        "ops": 0.842,
        "avg": 0.335,
        "obp": 0.396,
        "slg": 0.446,
        "rbi": 57,
        "sb": 25,
        "hr": 7
      },
      {
        "name": "송성문",
        "year": 23,
        "team": "키움",
        "pa": 438,
        "ops": 0.683,
        "avg": 0.263,
        "obp": 0.325,
        "slg": 0.358,
        "rbi": 60,
        "sb": 1,
        "hr": 5
      },
      {
        "name": "이정후",
        "year": 23,
        "team": "키움",
        "pa": 387,
        "ops": 0.861,
        "avg": 0.318,
        "obp": 0.406,
        "slg": 0.455,
        "rbi": 45,
        "sb": 6,
        "hr": 6
      }
    ]
  },
  {
    "generation": 11,
    "expected_score": 5.91,
    "lineup": [
      "김혜성",
      "김휘집",
      "도슨",
      "이지영",
      "러셀",
      "김동헌",
      "송성문",
      "이정후",
      "임지열"
    ],
    "player_stats": [
      {
        "name": "김혜성",
        "year": 23,
        "team": "키움",
        "pa": 621,
        "ops": 0.842,
        "avg": 0.335,
        "obp": 0.396,
        "slg": 0.446,
        "rbi": 57,
        "sb": 25,
        "hr": 7
      },
      {
        "name": "김휘집",
        "year": 23,
        "team": "키움",
        "pa": 435,
        "ops": 0.712,
        "avg": 0.249,
        "obp": 0.338,
        "slg": 0.374,
        "rbi": 51,
        "sb": 0,
        "hr": 8
      },
      {
        "name": "도슨",
        "year": 23,
        "team": "키움",
        "pa": 261,
        "ops": 0.852,
        "avg": 0.336,
        "obp": 0.398,
        "slg": 0.454,
        "rbi": 29,
        "sb": 9,
        "hr": 3
      },
      {
        "name": "이지영",
        "year": 23,
        "team": "키움",
        "pa": 237,
        "ops": 0.586,
        "avg": 0.249,
        "obp": 0.291,
        "slg": 0.295,
        "rbi": 8,
        "sb": 1,
        "hr": 0
      },
      {
        "name": "러셀",
        "year": 23,
        "team": "키움",
        "pa": 239,
        "ops": 0.739,
        "avg": 0.286,
        "obp": 0.339,
        "slg": 0.4,
        "rbi": 42,
        "sb": 1,
        "hr": 4
      },
      {
        "name": "김동헌",
        "year": 23,
        "team": "키움",
        "pa": 242,
        "ops": 0.631,
        "avg": 0.242,
        "obp": 0.318,
        "slg": 0.313,
        "rbi": 17,
        "sb": 0,
        "hr": 2
      },
      {
        "name": "송성문",
        "year": 23,
        "team": "키움",
        "pa": 438,
        "ops": 0.683,
        "avg": 0.263,
        "obp": 0.325,
        "slg": 0.358,
        "rbi": 60,
        "sb": 1,
        "hr": 5
      },
      {
        "name": "이정후",
        "year": 23,
        "team": "키움",
        "pa": 387,
        "ops": 0.861,
        "avg": 0.318,
        "obp": 0.406,
        "slg": 0.455,
        "rbi": 45,
        "sb": 6,
        "hr": 6
      },
      {
        "name": "임지열",
        "year": 23,
        "team": "키움",
        "pa": 246,
        "ops": 0.72,
        "avg": 0.259,
        "obp": 0.352,
        "slg": 0.368,
        "rbi": 35,
        "sb": 1,
        "hr": 5
      }
    ]
  },
  {
    "generation": 12,
    "expected_score": 5.96,
    "lineup": [
      "김혜성",
      "김휘집",
      "이지영",
      "러셀",
      "김동헌",
      "도슨",
      "송성문",
      "임지열",
      "이정후"
    ],
    "player_stats": [
      {
        "name": "김혜성",
        "year": 23,
        "team": "키움",
        "pa": 621,
        "ops": 0.842,
        "avg": 0.335,
        "obp": 0.396,
        "slg": 0.446,
        "rbi": 57,
        "sb": 25,
        "hr": 7
      },
      {
        "name": "김휘집",
        "year": 23,
        "team": "키움",
        "pa": 435,
        "ops": 0.712,
        "avg": 0.249,
        "obp": 0.338,
        "slg": 0.374,
        "rbi": 51,
        "sb": 0,
        "hr": 8
      },
      {
        "name": "이지영",
        "year": 23,
        "team": "키움",
        "pa": 237,
        "ops": 0.586,
        "avg": 0.249,
        "obp": 0.291,
        "slg": 0.295,
        "rbi": 8,
        "sb": 1,
        "hr": 0
      },
      {
        "name": "러셀",
        "year": 23,
        "team": "키움",
        "pa": 239,
        "ops": 0.739,
        "avg": 0.286,
        "obp": 0.339,
        "slg": 0.4,
        "rbi": 42,
        "sb": 1,
        "hr": 4
      },
      {
        "name": "김동헌",
        "year": 23,
        "team": "키움",
        "pa": 242,
        "ops": 0.631,
        "avg": 0.242,
        "obp": 0.318,
        "slg": 0.313,
        "rbi": 17,
        "sb": 0,
        "hr": 2
      },
      {
        "name": "도슨",
        "year": 23,
        "team": "키움",
        "pa": 261,
        "ops": 0.852,
        "avg": 0.336,
        "obp": 0.398,
        "slg": 0.454,
        "rbi": 29,
        "sb": 9,
        "hr": 3
      },
      {
        "name": "송성문",
        "year": 23,
        "team": "키움",
        "pa": 438,
        "ops": 0.683,
        "avg": 0.263,
        "obp": 0.325,
        "slg": 0.358,
        "rbi": 60,
        "sb": 1,
        "hr": 5
      },
      {
        "name": "임지열",
        "year": 23,
        "team": "키움",
        "pa": 246,
        "ops": 0.72,
        "avg": 0.259,
        "obp": 0.352,
        "slg": 0.368,
        "rbi": 35,
        "sb": 1,
        "hr": 5
      },
      {
        "name": "이정후",
        "year": 23,
        "team": "키움",
        "pa": 387,
        "ops": 0.861,
        "avg": 0.318,
        "obp": 0.406,
        "slg": 0.455,
        "rbi": 45,
        "sb": 6,
        "hr": 6
      }
    ]
  },
  {
    "generation": 13,
    "expected_score": 6.08,
    "lineup": [
      "러셀",
      "김혜성",
      "김휘집",
      "김동헌",
      "도슨",
      "임지열",
      "이지영",
      "송성문",
      "이정후"
    ],
    "player_stats": [
      {
        "name": "러셀",
        "year": 23,
        "team": "키움",
        "pa": 239,
        "ops": 0.739,
        "avg": 0.286,
        "obp": 0.339,
        "slg": 0.4,
        "rbi": 42,
        "sb": 1,
        "hr": 4
      },
      {
        "name": "김혜성",
        "year": 23,
        "team": "키움",
        "pa": 621,
        "ops": 0.842,
        "avg": 0.335,
        "obp": 0.396,
        "slg": 0.446,
        "rbi": 57,
        "sb": 25,
        "hr": 7
      },
      {
        "name": "김휘집",
        "year": 23,
        "team": "키움",
        "pa": 435,
        "ops": 0.712,
        "avg": 0.249,
        "obp": 0.338,
        "slg": 0.374,
        "rbi": 51,
        "sb": 0,
        "hr": 8
      },
      {
        "name": "김동헌",
        "year": 23,
        "team": "키움",
        "pa": 242,
        "ops": 0.631,
        "avg": 0.242,
        "obp": 0.318,
        "slg": 0.313,
        "rbi": 17,
        "sb": 0,
        "hr": 2
      },
      {
        "name": "도슨",
        "year": 23,
        "team": "키움",
        "pa": 261,
        "ops": 0.852,
        "avg": 0.336,
        "obp": 0.398,
        "slg": 0.454,
        "rbi": 29,
        "sb": 9,
        "hr": 3
      },
      {
        "name": "임지열",
        "year": 23,
        "team": "키움",
        "pa": 246,
        "ops": 0.72,
        "avg": 0.259,
        "obp": 0.352,
        "slg": 0.368,
        "rbi": 35,
        "sb": 1,
        "hr": 5
      },
      {
        "name": "이지영",
        "year": 23,
        "team": "키움",
        "pa": 237,
        "ops": 0.586,
        "avg": 0.249,
        "obp": 0.291,
        "slg": 0.295,
        "rbi": 8,
        "sb": 1,
        "hr": 0
      },
      {
        "name": "송성문",
        "year": 23,
        "team": "키움",
        "pa": 438,
        "ops": 0.683,
        "avg": 0.263,
        "obp": 0.325,
        "slg": 0.358,
        "rbi": 60,
        "sb": 1,
        "hr": 5
      },
      {
        "name": "이정후",
        "year": 23,
        "team": "키움",
        "pa": 387,
        "ops": 0.861,
        "avg": 0.318,
        "obp": 0.406,
        "slg": 0.455,
        "rbi": 45,
        "sb": 6,
        "hr": 6
      }
    ]
  },
  {
    "generation": 14,
    "expected_score": 5.87,
    "lineup": [
      "김휘집",
      "김혜성",
      "임지열",
      "러셀",
      "김동헌",
      "도슨",
      "송성문",
      "이지영",
      "이정후"
    ],
    "player_stats": [
      {
        "name": "김휘집",
        "year": 23,
        "team": "키움",
        "pa": 435,
        "ops": 0.712,
        "avg": 0.249,
        "obp": 0.338,
        "slg": 0.374,
        "rbi": 51,
        "sb": 0,
        "hr": 8
      },
      {
        "name": "김혜성",
        "year": 23,
        "team": "키움",
        "pa": 621,
        "ops": 0.842,
        "avg": 0.335,
        "obp": 0.396,
        "slg": 0.446,
        "rbi": 57,
        "sb": 25,
        "hr": 7
      },
      {
        "name": "임지열",
        "year": 23,
        "team": "키움",
        "pa": 246,
        "ops": 0.72,
        "avg": 0.259,
        "obp": 0.352,
        "slg": 0.368,
        "rbi": 35,
        "sb": 1,
        "hr": 5
      },
      {
        "name": "러셀",
        "year": 23,
        "team": "키움",
        "pa": 239,
        "ops": 0.739,
        "avg": 0.286,
        "obp": 0.339,
        "slg": 0.4,
        "rbi": 42,
        "sb": 1,
        "hr": 4
      },
      {
        "name": "김동헌",
        "year": 23,
        "team": "키움",
        "pa": 242,
        "ops": 0.631,
        "avg": 0.242,
        "obp": 0.318,
        "slg": 0.313,
        "rbi": 17,
        "sb": 0,
        "hr": 2
      },
      {
        "name": "도슨",
        "year": 23,
        "team": "키움",
        "pa": 261,
        "ops": 0.852,
        "avg": 0.336,
        "obp": 0.398,
        "slg": 0.454,
        "rbi": 29,
        "sb": 9,
        "hr": 3
      },
      {
        "name": "송성문",
        "year": 23,
        "team": "키움",
        "pa": 438,
        "ops": 0.683,
        "avg": 0.263,
        "obp": 0.325,
        "slg": 0.358,
        "rbi": 60,
        "sb": 1,
        "hr": 5
      },
      {
        "name": "이지영",
        "year": 23,
        "team": "키움",
        "pa": 237,
        "ops": 0.586,
        "avg": 0.249,
        "obp": 0.291,
        "slg": 0.295,
        "rbi": 8,
        "sb": 1,
        "hr": 0
      },
      {
        "name": "이정후",
        "year": 23,
        "team": "키움",
        "pa": 387,
        "ops": 0.861,
        "avg": 0.318,
        "obp": 0.406,
        "slg": 0.455,
        "rbi": 45,
        "sb": 6,
        "hr": 6
      }
    ]
  },
  {
    "generation": 15,
    "expected_score": 5.905,
    "lineup": [
      "김휘집",
      "김혜성",
      "도슨",
      "임지열",
      "러셀",
      "송성문",
      "이지영",
      "김동헌",
      "이정후"
    ],
    "player_stats": [
      {
        "name": "김휘집",
        "year": 23,
        "team": "키움",
        "pa": 435,
        "ops": 0.712,
        "avg": 0.249,
        "obp": 0.338,
        "slg": 0.374,
        "rbi": 51,
        "sb": 0,
        "hr": 8
      },
      {
        "name": "김혜성",
        "year": 23,
        "team": "키움",
        "pa": 621,
        "ops": 0.842,
        "avg": 0.335,
        "obp": 0.396,
        "slg": 0.446,
        "rbi": 57,
        "sb": 25,
        "hr": 7
      },
      {
        "name": "도슨",
        "year": 23,
        "team": "키움",
        "pa": 261,
        "ops": 0.852,
        "avg": 0.336,
        "obp": 0.398,
        "slg": 0.454,
        "rbi": 29,
        "sb": 9,
        "hr": 3
      },
      {
        "name": "임지열",
        "year": 23,
        "team": "키움",
        "pa": 246,
        "ops": 0.72,
        "avg": 0.259,
        "obp": 0.352,
        "slg": 0.368,
        "rbi": 35,
        "sb": 1,
        "hr": 5
      },
      {
        "name": "러셀",
        "year": 23,
        "team": "키움",
        "pa": 239,
        "ops": 0.739,
        "avg": 0.286,
        "obp": 0.339,
        "slg": 0.4,
        "rbi": 42,
        "sb": 1,
        "hr": 4
      },
      {
        "name": "송성문",
        "year": 23,
        "team": "키움",
        "pa": 438,
        "ops": 0.683,
        "avg": 0.263,
        "obp": 0.325,
        "slg": 0.358,
        "rbi": 60,
        "sb": 1,
        "hr": 5
      },
      {
        "name": "이지영",
        "year": 23,
        "team": "키움",
        "pa": 237,
        "ops": 0.586,
        "avg": 0.249,
        "obp": 0.291,
        "slg": 0.295,
        "rbi": 8,
        "sb": 1,
        "hr": 0
      },
      {
        "name": "김동헌",
        "year": 23,
        "team": "키움",
        "pa": 242,
        "ops": 0.631,
        "avg": 0.242,
        "obp": 0.318,
        "slg": 0.313,
        "rbi": 17,
        "sb": 0,
        "hr": 2
      },
      {
        "name": "이정후",
        "year": 23,
        "team": "키움",
        "pa": 387,
        "ops": 0.861,
        "avg": 0.318,
        "obp": 0.406,
        "slg": 0.455,
        "rbi": 45,
        "sb": 6,
        "hr": 6
      }
    ]
  },
  {
    "generation": 16,
    "expected_score": 5.925,
    "lineup": [
      "김혜성",
      "도슨",
      "이지영",
      "임지열",
      "러셀",
      "송성문",
      "김휘집",
      "이정후",
      "김동헌"
    ],
    "player_stats": [
      {
        "name": "김혜성",
        "year": 23,
        "team": "키움",
        "pa": 621,
        "ops": 0.842,
        "avg": 0.335,
        "obp": 0.396,
        "slg": 0.446,
        "rbi": 57,
        "sb": 25,
        "hr": 7
      },
      {
        "name": "도슨",
        "year": 23,
        "team": "키움",
        "pa": 261,
        "ops": 0.852,
        "avg": 0.336,
        "obp": 0.398,
        "slg": 0.454,
        "rbi": 29,
        "sb": 9,
        "hr": 3
      },
      {
        "name": "이지영",
        "year": 23,
        "team": "키움",
        "pa": 237,
        "ops": 0.586,
        "avg": 0.249,
        "obp": 0.291,
        "slg": 0.295,
        "rbi": 8,
        "sb": 1,
        "hr": 0
      },
      {
        "name": "임지열",
        "year": 23,
        "team": "키움",
        "pa": 246,
        "ops": 0.72,
        "avg": 0.259,
        "obp": 0.352,
        "slg": 0.368,
        "rbi": 35,
        "sb": 1,
        "hr": 5
      },
      {
        "name": "러셀",
        "year": 23,
        "team": "키움",
        "pa": 239,
        "ops": 0.739,
        "avg": 0.286,
        "obp": 0.339,
        "slg": 0.4,
        "rbi": 42,
        "sb": 1,
        "hr": 4
      },
      {
        "name": "송성문",
        "year": 23,
        "team": "키움",
        "pa": 438,
        "ops": 0.683,
        "avg": 0.263,
        "obp": 0.325,
        "slg": 0.358,
        "rbi": 60,
        "sb": 1,
        "hr": 5
      },
      {
        "name": "김휘집",
        "year": 23,
        "team": "키움",
        "pa": 435,
        "ops": 0.712,
        "avg": 0.249,
        "obp": 0.338,
        "slg": 0.374,
        "rbi": 51,
        "sb": 0,
        "hr": 8
      },
      {
        "name": "이정후",
        "year": 23,
        "team": "키움",
        "pa": 387,
        "ops": 0.861,
        "avg": 0.318,
        "obp": 0.406,
        "slg": 0.455,
        "rbi": 45,
        "sb": 6,
        "hr": 6
      },
      {
        "name": "김동헌",
        "year": 23,
        "team": "키움",
        "pa": 242,
        "ops": 0.631,
        "avg": 0.242,
        "obp": 0.318,
        "slg": 0.313,
        "rbi": 17,
        "sb": 0,
        "hr": 2
      }
    ]
  },
  {
    "generation": 17,
    "expected_score": 5.885,
    "lineup": [
      "김혜성",
      "도슨",
      "김휘집",
      "러셀",
      "임지열",
      "송성문",
      "이지영",
      "김동헌",
      "이정후"
    ],
    "player_stats": [
      {
        "name": "김혜성",
        "year": 23,
        "team": "키움",
        "pa": 621,
        "ops": 0.842,
        "avg": 0.335,
        "obp": 0.396,
        "slg": 0.446,
        "rbi": 57,
        "sb": 25,
        "hr": 7
      },
      {
        "name": "도슨",
        "year": 23,
        "team": "키움",
        "pa": 261,
        "ops": 0.852,
        "avg": 0.336,
        "obp": 0.398,
        "slg": 0.454,
        "rbi": 29,
        "sb": 9,
        "hr": 3
      },
      {
        "name": "김휘집",
        "year": 23,
        "team": "키움",
        "pa": 435,
        "ops": 0.712,
        "avg": 0.249,
        "obp": 0.338,
        "slg": 0.374,
        "rbi": 51,
        "sb": 0,
        "hr": 8
      },
      {
        "name": "러셀",
        "year": 23,
        "team": "키움",
        "pa": 239,
        "ops": 0.739,
        "avg": 0.286,
        "obp": 0.339,
        "slg": 0.4,
        "rbi": 42,
        "sb": 1,
        "hr": 4
      },
      {
        "name": "임지열",
        "year": 23,
        "team": "키움",
        "pa": 246,
        "ops": 0.72,
        "avg": 0.259,
        "obp": 0.352,
        "slg": 0.368,
        "rbi": 35,
        "sb": 1,
        "hr": 5
      },
      {
        "name": "송성문",
        "year": 23,
        "team": "키움",
        "pa": 438,
        "ops": 0.683,
        "avg": 0.263,
        "obp": 0.325,
        "slg": 0.358,
        "rbi": 60,
        "sb": 1,
        "hr": 5
      },
      {
        "name": "이지영",
        "year": 23,
        "team": "키움",
        "pa": 237,
        "ops": 0.586,
        "avg": 0.249,
        "obp": 0.291,
        "slg": 0.295,
        "rbi": 8,
        "sb": 1,
        "hr": 0
      },
      {
        "name": "김동헌",
        "year": 23,
        "team": "키움",
        "pa": 242,
        "ops": 0.631,
        "avg": 0.242,
        "obp": 0.318,
        "slg": 0.313,
        "rbi": 17,
        "sb": 0,
        "hr": 2
      },
      {
        "name": "이정후",
        "year": 23,
        "team": "키움",
        "pa": 387,
        "ops": 0.861,
        "avg": 0.318,
        "obp": 0.406,
        "slg": 0.455,
        "rbi": 45,
        "sb": 6,
        "hr": 6
      }
    ]
  },
  {
    "generation": 18,
    "expected_score": 5.635,
    "lineup": [
      "김혜성",
      "도슨",
      "임지열",
      "이지영",
      "러셀",
      "송성문",
      "김휘집",
      "이정후",
      "김동헌"
    ],
    "player_stats": [
      {
        "name": "김혜성",
        "year": 23,
        "team": "키움",
        "pa": 621,
        "ops": 0.842,
        "avg": 0.335,
        "obp": 0.396,
        "slg": 0.446,
        "rbi": 57,
        "sb": 25,
        "hr": 7
      },
      {
        "name": "도슨",
        "year": 23,
        "team": "키움",
        "pa": 261,
        "ops": 0.852,
        "avg": 0.336,
        "obp": 0.398,
        "slg": 0.454,
        "rbi": 29,
        "sb": 9,
        "hr": 3
      },
      {
        "name": "임지열",
        "year": 23,
        "team": "키움",
        "pa": 246,
        "ops": 0.72,
        "avg": 0.259,
        "obp": 0.352,
        "slg": 0.368,
        "rbi": 35,
        "sb": 1,
        "hr": 5
      },
      {
        "name": "이지영",
        "year": 23,
        "team": "키움",
        "pa": 237,
        "ops": 0.586,
        "avg": 0.249,
        "obp": 0.291,
        "slg": 0.295,
        "rbi": 8,
        "sb": 1,
        "hr": 0
      },
      {
        "name": "러셀",
        "year": 23,
        "team": "키움",
        "pa": 239,
        "ops": 0.739,
        "avg": 0.286,
        "obp": 0.339,
        "slg": 0.4,
        "rbi": 42,
        "sb": 1,
        "hr": 4
      },
      {
        "name": "송성문",
        "year": 23,
        "team": "키움",
        "pa": 438,
        "ops": 0.683,
        "avg": 0.263,
        "obp": 0.325,
        "slg": 0.358,
        "rbi": 60,
        "sb": 1,
        "hr": 5
      },
      {
        "name": "김휘집",
        "year": 23,
        "team": "키움",
        "pa": 435,
        "ops": 0.712,
        "avg": 0.249,
        "obp": 0.338,
        "slg": 0.374,
        "rbi": 51,
        "sb": 0,
        "hr": 8
      },
      {
        "name": "이정후",
        "year": 23,
        "team": "키움",
        "pa": 387,
        "ops": 0.861,
        "avg": 0.318,
        "obp": 0.406,
        "slg": 0.455,
        "rbi": 45,
        "sb": 6,
        "hr": 6
      },
      {
        "name": "김동헌",
        "year": 23,
        "team": "키움",
        "pa": 242,
        "ops": 0.631,
        "avg": 0.242,
        "obp": 0.318,
        "slg": 0.313,
        "rbi": 17,
        "sb": 0,
        "hr": 2
      }
    ]
  },
  {
    "generation": 19,
    "expected_score": 5.835,
    "lineup": [
      "김휘집",
      "김혜성",
      "임지열",
      "러셀",
      "김동헌",
      "도슨",
      "송성문",
      "이지영",
      "이정후"
    ],
    "player_stats": [
      {
        "name": "김휘집",
        "year": 23,
        "team": "키움",
        "pa": 435,
        "ops": 0.712,
        "avg": 0.249,
        "obp": 0.338,
        "slg": 0.374,
        "rbi": 51,
        "sb": 0,
        "hr": 8
      },
      {
        "name": "김혜성",
        "year": 23,
        "team": "키움",
        "pa": 621,
        "ops": 0.842,
        "avg": 0.335,
        "obp": 0.396,
        "slg": 0.446,
        "rbi": 57,
        "sb": 25,
        "hr": 7
      },
      {
        "name": "임지열",
        "year": 23,
        "team": "키움",
        "pa": 246,
        "ops": 0.72,
        "avg": 0.259,
        "obp": 0.352,
        "slg": 0.368,
        "rbi": 35,
        "sb": 1,
        "hr": 5
      },
      {
        "name": "러셀",
        "year": 23,
        "team": "키움",
        "pa": 239,
        "ops": 0.739,
        "avg": 0.286,
        "obp": 0.339,
        "slg": 0.4,
        "rbi": 42,
        "sb": 1,
        "hr": 4
      },
      {
        "name": "김동헌",
        "year": 23,
        "team": "키움",
        "pa": 242,
        "ops": 0.631,
        "avg": 0.242,
        "obp": 0.318,
        "slg": 0.313,
        "rbi": 17,
        "sb": 0,
        "hr": 2
      },
      {
        "name": "도슨",
        "year": 23,
        "team": "키움",
        "pa": 261,
        "ops": 0.852,
        "avg": 0.336,
        "obp": 0.398,
        "slg": 0.454,
        "rbi": 29,
        "sb": 9,
        "hr": 3
      },
      {
        "name": "송성문",
        "year": 23,
        "team": "키움",
        "pa": 438,
        "ops": 0.683,
        "avg": 0.263,
        "obp": 0.325,
        "slg": 0.358,
        "rbi": 60,
        "sb": 1,
        "hr": 5
      },
      {
        "name": "이지영",
        "year": 23,
        "team": "키움",
        "pa": 237,
        "ops": 0.586,
        "avg": 0.249,
        "obp": 0.291,
        "slg": 0.295,
        "rbi": 8,
        "sb": 1,
        "hr": 0
      },
      {
        "name": "이정후",
        "year": 23,
        "team": "키움",
        "pa": 387,
        "ops": 0.861,
        "avg": 0.318,
        "obp": 0.406,
        "slg": 0.455,
        "rbi": 45,
        "sb": 6,
        "hr": 6
      }
    ]
  },
  {
    "generation": 20,
    "expected_score": 5.95,
    "lineup": [
      "김혜성",
      "도슨",
      "이지영",
      "김휘집",
      "임지열",
      "러셀",
      "송성문",
      "이정후",
      "김동헌"
    ],
    "player_stats": [
      {
        "name": "김혜성",
        "year": 23,
        "team": "키움",
        "pa": 621,
        "ops": 0.842,
        "avg": 0.335,
        "obp": 0.396,
        "slg": 0.446,
        "rbi": 57,
        "sb": 25,
        "hr": 7
      },
      {
        "name": "도슨",
        "year": 23,
        "team": "키움",
        "pa": 261,
        "ops": 0.852,
        "avg": 0.336,
        "obp": 0.398,
        "slg": 0.454,
        "rbi": 29,
        "sb": 9,
        "hr": 3
      },
      {
        "name": "이지영",
        "year": 23,
        "team": "키움",
        "pa": 237,
        "ops": 0.586,
        "avg": 0.249,
        "obp": 0.291,
        "slg": 0.295,
        "rbi": 8,
        "sb": 1,
        "hr": 0
      },
      {
        "name": "김휘집",
        "year": 23,
        "team": "키움",
        "pa": 435,
        "ops": 0.712,
        "avg": 0.249,
        "obp": 0.338,
        "slg": 0.374,
        "rbi": 51,
        "sb": 0,
        "hr": 8
      },
      {
        "name": "임지열",
        "year": 23,
        "team": "키움",
        "pa": 246,
        "ops": 0.72,
        "avg": 0.259,
        "obp": 0.352,
        "slg": 0.368,
        "rbi": 35,
        "sb": 1,
        "hr": 5
      },
      {
        "name": "러셀",
        "year": 23,
        "team": "키움",
        "pa": 239,
        "ops": 0.739,
        "avg": 0.286,
        "obp": 0.339,
        "slg": 0.4,
        "rbi": 42,
        "sb": 1,
        "hr": 4
      },
      {
        "name": "송성문",
        "year": 23,
        "team": "키움",
        "pa": 438,
        "ops": 0.683,
        "avg": 0.263,
        "obp": 0.325,
        "slg": 0.358,
        "rbi": 60,
        "sb": 1,
        "hr": 5
      },
      {
        "name": "이정후",
        "year": 23,
        "team": "키움",
        "pa": 387,
        "ops": 0.861,
        "avg": 0.318,
        "obp": 0.406,
        "slg": 0.455,
        "rbi": 45,
        "sb": 6,
        "hr": 6
      },
      {
        "name": "김동헌",
        "year": 23,
        "team": "키움",
        "pa": 242,
        "ops": 0.631,
        "avg": 0.242,
        "obp": 0.318,
        "slg": 0.313,
        "rbi": 17,
        "sb": 0,
        "hr": 2
      }
    ]
  },
  {
    "generation": 21,
    "expected_score": 6.03,
    "lineup": [
      "김혜성",
      "도슨",
      "송성문",
      "김휘집",
      "임지열",
      "러셀",
      "이지영",
      "김동헌",
      "이정후"
    ],
    "player_stats": [
      {
        "name": "김혜성",
        "year": 23,
        "team": "키움",
        "pa": 621,
        "ops": 0.842,
        "avg": 0.335,
        "obp": 0.396,
        "slg": 0.446,
        "rbi": 57,
        "sb": 25,
        "hr": 7
      },
      {
        "name": "도슨",
        "year": 23,
        "team": "키움",
        "pa": 261,
        "ops": 0.852,
        "avg": 0.336,
        "obp": 0.398,
        "slg": 0.454,
        "rbi": 29,
        "sb": 9,
        "hr": 3
      },
      {
        "name": "송성문",
        "year": 23,
        "team": "키움",
        "pa": 438,
        "ops": 0.683,
        "avg": 0.263,
        "obp": 0.325,
        "slg": 0.358,
        "rbi": 60,
        "sb": 1,
        "hr": 5
      },
      {
        "name": "김휘집",
        "year": 23,
        "team": "키움",
        "pa": 435,
        "ops": 0.712,
        "avg": 0.249,
        "obp": 0.338,
        "slg": 0.374,
        "rbi": 51,
        "sb": 0,
        "hr": 8
      },
      {
        "name": "임지열",
        "year": 23,
        "team": "키움",
        "pa": 246,
        "ops": 0.72,
        "avg": 0.259,
        "obp": 0.352,
        "slg": 0.368,
        "rbi": 35,
        "sb": 1,
        "hr": 5
      },
      {
        "name": "러셀",
        "year": 23,
        "team": "키움",
        "pa": 239,
        "ops": 0.739,
        "avg": 0.286,
        "obp": 0.339,
        "slg": 0.4,
        "rbi": 42,
        "sb": 1,
        "hr": 4
      },
      {
        "name": "이지영",
        "year": 23,
        "team": "키움",
        "pa": 237,
        "ops": 0.586,
        "avg": 0.249,
        "obp": 0.291,
        "slg": 0.295,
        "rbi": 8,
        "sb": 1,
        "hr": 0
      },
      {
        "name": "김동헌",
        "year": 23,
        "team": "키움",
        "pa": 242,
        "ops": 0.631,
        "avg": 0.242,
        "obp": 0.318,
        "slg": 0.313,
        "rbi": 17,
        "sb": 0,
        "hr": 2
      },
      {
        "name": "이정후",
        "year": 23,
        "team": "키움",
        "pa": 387,
        "ops": 0.861,
        "avg": 0.318,
        "obp": 0.406,
        "slg": 0.455,
        "rbi": 45,
        "sb": 6,
        "hr": 6
      }
    ]
  },
  {
    "generation": 22,
    "expected_score": 6.005,
    "lineup": [
      "김휘집",
      "도슨",
      "이정후",
      "김혜성",
      "송성문",
      "임지열",
      "러셀",
      "이지영",
      "김동헌"
    ],
    "player_stats": [
      {
        "name": "김휘집",
        "year": 23,
        "team": "키움",
        "pa": 435,
        "ops": 0.712,
        "avg": 0.249,
        "obp": 0.338,
        "slg": 0.374,
        "rbi": 51,
        "sb": 0,
        "hr": 8
      },
      {
        "name": "도슨",
        "year": 23,
        "team": "키움",
        "pa": 261,
        "ops": 0.852,
        "avg": 0.336,
        "obp": 0.398,
        "slg": 0.454,
        "rbi": 29,
        "sb": 9,
        "hr": 3
      },
      {
        "name": "이정후",
        "year": 23,
        "team": "키움",
        "pa": 387,
        "ops": 0.861,
        "avg": 0.318,
        "obp": 0.406,
        "slg": 0.455,
        "rbi": 45,
        "sb": 6,
        "hr": 6
      },
      {
        "name": "김혜성",
        "year": 23,
        "team": "키움",
        "pa": 621,
        "ops": 0.842,
        "avg": 0.335,
        "obp": 0.396,
        "slg": 0.446,
        "rbi": 57,
        "sb": 25,
        "hr": 7
      },
      {
        "name": "송성문",
        "year": 23,
        "team": "키움",
        "pa": 438,
        "ops": 0.683,
        "avg": 0.263,
        "obp": 0.325,
        "slg": 0.358,
        "rbi": 60,
        "sb": 1,
        "hr": 5
      },
      {
        "name": "임지열",
        "year": 23,
        "team": "키움",
        "pa": 246,
        "ops": 0.72,
        "avg": 0.259,
        "obp": 0.352,
        "slg": 0.368,
        "rbi": 35,
        "sb": 1,
        "hr": 5
      },
      {
        "name": "러셀",
        "year": 23,
        "team": "키움",
        "pa": 239,
        "ops": 0.739,
        "avg": 0.286,
        "obp": 0.339,
        "slg": 0.4,
        "rbi": 42,
        "sb": 1,
        "hr": 4
      },
      {
        "name": "이지영",
        "year": 23,
        "team": "키움",
        "pa": 237,
        "ops": 0.586,
        "avg": 0.249,
        "obp": 0.291,
        "slg": 0.295,
        "rbi": 8,
        "sb": 1,
        "hr": 0
      },
      {
        "name": "김동헌",
        "year": 23,
        "team": "키움",
        "pa": 242,
        "ops": 0.631,
        "avg": 0.242,
        "obp": 0.318,
        "slg": 0.313,
        "rbi": 17,
        "sb": 0,
        "hr": 2
      }
    ]
  },
  {
    "generation": 23,
    "expected_score": 6.12,
    "lineup": [
      "도슨",
      "이정후",
      "송성문",
      "김휘집",
      "김혜성",
      "임지열",
      "러셀",
      "이지영",
      "김동헌"
    ],
    "player_stats": [
      {
        "name": "도슨",
        "year": 23,
        "team": "키움",
        "pa": 261,
        "ops": 0.852,
        "avg": 0.336,
        "obp": 0.398,
        "slg": 0.454,
        "rbi": 29,
        "sb": 9,
        "hr": 3
      },
      {
        "name": "이정후",
        "year": 23,
        "team": "키움",
        "pa": 387,
        "ops": 0.861,
        "avg": 0.318,
        "obp": 0.406,
        "slg": 0.455,
        "rbi": 45,
        "sb": 6,
        "hr": 6
      },
      {
        "name": "송성문",
        "year": 23,
        "team": "키움",
        "pa": 438,
        "ops": 0.683,
        "avg": 0.263,
        "obp": 0.325,
        "slg": 0.358,
        "rbi": 60,
        "sb": 1,
        "hr": 5
      },
      {
        "name": "김휘집",
        "year": 23,
        "team": "키움",
        "pa": 435,
        "ops": 0.712,
        "avg": 0.249,
        "obp": 0.338,
        "slg": 0.374,
        "rbi": 51,
        "sb": 0,
        "hr": 8
      },
      {
        "name": "김혜성",
        "year": 23,
        "team": "키움",
        "pa": 621,
        "ops": 0.842,
        "avg": 0.335,
        "obp": 0.396,
        "slg": 0.446,
        "rbi": 57,
        "sb": 25,
        "hr": 7
      },
      {
        "name": "임지열",
        "year": 23,
        "team": "키움",
        "pa": 246,
        "ops": 0.72,
        "avg": 0.259,
        "obp": 0.352,
        "slg": 0.368,
        "rbi": 35,
        "sb": 1,
        "hr": 5
      },
      {
        "name": "러셀",
        "year": 23,
        "team": "키움",
        "pa": 239,
        "ops": 0.739,
        "avg": 0.286,
        "obp": 0.339,
        "slg": 0.4,
        "rbi": 42,
        "sb": 1,
        "hr": 4
      },
      {
        "name": "이지영",
        "year": 23,
        "team": "키움",
        "pa": 237,
        "ops": 0.586,
        "avg": 0.249,
        "obp": 0.291,
        "slg": 0.295,
        "rbi": 8,
        "sb": 1,
        "hr": 0
      },
      {
        "name": "김동헌",
        "year": 23,
        "team": "키움",
        "pa": 242,
        "ops": 0.631,
        "avg": 0.242,
        "obp": 0.318,
        "slg": 0.313,
        "rbi": 17,
        "sb": 0,
        "hr": 2
      }
    ]
  },
  {
    "generation": 24,
    "expected_score": 5.77,
    "lineup": [
      "도슨",
      "이정후",
      "송성문",
      "김휘집",
      "김혜성",
      "임지열",
      "러셀",
      "이지영",
      "김동헌"
    ],
    "player_stats": [
      {
        "name": "도슨",
        "year": 23,
        "team": "키움",
        "pa": 261,
        "ops": 0.852,
        "avg": 0.336,
        "obp": 0.398,
        "slg": 0.454,
        "rbi": 29,
        "sb": 9,
        "hr": 3
      },
      {
        "name": "이정후",
        "year": 23,
        "team": "키움",
        "pa": 387,
        "ops": 0.861,
        "avg": 0.318,
        "obp": 0.406,
        "slg": 0.455,
        "rbi": 45,
        "sb": 6,
        "hr": 6
      },
      {
        "name": "송성문",
        "year": 23,
        "team": "키움",
        "pa": 438,
        "ops": 0.683,
        "avg": 0.263,
        "obp": 0.325,
        "slg": 0.358,
        "rbi": 60,
        "sb": 1,
        "hr": 5
      },
      {
        "name": "김휘집",
        "year": 23,
        "team": "키움",
        "pa": 435,
        "ops": 0.712,
        "avg": 0.249,
        "obp": 0.338,
        "slg": 0.374,
        "rbi": 51,
        "sb": 0,
        "hr": 8
      },
      {
        "name": "김혜성",
        "year": 23,
        "team": "키움",
        "pa": 621,
        "ops": 0.842,
        "avg": 0.335,
        "obp": 0.396,
        "slg": 0.446,
        "rbi": 57,
        "sb": 25,
        "hr": 7
      },
      {
        "name": "임지열",
        "year": 23,
        "team": "키움",
        "pa": 246,
        "ops": 0.72,
        "avg": 0.259,
        "obp": 0.352,
        "slg": 0.368,
        "rbi": 35,
        "sb": 1,
        "hr": 5
      },
      {
        "name": "러셀",
        "year": 23,
        "team": "키움",
        "pa": 239,
        "ops": 0.739,
        "avg": 0.286,
        "obp": 0.339,
        "slg": 0.4,
        "rbi": 42,
        "sb": 1,
        "hr": 4
      },
      {
        "name": "이지영",
        "year": 23,
        "team": "키움",
        "pa": 237,
        "ops": 0.586,
        "avg": 0.249,
        "obp": 0.291,
        "slg": 0.295,
        "rbi": 8,
        "sb": 1,
        "hr": 0
      },
      {
        "name": "김동헌",
        "year": 23,
        "team": "키움",
        "pa": 242,
        "ops": 0.631,
        "avg": 0.242,
        "obp": 0.318,
        "slg": 0.313,
        "rbi": 17,
        "sb": 0,
        "hr": 2
      }
    ]
  },
  {
    "generation": 25,
    "expected_score": 6.05,
    "lineup": [
      "도슨",
      "김휘집",
      "이정후",
      "송성문",
      "김혜성",
      "임지열",
      "러셀",
      "이지영",
      "김동헌"
    ],
    "player_stats": [
      {
        "name": "도슨",
        "year": 23,
        "team": "키움",
        "pa": 261,
        "ops": 0.852,
        "avg": 0.336,
        "obp": 0.398,
        "slg": 0.454,
        "rbi": 29,
        "sb": 9,
        "hr": 3
      },
      {
        "name": "김휘집",
        "year": 23,
        "team": "키움",
        "pa": 435,
        "ops": 0.712,
        "avg": 0.249,
        "obp": 0.338,
        "slg": 0.374,
        "rbi": 51,
        "sb": 0,
        "hr": 8
      },
      {
        "name": "이정후",
        "year": 23,
        "team": "키움",
        "pa": 387,
        "ops": 0.861,
        "avg": 0.318,
        "obp": 0.406,
        "slg": 0.455,
        "rbi": 45,
        "sb": 6,
        "hr": 6
      },
      {
        "name": "송성문",
        "year": 23,
        "team": "키움",
        "pa": 438,
        "ops": 0.683,
        "avg": 0.263,
        "obp": 0.325,
        "slg": 0.358,
        "rbi": 60,
        "sb": 1,
        "hr": 5
      },
      {
        "name": "김혜성",
        "year": 23,
        "team": "키움",
        "pa": 621,
        "ops": 0.842,
        "avg": 0.335,
        "obp": 0.396,
        "slg": 0.446,
        "rbi": 57,
        "sb": 25,
        "hr": 7
      },
      {
        "name": "임지열",
        "year": 23,
        "team": "키움",
        "pa": 246,
        "ops": 0.72,
        "avg": 0.259,
        "obp": 0.352,
        "slg": 0.368,
        "rbi": 35,
        "sb": 1,
        "hr": 5
      },
      {
        "name": "러셀",
        "year": 23,
        "team": "키움",
        "pa": 239,
        "ops": 0.739,
        "avg": 0.286,
        "obp": 0.339,
        "slg": 0.4,
        "rbi": 42,
        "sb": 1,
        "hr": 4
      },
      {
        "name": "이지영",
        "year": 23,
        "team": "키움",
        "pa": 237,
        "ops": 0.586,
        "avg": 0.249,
        "obp": 0.291,
        "slg": 0.295,
        "rbi": 8,
        "sb": 1,
        "hr": 0
      },
      {
        "name": "김동헌",
        "year": 23,
        "team": "키움",
        "pa": 242,
        "ops": 0.631,
        "avg": 0.242,
        "obp": 0.318,
        "slg": 0.313,
        "rbi": 17,
        "sb": 0,
        "hr": 2
      }
    ]
  },
  {
    "generation": 26,
    "expected_score": 5.94,
    "lineup": [
      "도슨",
      "김휘집",
      "이정후",
      "송성문",
      "김혜성",
      "임지열",
      "러셀",
      "이지영",
      "김동헌"
    ],
    "player_stats": [
      {
        "name": "도슨",
        "year": 23,
        "team": "키움",
        "pa": 261,
        "ops": 0.852,
        "avg": 0.336,
        "obp": 0.398,
        "slg": 0.454,
        "rbi": 29,
        "sb": 9,
        "hr": 3
      },
      {
        "name": "김휘집",
        "year": 23,
        "team": "키움",
        "pa": 435,
        "ops": 0.712,
        "avg": 0.249,
        "obp": 0.338,
        "slg": 0.374,
        "rbi": 51,
        "sb": 0,
        "hr": 8
      },
      {
        "name": "이정후",
        "year": 23,
        "team": "키움",
        "pa": 387,
        "ops": 0.861,
        "avg": 0.318,
        "obp": 0.406,
        "slg": 0.455,
        "rbi": 45,
        "sb": 6,
        "hr": 6
      },
      {
        "name": "송성문",
        "year": 23,
        "team": "키움",
        "pa": 438,
        "ops": 0.683,
        "avg": 0.263,
        "obp": 0.325,
        "slg": 0.358,
        "rbi": 60,
        "sb": 1,
        "hr": 5
      },
      {
        "name": "김혜성",
        "year": 23,
        "team": "키움",
        "pa": 621,
        "ops": 0.842,
        "avg": 0.335,
        "obp": 0.396,
        "slg": 0.446,
        "rbi": 57,
        "sb": 25,
        "hr": 7
      },
      {
        "name": "임지열",
        "year": 23,
        "team": "키움",
        "pa": 246,
        "ops": 0.72,
        "avg": 0.259,
        "obp": 0.352,
        "slg": 0.368,
        "rbi": 35,
        "sb": 1,
        "hr": 5
      },
      {
        "name": "러셀",
        "year": 23,
        "team": "키움",
        "pa": 239,
        "ops": 0.739,
        "avg": 0.286,
        "obp": 0.339,
        "slg": 0.4,
        "rbi": 42,
        "sb": 1,
        "hr": 4
      },
      {
        "name": "이지영",
        "year": 23,
        "team": "키움",
        "pa": 237,
        "ops": 0.586,
        "avg": 0.249,
        "obp": 0.291,
        "slg": 0.295,
        "rbi": 8,
        "sb": 1,
        "hr": 0
      },
      {
        "name": "김동헌",
        "year": 23,
        "team": "키움",
        "pa": 242,
        "ops": 0.631,
        "avg": 0.242,
        "obp": 0.318,
        "slg": 0.313,
        "rbi": 17,
        "sb": 0,
        "hr": 2
      }
    ]
  },
  {
    "generation": 27,
    "expected_score": 6.115,
    "lineup": [
      "도슨",
      "이정후",
      "이지영",
      "김혜성",
      "김휘집",
      "임지열",
      "러셀",
      "김동헌",
      "송성문"
    ],
    "player_stats": [
      {
        "name": "도슨",
        "year": 23,
        "team": "키움",
        "pa": 261,
        "ops": 0.852,
        "avg": 0.336,
        "obp": 0.398,
        "slg": 0.454,
        "rbi": 29,
        "sb": 9,
        "hr": 3
      },
      {
        "name": "이정후",
        "year": 23,
        "team": "키움",
        "pa": 387,
        "ops": 0.861,
        "avg": 0.318,
        "obp": 0.406,
        "slg": 0.455,
        "rbi": 45,
        "sb": 6,
        "hr": 6
      },
      {
        "name": "이지영",
        "year": 23,
        "team": "키움",
        "pa": 237,
        "ops": 0.586,
        "avg": 0.249,
        "obp": 0.291,
        "slg": 0.295,
        "rbi": 8,
        "sb": 1,
        "hr": 0
      },
      {
        "name": "김혜성",
        "year": 23,
        "team": "키움",
        "pa": 621,
        "ops": 0.842,
        "avg": 0.335,
        "obp": 0.396,
        "slg": 0.446,
        "rbi": 57,
        "sb": 25,
        "hr": 7
      },
      {
        "name": "김휘집",
        "year": 23,
        "team": "키움",
        "pa": 435,
        "ops": 0.712,
        "avg": 0.249,
        "obp": 0.338,
        "slg": 0.374,
        "rbi": 51,
        "sb": 0,
        "hr": 8
      },
      {
        "name": "임지열",
        "year": 23,
        "team": "키움",
        "pa": 246,
        "ops": 0.72,
        "avg": 0.259,
        "obp": 0.352,
        "slg": 0.368,
        "rbi": 35,
        "sb": 1,
        "hr": 5
      },
      {
        "name": "러셀",
        "year": 23,
        "team": "키움",
        "pa": 239,
        "ops": 0.739,
        "avg": 0.286,
        "obp": 0.339,
        "slg": 0.4,
        "rbi": 42,
        "sb": 1,
        "hr": 4
      },
      {
        "name": "김동헌",
        "year": 23,
        "team": "키움",
        "pa": 242,
        "ops": 0.631,
        "avg": 0.242,
        "obp": 0.318,
        "slg": 0.313,
        "rbi": 17,
        "sb": 0,
        "hr": 2
      },
      {
        "name": "송성문",
        "year": 23,
        "team": "키움",
        "pa": 438,
        "ops": 0.683,
        "avg": 0.263,
        "obp": 0.325,
        "slg": 0.358,
        "rbi": 60,
        "sb": 1,
        "hr": 5
      }
    ]
  },
  {
    "generation": 28,
    "expected_score": 5.855,
    "lineup": [
      "도슨",
      "이정후",
      "김혜성",
      "김휘집",
      "임지열",
      "이지영",
      "러셀",
      "김동헌",
      "송성문"
    ],
    "player_stats": [
      {
        "name": "도슨",
        "year": 23,
        "team": "키움",
        "pa": 261,
        "ops": 0.852,
        "avg": 0.336,
        "obp": 0.398,
        "slg": 0.454,
        "rbi": 29,
        "sb": 9,
        "hr": 3
      },
      {
        "name": "이정후",
        "year": 23,
        "team": "키움",
        "pa": 387,
        "ops": 0.861,
        "avg": 0.318,
        "obp": 0.406,
        "slg": 0.455,
        "rbi": 45,
        "sb": 6,
        "hr": 6
      },
      {
        "name": "김혜성",
        "year": 23,
        "team": "키움",
        "pa": 621,
        "ops": 0.842,
        "avg": 0.335,
        "obp": 0.396,
        "slg": 0.446,
        "rbi": 57,
        "sb": 25,
        "hr": 7
      },
      {
        "name": "김휘집",
        "year": 23,
        "team": "키움",
        "pa": 435,
        "ops": 0.712,
        "avg": 0.249,
        "obp": 0.338,
        "slg": 0.374,
        "rbi": 51,
        "sb": 0,
        "hr": 8
      },
      {
        "name": "임지열",
        "year": 23,
        "team": "키움",
        "pa": 246,
        "ops": 0.72,
        "avg": 0.259,
        "obp": 0.352,
        "slg": 0.368,
        "rbi": 35,
        "sb": 1,
        "hr": 5
      },
      {
        "name": "이지영",
        "year": 23,
        "team": "키움",
        "pa": 237,
        "ops": 0.586,
        "avg": 0.249,
        "obp": 0.291,
        "slg": 0.295,
        "rbi": 8,
        "sb": 1,
        "hr": 0
      },
      {
        "name": "러셀",
        "year": 23,
        "team": "키움",
        "pa": 239,
        "ops": 0.739,
        "avg": 0.286,
        "obp": 0.339,
        "slg": 0.4,
        "rbi": 42,
        "sb": 1,
        "hr": 4
      },
      {
        "name": "김동헌",
        "year": 23,
        "team": "키움",
        "pa": 242,
        "ops": 0.631,
        "avg": 0.242,
        "obp": 0.318,
        "slg": 0.313,
        "rbi": 17,
        "sb": 0,
        "hr": 2
      },
      {
        "name": "송성문",
        "year": 23,
        "team": "키움",
        "pa": 438,
        "ops": 0.683,
        "avg": 0.263,
        "obp": 0.325,
        "slg": 0.358,
        "rbi": 60,
        "sb": 1,
        "hr": 5
      }
    ]
  },
  {
    "generation": 29,
    "expected_score": 5.98,
    "lineup": [
      "러셀",
      "김휘집",
      "임지열",
      "김혜성",
      "송성문",
      "이정후",
      "김동헌",
      "이지영",
      "도슨"
    ],
    "player_stats": [
      {
        "name": "러셀",
        "year": 23,
        "team": "키움",
        "pa": 239,
        "ops": 0.739,
        "avg": 0.286,
        "obp": 0.339,
        "slg": 0.4,
        "rbi": 42,
        "sb": 1,
        "hr": 4
      },
      {
        "name": "김휘집",
        "year": 23,
        "team": "키움",
        "pa": 435,
        "ops": 0.712,
        "avg": 0.249,
        "obp": 0.338,
        "slg": 0.374,
        "rbi": 51,
        "sb": 0,
        "hr": 8
      },
      {
        "name": "임지열",
        "year": 23,
        "team": "키움",
        "pa": 246,
        "ops": 0.72,
        "avg": 0.259,
        "obp": 0.352,
        "slg": 0.368,
        "rbi": 35,
        "sb": 1,
        "hr": 5
      },
      {
        "name": "김혜성",
        "year": 23,
        "team": "키움",
        "pa": 621,
        "ops": 0.842,
        "avg": 0.335,
        "obp": 0.396,
        "slg": 0.446,
        "rbi": 57,
        "sb": 25,
        "hr": 7
      },
      {
        "name": "송성문",
        "year": 23,
        "team": "키움",
        "pa": 438,
        "ops": 0.683,
        "avg": 0.263,
        "obp": 0.325,
        "slg": 0.358,
        "rbi": 60,
        "sb": 1,
        "hr": 5
      },
      {
        "name": "이정후",
        "year": 23,
        "team": "키움",
        "pa": 387,
        "ops": 0.861,
        "avg": 0.318,
        "obp": 0.406,
        "slg": 0.455,
        "rbi": 45,
        "sb": 6,
        "hr": 6
      },
      {
        "name": "김동헌",
        "year": 23,
        "team": "키움",
        "pa": 242,
        "ops": 0.631,
        "avg": 0.242,
        "obp": 0.318,
        "slg": 0.313,
        "rbi": 17,
        "sb": 0,
        "hr": 2
      },
      {
        "name": "이지영",
        "year": 23,
        "team": "키움",
        "pa": 237,
        "ops": 0.586,
        "avg": 0.249,
        "obp": 0.291,
        "slg": 0.295,
        "rbi": 8,
        "sb": 1,
        "hr": 0
      },
      {
        "name": "도슨",
        "year": 23,
        "team": "키움",
        "pa": 261,
        "ops": 0.852,
        "avg": 0.336,
        "obp": 0.398,
        "slg": 0.454,
        "rbi": 29,
        "sb": 9,
        "hr": 3
      }
    ]
  },
  {
    "generation": 30,
    "expected_score": 6.14,
    "lineup": [
      "도슨",
      "김휘집",
      "임지열",
      "김혜성",
      "송성문",
      "이정후",
      "김동헌",
      "이지영",
      "러셀"
    ],
    "player_stats": [
      {
        "name": "도슨",
        "year": 23,
        "team": "키움",
        "pa": 261,
        "ops": 0.852,
        "avg": 0.336,
        "obp": 0.398,
        "slg": 0.454,
        "rbi": 29,
        "sb": 9,
        "hr": 3
      },
      {
        "name": "김휘집",
        "year": 23,
        "team": "키움",
        "pa": 435,
        "ops": 0.712,
        "avg": 0.249,
        "obp": 0.338,
        "slg": 0.374,
        "rbi": 51,
        "sb": 0,
        "hr": 8
      },
      {
        "name": "임지열",
        "year": 23,
        "team": "키움",
        "pa": 246,
        "ops": 0.72,
        "avg": 0.259,
        "obp": 0.352,
        "slg": 0.368,
        "rbi": 35,
        "sb": 1,
        "hr": 5
      },
      {
        "name": "김혜성",
        "year": 23,
        "team": "키움",
        "pa": 621,
        "ops": 0.842,
        "avg": 0.335,
        "obp": 0.396,
        "slg": 0.446,
        "rbi": 57,
        "sb": 25,
        "hr": 7
      },
      {
        "name": "송성문",
        "year": 23,
        "team": "키움",
        "pa": 438,
        "ops": 0.683,
        "avg": 0.263,
        "obp": 0.325,
        "slg": 0.358,
        "rbi": 60,
        "sb": 1,
        "hr": 5
      },
      {
        "name": "이정후",
        "year": 23,
        "team": "키움",
        "pa": 387,
        "ops": 0.861,
        "avg": 0.318,
        "obp": 0.406,
        "slg": 0.455,
        "rbi": 45,
        "sb": 6,
        "hr": 6
      },
      {
        "name": "김동헌",
        "year": 23,
        "team": "키움",
        "pa": 242,
        "ops": 0.631,
        "avg": 0.242,
        "obp": 0.318,
        "slg": 0.313,
        "rbi": 17,
        "sb": 0,
        "hr": 2
      },
      {
        "name": "이지영",
        "year": 23,
        "team": "키움",
        "pa": 237,
        "ops": 0.586,
        "avg": 0.249,
        "obp": 0.291,
        "slg": 0.295,
        "rbi": 8,
        "sb": 1,
        "hr": 0
      },
      {
        "name": "러셀",
        "year": 23,
        "team": "키움",
        "pa": 239,
        "ops": 0.739,
        "avg": 0.286,
        "obp": 0.339,
        "slg": 0.4,
        "rbi": 42,
        "sb": 1,
        "hr": 4
      }
    ]
  }
]