[
  {
    "generation": 1,
    "expected_score": 5.38,
    "lineup": [
      "이도윤",
      "김인환",
      "정은원",
      "채은성",
      "최재훈",
      "이진영",
      "김태연",
      "노시환",
      "문현빈"
    ],
    "player_stats": [
      {
        "name": "이도윤",
        "year": 23,
        "team": "한화",
        "pa": 346,
        "ops": 0.619,
        "avg": 0.252,
        "obp": 0.302,
        "slg": 0.317,
        "rbi": 13,
        "sb": 11,
        "hr": 1
      },
      {
        "name": "김인환",
        "year": 23,
        "team": "한화",
        "pa": 365,
        "ops": 0.639,
        "avg": 0.225,
        "obp": 0.301,
        "slg": 0.338,
        "rbi": 42,
        "sb": 1,
        "hr": 7
      },
      {
        "name": "정은원",
        "year": 23,
        "team": "한화",
        "pa": 459,
        "ops": 0.601,
        "avg": 0.222,
        "obp": 0.333,
        "slg": 0.268,
        "rbi": 30,
        "sb": 6,
        "hr": 2
      },
      {
        "name": "채은성",
        "year": 23,
        "team": "한화",
        "pa": 596,
        "ops": 0.779,
        "avg": 0.263,
        "obp": 0.351,
        "slg": 0.428,
        "rbi": 84,
        "sb": 0,
        "hr": 23
      },
      {
        "name": "최재훈",
        "year": 23,
        "team": "한화",
        "pa": 417,
        "ops": 0.686,
        "avg": 0.248,
        "obp": 0.392,
        "slg": 0.294,
        "rbi": 33,
        "sb": 1,
        "hr": 1
      },
      {
        "name": "이진영",
        "year": 23,
        "team": "한화",
        "pa": 422,
        "ops": 0.738,
        "avg": 0.249,
        "obp": 0.344,
        "slg": 0.394,
        "rbi": 50,
        "sb": 5,
        "hr": 10
      },
      {
        "name": "김태연",
        "year": 23,
        "team": "한화",
        "pa": 280,
        "ops": 0.7,
        "avg": 0.261,
        "obp": 0.337,
        "slg": 0.363,
        "rbi": 25,
        "sb": 5,
        "hr": 4
      },
      {
        "name": "노시환",
        "year": 23,
        "team": "한화",
        "pa": 595,
        "ops": 0.929,
        "avg": 0.298,
        "obp": 0.388,
        "slg": 0.541,
        "rbi": 101,
        "sb": 2,
        "hr": 31
      },
      {
        "name": "문현빈",
        "year": 23,
        "team": "한화",
        "pa": 481,
        "ops": 0.686,
        "avg": 0.266,
        "obp": 0.324,
        "slg": 0.362,
        "rbi": 49,
        "sb": 5,
        "hr": 5
      }
    ]
  },
  {
    "generation": 2,
    "expected_score": 5.405,
    "lineup": [
      "노시환",
      "문현빈",
      "이도윤",
      "채은성",
      "최재훈",
      "김태연",
      "김인환",
      "정은원",
      "이진영"
    ],
    "player_stats": [
      {
        "name": "노시환",
        "year": 23,
        "team": "한화",
        "pa": 595,
        "ops": 0.929,
        "avg": 0.298,
        "obp": 0.388,
        "slg": 0.541,
        "rbi": 101,
        "sb": 2,
        "hr": 31
      },
      {
        "name": "문현빈",
        "year": 23,
        "team": "한화",
        "pa": 481,
        "ops": 0.686,
        "avg": 0.266,
        "obp": 0.324,
        "slg": 0.362,
        "rbi": 49,
        "sb": 5,
        "hr": 5
      },
      {
        "name": "이도윤",
        "year": 23,
        "team": "한화",
        "pa": 346,
        "ops": 0.619,
        "avg": 0.252,
        "obp": 0.302,
        "slg": 0.317,
        "rbi": 13,
        "sb": 11,
        "hr": 1
      },
      {
        "name": "채은성",
        "year": 23,
        "team": "한화",
        "pa": 596,
        "ops": 0.779,
        "avg": 0.263,
        "obp": 0.351,
        "slg": 0.428,
        "rbi": 84,
        "sb": 0,
        "hr": 23
      },
      {
        "name": "최재훈",
        "year": 23,
        "team": "한화",
        "pa": 417,
        "ops": 0.686,
        "avg": 0.248,
        "obp": 0.392,
        "slg": 0.294,
        "rbi": 33,
        "sb": 1,
        "hr": 1
      },
      {
        "name": "김태연",
        "year": 23,
        "team": "한화",
        "pa": 280,
        "ops": 0.7,
        "avg": 0.261,
        "obp": 0.337,
        "slg": 0.363,
        "rbi": 25,
        "sb": 5,
        "hr": 4
      },
      {
        "name": "김인환",
        "year": 23,
        "team": "한화",
        "pa": 365,
        "ops": 0.639,
        "avg": 0.225,
        "obp": 0.301,
        "slg": 0.338,
        "rbi": 42,
        "sb": 1,
        "hr": 7
      },
      {
        "name": "정은원",
        "year": 23,
        "team": "한화",
        "pa": 459,
        "ops": 0.601,
        "avg": 0.222,
        "obp": 0.333,
        "slg": 0.268,
        "rbi": 30,
        "sb": 6,
        "hr": 2
      },
      {
        "name": "이진영",
        "year": 23,
        "team": "한화",
        "pa": 422,
        "ops": 0.738,
        "avg": 0.249,
        "obp": 0.344,
        "slg": 0.394,
        "rbi": 50,
        "sb": 5,
        "hr": 10
      }
    ]
  },
  {
    "generation": 3,
    "expected_score": 5.355,
    "lineup": [
      "이도윤",
      "문현빈",
      "정은원",
      "채은성",
      "최재훈",
      "이진영",
      "김태연",
      "김인환",
      "노시환"
    ],
    "player_stats": [
      {
        "name": "이도윤",
        "year": 23,
        "team": "한화",
        "pa": 346,
        "ops": 0.619,
        "avg": 0.252,
        "obp": 0.302,
        "slg": 0.317,
        "rbi": 13,
        "sb": 11,
        "hr": 1
      },
      {
        "name": "문현빈",
        "year": 23,
        "team": "한화",
        "pa": 481,
        "ops": 0.686,
        "avg": 0.266,
        "obp": 0.324,
        "slg": 0.362,
        "rbi": 49,
        "sb": 5,
        "hr": 5
      },
      {
        "name": "정은원",
        "year": 23,
        "team": "한화",
        "pa": 459,
        "ops": 0.601,
        "avg": 0.222,
        "obp": 0.333,
        "slg": 0.268,
        "rbi": 30,
        "sb": 6,
        "hr": 2
      },
      {
        "name": "채은성",
        "year": 23,
        "team": "한화",
        "pa": 596,
        "ops": 0.779,
        "avg": 0.263,
        "obp": 0.351,
        "slg": 0.428,
        "rbi": 84,
        "sb": 0,
        "hr": 23
      },
      {
        "name": "최재훈",
        "year": 23,
        "team": "한화",
        "pa": 417,
        "ops": 0.686,
        "avg": 0.248,
        "obp": 0.392,
        "slg": 0.294,
        "rbi": 33,
        "sb": 1,
        "hr": 1
      },
      {
        "name": "이진영",
        "year": 23,
        "team": "한화",
        "pa": 422,
        "ops": 0.738,
        "avg": 0.249,
        "obp": 0.344,
        "slg": 0.394,
        "rbi": 50,
        "sb": 5,
        "hr": 10
      },
      {
        "name": "김태연",
        "year": 23,
        "team": "한화",
        "pa": 280,
        "ops": 0.7,
        "avg": 0.261,
        "obp": 0.337,
        "slg": 0.363,
        "rbi": 25,
        "sb": 5,
        "hr": 4
      },
      {
        "name": "김인환",
        "year": 23,
        "team": "한화",
        "pa": 365,
        "ops": 0.639,
        "avg": 0.225,
        "obp": 0.301,
        "slg": 0.338,
        "rbi": 42,
        "sb": 1,
        "hr": 7
      },
      {
        "name": "노시환",
        "year": 23,
        "team": "한화",
        "pa": 595,
        "ops": 0.929,
        "avg": 0.298,
        "obp": 0.388,
        "slg": 0.541,
        "rbi": 101,
        "sb": 2,
        "hr": 31
      }
    ]
  },
  {
    "generation": 4,
    "expected_score": 5.445,
    "lineup": [
      "문현빈",
      "노시환",
      "이도윤",
      "채은성",
      "최재훈",
      "이진영",
      "김태연",
      "김인환",
      "정은원"
    ],
    "player_stats": [
      {
        "name": "문현빈",
        "year": 23,
        "team": "한화",
        "pa": 481,
        "ops": 0.686,
        "avg": 0.266,
        "obp": 0.324,
        "slg": 0.362,
        "rbi": 49,
        "sb": 5,
        "hr": 5
      },
      {
        "name": "노시환",
        "year": 23,
        "team": "한화",
        "pa": 595,
        "ops": 0.929,
        "avg": 0.298,
        "obp": 0.388,
        "slg": 0.541,
        "rbi": 101,
        "sb": 2,
        "hr": 31
      },
      {
        "name": "이도윤",
        "year": 23,
        "team": "한화",
        "pa": 346,
        "ops": 0.619,
        "avg": 0.252,
        "obp": 0.302,
        "slg": 0.317,
        "rbi": 13,
        "sb": 11,
        "hr": 1
      },
      {
        "name": "채은성",
        "year": 23,
        "team": "한화",
        "pa": 596,
        "ops": 0.779,
        "avg": 0.263,
        "obp": 0.351,
        "slg": 0.428,
        "rbi": 84,
        "sb": 0,
        "hr": 23
      },
      {
        "name": "최재훈",
        "year": 23,
        "team": "한화",
        "pa": 417,
        "ops": 0.686,
        "avg": 0.248,
        "obp": 0.392,
        "slg": 0.294,
        "rbi": 33,
        "sb": 1,
        "hr": 1
      },
      {
        "name": "이진영",
        "year": 23,
        "team": "한화",
        "pa": 422,
        "ops": 0.738,
        "avg": 0.249,
        "obp": 0.344,
        "slg": 0.394,
        "rbi": 50,
        "sb": 5,
        "hr": 10
      },
      {
        "name": "김태연",
        "year": 23,
        "team": "한화",
        "pa": 280,
        "ops": 0.7,
        "avg": 0.261,
        "obp": 0.337,
        "slg": 0.363,
        "rbi": 25,
        "sb": 5,
        "hr": 4
      },
      {
        "name": "김인환",
        "year": 23,
        "team": "한화",
        "pa": 365,
        "ops": 0.639,
        "avg": 0.225,
        "obp": 0.301,
        "slg": 0.338,
        "rbi": 42,
        "sb": 1,
        "hr": 7
      },
      {
        "name": "정은원",
        "year": 23,
        "team": "한화",
        "pa": 459,
        "ops": 0.601,
        "avg": 0.222,
        "obp": 0.333,
        "slg": 0.268,
        "rbi": 30,
        "sb": 6,
        "hr": 2
      }
    ]
  },
  {
    "generation": 5,
    "expected_score": 5.445,
    "lineup": [
      "문현빈",
      "노시환",
      "이도윤",
      "채은성",
      "최재훈",
      "이진영",
      "김태연",
      "김인환",
      "정은원"
    ],
    "player_stats": [
      {
        "name": "문현빈",
        "year": 23,
        "team": "한화",
        "pa": 481,
        "ops": 0.686,
        "avg": 0.266,
        "obp": 0.324,
        "slg": 0.362,
        "rbi": 49,
        "sb": 5,
        "hr": 5
      },
      {
        "name": "노시환",
        "year": 23,
        "team": "한화",
        "pa": 595,
        "ops": 0.929,
        "avg": 0.298,
        "obp": 0.388,
        "slg": 0.541,
        "rbi": 101,
        "sb": 2,
        "hr": 31
      },
      {
        "name": "이도윤",
        "year": 23,
        "team": "한화",
        "pa": 346,
        "ops": 0.619,
        "avg": 0.252,
        "obp": 0.302,
        "slg": 0.317,
        "rbi": 13,
        "sb": 11,
        "hr": 1
      },
      {
        "name": "채은성",
        "year": 23,
        "team": "한화",
        "pa": 596,
        "ops": 0.779,
        "avg": 0.263,
        "obp": 0.351,
        "slg": 0.428,
        "rbi": 84,
        "sb": 0,
        "hr": 23
      },
      {
        "name": "최재훈",
        "year": 23,
        "team": "한화",
        "pa": 417,
        "ops": 0.686,
        "avg": 0.248,
        "obp": 0.392,
        "slg": 0.294,
        "rbi": 33,
        "sb": 1,
        "hr": 1
      },
      {
        "name": "이진영",
        "year": 23,
        "team": "한화",
        "pa": 422,
        "ops": 0.738,
        "avg": 0.249,
        "obp": 0.344,
        "slg": 0.394,
        "rbi": 50,
        "sb": 5,
        "hr": 10
      },
      {
        "name": "김태연",
        "year": 23,
        "team": "한화",
        "pa": 280,
        "ops": 0.7,
        "avg": 0.261,
        "obp": 0.337,
        "slg": 0.363,
        "rbi": 25,
        "sb": 5,
        "hr": 4
      },
      {
        "name": "김인환",
        "year": 23,
        "team": "한화",
        "pa": 365,
        "ops": 0.639,
        "avg": 0.225,
        "obp": 0.301,
        "slg": 0.338,
        "rbi": 42,
        "sb": 1,
        "hr": 7
      },
      {
        "name": "정은원",
        "year": 23,
        "team": "한화",
        "pa": 459,
        "ops": 0.601,
        "avg": 0.222,
        "obp": 0.333,
        "slg": 0.268,
        "rbi": 30,
        "sb": 6,
        "hr": 2
      }
    ]
  },
  {
    "generation": 6,
    "expected_score": 5.655,
    "lineup": [
      "김인환",
      "채은성",
      "노시환",
      "이도윤",
      "정은원",
      "최재훈",
      "이진영",
      "문현빈",
      "김태연"
    ],
    "player_stats": [
      {
        "name": "김인환",
        "year": 23,
        "team": "한화",
        "pa": 365,
        "ops": 0.639,
        "avg": 0.225,
        "obp": 0.301,
        "slg": 0.338,
        "rbi": 42,
        "sb": 1,
        "hr": 7
      },
      {
        "name": "채은성",
        "year": 23,
        "team": "한화",
        "pa": 596,
        "ops": 0.779,
        "avg": 0.263,
        "obp": 0.351,
        "slg": 0.428,
        "rbi": 84,
        "sb": 0,
        "hr": 23
      },
      {
        "name": "노시환",
        "year": 23,
        "team": "한화",
        "pa": 595,
        "ops": 0.929,
        "avg": 0.298,
        "obp": 0.388,
        "slg": 0.541,
        "rbi": 101,
        "sb": 2,
        "hr": 31
      },
      {
        "name": "이도윤",
        "year": 23,
        "team": "한화",
        "pa": 346,
        "ops": 0.619,
        "avg": 0.252,
        "obp": 0.302,
        "slg": 0.317,
        "rbi": 13,
        "sb": 11,
        "hr": 1
      },
      {
        "name": "정은원",
        "year": 23,
        "team": "한화",
        "pa": 459,
        "ops": 0.601,
        "avg": 0.222,
        "obp": 0.333,
        "slg": 0.268,
        "rbi": 30,
        "sb": 6,
        "hr": 2
      },
      {
        "name": "최재훈",
        "year": 23,
        "team": "한화",
        "pa": 417,
        "ops": 0.686,
        "avg": 0.248,
        "obp": 0.392,
        "slg": 0.294,
        "rbi": 33,
        "sb": 1,
        "hr": 1
      },
      {
        "name": "이진영",
        "year": 23,
        "team": "한화",
        "pa": 422,
        "ops": 0.738,
        "avg": 0.249,
        "obp": 0.344,
        "slg": 0.394,
        "rbi": 50,
        "sb": 5,
        "hr": 10
      },
      {
        "name": "문현빈",
        "year": 23,
        "team": "한화",
        "pa": 481,
        "ops": 0.686,
        "avg": 0.266,
        "obp": 0.324,
        "slg": 0.362,
        "rbi": 49,
        "sb": 5,
        "hr": 5
      },
      {
        "name": "김태연",
        "year": 23,
        "team": "한화",
        "pa": 280,
        "ops": 0.7,
        "avg": 0.261,
        "obp": 0.337,
        "slg": 0.363,
        "rbi": 25,
        "sb": 5,
        "hr": 4
      }
    ]
  },
  {
    "generation": 7,
    "expected_score": 5.495,
    "lineup": [
      "문현빈",
      "이도윤",
      "최재훈",
      "노시환",
      "채은성",
      "이진영",
      "김태연",
      "정은원",
      "김인환"
    ],
    "player_stats": [
      {
        "name": "문현빈",
        "year": 23,
        "team": "한화",
        "pa": 481,
        "ops": 0.686,
        "avg": 0.266,
        "obp": 0.324,
        "slg": 0.362,
        "rbi": 49,
        "sb": 5,
        "hr": 5
      },
      {
        "name": "이도윤",
        "year": 23,
        "team": "한화",
        "pa": 346,
        "ops": 0.619,
        "avg": 0.252,
        "obp": 0.302,
        "slg": 0.317,
        "rbi": 13,
        "sb": 11,
        "hr": 1
      },
      {
        "name": "최재훈",
        "year": 23,
        "team": "한화",
        "pa": 417,
        "ops": 0.686,
        "avg": 0.248,
        "obp": 0.392,
        "slg": 0.294,
        "rbi": 33,
        "sb": 1,
        "hr": 1
      },
      {
        "name": "노시환",
        "year": 23,
        "team": "한화",
        "pa": 595,
        "ops": 0.929,
        "avg": 0.298,
        "obp": 0.388,
        "slg": 0.541,
        "rbi": 101,
        "sb": 2,
        "hr": 31
      },
      {
        "name": "채은성",
        "year": 23,
        "team": "한화",
        "pa": 596,
        "ops": 0.779,
        "avg": 0.263,
        "obp": 0.351,
        "slg": 0.428,
        "rbi": 84,
        "sb": 0,
        "hr": 23
      },
      {
        "name": "이진영",
        "year": 23,
        "team": "한화",
        "pa": 422,
        "ops": 0.738,
        "avg": 0.249,
        "obp": 0.344,
        "slg": 0.394,
        "rbi": 50,
        "sb": 5,
        "hr": 10
      },
      {
        "name": "김태연",
        "year": 23,
        "team": "한화",
        "pa": 280,
        "ops": 0.7,
        "avg": 0.261,
        "obp": 0.337,
        "slg": 0.363,
        "rbi": 25,
        "sb": 5,
        "hr": 4
      },
      {
        "name": "정은원",
        "year": 23,
        "team": "한화",
        "pa": 459,
        "ops": 0.601,
        "avg": 0.222,
        "obp": 0.333,
        "slg": 0.268,
        "rbi": 30,
        "sb": 6,
        "hr": 2
      },
      {
        "name": "김인환",
        "year": 23,
        "team": "한화",
        "pa": 365,
        "ops": 0.639,
        "avg": 0.225,
        "obp": 0.301,
        "slg": 0.338,
        "rbi": 42,
        "sb": 1,
        "hr": 7
      }
    ]
  },
  {
    "generation": 8,
    "expected_score": 5.32,
    "lineup": [
      "정은원",
      "최재훈",
      "김인환",
      "김태연",
      "노시환",
      "채은성",
      "이진영",
      "문현빈",
      "이도윤"
    ],
    "player_stats": [
      {
        "name": "정은원",
        "year": 23,
        "team": "한화",
        "pa": 459,
        "ops": 0.601,
        "avg": 0.222,
        "obp": 0.333,
        "slg": 0.268,
        "rbi": 30,
        "sb": 6,
        "hr": 2
      },
      {
        "name": "최재훈",
        "year": 23,
        "team": "한화",
        "pa": 417,
        "ops": 0.686,
        "avg": 0.248,
        "obp": 0.392,
        "slg": 0.294,
        "rbi": 33,
        "sb": 1,
        "hr": 1
      },
      {
        "name": "김인환",
        "year": 23,
        "team": "한화",
        "pa": 365,
        "ops": 0.639,
        "avg": 0.225,
        "obp": 0.301,
        "slg": 0.338,
        "rbi": 42,
        "sb": 1,
        "hr": 7
      },
      {
        "name": "김태연",
        "year": 23,
        "team": "한화",
        "pa": 280,
        "ops": 0.7,
        "avg": 0.261,
        "obp": 0.337,
        "slg": 0.363,
        "rbi": 25,
        "sb": 5,
        "hr": 4
      },
      {
        "name": "노시환",
        "year": 23,
        "team": "한화",
        "pa": 595,
        "ops": 0.929,
        "avg": 0.298,
        "obp": 0.388,
        "slg": 0.541,
        "rbi": 101,
        "sb": 2,
        "hr": 31
      },
      {
        "name": "채은성",
        "year": 23,
        "team": "한화",
        "pa": 596,
        "ops": 0.779,
        "avg": 0.263,
        "obp": 0.351,
        "slg": 0.428,
        "rbi": 84,
        "sb": 0,
        "hr": 23
      },
      {
        "name": "이진영",
        "year": 23,
        "team": "한화",
        "pa": 422,
        "ops": 0.738,
        "avg": 0.249,
        "obp": 0.344,
        "slg": 0.394,
        "rbi": 50,
        "sb": 5,
        "hr": 10
      },
      {
        "name": "문현빈",
        "year": 23,
        "team": "한화",
        "pa": 481,
        "ops": 0.686,
        "avg": 0.266,
        "obp": 0.324,
        "slg": 0.362,
        "rbi": 49,
        "sb": 5,
        "hr": 5
      },
      {
        "name": "이도윤",
        "year": 23,
        "team": "한화",
        "pa": 346,
        "ops": 0.619,
        "avg": 0.252,
        "obp": 0.302,
        "slg": 0.317,
        "rbi": 13,
        "sb": 11,
        "hr": 1
      }
    ]
  },
  {
    "generation": 9,
    "expected_score": 5.395,
    "lineup": [
      "김태연",
      "채은성",
      "노시환",
      "이진영",
      "최재훈",
      "김인환",
      "이도윤",
      "정은원",
      "문현빈"
    ],
    "player_stats": [
      {
        "name": "김태연",
        "year": 23,
        "team": "한화",
        "pa": 280,
        "ops": 0.7,
        "avg": 0.261,
        "obp": 0.337,
        "slg": 0.363,
        "rbi": 25,
        "sb": 5,
        "hr": 4
      },
      {
        "name": "채은성",
        "year": 23,
        "team": "한화",
        "pa": 596,
        "ops": 0.779,
        "avg": 0.263,
        "obp": 0.351,
        "slg": 0.428,
        "rbi": 84,
        "sb": 0,
        "hr": 23
      },
      {
        "name": "노시환",
        "year": 23,
        "team": "한화",
        "pa": 595,
        "ops": 0.929,
        "avg": 0.298,
        "obp": 0.388,
        "slg": 0.541,
        "rbi": 101,
        "sb": 2,
        "hr": 31
      },
      {
        "name": "이진영",
        "year": 23,
        "team": "한화",
        "pa": 422,
        "ops": 0.738,
        "avg": 0.249,
        "obp": 0.344,
        "slg": 0.394,
        "rbi": 50,
        "sb": 5,
        "hr": 10
      },
      {
        "name": "최재훈",
        "year": 23,
        "team": "한화",
        "pa": 417,
        "ops": 0.686,
        "avg": 0.248,
        "obp": 0.392,
        "slg": 0.294,
        "rbi": 33,
        "sb": 1,
        "hr": 1
      },
      {
        "name": "김인환",
        "year": 23,
        "team": "한화",
        "pa": 365,
        "ops": 0.639,
        "avg": 0.225,
        "obp": 0.301,
        "slg": 0.338,
        "rbi": 42,
        "sb": 1,
        "hr": 7
      },
      {
        "name": "이도윤",
        "year": 23,
        "team": "한화",
        "pa": 346,
        "ops": 0.619,
        "avg": 0.252,
        "obp": 0.302,
        "slg": 0.317,
        "rbi": 13,
        "sb": 11,
        "hr": 1
      },
      {
        "name": "정은원",
        "year": 23,
        "team": "한화",
        "pa": 459,
        "ops": 0.601,
        "avg": 0.222,
        "obp": 0.333,
        "slg": 0.268,
        "rbi": 30,
        "sb": 6,
        "hr": 2
      },
      {
        "name": "문현빈",
        "year": 23,
        "team": "한화",
        "pa": 481,
        "ops": 0.686,
        "avg": 0.266,
        "obp": 0.324,
        "slg": 0.362,
        "rbi": 49,
        "sb": 5,
        "hr": 5
      }
    ]
  },
  {
    "generation": 10,
    "expected_score": 5.4,
    "lineup": [
      "김태연",
      "노시환",
      "이진영",
      "최재훈",
      "김인환",
      "이도윤",
      "정은원",
      "채은성",
      "문현빈"
    ],
    "player_stats": [
      {
        "name": "김태연",
        "year": 23,
        "team": "한화",
        "pa": 280,
        "ops": 0.7,
        "avg": 0.261,
        "obp": 0.337,
        "slg": 0.363,
        "rbi": 25,
        "sb": 5,
        "hr": 4
      },
      {
        "name": "노시환",
        "year": 23,
        "team": "한화",
        "pa": 595,
        "ops": 0.929,
        "avg": 0.298,
        "obp": 0.388,
        "slg": 0.541,
        "rbi": 101,
        "sb": 2,
        "hr": 31
      },
      {
        "name": "이진영",
        "year": 23,
        "team": "한화",
        "pa": 422,
        "ops": 0.738,
        "avg": 0.249,
        "obp": 0.344,
        "slg": 0.394,
        "rbi": 50,
        "sb": 5,
        "hr": 10
      },
      {
        "name": "최재훈",
        "year": 23,
        "team": "한화",
        "pa": 417,
        "ops": 0.686,
        "avg": 0.248,
        "obp": 0.392,
        "slg": 0.294,
        "rbi": 33,
        "sb": 1,
        "hr": 1
      },
      {
        "name": "김인환",
        "year": 23,
        "team": "한화",
        "pa": 365,
        "ops": 0.639,
        "avg": 0.225,
        "obp": 0.301,
        "slg": 0.338,
        "rbi": 42,
        "sb": 1,
        "hr": 7
      },
      {
        "name": "이도윤",
        "year": 23,
        "team": "한화",
        "pa": 346,
        "ops": 0.619,
        "avg": 0.252,
        "obp": 0.302,
        "slg": 0.317,
        "rbi": 13,
        "sb": 11,
        "hr": 1
      },
      {
        "name": "정은원",
        "year": 23,
        "team": "한화",
        "pa": 459,
        "ops": 0.601,
        "avg": 0.222,
        "obp": 0.333,
        "slg": 0.268,
        "rbi": 30,
        "sb": 6,
        "hr": 2
      },
      {
        "name": "채은성",
        "year": 23,
        "team": "한화",
        "pa": 596,
        "ops": 0.779,
        "avg": 0.263,
        "obp": 0.351,
        "slg": 0.428,
        "rbi": 84,
        "sb": 0,
        "hr": 23
      },
      {
        "name": "문현빈",
        "year": 23,
        "team": "한화",
        "pa": 481,
        "ops": 0.686,
        "avg": 0.266,
        "obp": 0.324,
        "slg": 0.362,
        "rbi": 49,
        "sb": 5,
        "hr": 5
      }
    ]
  },
  {
    "generation": 11,
    "expected_score": 5.57,
    "lineup": [
      "최재훈",
      "김태연",
      "노시환",
      "채은성",
      "이진영",
      "김인환",
      "이도윤",
      "정은원",
      "문현빈"
    ],
    "player_stats": [
      {
        "name": "최재훈",
        "year": 23,
        "team": "한화",
        "pa": 417,
        "ops": 0.686,
        "avg": 0.248,
        "obp": 0.392,
        "slg": 0.294,
        "rbi": 33,
        "sb": 1,
        "hr": 1
      },
      {
        "name": "김태연",
        "year": 23,
        "team": "한화",
        "pa": 280,
        "ops": 0.7,
        "avg": 0.261,
        "obp": 0.337,
        "slg": 0.363,
        "rbi": 25,
        "sb": 5,
        "hr": 4
      },
      {
        "name": "노시환",
        "year": 23,
        "team": "한화",
        "pa": 595,
        "ops": 0.929,
        "avg": 0.298,
        "obp": 0.388,
        "slg": 0.541,
        "rbi": 101,
        "sb": 2,
        "hr": 31
      },
      {
        "name": "채은성",
        "year": 23,
        "team": "한화",
        "pa": 596,
        "ops": 0.779,
        "avg": 0.263,
        "obp": 0.351,
        "slg": 0.428,
        "rbi": 84,
        "sb": 0,
        "hr": 23
      },
      {
        "name": "이진영",
        "year": 23,
        "team": "한화",
        "pa": 422,
        "ops": 0.738,
        "avg": 0.249,
        "obp": 0.344,
        "slg": 0.394,
        "rbi": 50,
        "sb": 5,
        "hr": 10
      },
      {
        "name": "김인환",
        "year": 23,
        "team": "한화",
        "pa": 365,
        "ops": 0.639,
        "avg": 0.225,
        "obp": 0.301,
        "slg": 0.338,
        "rbi": 42,
        "sb": 1,
        "hr": 7
      },
      {
        "name": "이도윤",
        "year": 23,
        "team": "한화",
        "pa": 346,
        "ops": 0.619,
        "avg": 0.252,
        "obp": 0.302,
        "slg": 0.317,
        "rbi": 13,
        "sb": 11,
        "hr": 1
      },
      {
        "name": "정은원",
        "year": 23,
        "team": "한화",
        "pa": 459,
        "ops": 0.601,
        "avg": 0.222,
        "obp": 0.333,
        "slg": 0.268,
        "rbi": 30,
        "sb": 6,
        "hr": 2
      },
      {
        "name": "문현빈",
        "year": 23,
        "team": "한화",
        "pa": 481,
        "ops": 0.686,
        "avg": 0.266,
        "obp": 0.324,
        "slg": 0.362,
        "rbi": 49,
        "sb": 5,
        "hr": 5
      }
    ]
  },
  {
    "generation": 12,
    "expected_score": 5.565,
    "lineup": [
      "김인환",
      "정은원",
      "김태연",
      "채은성",
      "최재훈",
      "이진영",
      "노시환",
      "이도윤",
      "문현빈"
    ],
    "player_stats": [
      {
        "name": "김인환",
        "year": 23,
        "team": "한화",
        "pa": 365,
        "ops": 0.639,
        "avg": 0.225,
        "obp": 0.301,
        "slg": 0.338,
        "rbi": 42,
        "sb": 1,
        "hr": 7
      },
      {
        "name": "정은원",
        "year": 23,
        "team": "한화",
        "pa": 459,
        "ops": 0.601,
        "avg": 0.222,
        "obp": 0.333,
        "slg": 0.268,
        "rbi": 30,
        "sb": 6,
        "hr": 2
      },
      {
        "name": "김태연",
        "year": 23,
        "team": "한화",
        "pa": 280,
        "ops": 0.7,
        "avg": 0.261,
        "obp": 0.337,
        "slg": 0.363,
        "rbi": 25,
        "sb": 5,
        "hr": 4
      },
      {
        "name": "채은성",
        "year": 23,
        "team": "한화",
        "pa": 596,
        "ops": 0.779,
        "avg": 0.263,
        "obp": 0.351,
        "slg": 0.428,
        "rbi": 84,
        "sb": 0,
        "hr": 23
      },
      {
        "name": "최재훈",
        "year": 23,
        "team": "한화",
        "pa": 417,
        "ops": 0.686,
        "avg": 0.248,
        "obp": 0.392,
        "slg": 0.294,
        "rbi": 33,
        "sb": 1,
        "hr": 1
      },
      {
        "name": "이진영",
        "year": 23,
        "team": "한화",
        "pa": 422,
        "ops": 0.738,
        "avg": 0.249,
        "obp": 0.344,
        "slg": 0.394,
        "rbi": 50,
        "sb": 5,
        "hr": 10
      },
      {
        "name": "노시환",
        "year": 23,
        "team": "한화",
        "pa": 595,
        "ops": 0.929,
        "avg": 0.298,
        "obp": 0.388,
        "slg": 0.541,
        "rbi": 101,
        "sb": 2,
        "hr": 31
      },
      {
        "name": "이도윤",
        "year": 23,
        "team": "한화",
        "pa": 346,
        "ops": 0.619,
        "avg": 0.252,
        "obp": 0.302,
        "slg": 0.317,
        "rbi": 13,
        "sb": 11,
        "hr": 1
      },
      {
        "name": "문현빈",
        "year": 23,
        "team": "한화",
        "pa": 481,
        "ops": 0.686,
        "avg": 0.266,
        "obp": 0.324,
        "slg": 0.362,
        "rbi": 49,
        "sb": 5,
        "hr": 5
      }
    ]
  },
  {
    "generation": 13,
    "expected_score": 5.615,
    "lineup": [
      "정은원",
      "김태연",
      "채은성",
      "최재훈",
      "이진영",
      "김인환",
      "노시환",
      "이도윤",
      "문현빈"
    ],
    "player_stats": [
      {
        "name": "정은원",
        "year": 23,
        "team": "한화",
        "pa": 459,
        "ops": 0.601,
        "avg": 0.222,
        "obp": 0.333,
        "slg": 0.268,
        "rbi": 30,
        "sb": 6,
        "hr": 2
      },
      {
        "name": "김태연",
        "year": 23,
        "team": "한화",
        "pa": 280,
        "ops": 0.7,
        "avg": 0.261,
        "obp": 0.337,
        "slg": 0.363,
        "rbi": 25,
        "sb": 5,
        "hr": 4
      },
      {
        "name": "채은성",
        "year": 23,
        "team": "한화",
        "pa": 596,
        "ops": 0.779,
        "avg": 0.263,
        "obp": 0.351,
        "slg": 0.428,
        "rbi": 84,
        "sb": 0,
        "hr": 23
      },
      {
        "name": "최재훈",
        "year": 23,
        "team": "한화",
        "pa": 417,
        "ops": 0.686,
        "avg": 0.248,
        "obp": 0.392,
        "slg": 0.294,
        "rbi": 33,
        "sb": 1,
        "hr": 1
      },
      {
        "name": "이진영",
        "year": 23,
        "team": "한화",
        "pa": 422,
        "ops": 0.738,
        "avg": 0.249,
        "obp": 0.344,
        "slg": 0.394,
        "rbi": 50,
        "sb": 5,
        "hr": 10
      },
      {
        "name": "김인환",
        "year": 23,
        "team": "한화",
        "pa": 365,
        "ops": 0.639,
        "avg": 0.225,
        "obp": 0.301,
        "slg": 0.338,
        "rbi": 42,
        "sb": 1,
        "hr": 7
      },
      {
        "name": "노시환",
        "year": 23,
        "team": "한화",
        "pa": 595,
        "ops": 0.929,
        "avg": 0.298,
        "obp": 0.388,
        "slg": 0.541,
        "rbi": 101,
        "sb": 2,
        "hr": 31
      },
      {
        "name": "이도윤",
        "year": 23,
        "team": "한화",
        "pa": 346,
        "ops": 0.619,
        "avg": 0.252,
        "obp": 0.302,
        "slg": 0.317,
        "rbi": 13,
        "sb": 11,
        "hr": 1
      },
      {
        "name": "문현빈",
        "year": 23,
        "team": "한화",
        "pa": 481,
        "ops": 0.686,
        "avg": 0.266,
        "obp": 0.324,
        "slg": 0.362,
        "rbi": 49,
        "sb": 5,
        "hr": 5
      }
    ]
  },
  {
    "generation": 14,
    "expected_score": 5.625,
    "lineup": [
      "최재훈",
      "노시환",
      "김태연",
      "채은성",
      "이진영",
      "김인환",
      "이도윤",
      "정은원",
      "문현빈"
    ],
    "player_stats": [
      {
        "name": "최재훈",
        "year": 23,
        "team": "한화",
        "pa": 417,
        "ops": 0.686,
        "avg": 0.248,
        "obp": 0.392,
        "slg": 0.294,
        "rbi": 33,
        "sb": 1,
        "hr": 1
      },
      {
        "name": "노시환",
        "year": 23,
        "team": "한화",
        "pa": 595,
        "ops": 0.929,
        "avg": 0.298,
        "obp": 0.388,
        "slg": 0.541,
        "rbi": 101,
        "sb": 2,
        "hr": 31
      },
      {
        "name": "김태연",
        "year": 23,
        "team": "한화",
        "pa": 280,
        "ops": 0.7,
        "avg": 0.261,
        "obp": 0.337,
        "slg": 0.363,
        "rbi": 25,
        "sb": 5,
        "hr": 4
      },
      {
        "name": "채은성",
        "year": 23,
        "team": "한화",
        "pa": 596,
        "ops": 0.779,
        "avg": 0.263,
        "obp": 0.351,
        "slg": 0.428,
        "rbi": 84,
        "sb": 0,
        "hr": 23
      },
      {
        "name": "이진영",
        "year": 23,
        "team": "한화",
        "pa": 422,
        "ops": 0.738,
        "avg": 0.249,
        "obp": 0.344,
        "slg": 0.394,
        "rbi": 50,
        "sb": 5,
        "hr": 10
      },
      {
        "name": "김인환",
        "year": 23,
        "team": "한화",
        "pa": 365,
        "ops": 0.639,
        "avg": 0.225,
        "obp": 0.301,
        "slg": 0.338,
        "rbi": 42,
        "sb": 1,
        "hr": 7
      },
      {
        "name": "이도윤",
        "year": 23,
        "team": "한화",
        "pa": 346,
        "ops": 0.619,
        "avg": 0.252,
        "obp": 0.302,
        "slg": 0.317,
        "rbi": 13,
        "sb": 11,
        "hr": 1
      },
      {
        "name": "정은원",
        "year": 23,
        "team": "한화",
        "pa": 459,
        "ops": 0.601,
        "avg": 0.222,
        "obp": 0.333,
        "slg": 0.268,
        "rbi": 30,
        "sb": 6,
        "hr": 2
      },
      {
        "name": "문현빈",
        "year": 23,
        "team": "한화",
        "pa": 481,
        "ops": 0.686,
        "avg": 0.266,
        "obp": 0.324,
        "slg": 0.362,
        "rbi": 49,
        "sb": 5,
        "hr": 5
      }
    ]
  },
  {
    "generation": 15,
    "expected_score": 5.34,
    "lineup": [
      "이진영",
      "김인환",
      "최재훈",
      "채은성",
      "문현빈",
      "김태연",
      "이도윤",
      "노시환",
      "정은원"
    ],
    "player_stats": [
      {
        "name": "이진영",
        "year": 23,
        "team": "한화",
        "pa": 422,
        "ops": 0.738,
        "avg": 0.249,
        "obp": 0.344,
        "slg": 0.394,
        "rbi": 50,
        "sb": 5,
        "hr": 10
      },
      {
        "name": "김인환",
        "year": 23,
        "team": "한화",
        "pa": 365,
        "ops": 0.639,
        "avg": 0.225,
        "obp": 0.301,
        "slg": 0.338,
        "rbi": 42,
        "sb": 1,
        "hr": 7
      },
      {
        "name": "최재훈",
        "year": 23,
        "team": "한화",
        "pa": 417,
        "ops": 0.686,
        "avg": 0.248,
        "obp": 0.392,
        "slg": 0.294,
        "rbi": 33,
        "sb": 1,
        "hr": 1
      },
      {
        "name": "채은성",
        "year": 23,
        "team": "한화",
        "pa": 596,
        "ops": 0.779,
        "avg": 0.263,
        "obp": 0.351,
        "slg": 0.428,
        "rbi": 84,
        "sb": 0,
        "hr": 23
      },
      {
        "name": "문현빈",
        "year": 23,
        "team": "한화",
        "pa": 481,
        "ops": 0.686,
        "avg": 0.266,
        "obp": 0.324,
        "slg": 0.362,
        "rbi": 49,
        "sb": 5,
        "hr": 5
      },
      {
        "name": "김태연",
        "year": 23,
        "team": "한화",
        "pa": 280,
        "ops": 0.7,
        "avg": 0.261,
        "obp": 0.337,
        "slg": 0.363,
        "rbi": 25,
        "sb": 5,
        "hr": 4
      },
      {
        "name": "이도윤",
        "year": 23,
        "team": "한화",
        "pa": 346,
        "ops": 0.619,
        "avg": 0.252,
        "obp": 0.302,
        "slg": 0.317,
        "rbi": 13,
        "sb": 11,
        "hr": 1
      },
      {
        "name": "노시환",
        "year": 23,
        "team": "한화",
        "pa": 595,
        "ops": 0.929,
        "avg": 0.298,
        "obp": 0.388,
        "slg": 0.541,
        "rbi": 101,
        "sb": 2,
        "hr": 31
      },
      {
        "name": "정은원",
        "year": 23,
        "team": "한화",
        "pa": 459,
        "ops": 0.601,
        "avg": 0.222,
        "obp": 0.333,
        "slg": 0.268,
        "rbi": 30,
        "sb": 6,
        "hr": 2
      }
    ]
  },
  {
    "generation": 16,
    "expected_score": 5.465,
    "lineup": [
      "문현빈",
      "정은원",
      "김인환",
      "노시환",
      "김태연",
      "최재훈",
      "이진영",
      "이도윤",
      "채은성"
    ],
    "player_stats": [
      {
        "name": "문현빈",
        "year": 23,
        "team": "한화",
        "pa": 481,
        "ops": 0.686,
        "avg": 0.266,
        "obp": 0.324,
        "slg": 0.362,
        "rbi": 49,
        "sb": 5,
        "hr": 5
      },
      {
        "name": "정은원",
        "year": 23,
        "team": "한화",
        "pa": 459,
        "ops": 0.601,
        "avg": 0.222,
        "obp": 0.333,
        "slg": 0.268,
        "rbi": 30,
        "sb": 6,
        "hr": 2
      },
      {
        "name": "김인환",
        "year": 23,
        "team": "한화",
        "pa": 365,
        "ops": 0.639,
        "avg": 0.225,
        "obp": 0.301,
        "slg": 0.338,
        "rbi": 42,
        "sb": 1,
        "hr": 7
      },
      {
        "name": "노시환",
        "year": 23,
        "team": "한화",
        "pa": 595,
        "ops": 0.929,
        "avg": 0.298,
        "obp": 0.388,
        "slg": 0.541,
        "rbi": 101,
        "sb": 2,
        "hr": 31
      },
      {
        "name": "김태연",
        "year": 23,
        "team": "한화",
        "pa": 280,
        "ops": 0.7,
        "avg": 0.261,
        "obp": 0.337,
        "slg": 0.363,
        "rbi": 25,
        "sb": 5,
        "hr": 4
      },
      {
        "name": "최재훈",
        "year": 23,
        "team": "한화",
        "pa": 417,
        "ops": 0.686,
        "avg": 0.248,
        "obp": 0.392,
        "slg": 0.294,
        "rbi": 33,
        "sb": 1,
        "hr": 1
      },
      {
        "name": "이진영",
        "year": 23,
        "team": "한화",
        "pa": 422,
        "ops": 0.738,
        "avg": 0.249,
        "obp": 0.344,
        "slg": 0.394,
        "rbi": 50,
        "sb": 5,
        "hr": 10
      },
      {
        "name": "이도윤",
        "year": 23,
        "team": "한화",
        "pa": 346,
        "ops": 0.619,
        "avg": 0.252,
        "obp": 0.302,
        "slg": 0.317,
        "rbi": 13,
        "sb": 11,
        "hr": 1
      },
      {
        "name": "채은성",
        "year": 23,
        "team": "한화",
        "pa": 596,
        "ops": 0.779,
        "avg": 0.263,
        "obp": 0.351,
        "slg": 0.428,
        "rbi": 84,
        "sb": 0,
        "hr": 23
      }
    ]
  },
  {
    "generation": 17,
    "expected_score": 5.805,
    "lineup": [
      "문현빈",
      "정은원",
      "김인환",
      "최재훈",
      "김태연",
      "노시환",
      "채은성",
      "이진영",
      "이도윤"
    ],
    "player_stats": [
      {
        "name": "문현빈",
        "year": 23,
        "team": "한화",
        "pa": 481,
        "ops": 0.686,
        "avg": 0.266,
        "obp": 0.324,
        "slg": 0.362,
        "rbi": 49,
        "sb": 5,
        "hr": 5
      },
      {
        "name": "정은원",
        "year": 23,
        "team": "한화",
        "pa": 459,
        "ops": 0.601,
        "avg": 0.222,
        "obp": 0.333,
        "slg": 0.268,
        "rbi": 30,
        "sb": 6,
        "hr": 2
      },
      {
        "name": "김인환",
        "year": 23,
        "team": "한화",
        "pa": 365,
        "ops": 0.639,
        "avg": 0.225,
        "obp": 0.301,
        "slg": 0.338,
        "rbi": 42,
        "sb": 1,
        "hr": 7
      },
      {
        "name": "최재훈",
        "year": 23,
        "team": "한화",
        "pa": 417,
        "ops": 0.686,
        "avg": 0.248,
        "obp": 0.392,
        "slg": 0.294,
        "rbi": 33,
        "sb": 1,
        "hr": 1
      },
      {
        "name": "김태연",
        "year": 23,
        "team": "한화",
        "pa": 280,
        "ops": 0.7,
        "avg": 0.261,
        "obp": 0.337,
        "slg": 0.363,
        "rbi": 25,
        "sb": 5,
        "hr": 4
      },
      {
        "name": "노시환",
        "year": 23,
        "team": "한화",
        "pa": 595,
        "ops": 0.929,
        "avg": 0.298,
        "obp": 0.388,
        "slg": 0.541,
        "rbi": 101,
        "sb": 2,
        "hr": 31
      },
      {
        "name": "채은성",
        "year": 23,
        "team": "한화",
        "pa": 596,
        "ops": 0.779,
        "avg": 0.263,
        "obp": 0.351,
        "slg": 0.428,
        "rbi": 84,
        "sb": 0,
        "hr": 23
      },
      {
        "name": "이진영",
        "year": 23,
        "team": "한화",
        "pa": 422,
        "ops": 0.738,
        "avg": 0.249,
        "obp": 0.344,
        "slg": 0.394,
        "rbi": 50,
        "sb": 5,
        "hr": 10
      },
      {
        "name": "이도윤",
        "year": 23,
        "team": "한화",
        "pa": 346,
        "ops": 0.619,
        "avg": 0.252,
        "obp": 0.302,
        "slg": 0.317,
        "rbi": 13,
        "sb": 11,
        "hr": 1
      }
    ]
  },
  {
    "generation": 18,
    "expected_score": 5.43,
    "lineup": [
      "정은원",
      "최재훈",
      "채은성",
      "김인환",
      "문현빈",
      "김태연",
      "이진영",
      "이도윤",
      "노시환"
    ],
    "player_stats": [
      {
        "name": "정은원",
        "year": 23,
        "team": "한화",
        "pa": 459,
        "ops": 0.601,
        "avg": 0.222,
        "obp": 0.333,
        "slg": 0.268,
        "rbi": 30,
        "sb": 6,
        "hr": 2
      },
      {
        "name": "최재훈",
        "year": 23,
        "team": "한화",
        "pa": 417,
        "ops": 0.686,
        "avg": 0.248,
        "obp": 0.392,
        "slg": 0.294,
        "rbi": 33,
        "sb": 1,
        "hr": 1
      },
      {
        "name": "채은성",
        "year": 23,
        "team": "한화",
        "pa": 596,
        "ops": 0.779,
        "avg": 0.263,
        "obp": 0.351,
        "slg": 0.428,
        "rbi": 84,
        "sb": 0,
        "hr": 23
      },
      {
        "name": "김인환",
        "year": 23,
        "team": "한화",
        "pa": 365,
        "ops": 0.639,
        "avg": 0.225,
        "obp": 0.301,
        "slg": 0.338,
        "rbi": 42,
        "sb": 1,
        "hr": 7
      },
      {
        "name": "문현빈",
        "year": 23,
        "team": "한화",
        "pa": 481,
        "ops": 0.686,
        "avg": 0.266,
        "obp": 0.324,
        "slg": 0.362,
        "rbi": 49,
        "sb": 5,
        "hr": 5
      },
      {
        "name": "김태연",
        "year": 23,
        "team": "한화",
        "pa": 280,
        "ops": 0.7,
        "avg": 0.261,
        "obp": 0.337,
        "slg": 0.363,
        "rbi": 25,
        "sb": 5,
        "hr": 4
      },
      {
        "name": "이진영",
        "year": 23,
        "team": "한화",
        "pa": 422,
        "ops": 0.738,
        "avg": 0.249,
        "obp": 0.344,
        "slg": 0.394,
        "rbi": 50,
        "sb": 5,
        "hr": 10
      },
      {
        "name": "이도윤",
        "year": 23,
        "team": "한화",
        "pa": 346,
        "ops": 0.619,
        "avg": 0.252,
        "obp": 0.302,
        "slg": 0.317,
        "rbi": 13,
        "sb": 11,
        "hr": 1
      },
      {
        "name": "노시환",
        "year": 23,
        "team": "한화",
        "pa": 595,
        "ops": 0.929,
        "avg": 0.298,
        "obp": 0.388,
        "slg": 0.541,
        "rbi": 101,
        "sb": 2,
        "hr": 31
      }
    ]
  },
  {
    "generation": 19,
    "expected_score": 5.68,
    "lineup": [
      "김인환",
      "노시환",
      "최재훈",
      "김태연",
      "이진영",
      "채은성",
      "이도윤",
      "정은원",
      "문현빈"
    ],
    "player_stats": [
      {
        "name": "김인환",
        "year": 23,
        "team": "한화",
        "pa": 365,
        "ops": 0.639,
        "avg": 0.225,
        "obp": 0.301,
        "slg": 0.338,
        "rbi": 42,
        "sb": 1,
        "hr": 7
      },
      {
        "name": "노시환",
        "year": 23,
        "team": "한화",
        "pa": 595,
        "ops": 0.929,
        "avg": 0.298,
        "obp": 0.388,
        "slg": 0.541,
        "rbi": 101,
        "sb": 2,
        "hr": 31
      },
      {
        "name": "최재훈",
        "year": 23,
        "team": "한화",
        "pa": 417,
        "ops": 0.686,
        "avg": 0.248,
        "obp": 0.392,
        "slg": 0.294,
        "rbi": 33,
        "sb": 1,
        "hr": 1
      },
      {
        "name": "김태연",
        "year": 23,
        "team": "한화",
        "pa": 280,
        "ops": 0.7,
        "avg": 0.261,
        "obp": 0.337,
        "slg": 0.363,
        "rbi": 25,
        "sb": 5,
        "hr": 4
      },
      {
        "name": "이진영",
        "year": 23,
        "team": "한화",
        "pa": 422,
        "ops": 0.738,
        "avg": 0.249,
        "obp": 0.344,
        "slg": 0.394,
        "rbi": 50,
        "sb": 5,
        "hr": 10
      },
      {
        "name": "채은성",
        "year": 23,
        "team": "한화",
        "pa": 596,
        "ops": 0.779,
        "avg": 0.263,
        "obp": 0.351,
        "slg": 0.428,
        "rbi": 84,
        "sb": 0,
        "hr": 23
      },
      {
        "name": "이도윤",
        "year": 23,
        "team": "한화",
        "pa": 346,
        "ops": 0.619,
        "avg": 0.252,
        "obp": 0.302,
        "slg": 0.317,
        "rbi": 13,
        "sb": 11,
        "hr": 1
      },
      {
        "name": "정은원",
        "year": 23,
        "team": "한화",
        "pa": 459,
        "ops": 0.601,
        "avg": 0.222,
        "obp": 0.333,
        "slg": 0.268,
        "rbi": 30,
        "sb": 6,
        "hr": 2
      },
      {
        "name": "문현빈",
        "year": 23,
        "team": "한화",
        "pa": 481,
        "ops": 0.686,
        "avg": 0.266,
        "obp": 0.324,
        "slg": 0.362,
        "rbi": 49,
        "sb": 5,
        "hr": 5
      }
    ]
  },
  {
    "generation": 20,
    "expected_score": 5.74,
    "lineup": [
      "문현빈",
      "이진영",
      "최재훈",
      "김태연",
      "노시환",
      "채은성",
      "김인환",
      "이도윤",
      "정은원"
    ],
    "player_stats": [
      {
        "name": "문현빈",
        "year": 23,
        "team": "한화",
        "pa": 481,
        "ops": 0.686,
        "avg": 0.266,
        "obp": 0.324,
        "slg": 0.362,
        "rbi": 49,
        "sb": 5,
        "hr": 5
      },
      {
        "name": "이진영",
        "year": 23,
        "team": "한화",
        "pa": 422,
        "ops": 0.738,
        "avg": 0.249,
        "obp": 0.344,
        "slg": 0.394,
        "rbi": 50,
        "sb": 5,
        "hr": 10
      },
      {
        "name": "최재훈",
        "year": 23,
        "team": "한화",
        "pa": 417,
        "ops": 0.686,
        "avg": 0.248,
        "obp": 0.392,
        "slg": 0.294,
        "rbi": 33,
        "sb": 1,
        "hr": 1
      },
      {
        "name": "김태연",
        "year": 23,
        "team": "한화",
        "pa": 280,
        "ops": 0.7,
        "avg": 0.261,
        "obp": 0.337,
        "slg": 0.363,
        "rbi": 25,
        "sb": 5,
        "hr": 4
      },
      {
        "name": "노시환",
        "year": 23,
        "team": "한화",
        "pa": 595,
        "ops": 0.929,
        "avg": 0.298,
        "obp": 0.388,
        "slg": 0.541,
        "rbi": 101,
        "sb": 2,
        "hr": 31
      },
      {
        "name": "채은성",
        "year": 23,
        "team": "한화",
        "pa": 596,
        "ops": 0.779,
        "avg": 0.263,
        "obp": 0.351,
        "slg": 0.428,
        "rbi": 84,
        "sb": 0,
        "hr": 23
      },
      {
        "name": "김인환",
        "year": 23,
        "team": "한화",
        "pa": 365,
        "ops": 0.639,
        "avg": 0.225,
        "obp": 0.301,
        "slg": 0.338,
        "rbi": 42,
        "sb": 1,
        "hr": 7
      },
      {
        "name": "이도윤",
        "year": 23,
        "team": "한화",
        "pa": 346,
        "ops": 0.619,
        "avg": 0.252,
        "obp": 0.302,
        "slg": 0.317,
        "rbi": 13,
        "sb": 11,
        "hr": 1
      },
      {
        "name": "정은원",
        "year": 23,
        "team": "한화",
        "pa": 459,
        "ops": 0.601,
        "avg": 0.222,
        "obp": 0.333,
        "slg": 0.268,
        "rbi": 30,
        "sb": 6,
        "hr": 2
      }
    ]
  },
  {
    "generation": 21,
    "expected_score": 5.385,
    "lineup": [
      "최재훈",
      "채은성",
      "김태연",
      "노시환",
      "이진영",
      "김인환",
      "문현빈",
      "이도윤",
      "정은원"
    ],
    "player_stats": [
      {
        "name": "최재훈",
        "year": 23,
        "team": "한화",
        "pa": 417,
        "ops": 0.686,
        "avg": 0.248,
        "obp": 0.392,
        "slg": 0.294,
        "rbi": 33,
        "sb": 1,
        "hr": 1
      },
      {
        "name": "채은성",
        "year": 23,
        "team": "한화",
        "pa": 596,
        "ops": 0.779,
        "avg": 0.263,
        "obp": 0.351,
        "slg": 0.428,
        "rbi": 84,
        "sb": 0,
        "hr": 23
      },
      {
        "name": "김태연",
        "year": 23,
        "team": "한화",
        "pa": 280,
        "ops": 0.7,
        "avg": 0.261,
        "obp": 0.337,
        "slg": 0.363,
        "rbi": 25,
        "sb": 5,
        "hr": 4
      },
      {
        "name": "노시환",
        "year": 23,
        "team": "한화",
        "pa": 595,
        "ops": 0.929,
        "avg": 0.298,
        "obp": 0.388,
        "slg": 0.541,
        "rbi": 101,
        "sb": 2,
        "hr": 31
      },
      {
        "name": "이진영",
        "year": 23,
        "team": "한화",
        "pa": 422,
        "ops": 0.738,
        "avg": 0.249,
        "obp": 0.344,
        "slg": 0.394,
        "rbi": 50,
        "sb": 5,
        "hr": 10
      },
      {
        "name": "김인환",
        "year": 23,
        "team": "한화",
        "pa": 365,
        "ops": 0.639,
        "avg": 0.225,
        "obp": 0.301,
        "slg": 0.338,
        "rbi": 42,
        "sb": 1,
        "hr": 7
      },
      {
        "name": "문현빈",
        "year": 23,
        "team": "한화",
        "pa": 481,
        "ops": 0.686,
        "avg": 0.266,
        "obp": 0.324,
        "slg": 0.362,
        "rbi": 49,
        "sb": 5,
        "hr": 5
      },
      {
        "name": "이도윤",
        "year": 23,
        "team": "한화",
        "pa": 346,
        "ops": 0.619,
        "avg": 0.252,
        "obp": 0.302,
        "slg": 0.317,
        "rbi": 13,
        "sb": 11,
        "hr": 1
      },
      {
        "name": "정은원",
        "year": 23,
        "team": "한화",
        "pa": 459,
        "ops": 0.601,
        "avg": 0.222,
        "obp": 0.333,
        "slg": 0.268,
        "rbi": 30,
        "sb": 6,
        "hr": 2
      }
    ]
  },
  {
    "generation": 22,
    "expected_score": 5.355,
    "lineup": [
      "문현빈",
      "최재훈",
      "김태연",
      "이진영",
      "김인환",
      "노시환",
      "채은성",
      "이도윤",
      "정은원"
    ],
    "player_stats": [
      {
        "name": "문현빈",
        "year": 23,
        "team": "한화",
        "pa": 481,
        "ops": 0.686,
        "avg": 0.266,
        "obp": 0.324,
        "slg": 0.362,
        "rbi": 49,
        "sb": 5,
        "hr": 5
      },
      {
        "name": "최재훈",
        "year": 23,
        "team": "한화",
        "pa": 417,
        "ops": 0.686,
        "avg": 0.248,
        "obp": 0.392,
        "slg": 0.294,
        "rbi": 33,
        "sb": 1,
        "hr": 1
      },
      {
        "name": "김태연",
        "year": 23,
        "team": "한화",
        "pa": 280,
        "ops": 0.7,
        "avg": 0.261,
        "obp": 0.337,
        "slg": 0.363,
        "rbi": 25,
        "sb": 5,
        "hr": 4
      },
      {
        "name": "이진영",
        "year": 23,
        "team": "한화",
        "pa": 422,
        "ops": 0.738,
        "avg": 0.249,
        "obp": 0.344,
        "slg": 0.394,
        "rbi": 50,
        "sb": 5,
        "hr": 10
      },
      {
        "name": "김인환",
        "year": 23,
        "team": "한화",
        "pa": 365,
        "ops": 0.639,
        "avg": 0.225,
        "obp": 0.301,
        "slg": 0.338,
        "rbi": 42,
        "sb": 1,
        "hr": 7
      },
      {
        "name": "노시환",
        "year": 23,
        "team": "한화",
        "pa": 595,
        "ops": 0.929,
        "avg": 0.298,
        "obp": 0.388,
        "slg": 0.541,
        "rbi": 101,
        "sb": 2,
        "hr": 31
      },
      {
        "name": "채은성",
        "year": 23,
        "team": "한화",
        "pa": 596,
        "ops": 0.779,
        "avg": 0.263,
        "obp": 0.351,
        "slg": 0.428,
        "rbi": 84,
        "sb": 0,
        "hr": 23
      },
      {
        "name": "이도윤",
        "year": 23,
        "team": "한화",
        "pa": 346,
        "ops": 0.619,
        "avg": 0.252,
        "obp": 0.302,
        "slg": 0.317,
        "rbi": 13,
        "sb": 11,
        "hr": 1
      },
      {
        "name": "정은원",
        "year": 23,
        "team": "한화",
        "pa": 459,
        "ops": 0.601,
        "avg": 0.222,
        "obp": 0.333,
        "slg": 0.268,
        "rbi": 30,
        "sb": 6,
        "hr": 2
      }
    ]
  },
  {
    "generation": 23,
    "expected_score": 5.43,
    "lineup": [
      "문현빈",
      "최재훈",
      "김태연",
      "채은성",
      "이진영",
      "김인환",
      "이도윤",
      "노시환",
      "정은원"
    ],
    "player_stats": [
      {
        "name": "문현빈",
        "year": 23,
        "team": "한화",
        "pa": 481,
        "ops": 0.686,
        "avg": 0.266,
        "obp": 0.324,
        "slg": 0.362,
        "rbi": 49,
        "sb": 5,
        "hr": 5
      },
      {
        "name": "최재훈",
        "year": 23,
        "team": "한화",
        "pa": 417,
        "ops": 0.686,
        "avg": 0.248,
        "obp": 0.392,
        "slg": 0.294,
        "rbi": 33,
        "sb": 1,
        "hr": 1
      },
      {
        "name": "김태연",
        "year": 23,
        "team": "한화",
        "pa": 280,
        "ops": 0.7,
        "avg": 0.261,
        "obp": 0.337,
        "slg": 0.363,
        "rbi": 25,
        "sb": 5,
        "hr": 4
      },
      {
        "name": "채은성",
        "year": 23,
        "team": "한화",
        "pa": 596,
        "ops": 0.779,
        "avg": 0.263,
        "obp": 0.351,
        "slg": 0.428,
        "rbi": 84,
        "sb": 0,
        "hr": 23
      },
      {
        "name": "이진영",
        "year": 23,
        "team": "한화",
        "pa": 422,
        "ops": 0.738,
        "avg": 0.249,
        "obp": 0.344,
        "slg": 0.394,
        "rbi": 50,
        "sb": 5,
        "hr": 10
      },
      {
        "name": "김인환",
        "year": 23,
        "team": "한화",
        "pa": 365,
        "ops": 0.639,
        "avg": 0.225,
        "obp": 0.301,
        "slg": 0.338,
        "rbi": 42,
        "sb": 1,
        "hr": 7
      },
      {
        "name": "이도윤",
        "year": 23,
        "team": "한화",
        "pa": 346,
        "ops": 0.619,
        "avg": 0.252,
        "obp": 0.302,
        "slg": 0.317,
        "rbi": 13,
        "sb": 11,
        "hr": 1
      },
      {
        "name": "노시환",
        "year": 23,
        "team": "한화",
        "pa": 595,
        "ops": 0.929,
        "avg": 0.298,
        "obp": 0.388,
        "slg": 0.541,
        "rbi": 101,
        "sb": 2,
        "hr": 31
      },
      {
        "name": "정은원",
        "year": 23,
        "team": "한화",
        "pa": 459,
        "ops": 0.601,
        "avg": 0.222,
        "obp": 0.333,
        "slg": 0.268,
        "rbi": 30,
        "sb": 6,
        "hr": 2
      }
    ]
  },
  {
    "generation": 24,
    "expected_score": 5.58,
    "lineup": [
      "문현빈",
      "최재훈",
      "김태연",
      "이진영",
      "채은성",
      "노시환",
      "김인환",
      "이도윤",
      "정은원"
    ],
    "player_stats": [
      {
        "name": "문현빈",
        "year": 23,
        "team": "한화",
        "pa": 481,
        "ops": 0.686,
        "avg": 0.266,
        "obp": 0.324,
        "slg": 0.362,
        "rbi": 49,
        "sb": 5,
        "hr": 5
      },
      {
        "name": "최재훈",
        "year": 23,
        "team": "한화",
        "pa": 417,
        "ops": 0.686,
        "avg": 0.248,
        "obp": 0.392,
        "slg": 0.294,
        "rbi": 33,
        "sb": 1,
        "hr": 1
      },
      {
        "name": "김태연",
        "year": 23,
        "team": "한화",
        "pa": 280,
        "ops": 0.7,
        "avg": 0.261,
        "obp": 0.337,
        "slg": 0.363,
        "rbi": 25,
        "sb": 5,
        "hr": 4
      },
      {
        "name": "이진영",
        "year": 23,
        "team": "한화",
        "pa": 422,
        "ops": 0.738,
        "avg": 0.249,
        "obp": 0.344,
        "slg": 0.394,
        "rbi": 50,
        "sb": 5,
        "hr": 10
      },
      {
        "name": "채은성",
        "year": 23,
        "team": "한화",
        "pa": 596,
        "ops": 0.779,
        "avg": 0.263,
        "obp": 0.351,
        "slg": 0.428,
        "rbi": 84,
        "sb": 0,
        "hr": 23
      },
      {
        "name": "노시환",
        "year": 23,
        "team": "한화",
        "pa": 595,
        "ops": 0.929,
        "avg": 0.298,
        "obp": 0.388,
        "slg": 0.541,
        "rbi": 101,
        "sb": 2,
        "hr": 31
      },
      {
        "name": "김인환",
        "year": 23,
        "team": "한화",
        "pa": 365,
        "ops": 0.639,
        "avg": 0.225,
        "obp": 0.301,
        "slg": 0.338,
        "rbi": 42,
        "sb": 1,
        "hr": 7
      },
      {
        "name": "이도윤",
        "year": 23,
        "team": "한화",
        "pa": 346,
        "ops": 0.619,
        "avg": 0.252,
        "obp": 0.302,
        "slg": 0.317,
        "rbi": 13,
        "sb": 11,
        "hr": 1
      },
      {
        "name": "정은원",
        "year": 23,
        "team": "한화",
        "pa": 459,
        "ops": 0.601,
        "avg": 0.222,
        "obp": 0.333,
        "slg": 0.268,
        "rbi": 30,
        "sb": 6,
        "hr": 2
      }
    ]
  },
  {
    "generation": 25,
    "expected_score": 5.715,
    "lineup": [
      "문현빈",
      "김태연",
      "김인환",
      "이진영",
      "노시환",
      "최재훈",
      "채은성",
      "이도윤",
      "정은원"
    ],
    "player_stats": [
      {
        "name": "문현빈",
        "year": 23,
        "team": "한화",
        "pa": 481,
        "ops": 0.686,
        "avg": 0.266,
        "obp": 0.324,
        "slg": 0.362,
        "rbi": 49,
        "sb": 5,
        "hr": 5
      },
      {
        "name": "김태연",
        "year": 23,
        "team": "한화",
        "pa": 280,
        "ops": 0.7,
        "avg": 0.261,
        "obp": 0.337,
        "slg": 0.363,
        "rbi": 25,
        "sb": 5,
        "hr": 4
      },
      {
        "name": "김인환",
        "year": 23,
        "team": "한화",
        "pa": 365,
        "ops": 0.639,
        "avg": 0.225,
        "obp": 0.301,
        "slg": 0.338,
        "rbi": 42,
        "sb": 1,
        "hr": 7
      },
      {
        "name": "이진영",
        "year": 23,
        "team": "한화",
        "pa": 422,
        "ops": 0.738,
        "avg": 0.249,
        "obp": 0.344,
        "slg": 0.394,
        "rbi": 50,
        "sb": 5,
        "hr": 10
      },
      {
        "name": "노시환",
        "year": 23,
        "team": "한화",
        "pa": 595,
        "ops": 0.929,
        "avg": 0.298,
        "obp": 0.388,
        "slg": 0.541,
        "rbi": 101,
        "sb": 2,
        "hr": 31
      },
      {
        "name": "최재훈",
        "year": 23,
        "team": "한화",
        "pa": 417,
        "ops": 0.686,
        "avg": 0.248,
        "obp": 0.392,
        "slg": 0.294,
        "rbi": 33,
        "sb": 1,
        "hr": 1
      },
      {
        "name": "채은성",
        "year": 23,
        "team": "한화",
        "pa": 596,
        "ops": 0.779,
        "avg": 0.263,
        "obp": 0.351,
        "slg": 0.428,
        "rbi": 84,
        "sb": 0,
        "hr": 23
      },
      {
        "name": "이도윤",
        "year": 23,
        "team": "한화",
        "pa": 346,
        "ops": 0.619,
        "avg": 0.252,
        "obp": 0.302,
        "slg": 0.317,
        "rbi": 13,
        "sb": 11,
        "hr": 1
      },
      {
        "name": "정은원",
        "year": 23,
        "team": "한화",
        "pa": 459,
        "ops": 0.601,
        "avg": 0.222,
        "obp": 0.333,
        "slg": 0.268,
        "rbi": 30,
        "sb": 6,
        "hr": 2
      }
    ]
  },
  {
    "generation": 26,
    "expected_score": 5.285,
    "lineup": [
      "정은원",
      "김태연",
      "김인환",
      "채은성",
      "노시환",
      "이진영",
      "최재훈",
      "이도윤",
      "문현빈"
    ],
    "player_stats": [
      {
        "name": "정은원",
        "year": 23,
        "team": "한화",
        "pa": 459,
        "ops": 0.601,
        "avg": 0.222,
        "obp": 0.333,
        "slg": 0.268,
        "rbi": 30,
        "sb": 6,
        "hr": 2
      },
      {
        "name": "김태연",
        "year": 23,
        "team": "한화",
        "pa": 280,
        "ops": 0.7,
        "avg": 0.261,
        "obp": 0.337,
        "slg": 0.363,
        "rbi": 25,
        "sb": 5,
        "hr": 4
      },
      {
        "name": "김인환",
        "year": 23,
        "team": "한화",
        "pa": 365,
        "ops": 0.639,
        "avg": 0.225,
        "obp": 0.301,
        "slg": 0.338,
        "rbi": 42,
        "sb": 1,
        "hr": 7
      },
      {
        "name": "채은성",
        "year": 23,
        "team": "한화",
        "pa": 596,
        "ops": 0.779,
        "avg": 0.263,
        "obp": 0.351,
        "slg": 0.428,
        "rbi": 84,
        "sb": 0,
        "hr": 23
      },
      {
        "name": "노시환",
        "year": 23,
        "team": "한화",
        "pa": 595,
        "ops": 0.929,
        "avg": 0.298,
        "obp": 0.388,
        "slg": 0.541,
        "rbi": 101,
        "sb": 2,
        "hr": 31
      },
      {
        "name": "이진영",
        "year": 23,
        "team": "한화",
        "pa": 422,
        "ops": 0.738,
        "avg": 0.249,
        "obp": 0.344,
        "slg": 0.394,
        "rbi": 50,
        "sb": 5,
        "hr": 10
      },
      {
        "name": "최재훈",
        "year": 23,
        "team": "한화",
        "pa": 417,
        "ops": 0.686,
        "avg": 0.248,
        "obp": 0.392,
        "slg": 0.294,
        "rbi": 33,
        "sb": 1,
        "hr": 1
      },
      {
        "name": "이도윤",
        "year": 23,
        "team": "한화",
        "pa": 346,
        "ops": 0.619,
        "avg": 0.252,
        "obp": 0.302,
        "slg": 0.317,
        "rbi": 13,
        "sb": 11,
        "hr": 1
      },
      {
        "name": "문현빈",
        "year": 23,
        "team": "한화",
        "pa": 481,
        "ops": 0.686,
        "avg": 0.266,
        "obp": 0.324,
        "slg": 0.362,
        "rbi": 49,
        "sb": 5,
        "hr": 5
      }
    ]
  },
  {
    "generation": 27,
    "expected_score": 5.61,
    "lineup": [
      "최재훈",
      "정은원",
      "김태연",
      "채은성",
      "문현빈",
      "이진영",
      "노시환",
      "김인환",
      "이도윤"
    ],
    "player_stats": [
      {
        "name": "최재훈",
        "year": 23,
        "team": "한화",
        "pa": 417,
        "ops": 0.686,
        "avg": 0.248,
        "obp": 0.392,
        "slg": 0.294,
        "rbi": 33,
        "sb": 1,
        "hr": 1
      },
      {
        "name": "정은원",
        "year": 23,
        "team": "한화",
        "pa": 459,
        "ops": 0.601,
        "avg": 0.222,
        "obp": 0.333,
        "slg": 0.268,
        "rbi": 30,
        "sb": 6,
        "hr": 2
      },
      {
        "name": "김태연",
        "year": 23,
        "team": "한화",
        "pa": 280,
        "ops": 0.7,
        "avg": 0.261,
        "obp": 0.337,
        "slg": 0.363,
        "rbi": 25,
        "sb": 5,
        "hr": 4
      },
      {
        "name": "채은성",
        "year": 23,
        "team": "한화",
        "pa": 596,
        "ops": 0.779,
        "avg": 0.263,
        "obp": 0.351,
        "slg": 0.428,
        "rbi": 84,
        "sb": 0,
        "hr": 23
      },
      {
        "name": "문현빈",
        "year": 23,
        "team": "한화",
        "pa": 481,
        "ops": 0.686,
        "avg": 0.266,
        "obp": 0.324,
        "slg": 0.362,
        "rbi": 49,
        "sb": 5,
        "hr": 5
      },
      {
        "name": "이진영",
        "year": 23,
        "team": "한화",
        "pa": 422,
        "ops": 0.738,
        "avg": 0.249,
        "obp": 0.344,
        "slg": 0.394,
        "rbi": 50,
        "sb": 5,
        "hr": 10
      },
      {
        "name": "노시환",
        "year": 23,
        "team": "한화",
        "pa": 595,
        "ops": 0.929,
        "avg": 0.298,
        "obp": 0.388,
        "slg": 0.541,
        "rbi": 101,
        "sb": 2,
        "hr": 31
      },
      {
        "name": "김인환",
        "year": 23,
        "team": "한화",
        "pa": 365,
        "ops": 0.639,
        "avg": 0.225,
        "obp": 0.301,
        "slg": 0.338,
        "rbi": 42,
        "sb": 1,
        "hr": 7
      },
      {
        "name": "이도윤",
        "year": 23,
        "team": "한화",
        "pa": 346,
        "ops": 0.619,
        "avg": 0.252,
        "obp": 0.302,
        "slg": 0.317,
        "rbi": 13,
        "sb": 11,
        "hr": 1
      }
    ]
  },
  {
    "generation": 28,
    "expected_score": 5.53,
    "lineup": [
      "최재훈",
      "정은원",
      "김태연",
      "채은성",
      "문현빈",
      "김인환",
      "노시환",
      "이진영",
      "이도윤"
    ],
    "player_stats": [
      {
        "name": "최재훈",
        "year": 23,
        "team": "한화",
        "pa": 417,
        "ops": 0.686,
        "avg": 0.248,
        "obp": 0.392,
        "slg": 0.294,
        "rbi": 33,
        "sb": 1,
        "hr": 1
      },
      {
        "name": "정은원",
        "year": 23,
        "team": "한화",
        "pa": 459,
        "ops": 0.601,
        "avg": 0.222,
        "obp": 0.333,
        "slg": 0.268,
        "rbi": 30,
        "sb": 6,
        "hr": 2
      },
      {
        "name": "김태연",
        "year": 23,
        "team": "한화",
        "pa": 280,
        "ops": 0.7,
        "avg": 0.261,
        "obp": 0.337,
        "slg": 0.363,
        "rbi": 25,
        "sb": 5,
        "hr": 4
      },
      {
        "name": "채은성",
        "year": 23,
        "team": "한화",
        "pa": 596,
        "ops": 0.779,
        "avg": 0.263,
        "obp": 0.351,
        "slg": 0.428,
        "rbi": 84,
        "sb": 0,
        "hr": 23
      },
      {
        "name": "문현빈",
        "year": 23,
        "team": "한화",
        "pa": 481,
        "ops": 0.686,
        "avg": 0.266,
        "obp": 0.324,
        "slg": 0.362,
        "rbi": 49,
        "sb": 5,
        "hr": 5
      },
      {
        "name": "김인환",
        "year": 23,
        "team": "한화",
        "pa": 365,
        "ops": 0.639,
        "avg": 0.225,
        "obp": 0.301,
        "slg": 0.338,
        "rbi": 42,
        "sb": 1,
        "hr": 7
      },
      {
        "name": "노시환",
        "year": 23,
        "team": "한화",
        "pa": 595,
        "ops": 0.929,
        "avg": 0.298,
        "obp": 0.388,
        "slg": 0.541,
        "rbi": 101,
        "sb": 2,
        "hr": 31
      },
      {
        "name": "이진영",
        "year": 23,
        "team": "한화",
        "pa": 422,
        "ops": 0.738,
        "avg": 0.249,
        "obp": 0.344,
        "slg": 0.394,
        "rbi": 50,
        "sb": 5,
        "hr": 10
      },
      {
        "name": "이도윤",
        "year": 23,
        "team": "한화",
        "pa": 346,
        "ops": 0.619,
        "avg": 0.252,
        "obp": 0.302,
        "slg": 0.317,
        "rbi": 13,
        "sb": 11,
        "hr": 1
      }
    ]
  },
  {
    "generation": 29,
    "expected_score": 5.91,
    "lineup": [
      "최재훈",
      "정은원",
      "김태연",
      "채은성",
      "문현빈",
      "이도윤",
      "노시환",
      "김인환",
      "이진영"
    ],
    "player_stats": [
      {
        "name": "최재훈",
        "year": 23,
        "team": "한화",
        "pa": 417,
        "ops": 0.686,
        "avg": 0.248,
        "obp": 0.392,
        "slg": 0.294,
        "rbi": 33,
        "sb": 1,
        "hr": 1
      },
      {
        "name": "정은원",
        "year": 23,
        "team": "한화",
        "pa": 459,
        "ops": 0.601,
        "avg": 0.222,
        "obp": 0.333,
        "slg": 0.268,
        "rbi": 30,
        "sb": 6,
        "hr": 2
      },
      {
        "name": "김태연",
        "year": 23,
        "team": "한화",
        "pa": 280,
        "ops": 0.7,
        "avg": 0.261,
        "obp": 0.337,
        "slg": 0.363,
        "rbi": 25,
        "sb": 5,
        "hr": 4
      },
      {
        "name": "채은성",
        "year": 23,
        "team": "한화",
        "pa": 596,
        "ops": 0.779,
        "avg": 0.263,
        "obp": 0.351,
        "slg": 0.428,
        "rbi": 84,
        "sb": 0,
        "hr": 23
      },
      {
        "name": "문현빈",
        "year": 23,
        "team": "한화",
        "pa": 481,
        "ops": 0.686,
        "avg": 0.266,
        "obp": 0.324,
        "slg": 0.362,
        "rbi": 49,
        "sb": 5,
        "hr": 5
      },
      {
        "name": "이도윤",
        "year": 23,
        "team": "한화",
        "pa": 346,
        "ops": 0.619,
        "avg": 0.252,
        "obp": 0.302,
        "slg": 0.317,
        "rbi": 13,
        "sb": 11,
        "hr": 1
      },
      {
        "name": "노시환",
        "year": 23,
        "team": "한화",
        "pa": 595,
        "ops": 0.929,
        "avg": 0.298,
        "obp": 0.388,
        "slg": 0.541,
        "rbi": 101,
        "sb": 2,
        "hr": 31
      },
      {
        "name": "김인환",
        "year": 23,
        "team": "한화",
        "pa": 365,
        "ops": 0.639,
        "avg": 0.225,
        "obp": 0.301,
        "slg": 0.338,
        "rbi": 42,
        "sb": 1,
        "hr": 7
      },
      {
        "name": "이진영",
        "year": 23,
        "team": "한화",
        "pa": 422,
        "ops": 0.738,
        "avg": 0.249,
        "obp": 0.344,
        "slg": 0.394,
        "rbi": 50,
        "sb": 5,
        "hr": 10
      }
    ]
  },
  {
    "generation": 30,
    "expected_score": 5.49,
    "lineup": [
      "김태연",
      "최재훈",
      "정은원",
      "채은성",
      "문현빈",
      "이진영",
      "이도윤",
      "김인환",
      "노시환"
    ],
    "player_stats": [
      {
        "name": "김태연",
        "year": 23,
        "team": "한화",
        "pa": 280,
        "ops": 0.7,
        "avg": 0.261,
        "obp": 0.337,
        "slg": 0.363,
        "rbi": 25,
        "sb": 5,
        "hr": 4
      },
      {
        "name": "최재훈",
        "year": 23,
        "team": "한화",
        "pa": 417,
        "ops": 0.686,
        "avg": 0.248,
        "obp": 0.392,
        "slg": 0.294,
        "rbi": 33,
        "sb": 1,
        "hr": 1
      },
      {
        "name": "정은원",
        "year": 23,
        "team": "한화",
        "pa": 459,
        "ops": 0.601,
        "avg": 0.222,
        "obp": 0.333,
        "slg": 0.268,
        "rbi": 30,
        "sb": 6,
        "hr": 2
      },
      {
        "name": "채은성",
        "year": 23,
        "team": "한화",
        "pa": 596,
        "ops": 0.779,
        "avg": 0.263,
        "obp": 0.351,
        "slg": 0.428,
        "rbi": 84,
        "sb": 0,
        "hr": 23
      },
      {
        "name": "문현빈",
        "year": 23,
        "team": "한화",
        "pa": 481,
        "ops": 0.686,
        "avg": 0.266,
        "obp": 0.324,
        "slg": 0.362,
        "rbi": 49,
        "sb": 5,
        "hr": 5
      },
      {
        "name": "이진영",
        "year": 23,
        "team": "한화",
        "pa": 422,
        "ops": 0.738,
        "avg": 0.249,
        "obp": 0.344,
        "slg": 0.394,
        "rbi": 50,
        "sb": 5,
        "hr": 10
      },
      {
        "name": "이도윤",
        "year": 23,
        "team": "한화",
        "pa": 346,
        "ops": 0.619,
        "avg": 0.252,
        "obp": 0.302,
        "slg": 0.317,
        "rbi": 13,
        "sb": 11,
        "hr": 1
      },
      {
        "name": "김인환",
        "year": 23,
        "team": "한화",
        "pa": 365,
        "ops": 0.639,
        "avg": 0.225,
        "obp": 0.301,
        "slg": 0.338,
        "rbi": 42,
        "sb": 1,
        "hr": 7
      },
      {
        "name": "노시환",
        "year": 23,
        "team": "한화",
        "pa": 595,
        "ops": 0.929,
        "avg": 0.298,
        "obp": 0.388,
        "slg": 0.541,
        "rbi": 101,
        "sb": 2,
        "hr": 31
      }
    ]
  }
]