[
  {
    "generation": 1,
    "expected_score": 6.47,
    "lineup": [
      "강백호",
      "로하스",
      "황재균",
      "문상철",
      "김상수",
      "장성우",
      "천성호",
      "김민혁",
      "배정대"
    ],
    "player_stats": [
      {
        "name": "강백호",
        "year": 24,
        "team": "KT",
        "pa": 614,
        "ops": 0.84,
        "avg": 0.289,
        "obp": 0.36,
        "slg": 0.48,
        "rbi": 96,
        "sb": 6,
        "hr": 26
      },
      {
        "name": "로하스",
        "year": 24,
        "team": "KT",
        "pa": 670,
        "ops": 0.989,
        "avg": 0.329,
        "obp": 0.421,
        "slg": 0.568,
        "rbi": 112,
        "sb": 2,
        "hr": 32
      },
      {
        "name": "황재균",
        "year": 24,
        "team": "KT",
        "pa": 536,
        "ops": 0.692,
        "avg": 0.26,
        "obp": 0.309,
        "slg": 0.383,
        "rbi": 58,
        "sb": 4,
        "hr": 13
      },
      {
        "name": "문상철",
        "year": 24,
        "team": "KT",
        "pa": 403,
        "ops": 0.786,
        "avg": 0.256,
        "obp": 0.351,
        "slg": 0.435,
        "rbi": 58,
        "sb": 6,
        "hr": 17
      },
      {
        "name": "김상수",
        "year": 24,
        "team": "KT",
        "pa": 420,
        "ops": 0.73,
        "avg": 0.276,
        "obp": 0.351,
        "slg": 0.379,
        "rbi": 45,
        "sb": 3,
        "hr": 4
      },
      {
        "name": "장성우",
        "year": 24,
        "team": "KT",
        "pa": 489,
        "ops": 0.805,
        "avg": 0.268,
        "obp": 0.355,
        "slg": 0.45,
        "rbi": 81,
        "sb": 5,
        "hr": 19
      },
      {
        "name": "천성호",
        "year": 24,
        "team": "KT",
        "pa": 255,
        "ops": 0.714,
        "avg": 0.295,
        "obp": 0.346,
        "slg": 0.368,
        "rbi": 17,
        "sb": 7,
        "hr": 1
      },
      {
        "name": "김민혁",
        "year": 24,
        "team": "KT",
        "pa": 393,
        "ops": 0.829,
        "avg": 0.353,
        "obp": 0.41,
        "slg": 0.419,
        "rbi": 34,
        "sb": 4,
        "hr": 1
      },
      {
        "name": "배정대",
        "year": 24,
        "team": "KT",
        "pa": 473,
        "ops": 0.749,
        "avg": 0.275,
        "obp": 0.355,
        "slg": 0.394,
        "rbi": 59,
        "sb": 9,
        "hr": 7
      }
    ]
  },
  {
    "generation": 2,
    "expected_score": 6.255,
    "lineup": [
      "로하스",
      "문상철",
      "배정대",
      "강백호",
      "김민혁",
      "황재균",
      "김상수",
      "장성우",
      "천성호"
    ],
    "player_stats": [
      {
        "name": "로하스",
        "year": 24,
        "team": "KT",
        "pa": 670,
        "ops": 0.989,
        "avg": 0.329,
        "obp": 0.421,
        "slg": 0.568,
        "rbi": 112,
        "sb": 2,
        "hr": 32
      },
      {
        "name": "문상철",
        "year": 24,
        "team": "KT",
        "pa": 403,
        "ops": 0.786,
        "avg": 0.256,
        "obp": 0.351,
        "slg": 0.435,
        "rbi": 58,
        "sb": 6,
        "hr": 17
      },
      {
        "name": "배정대",
        "year": 24,
        "team": "KT",
        "pa": 473,
        "ops": 0.749,
        "avg": 0.275,
        "obp": 0.355,
        "slg": 0.394,
        "rbi": 59,
        "sb": 9,
        "hr": 7
      },
      {
        "name": "강백호",
        "year": 24,
        "team": "KT",
        "pa": 614,
        "ops": 0.84,
        "avg": 0.289,
        "obp": 0.36,
        "slg": 0.48,
        "rbi": 96,
        "sb": 6,
        "hr": 26
      },
      {
        "name": "김민혁",
        "year": 24,
        "team": "KT",
        "pa": 393,
        "ops": 0.829,
        "avg": 0.353,
        "obp": 0.41,
        "slg": 0.419,
        "rbi": 34,
        "sb": 4,
        "hr": 1
      },
      {
        "name": "황재균",
        "year": 24,
        "team": "KT",
        "pa": 536,
        "ops": 0.692,
        "avg": 0.26,
        "obp": 0.309,
        "slg": 0.383,
        "rbi": 58,
        "sb": 4,
        "hr": 13
      },
      {
        "name": "김상수",
        "year": 24,
        "team": "KT",
        "pa": 420,
        "ops": 0.73,
        "avg": 0.276,
        "obp": 0.351,
        "slg": 0.379,
        "rbi": 45,
        "sb": 3,
        "hr": 4
      },
      {
        "name": "장성우",
        "year": 24,
        "team": "KT",
        "pa": 489,
        "ops": 0.805,
        "avg": 0.268,
        "obp": 0.355,
        "slg": 0.45,
        "rbi": 81,
        "sb": 5,
        "hr": 19
      },
      {
        "name": "천성호",
        "year": 24,
        "team": "KT",
        "pa": 255,
        "ops": 0.714,
        "avg": 0.295,
        "obp": 0.346,
        "slg": 0.368,
        "rbi": 17,
        "sb": 7,
        "hr": 1
      }
    ]
  },
  {
    "generation": 3,
    "expected_score": 6.225,
    "lineup": [
      "로하스",
      "문상철",
      "배정대",
      "강백호",
      "김민혁",
      "황재균",
      "김상수",
      "장성우",
      "천성호"
    ],
    "player_stats": [
      {
        "name": "로하스",
        "year": 24,
        "team": "KT",
        "pa": 670,
        "ops": 0.989,
        "avg": 0.329,
        "obp": 0.421,
        "slg": 0.568,
        "rbi": 112,
        "sb": 2,
        "hr": 32
      },
      {
        "name": "문상철",
        "year": 24,
        "team": "KT",
        "pa": 403,
        "ops": 0.786,
        "avg": 0.256,
        "obp": 0.351,
        "slg": 0.435,
        "rbi": 58,
        "sb": 6,
        "hr": 17
      },
      {
        "name": "배정대",
        "year": 24,
        "team": "KT",
        "pa": 473,
        "ops": 0.749,
        "avg": 0.275,
        "obp": 0.355,
        "slg": 0.394,
        "rbi": 59,
        "sb": 9,
        "hr": 7
      },
      {
        "name": "강백호",
        "year": 24,
        "team": "KT",
        "pa": 614,
        "ops": 0.84,
        "avg": 0.289,
        "obp": 0.36,
        "slg": 0.48,
        "rbi": 96,
        "sb": 6,
        "hr": 26
      },
      {
        "name": "김민혁",
        "year": 24,
        "team": "KT",
        "pa": 393,
        "ops": 0.829,
        "avg": 0.353,
        "obp": 0.41,
        "slg": 0.419,
        "rbi": 34,
        "sb": 4,
        "hr": 1
      },
      {
        "name": "황재균",
        "year": 24,
        "team": "KT",
        "pa": 536,
        "ops": 0.692,
        "avg": 0.26,
        "obp": 0.309,
        "slg": 0.383,
        "rbi": 58,
        "sb": 4,
        "hr": 13
      },
      {
        "name": "김상수",
        "year": 24,
        "team": "KT",
        "pa": 420,
        "ops": 0.73,
        "avg": 0.276,
        "obp": 0.351,
        "slg": 0.379,
        "rbi": 45,
        "sb": 3,
        "hr": 4
      },
      {
        "name": "장성우",
        "year": 24,
        "team": "KT",
        "pa": 489,
        "ops": 0.805,
        "avg": 0.268,
        "obp": 0.355,
        "slg": 0.45,
        "rbi": 81,
        "sb": 5,
        "hr": 19
      },
      {
        "name": "천성호",
        "year": 24,
        "team": "KT",
        "pa": 255,
        "ops": 0.714,
        "avg": 0.295,
        "obp": 0.346,
        "slg": 0.368,
        "rbi": 17,
        "sb": 7,
        "hr": 1
      }
    ]
  },
  {
    "generation": 4,
    "expected_score": 6.41,
    "lineup": [
      "로하스",
      "배정대",
      "문상철",
      "강백호",
      "김민혁",
      "황재균",
      "김상수",
      "천성호",
      "장성우"
    ],
    "player_stats": [
      {
        "name": "로하스",
        "year": 24,
        "team": "KT",
        "pa": 670,
        "ops": 0.989,
        "avg": 0.329,
        "obp": 0.421,
        "slg": 0.568,
        "rbi": 112,
        "sb": 2,
        "hr": 32
      },
      {
        "name": "배정대",
        "year": 24,
        "team": "KT",
        "pa": 473,
        "ops": 0.749,
        "avg": 0.275,
        "obp": 0.355,
        "slg": 0.394,
        "rbi": 59,
        "sb": 9,
        "hr": 7
      },
      {
        "name": "문상철",
        "year": 24,
        "team": "KT",
        "pa": 403,
        "ops": 0.786,
        "avg": 0.256,
        "obp": 0.351,
        "slg": 0.435,
        "rbi": 58,
        "sb": 6,
        "hr": 17
      },
      {
        "name": "강백호",
        "year": 24,
        "team": "KT",
        "pa": 614,
        "ops": 0.84,
        "avg": 0.289,
        "obp": 0.36,
        "slg": 0.48,
        "rbi": 96,
        "sb": 6,
        "hr": 26
      },
      {
        "name": "김민혁",
        "year": 24,
        "team": "KT",
        "pa": 393,
        "ops": 0.829,
        "avg": 0.353,
        "obp": 0.41,
        "slg": 0.419,
        "rbi": 34,
        "sb": 4,
        "hr": 1
      },
      {
        "name": "황재균",
        "year": 24,
        "team": "KT",
        "pa": 536,
        "ops": 0.692,
        "avg": 0.26,
        "obp": 0.309,
        "slg": 0.383,
        "rbi": 58,
        "sb": 4,
        "hr": 13
      },
      {
        "name": "김상수",
        "year": 24,
        "team": "KT",
        "pa": 420,
        "ops": 0.73,
        "avg": 0.276,
        "obp": 0.351,
        "slg": 0.379,
        "rbi": 45,
        "sb": 3,
        "hr": 4
      },
      {
        "name": "천성호",
        "year": 24,
        "team": "KT",
        "pa": 255,
        "ops": 0.714,
        "avg": 0.295,
        "obp": 0.346,
        "slg": 0.368,
        "rbi": 17,
        "sb": 7,
        "hr": 1
      },
      {
        "name": "장성우",
        "year": 24,
        "team": "KT",
        "pa": 489,
        "ops": 0.805,
        "avg": 0.268,
        "obp": 0.355,
        "slg": 0.45,
        "rbi": 81,
        "sb": 5,
        "hr": 19
      }
    ]
  },
  {
    "generation": 5,
    "expected_score": 6.385,
    "lineup": [
      "문상철",
      "배정대",
      "김민혁",
      "황재균",
      "강백호",
      "천성호",
      "로하스",
      "장성우",
      "김상수"
    ],
    "player_stats": [
      {
        "name": "문상철",
        "year": 24,
        "team": "KT",
        "pa": 403,
        "ops": 0.786,
        "avg": 0.256,
        "obp": 0.351,
        "slg": 0.435,
        "rbi": 58,
        "sb": 6,
        "hr": 17
      },
      {
        "name": "배정대",
        "year": 24,
        "team": "KT",
        "pa": 473,
        "ops": 0.749,
        "avg": 0.275,
        "obp": 0.355,
        "slg": 0.394,
        "rbi": 59,
        "sb": 9,
        "hr": 7
      },
      {
        "name": "김민혁",
        "year": 24,
        "team": "KT",
        "pa": 393,
        "ops": 0.829,
        "avg": 0.353,
        "obp": 0.41,
        "slg": 0.419,
        "rbi": 34,
        "sb": 4,
        "hr": 1
      },
      {
        "name": "황재균",
        "year": 24,
        "team": "KT",
        "pa": 536,
        "ops": 0.692,
        "avg": 0.26,
        "obp": 0.309,
        "slg": 0.383,
        "rbi": 58,
        "sb": 4,
        "hr": 13
      },
      {
        "name": "강백호",
        "year": 24,
        "team": "KT",
        "pa": 614,
        "ops": 0.84,
        "avg": 0.289,
        "obp": 0.36,
        "slg": 0.48,
        "rbi": 96,
        "sb": 6,
        "hr": 26
      },
      {
        "name": "천성호",
        "year": 24,
        "team": "KT",
        "pa": 255,
        "ops": 0.714,
        "avg": 0.295,
        "obp": 0.346,
        "slg": 0.368,
        "rbi": 17,
        "sb": 7,
        "hr": 1
      },
      {
        "name": "로하스",
        "year": 24,
        "team": "KT",
        "pa": 670,
        "ops": 0.989,
        "avg": 0.329,
        "obp": 0.421,
        "slg": 0.568,
        "rbi": 112,
        "sb": 2,
        "hr": 32
      },
      {
        "name": "장성우",
        "year": 24,
        "team": "KT",
        "pa": 489,
        "ops": 0.805,
        "avg": 0.268,
        "obp": 0.355,
        "slg": 0.45,
        "rbi": 81,
        "sb": 5,
        "hr": 19
      },
      {
        "name": "김상수",
        "year": 24,
        "team": "KT",
        "pa": 420,
        "ops": 0.73,
        "avg": 0.276,
        "obp": 0.351,
        "slg": 0.379,
        "rbi": 45,
        "sb": 3,
        "hr": 4
      }
    ]
  },
  {
    "generation": 6,
    "expected_score": 6.52,
    "lineup": [
      "황재균",
      "김민혁",
      "로하스",
      "문상철",
      "배정대",
      "강백호",
      "천성호",
      "장성우",
      "김상수"
    ],
    "player_stats": [
      {
        "name": "황재균",
        "year": 24,
        "team": "KT",
        "pa": 536,
        "ops": 0.692,
        "avg": 0.26,
        "obp": 0.309,
        "slg": 0.383,
        "rbi": 58,
        "sb": 4,
        "hr": 13
      },
      {
        "name": "김민혁",
        "year": 24,
        "team": "KT",
        "pa": 393,
        "ops": 0.829,
        "avg": 0.353,
        "obp": 0.41,
        "slg": 0.419,
        "rbi": 34,
        "sb": 4,
        "hr": 1
      },
      {
        "name": "로하스",
        "year": 24,
        "team": "KT",
        "pa": 670,
        "ops": 0.989,
        "avg": 0.329,
        "obp": 0.421,
        "slg": 0.568,
        "rbi": 112,
        "sb": 2,
        "hr": 32
      },
      {
        "name": "문상철",
        "year": 24,
        "team": "KT",
        "pa": 403,
        "ops": 0.786,
        "avg": 0.256,
        "obp": 0.351,
        "slg": 0.435,
        "rbi": 58,
        "sb": 6,
        "hr": 17
      },
      {
        "name": "배정대",
        "year": 24,
        "team": "KT",
        "pa": 473,
        "ops": 0.749,
        "avg": 0.275,
        "obp": 0.355,
        "slg": 0.394,
        "rbi": 59,
        "sb": 9,
        "hr": 7
      },
      {
        "name": "강백호",
        "year": 24,
        "team": "KT",
        "pa": 614,
        "ops": 0.84,
        "avg": 0.289,
        "obp": 0.36,
        "slg": 0.48,
        "rbi": 96,
        "sb": 6,
        "hr": 26
      },
      {
        "name": "천성호",
        "year": 24,
        "team": "KT",
        "pa": 255,
        "ops": 0.714,
        "avg": 0.295,
        "obp": 0.346,
        "slg": 0.368,
        "rbi": 17,
        "sb": 7,
        "hr": 1
      },
      {
        "name": "장성우",
        "year": 24,
        "team": "KT",
        "pa": 489,
        "ops": 0.805,
        "avg": 0.268,
        "obp": 0.355,
        "slg": 0.45,
        "rbi": 81,
        "sb": 5,
        "hr": 19
      },
      {
        "name": "김상수",
        "year": 24,
        "team": "KT",
        "pa": 420,
        "ops": 0.73,
        "avg": 0.276,
        "obp": 0.351,
        "slg": 0.379,
        "rbi": 45,
        "sb": 3,
        "hr": 4
      }
    ]
  },
  {
    "generation": 7,
    "expected_score": 6.345,
    "lineup": [
      "로하스",
      "문상철",
      "배정대",
      "강백호",
      "김민혁",
      "황재균",
      "천성호",
      "김상수",
      "장성우"
    ],
    "player_stats": [
      {
        "name": "로하스",
        "year": 24,
        "team": "KT",
        "pa": 670,
        "ops": 0.989,
        "avg": 0.329,
        "obp": 0.421,
        "slg": 0.568,
        "rbi": 112,
        "sb": 2,
        "hr": 32
      },
      {
        "name": "문상철",
        "year": 24,
        "team": "KT",
        "pa": 403,
        "ops": 0.786,
        "avg": 0.256,
        "obp": 0.351,
        "slg": 0.435,
        "rbi": 58,
        "sb": 6,
        "hr": 17
      },
      {
        "name": "배정대",
        "year": 24,
        "team": "KT",
        "pa": 473,
        "ops": 0.749,
        "avg": 0.275,
        "obp": 0.355,
        "slg": 0.394,
        "rbi": 59,
        "sb": 9,
        "hr": 7
      },
      {
        "name": "강백호",
        "year": 24,
        "team": "KT",
        "pa": 614,
        "ops": 0.84,
        "avg": 0.289,
        "obp": 0.36,
        "slg": 0.48,
        "rbi": 96,
        "sb": 6,
        "hr": 26
      },
      {
        "name": "김민혁",
        "year": 24,
        "team": "KT",
        "pa": 393,
        "ops": 0.829,
        "avg": 0.353,
        "obp": 0.41,
        "slg": 0.419,
        "rbi": 34,
        "sb": 4,
        "hr": 1
      },
      {
        "name": "황재균",
        "year": 24,
        "team": "KT",
        "pa": 536,
        "ops": 0.692,
        "avg": 0.26,
        "obp": 0.309,
        "slg": 0.383,
        "rbi": 58,
        "sb": 4,
        "hr": 13
      },
      {
        "name": "천성호",
        "year": 24,
        "team": "KT",
        "pa": 255,
        "ops": 0.714,
        "avg": 0.295,
        "obp": 0.346,
        "slg": 0.368,
        "rbi": 17,
        "sb": 7,
        "hr": 1
      },
      {
        "name": "김상수",
        "year": 24,
        "team": "KT",
        "pa": 420,
        "ops": 0.73,
        "avg": 0.276,
        "obp": 0.351,
        "slg": 0.379,
        "rbi": 45,
        "sb": 3,
        "hr": 4
      },
      {
        "name": "장성우",
        "year": 24,
        "team": "KT",
        "pa": 489,
        "ops": 0.805,
        "avg": 0.268,
        "obp": 0.355,
        "slg": 0.45,
        "rbi": 81,
        "sb": 5,
        "hr": 19
      }
    ]
  },
  {
    "generation": 8,
    "expected_score": 6.365,
    "lineup": [
      "황재균",
      "로하스",
      "김민혁",
      "천성호",
      "강백호",
      "장성우",
      "배정대",
      "김상수",
      "문상철"
    ],
    "player_stats": [
      {
        "name": "황재균",
        "year": 24,
        "team": "KT",
        "pa": 536,
        "ops": 0.692,
        "avg": 0.26,
        "obp": 0.309,
        "slg": 0.383,
        "rbi": 58,
        "sb": 4,
        "hr": 13
      },
      {
        "name": "로하스",
        "year": 24,
        "team": "KT",
        "pa": 670,
        "ops": 0.989,
        "avg": 0.329,
        "obp": 0.421,
        "slg": 0.568,
        "rbi": 112,
        "sb": 2,
        "hr": 32
      },
      {
        "name": "김민혁",
        "year": 24,
        "team": "KT",
        "pa": 393,
        "ops": 0.829,
        "avg": 0.353,
        "obp": 0.41,
        "slg": 0.419,
        "rbi": 34,
        "sb": 4,
        "hr": 1
      },
      {
        "name": "천성호",
        "year": 24,
        "team": "KT",
        "pa": 255,
        "ops": 0.714,
        "avg": 0.295,
        "obp": 0.346,
        "slg": 0.368,
        "rbi": 17,
        "sb": 7,
        "hr": 1
      },
      {
        "name": "강백호",
        "year": 24,
        "team": "KT",
        "pa": 614,
        "ops": 0.84,
        "avg": 0.289,
        "obp": 0.36,
        "slg": 0.48,
        "rbi": 96,
        "sb": 6,
        "hr": 26
      },
      {
        "name": "장성우",
        "year": 24,
        "team": "KT",
        "pa": 489,
        "ops": 0.805,
        "avg": 0.268,
        "obp": 0.355,
        "slg": 0.45,
        "rbi": 81,
        "sb": 5,
        "hr": 19
      },
      {
        "name": "배정대",
        "year": 24,
        "team": "KT",
        "pa": 473,
        "ops": 0.749,
        "avg": 0.275,
        "obp": 0.355,
        "slg": 0.394,
        "rbi": 59,
        "sb": 9,
        "hr": 7
      },
      {
        "name": "김상수",
        "year": 24,
        "team": "KT",
        "pa": 420,
        "ops": 0.73,
        "avg": 0.276,
        "obp": 0.351,
        "slg": 0.379,
        "rbi": 45,
        "sb": 3,
        "hr": 4
      },
      {
        "name": "문상철",
        "year": 24,
        "team": "KT",
        "pa": 403,
        "ops": 0.786,
        "avg": 0.256,
        "obp": 0.351,
        "slg": 0.435,
        "rbi": 58,
        "sb": 6,
        "hr": 17
      }
    ]
  },
  {
    "generation": 9,
    "expected_score": 6.37,
    "lineup": [
      "배정대",
      "천성호",
      "문상철",
      "황재균",
      "강백호",
      "김민혁",
      "김상수",
      "로하스",
      "장성우"
    ],
    "player_stats": [
      {
        "name": "배정대",
        "year": 24,
        "team": "KT",
        "pa": 473,
        "ops": 0.749,
        "avg": 0.275,
        "obp": 0.355,
        "slg": 0.394,
        "rbi": 59,
        "sb": 9,
        "hr": 7
      },
      {
        "name": "천성호",
        "year": 24,
        "team": "KT",
        "pa": 255,
        "ops": 0.714,
        "avg": 0.295,
        "obp": 0.346,
        "slg": 0.368,
        "rbi": 17,
        "sb": 7,
        "hr": 1
      },
      {
        "name": "문상철",
        "year": 24,
        "team": "KT",
        "pa": 403,
        "ops": 0.786,
        "avg": 0.256,
        "obp": 0.351,
        "slg": 0.435,
        "rbi": 58,
        "sb": 6,
        "hr": 17
      },
      {
        "name": "황재균",
        "year": 24,
        "team": "KT",
        "pa": 536,
        "ops": 0.692,
        "avg": 0.26,
        "obp": 0.309,
        "slg": 0.383,
        "rbi": 58,
        "sb": 4,
        "hr": 13
      },
      {
        "name": "강백호",
        "year": 24,
        "team": "KT",
        "pa": 614,
        "ops": 0.84,
        "avg": 0.289,
        "obp": 0.36,
        "slg": 0.48,
        "rbi": 96,
        "sb": 6,
        "hr": 26
      },
      {
        "name": "김민혁",
        "year": 24,
        "team": "KT",
        "pa": 393,
        "ops": 0.829,
        "avg": 0.353,
        "obp": 0.41,
        "slg": 0.419,
        "rbi": 34,
        "sb": 4,
        "hr": 1
      },
      {
        "name": "김상수",
        "year": 24,
        "team": "KT",
        "pa": 420,
        "ops": 0.73,
        "avg": 0.276,
        "obp": 0.351,
        "slg": 0.379,
        "rbi": 45,
        "sb": 3,
        "hr": 4
      },
      {
        "name": "로하스",
        "year": 24,
        "team": "KT",
        "pa": 670,
        "ops": 0.989,
        "avg": 0.329,
        "obp": 0.421,
        "slg": 0.568,
        "rbi": 112,
        "sb": 2,
        "hr": 32
      },
      {
        "name": "장성우",
        "year": 24,
        "team": "KT",
        "pa": 489,
        "ops": 0.805,
        "avg": 0.268,
        "obp": 0.355,
        "slg": 0.45,
        "rbi": 81,
        "sb": 5,
        "hr": 19
      }
    ]
  },
  {
    "generation": 10,
    "expected_score": 6.37,
    "lineup": [
      "배정대",
      "천성호",
      "문상철",
      "황재균",
      "강백호",
      "김민혁",
      "로하스",
      "장성우",
      "김상수"
    ],
    "player_stats": [
      {
        "name": "배정대",
        "year": 24,
        "team": "KT",
        "pa": 473,
        "ops": 0.749,
        "avg": 0.275,
        "obp": 0.355,
        "slg": 0.394,
        "rbi": 59,
        "sb": 9,
        "hr": 7
      },
      {
        "name": "천성호",
        "year": 24,
        "team": "KT",
        "pa": 255,
        "ops": 0.714,
        "avg": 0.295,
        "obp": 0.346,
        "slg": 0.368,
        "rbi": 17,
        "sb": 7,
        "hr": 1
      },
      {
        "name": "문상철",
        "year": 24,
        "team": "KT",
        "pa": 403,
        "ops": 0.786,
        "avg": 0.256,
        "obp": 0.351,
        "slg": 0.435,
        "rbi": 58,
        "sb": 6,
        "hr": 17
      },
      {
        "name": "황재균",
        "year": 24,
        "team": "KT",
        "pa": 536,
        "ops": 0.692,
        "avg": 0.26,
        "obp": 0.309,
        "slg": 0.383,
        "rbi": 58,
        "sb": 4,
        "hr": 13
      },
      {
        "name": "강백호",
        "year": 24,
        "team": "KT",
        "pa": 614,
        "ops": 0.84,
        "avg": 0.289,
        "obp": 0.36,
        "slg": 0.48,
        "rbi": 96,
        "sb": 6,
        "hr": 26
      },
      {
        "name": "김민혁",
        "year": 24,
        "team": "KT",
        "pa": 393,
        "ops": 0.829,
        "avg": 0.353,
        "obp": 0.41,
        "slg": 0.419,
        "rbi": 34,
        "sb": 4,
        "hr": 1
      },
      {
        "name": "로하스",
        "year": 24,
        "team": "KT",
        "pa": 670,
        "ops": 0.989,
        "avg": 0.329,
        "obp": 0.421,
        "slg": 0.568,
        "rbi": 112,
        "sb": 2,
        "hr": 32
      },
      {
        "name": "장성우",
        "year": 24,
        "team": "KT",
        "pa": 489,
        "ops": 0.805,
        "avg": 0.268,
        "obp": 0.355,
        "slg": 0.45,
        "rbi": 81,
        "sb": 5,
        "hr": 19
      },
      {
        "name": "김상수",
        "year": 24,
        "team": "KT",
        "pa": 420,
        "ops": 0.73,
        "avg": 0.276,
        "obp": 0.351,
        "slg": 0.379,
        "rbi": 45,
        "sb": 3,
        "hr": 4
      }
    ]
  },
  {
    "generation": 11,
    "expected_score": 6.37,
    "lineup": [
      "배정대",
      "문상철",
      "강백호",
      "천성호",
      "황재균",
      "김민혁",
      "김상수",
      "로하스",
      "장성우"
    ],
    "player_stats": [
      {
        "name": "배정대",
        "year": 24,
        "team": "KT",
        "pa": 473,
        "ops": 0.749,
        "avg": 0.275,
        "obp": 0.355,
        "slg": 0.394,
        "rbi": 59,
        "sb": 9,
        "hr": 7
      },
      {
        "name": "문상철",
        "year": 24,
        "team": "KT",
        "pa": 403,
        "ops": 0.786,
        "avg": 0.256,
        "obp": 0.351,
        "slg": 0.435,
        "rbi": 58,
        "sb": 6,
        "hr": 17
      },
      {
        "name": "강백호",
        "year": 24,
        "team": "KT",
        "pa": 614,
        "ops": 0.84,
        "avg": 0.289,
        "obp": 0.36,
        "slg": 0.48,
        "rbi": 96,
        "sb": 6,
        "hr": 26
      },
      {
        "name": "천성호",
        "year": 24,
        "team": "KT",
        "pa": 255,
        "ops": 0.714,
        "avg": 0.295,
        "obp": 0.346,
        "slg": 0.368,
        "rbi": 17,
        "sb": 7,
        "hr": 1
      },
      {
        "name": "황재균",
        "year": 24,
        "team": "KT",
        "pa": 536,
        "ops": 0.692,
        "avg": 0.26,
        "obp": 0.309,
        "slg": 0.383,
        "rbi": 58,
        "sb": 4,
        "hr": 13
      },
      {
        "name": "김민혁",
        "year": 24,
        "team": "KT",
        "pa": 393,
        "ops": 0.829,
        "avg": 0.353,
        "obp": 0.41,
        "slg": 0.419,
        "rbi": 34,
        "sb": 4,
        "hr": 1
      },
      {
        "name": "김상수",
        "year": 24,
        "team": "KT",
        "pa": 420,
        "ops": 0.73,
        "avg": 0.276,
        "obp": 0.351,
        "slg": 0.379,
        "rbi": 45,
        "sb": 3,
        "hr": 4
      },
      {
        "name": "로하스",
        "year": 24,
        "team": "KT",
        "pa": 670,
        "ops": 0.989,
        "avg": 0.329,
        "obp": 0.421,
        "slg": 0.568,
        "rbi": 112,
        "sb": 2,
        "hr": 32
      },
      {
        "name": "장성우",
        "year": 24,
        "team": "KT",
        "pa": 489,
        "ops": 0.805,
        "avg": 0.268,
        "obp": 0.355,
        "slg": 0.45,
        "rbi": 81,
        "sb": 5,
        "hr": 19
      }
    ]
  },
  {
    "generation": 12,
    "expected_score": 6.335,
    "lineup": [
      "천성호",
      "문상철",
      "배정대",
      "강백호",
      "김민혁",
      "로하스",
      "장성우",
      "황재균",
      "김상수"
    ],
    "player_stats": [
      {
        "name": "천성호",
        "year": 24,
        "team": "KT",
        "pa": 255,
        "ops": 0.714,
        "avg": 0.295,
        "obp": 0.346,
        "slg": 0.368,
        "rbi": 17,
        "sb": 7,
        "hr": 1
      },
      {
        "name": "문상철",
        "year": 24,
        "team": "KT",
        "pa": 403,
        "ops": 0.786,
        "avg": 0.256,
        "obp": 0.351,
        "slg": 0.435,
        "rbi": 58,
        "sb": 6,
        "hr": 17
      },
      {
        "name": "배정대",
        "year": 24,
        "team": "KT",
        "pa": 473,
        "ops": 0.749,
        "avg": 0.275,
        "obp": 0.355,
        "slg": 0.394,
        "rbi": 59,
        "sb": 9,
        "hr": 7
      },
      {
        "name": "강백호",
        "year": 24,
        "team": "KT",
        "pa": 614,
        "ops": 0.84,
        "avg": 0.289,
        "obp": 0.36,
        "slg": 0.48,
        "rbi": 96,
        "sb": 6,
        "hr": 26
      },
      {
        "name": "김민혁",
        "year": 24,
        "team": "KT",
        "pa": 393,
        "ops": 0.829,
        "avg": 0.353,
        "obp": 0.41,
        "slg": 0.419,
        "rbi": 34,
        "sb": 4,
        "hr": 1
      },
      {
        "name": "로하스",
        "year": 24,
        "team": "KT",
        "pa": 670,
        "ops": 0.989,
        "avg": 0.329,
        "obp": 0.421,
        "slg": 0.568,
        "rbi": 112,
        "sb": 2,
        "hr": 32
      },
      {
        "name": "장성우",
        "year": 24,
        "team": "KT",
        "pa": 489,
        "ops": 0.805,
        "avg": 0.268,
        "obp": 0.355,
        "slg": 0.45,
        "rbi": 81,
        "sb": 5,
        "hr": 19
      },
      {
        "name": "황재균",
        "year": 24,
        "team": "KT",
        "pa": 536,
        "ops": 0.692,
        "avg": 0.26,
        "obp": 0.309,
        "slg": 0.383,
        "rbi": 58,
        "sb": 4,
        "hr": 13
      },
      {
        "name": "김상수",
        "year": 24,
        "team": "KT",
        "pa": 420,
        "ops": 0.73,
        "avg": 0.276,
        "obp": 0.351,
        "slg": 0.379,
        "rbi": 45,
        "sb": 3,
        "hr": 4
      }
    ]
  },
  {
    "generation": 13,
    "expected_score": 6.125,
    "lineup": [
      "강백호",
      "김민혁",
      "천성호",
      "문상철",
      "배정대",
      "로하스",
      "황재균",
      "장성우",
      "김상수"
    ],
    "player_stats": [
      {
        "name": "강백호",
        "year": 24,
        "team": "KT",
        "pa": 614,
        "ops": 0.84,
        "avg": 0.289,
        "obp": 0.36,
        "slg": 0.48,
        "rbi": 96,
        "sb": 6,
        "hr": 26
      },
      {
        "name": "김민혁",
        "year": 24,
        "team": "KT",
        "pa": 393,
        "ops": 0.829,
        "avg": 0.353,
        "obp": 0.41,
        "slg": 0.419,
        "rbi": 34,
        "sb": 4,
        "hr": 1
      },
      {
        "name": "천성호",
        "year": 24,
        "team": "KT",
        "pa": 255,
        "ops": 0.714,
        "avg": 0.295,
        "obp": 0.346,
        "slg": 0.368,
        "rbi": 17,
        "sb": 7,
        "hr": 1
      },
      {
        "name": "문상철",
        "year": 24,
        "team": "KT",
        "pa": 403,
        "ops": 0.786,
        "avg": 0.256,
        "obp": 0.351,
        "slg": 0.435,
        "rbi": 58,
        "sb": 6,
        "hr": 17
      },
      {
        "name": "배정대",
        "year": 24,
        "team": "KT",
        "pa": 473,
        "ops": 0.749,
        "avg": 0.275,
        "obp": 0.355,
        "slg": 0.394,
        "rbi": 59,
        "sb": 9,
        "hr": 7
      },
      {
        "name": "로하스",
        "year": 24,
        "team": "KT",
        "pa": 670,
        "ops": 0.989,
        "avg": 0.329,
        "obp": 0.421,
        "slg": 0.568,
        "rbi": 112,
        "sb": 2,
        "hr": 32
      },
      {
        "name": "황재균",
        "year": 24,
        "team": "KT",
        "pa": 536,
        "ops": 0.692,
        "avg": 0.26,
        "obp": 0.309,
        "slg": 0.383,
        "rbi": 58,
        "sb": 4,
        "hr": 13
      },
      {
        "name": "장성우",
        "year": 24,
        "team": "KT",
        "pa": 489,
        "ops": 0.805,
        "avg": 0.268,
        "obp": 0.355,
        "slg": 0.45,
        "rbi": 81,
        "sb": 5,
        "hr": 19
      },
      {
        "name": "김상수",
        "year": 24,
        "team": "KT",
        "pa": 420,
        "ops": 0.73,
        "avg": 0.276,
        "obp": 0.351,
        "slg": 0.379,
        "rbi": 45,
        "sb": 3,
        "hr": 4
      }
    ]
  },
  {
    "generation": 14,
    "expected_score": 6.25,
    "lineup": [
      "배정대",
      "문상철",
      "강백호",
      "로하스",
      "김민혁",
      "황재균",
      "천성호",
      "장성우",
      "김상수"
    ],
    "player_stats": [
      {
        "name": "배정대",
        "year": 24,
        "team": "KT",
        "pa": 473,
        "ops": 0.749,
        "avg": 0.275,
        "obp": 0.355,
        "slg": 0.394,
        "rbi": 59,
        "sb": 9,
        "hr": 7
      },
      {
        "name": "문상철",
        "year": 24,
        "team": "KT",
        "pa": 403,
        "ops": 0.786,
        "avg": 0.256,
        "obp": 0.351,
        "slg": 0.435,
        "rbi": 58,
        "sb": 6,
        "hr": 17
      },
      {
        "name": "강백호",
        "year": 24,
        "team": "KT",
        "pa": 614,
        "ops": 0.84,
        "avg": 0.289,
        "obp": 0.36,
        "slg": 0.48,
        "rbi": 96,
        "sb": 6,
        "hr": 26
      },
      {
        "name": "로하스",
        "year": 24,
        "team": "KT",
        "pa": 670,
        "ops": 0.989,
        "avg": 0.329,
        "obp": 0.421,
        "slg": 0.568,
        "rbi": 112,
        "sb": 2,
        "hr": 32
      },
      {
        "name": "김민혁",
        "year": 24,
        "team": "KT",
        "pa": 393,
        "ops": 0.829,
        "avg": 0.353,
        "obp": 0.41,
        "slg": 0.419,
        "rbi": 34,
        "sb": 4,
        "hr": 1
      },
      {
        "name": "황재균",
        "year": 24,
        "team": "KT",
        "pa": 536,
        "ops": 0.692,
        "avg": 0.26,
        "obp": 0.309,
        "slg": 0.383,
        "rbi": 58,
        "sb": 4,
        "hr": 13
      },
      {
        "name": "천성호",
        "year": 24,
        "team": "KT",
        "pa": 255,
        "ops": 0.714,
        "avg": 0.295,
        "obp": 0.346,
        "slg": 0.368,
        "rbi": 17,
        "sb": 7,
        "hr": 1
      },
      {
        "name": "장성우",
        "year": 24,
        "team": "KT",
        "pa": 489,
        "ops": 0.805,
        "avg": 0.268,
        "obp": 0.355,
        "slg": 0.45,
        "rbi": 81,
        "sb": 5,
        "hr": 19
      },
      {
        "name": "김상수",
        "year": 24,
        "team": "KT",
        "pa": 420,
        "ops": 0.73,
        "avg": 0.276,
        "obp": 0.351,
        "slg": 0.379,
        "rbi": 45,
        "sb": 3,
        "hr": 4
      }
    ]
  },
  {
    "generation": 15,
    "expected_score": 6.41,
    "lineup": [
      "배정대",
      "문상철",
      "강백호",
      "로하스",
      "김민혁",
      "황재균",
      "천성호",
      "장성우",
      "김상수"
    ],
    "player_stats": [
      {
        "name": "배정대",
        "year": 24,
        "team": "KT",
        "pa": 473,
        "ops": 0.749,
        "avg": 0.275,
        "obp": 0.355,
        "slg": 0.394,
        "rbi": 59,
        "sb": 9,
        "hr": 7
      },
      {
        "name": "문상철",
        "year": 24,
        "team": "KT",
        "pa": 403,
        "ops": 0.786,
        "avg": 0.256,
        "obp": 0.351,
        "slg": 0.435,
        "rbi": 58,
        "sb": 6,
        "hr": 17
      },
      {
        "name": "강백호",
        "year": 24,
        "team": "KT",
        "pa": 614,
        "ops": 0.84,
        "avg": 0.289,
        "obp": 0.36,
        "slg": 0.48,
        "rbi": 96,
        "sb": 6,
        "hr": 26
      },
      {
        "name": "로하스",
        "year": 24,
        "team": "KT",
        "pa": 670,
        "ops": 0.989,
        "avg": 0.329,
        "obp": 0.421,
        "slg": 0.568,
        "rbi": 112,
        "sb": 2,
        "hr": 32
      },
      {
        "name": "김민혁",
        "year": 24,
        "team": "KT",
        "pa": 393,
        "ops": 0.829,
        "avg": 0.353,
        "obp": 0.41,
        "slg": 0.419,
        "rbi": 34,
        "sb": 4,
        "hr": 1
      },
      {
        "name": "황재균",
        "year": 24,
        "team": "KT",
        "pa": 536,
        "ops": 0.692,
        "avg": 0.26,
        "obp": 0.309,
        "slg": 0.383,
        "rbi": 58,
        "sb": 4,
        "hr": 13
      },
      {
        "name": "천성호",
        "year": 24,
        "team": "KT",
        "pa": 255,
        "ops": 0.714,
        "avg": 0.295,
        "obp": 0.346,
        "slg": 0.368,
        "rbi": 17,
        "sb": 7,
        "hr": 1
      },
      {
        "name": "장성우",
        "year": 24,
        "team": "KT",
        "pa": 489,
        "ops": 0.805,
        "avg": 0.268,
        "obp": 0.355,
        "slg": 0.45,
        "rbi": 81,
        "sb": 5,
        "hr": 19
      },
      {
        "name": "김상수",
        "year": 24,
        "team": "KT",
        "pa": 420,
        "ops": 0.73,
        "avg": 0.276,
        "obp": 0.351,
        "slg": 0.379,
        "rbi": 45,
        "sb": 3,
        "hr": 4
      }
    ]
  },
  {
    "generation": 16,
    "expected_score": 6.475,
    "lineup": [
      "천성호",
      "강백호",
      "배정대",
      "로하스",
      "김민혁",
      "황재균",
      "문상철",
      "장성우",
      "김상수"
    ],
    "player_stats": [
      {
        "name": "천성호",
        "year": 24,
        "team": "KT",
        "pa": 255,
        "ops": 0.714,
        "avg": 0.295,
        "obp": 0.346,
        "slg": 0.368,
        "rbi": 17,
        "sb": 7,
        "hr": 1
      },
      {
        "name": "강백호",
        "year": 24,
        "team": "KT",
        "pa": 614,
        "ops": 0.84,
        "avg": 0.289,
        "obp": 0.36,
        "slg": 0.48,
        "rbi": 96,
        "sb": 6,
        "hr": 26
      },
      {
        "name": "배정대",
        "year": 24,
        "team": "KT",
        "pa": 473,
        "ops": 0.749,
        "avg": 0.275,
        "obp": 0.355,
        "slg": 0.394,
        "rbi": 59,
        "sb": 9,
        "hr": 7
      },
      {
        "name": "로하스",
        "year": 24,
        "team": "KT",
        "pa": 670,
        "ops": 0.989,
        "avg": 0.329,
        "obp": 0.421,
        "slg": 0.568,
        "rbi": 112,
        "sb": 2,
        "hr": 32
      },
      {
        "name": "김민혁",
        "year": 24,
        "team": "KT",
        "pa": 393,
        "ops": 0.829,
        "avg": 0.353,
        "obp": 0.41,
        "slg": 0.419,
        "rbi": 34,
        "sb": 4,
        "hr": 1
      },
      {
        "name": "황재균",
        "year": 24,
        "team": "KT",
        "pa": 536,
        "ops": 0.692,
        "avg": 0.26,
        "obp": 0.309,
        "slg": 0.383,
        "rbi": 58,
        "sb": 4,
        "hr": 13
      },
      {
        "name": "문상철",
        "year": 24,
        "team": "KT",
        "pa": 403,
        "ops": 0.786,
        "avg": 0.256,
        "obp": 0.351,
        "slg": 0.435,
        "rbi": 58,
        "sb": 6,
        "hr": 17
      },
      {
        "name": "장성우",
        "year": 24,
        "team": "KT",
        "pa": 489,
        "ops": 0.805,
        "avg": 0.268,
        "obp": 0.355,
        "slg": 0.45,
        "rbi": 81,
        "sb": 5,
        "hr": 19
      },
      {
        "name": "김상수",
        "year": 24,
        "team": "KT",
        "pa": 420,
        "ops": 0.73,
        "avg": 0.276,
        "obp": 0.351,
        "slg": 0.379,
        "rbi": 45,
        "sb": 3,
        "hr": 4
      }
    ]
  },
  {
    "generation": 17,
    "expected_score": 6.29,
    "lineup": [
      "배정대",
      "문상철",
      "강백호",
      "로하스",
      "김민혁",
      "황재균",
      "천성호",
      "장성우",
      "김상수"
    ],
    "player_stats": [
      {
        "name": "배정대",
        "year": 24,
        "team": "KT",
        "pa": 473,
        "ops": 0.749,
        "avg": 0.275,
        "obp": 0.355,
        "slg": 0.394,
        "rbi": 59,
        "sb": 9,
        "hr": 7
      },
      {
        "name": "문상철",
        "year": 24,
        "team": "KT",
        "pa": 403,
        "ops": 0.786,
        "avg": 0.256,
        "obp": 0.351,
        "slg": 0.435,
        "rbi": 58,
        "sb": 6,
        "hr": 17
      },
      {
        "name": "강백호",
        "year": 24,
        "team": "KT",
        "pa": 614,
        "ops": 0.84,
        "avg": 0.289,
        "obp": 0.36,
        "slg": 0.48,
        "rbi": 96,
        "sb": 6,
        "hr": 26
      },
      {
        "name": "로하스",
        "year": 24,
        "team": "KT",
        "pa": 670,
        "ops": 0.989,
        "avg": 0.329,
        "obp": 0.421,
        "slg": 0.568,
        "rbi": 112,
        "sb": 2,
        "hr": 32
      },
      {
        "name": "김민혁",
        "year": 24,
        "team": "KT",
        "pa": 393,
        "ops": 0.829,
        "avg": 0.353,
        "obp": 0.41,
        "slg": 0.419,
        "rbi": 34,
        "sb": 4,
        "hr": 1
      },
      {
        "name": "황재균",
        "year": 24,
        "team": "KT",
        "pa": 536,
        "ops": 0.692,
        "avg": 0.26,
        "obp": 0.309,
        "slg": 0.383,
        "rbi": 58,
        "sb": 4,
        "hr": 13
      },
      {
        "name": "천성호",
        "year": 24,
        "team": "KT",
        "pa": 255,
        "ops": 0.714,
        "avg": 0.295,
        "obp": 0.346,
        "slg": 0.368,
        "rbi": 17,
        "sb": 7,
        "hr": 1
      },
      {
        "name": "장성우",
        "year": 24,
        "team": "KT",
        "pa": 489,
        "ops": 0.805,
        "avg": 0.268,
        "obp": 0.355,
        "slg": 0.45,
        "rbi": 81,
        "sb": 5,
        "hr": 19
      },
      {
        "name": "김상수",
        "year": 24,
        "team": "KT",
        "pa": 420,
        "ops": 0.73,
        "avg": 0.276,
        "obp": 0.351,
        "slg": 0.379,
        "rbi": 45,
        "sb": 3,
        "hr": 4
      }
    ]
  },
  {
    "generation": 18,
    "expected_score": 6.45,
    "lineup": [
      "배정대",
      "문상철",
      "강백호",
      "로하스",
      "김민혁",
      "황재균",
      "천성호",
      "장성우",
      "김상수"
    ],
    "player_stats": [
      {
        "name": "배정대",
        "year": 24,
        "team": "KT",
        "pa": 473,
        "ops": 0.749,
        "avg": 0.275,
        "obp": 0.355,
        "slg": 0.394,
        "rbi": 59,
        "sb": 9,
        "hr": 7
      },
      {
        "name": "문상철",
        "year": 24,
        "team": "KT",
        "pa": 403,
        "ops": 0.786,
        "avg": 0.256,
        "obp": 0.351,
        "slg": 0.435,
        "rbi": 58,
        "sb": 6,
        "hr": 17
      },
      {
        "name": "강백호",
        "year": 24,
        "team": "KT",
        "pa": 614,
        "ops": 0.84,
        "avg": 0.289,
        "obp": 0.36,
        "slg": 0.48,
        "rbi": 96,
        "sb": 6,
        "hr": 26
      },
      {
        "name": "로하스",
        "year": 24,
        "team": "KT",
        "pa": 670,
        "ops": 0.989,
        "avg": 0.329,
        "obp": 0.421,
        "slg": 0.568,
        "rbi": 112,
        "sb": 2,
        "hr": 32
      },
      {
        "name": "김민혁",
        "year": 24,
        "team": "KT",
        "pa": 393,
        "ops": 0.829,
        "avg": 0.353,
        "obp": 0.41,
        "slg": 0.419,
        "rbi": 34,
        "sb": 4,
        "hr": 1
      },
      {
        "name": "황재균",
        "year": 24,
        "team": "KT",
        "pa": 536,
        "ops": 0.692,
        "avg": 0.26,
        "obp": 0.309,
        "slg": 0.383,
        "rbi": 58,
        "sb": 4,
        "hr": 13
      },
      {
        "name": "천성호",
        "year": 24,
        "team": "KT",
        "pa": 255,
        "ops": 0.714,
        "avg": 0.295,
        "obp": 0.346,
        "slg": 0.368,
        "rbi": 17,
        "sb": 7,
        "hr": 1
      },
      {
        "name": "장성우",
        "year": 24,
        "team": "KT",
        "pa": 489,
        "ops": 0.805,
        "avg": 0.268,
        "obp": 0.355,
        "slg": 0.45,
        "rbi": 81,
        "sb": 5,
        "hr": 19
      },
      {
        "name": "김상수",
        "year": 24,
        "team": "KT",
        "pa": 420,
        "ops": 0.73,
        "avg": 0.276,
        "obp": 0.351,
        "slg": 0.379,
        "rbi": 45,
        "sb": 3,
        "hr": 4
      }
    ]
  },
  {
    "generation": 19,
    "expected_score": 6.45,
    "lineup": [
      "배정대",
      "강백호",
      "문상철",
      "로하스",
      "김민혁",
      "황재균",
      "천성호",
      "장성우",
      "김상수"
    ],
    "player_stats": [
      {
        "name": "배정대",
        "year": 24,
        "team": "KT",
        "pa": 473,
        "ops": 0.749,
        "avg": 0.275,
        "obp": 0.355,
        "slg": 0.394,
        "rbi": 59,
        "sb": 9,
        "hr": 7
      },
      {
        "name": "강백호",
        "year": 24,
        "team": "KT",
        "pa": 614,
        "ops": 0.84,
        "avg": 0.289,
        "obp": 0.36,
        "slg": 0.48,
        "rbi": 96,
        "sb": 6,
        "hr": 26
      },
      {
        "name": "문상철",
        "year": 24,
        "team": "KT",
        "pa": 403,
        "ops": 0.786,
        "avg": 0.256,
        "obp": 0.351,
        "slg": 0.435,
        "rbi": 58,
        "sb": 6,
        "hr": 17
      },
      {
        "name": "로하스",
        "year": 24,
        "team": "KT",
        "pa": 670,
        "ops": 0.989,
        "avg": 0.329,
        "obp": 0.421,
        "slg": 0.568,
        "rbi": 112,
        "sb": 2,
        "hr": 32
      },
      {
        "name": "김민혁",
        "year": 24,
        "team": "KT",
        "pa": 393,
        "ops": 0.829,
        "avg": 0.353,
        "obp": 0.41,
        "slg": 0.419,
        "rbi": 34,
        "sb": 4,
        "hr": 1
      },
      {
        "name": "황재균",
        "year": 24,
        "team": "KT",
        "pa": 536,
        "ops": 0.692,
        "avg": 0.26,
        "obp": 0.309,
        "slg": 0.383,
        "rbi": 58,
        "sb": 4,
        "hr": 13
      },
      {
        "name": "천성호",
        "year": 24,
        "team": "KT",
        "pa": 255,
        "ops": 0.714,
        "avg": 0.295,
        "obp": 0.346,
        "slg": 0.368,
        "rbi": 17,
        "sb": 7,
        "hr": 1
      },
      {
        "name": "장성우",
        "year": 24,
        "team": "KT",
        "pa": 489,
        "ops": 0.805,
        "avg": 0.268,
        "obp": 0.355,
        "slg": 0.45,
        "rbi": 81,
        "sb": 5,
        "hr": 19
      },
      {
        "name": "김상수",
        "year": 24,
        "team": "KT",
        "pa": 420,
        "ops": 0.73,
        "avg": 0.276,
        "obp": 0.351,
        "slg": 0.379,
        "rbi": 45,
        "sb": 3,
        "hr": 4
      }
    ]
  },
  {
    "generation": 20,
    "expected_score": 6.255,
    "lineup": [
      "김상수",
      "강백호",
      "문상철",
      "로하스",
      "김민혁",
      "황재균",
      "천성호",
      "배정대",
      "장성우"
    ],
    "player_stats": [
      {
        "name": "김상수",
        "year": 24,
        "team": "KT",
        "pa": 420,
        "ops": 0.73,
        "avg": 0.276,
        "obp": 0.351,
        "slg": 0.379,
        "rbi": 45,
        "sb": 3,
        "hr": 4
      },
      {
        "name": "강백호",
        "year": 24,
        "team": "KT",
        "pa": 614,
        "ops": 0.84,
        "avg": 0.289,
        "obp": 0.36,
        "slg": 0.48,
        "rbi": 96,
        "sb": 6,
        "hr": 26
      },
      {
        "name": "문상철",
        "year": 24,
        "team": "KT",
        "pa": 403,
        "ops": 0.786,
        "avg": 0.256,
        "obp": 0.351,
        "slg": 0.435,
        "rbi": 58,
        "sb": 6,
        "hr": 17
      },
      {
        "name": "로하스",
        "year": 24,
        "team": "KT",
        "pa": 670,
        "ops": 0.989,
        "avg": 0.329,
        "obp": 0.421,
        "slg": 0.568,
        "rbi": 112,
        "sb": 2,
        "hr": 32
      },
      {
        "name": "김민혁",
        "year": 24,
        "team": "KT",
        "pa": 393,
        "ops": 0.829,
        "avg": 0.353,
        "obp": 0.41,
        "slg": 0.419,
        "rbi": 34,
        "sb": 4,
        "hr": 1
      },
      {
        "name": "황재균",
        "year": 24,
        "team": "KT",
        "pa": 536,
        "ops": 0.692,
        "avg": 0.26,
        "obp": 0.309,
        "slg": 0.383,
        "rbi": 58,
        "sb": 4,
        "hr": 13
      },
      {
        "name": "천성호",
        "year": 24,
        "team": "KT",
        "pa": 255,
        "ops": 0.714,
        "avg": 0.295,
        "obp": 0.346,
        "slg": 0.368,
        "rbi": 17,
        "sb": 7,
        "hr": 1
      },
      {
        "name": "배정대",
        "year": 24,
        "team": "KT",
        "pa": 473,
        "ops": 0.749,
        "avg": 0.275,
        "obp": 0.355,
        "slg": 0.394,
        "rbi": 59,
        "sb": 9,
        "hr": 7
      },
      {
        "name": "장성우",
        "year": 24,
        "team": "KT",
        "pa": 489,
        "ops": 0.805,
        "avg": 0.268,
        "obp": 0.355,
        "slg": 0.45,
        "rbi": 81,
        "sb": 5,
        "hr": 19
      }
    ]
  },
  {
    "generation": 21,
    "expected_score": 6.41,
    "lineup": [
      "배정대",
      "강백호",
      "문상철",
      "로하스",
      "김민혁",
      "황재균",
      "천성호",
      "장성우",
      "김상수"
    ],
    "player_stats": [
      {
        "name": "배정대",
        "year": 24,
        "team": "KT",
        "pa": 473,
        "ops": 0.749,
        "avg": 0.275,
        "obp": 0.355,
        "slg": 0.394,
        "rbi": 59,
        "sb": 9,
        "hr": 7
      },
      {
        "name": "강백호",
        "year": 24,
        "team": "KT",
        "pa": 614,
        "ops": 0.84,
        "avg": 0.289,
        "obp": 0.36,
        "slg": 0.48,
        "rbi": 96,
        "sb": 6,
        "hr": 26
      },
      {
        "name": "문상철",
        "year": 24,
        "team": "KT",
        "pa": 403,
        "ops": 0.786,
        "avg": 0.256,
        "obp": 0.351,
        "slg": 0.435,
        "rbi": 58,
        "sb": 6,
        "hr": 17
      },
      {
        "name": "로하스",
        "year": 24,
        "team": "KT",
        "pa": 670,
        "ops": 0.989,
        "avg": 0.329,
        "obp": 0.421,
        "slg": 0.568,
        "rbi": 112,
        "sb": 2,
        "hr": 32
      },
      {
        "name": "김민혁",
        "year": 24,
        "team": "KT",
        "pa": 393,
        "ops": 0.829,
        "avg": 0.353,
        "obp": 0.41,
        "slg": 0.419,
        "rbi": 34,
        "sb": 4,
        "hr": 1
      },
      {
        "name": "황재균",
        "year": 24,
        "team": "KT",
        "pa": 536,
        "ops": 0.692,
        "avg": 0.26,
        "obp": 0.309,
        "slg": 0.383,
        "rbi": 58,
        "sb": 4,
        "hr": 13
      },
      {
        "name": "천성호",
        "year": 24,
        "team": "KT",
        "pa": 255,
        "ops": 0.714,
        "avg": 0.295,
        "obp": 0.346,
        "slg": 0.368,
        "rbi": 17,
        "sb": 7,
        "hr": 1
      },
      {
        "name": "장성우",
        "year": 24,
        "team": "KT",
        "pa": 489,
        "ops": 0.805,
        "avg": 0.268,
        "obp": 0.355,
        "slg": 0.45,
        "rbi": 81,
        "sb": 5,
        "hr": 19
      },
      {
        "name": "김상수",
        "year": 24,
        "team": "KT",
        "pa": 420,
        "ops": 0.73,
        "avg": 0.276,
        "obp": 0.351,
        "slg": 0.379,
        "rbi": 45,
        "sb": 3,
        "hr": 4
      }
    ]
  },
  {
    "generation": 22,
    "expected_score": 6.325,
    "lineup": [
      "강백호",
      "로하스",
      "김민혁",
      "천성호",
      "장성우",
      "황재균",
      "문상철",
      "배정대",
      "김상수"
    ],
    "player_stats": [
      {
        "name": "강백호",
        "year": 24,
        "team": "KT",
        "pa": 614,
        "ops": 0.84,
        "avg": 0.289,
        "obp": 0.36,
        "slg": 0.48,
        "rbi": 96,
        "sb": 6,
        "hr": 26
      },
      {
        "name": "로하스",
        "year": 24,
        "team": "KT",
        "pa": 670,
        "ops": 0.989,
        "avg": 0.329,
        "obp": 0.421,
        "slg": 0.568,
        "rbi": 112,
        "sb": 2,
        "hr": 32
      },
      {
        "name": "김민혁",
        "year": 24,
        "team": "KT",
        "pa": 393,
        "ops": 0.829,
        "avg": 0.353,
        "obp": 0.41,
        "slg": 0.419,
        "rbi": 34,
        "sb": 4,
        "hr": 1
      },
      {
        "name": "천성호",
        "year": 24,
        "team": "KT",
        "pa": 255,
        "ops": 0.714,
        "avg": 0.295,
        "obp": 0.346,
        "slg": 0.368,
        "rbi": 17,
        "sb": 7,
        "hr": 1
      },
      {
        "name": "장성우",
        "year": 24,
        "team": "KT",
        "pa": 489,
        "ops": 0.805,
        "avg": 0.268,
        "obp": 0.355,
        "slg": 0.45,
        "rbi": 81,
        "sb": 5,
        "hr": 19
      },
      {
        "name": "황재균",
        "year": 24,
        "team": "KT",
        "pa": 536,
        "ops": 0.692,
        "avg": 0.26,
        "obp": 0.309,
        "slg": 0.383,
        "rbi": 58,
        "sb": 4,
        "hr": 13
      },
      {
        "name": "문상철",
        "year": 24,
        "team": "KT",
        "pa": 403,
        "ops": 0.786,
        "avg": 0.256,
        "obp": 0.351,
        "slg": 0.435,
        "rbi": 58,
        "sb": 6,
        "hr": 17
      },
      {
        "name": "배정대",
        "year": 24,
        "team": "KT",
        "pa": 473,
        "ops": 0.749,
        "avg": 0.275,
        "obp": 0.355,
        "slg": 0.394,
        "rbi": 59,
        "sb": 9,
        "hr": 7
      },
      {
        "name": "김상수",
        "year": 24,
        "team": "KT",
        "pa": 420,
        "ops": 0.73,
        "avg": 0.276,
        "obp": 0.351,
        "slg": 0.379,
        "rbi": 45,
        "sb": 3,
        "hr": 4
      }
    ]
  },
  {
    "generation": 23,
    "expected_score": 6.585,
    "lineup": [
      "김상수",
      "김민혁",
      "문상철",
      "로하스",
      "배정대",
      "강백호",
      "천성호",
      "황재균",
      "장성우"
    ],
    "player_stats": [
      {
        "name": "김상수",
        "year": 24,
        "team": "KT",
        "pa": 420,
        "ops": 0.73,
        "avg": 0.276,
        "obp": 0.351,
        "slg": 0.379,
        "rbi": 45,
        "sb": 3,
        "hr": 4
      },
      {
        "name": "김민혁",
        "year": 24,
        "team": "KT",
        "pa": 393,
        "ops": 0.829,
        "avg": 0.353,
        "obp": 0.41,
        "slg": 0.419,
        "rbi": 34,
        "sb": 4,
        "hr": 1
      },
      {
        "name": "문상철",
        "year": 24,
        "team": "KT",
        "pa": 403,
        "ops": 0.786,
        "avg": 0.256,
        "obp": 0.351,
        "slg": 0.435,
        "rbi": 58,
        "sb": 6,
        "hr": 17
      },
      {
        "name": "로하스",
        "year": 24,
        "team": "KT",
        "pa": 670,
        "ops": 0.989,
        "avg": 0.329,
        "obp": 0.421,
        "slg": 0.568,
        "rbi": 112,
        "sb": 2,
        "hr": 32
      },
      {
        "name": "배정대",
        "year": 24,
        "team": "KT",
        "pa": 473,
        "ops": 0.749,
        "avg": 0.275,
        "obp": 0.355,
        "slg": 0.394,
        "rbi": 59,
        "sb": 9,
        "hr": 7
      },
      {
        "name": "강백호",
        "year": 24,
        "team": "KT",
        "pa": 614,
        "ops": 0.84,
        "avg": 0.289,
        "obp": 0.36,
        "slg": 0.48,
        "rbi": 96,
        "sb": 6,
        "hr": 26
      },
      {
        "name": "천성호",
        "year": 24,
        "team": "KT",
        "pa": 255,
        "ops": 0.714,
        "avg": 0.295,
        "obp": 0.346,
        "slg": 0.368,
        "rbi": 17,
        "sb": 7,
        "hr": 1
      },
      {
        "name": "황재균",
        "year": 24,
        "team": "KT",
        "pa": 536,
        "ops": 0.692,
        "avg": 0.26,
        "obp": 0.309,
        "slg": 0.383,
        "rbi": 58,
        "sb": 4,
        "hr": 13
      },
      {
        "name": "장성우",
        "year": 24,
        "team": "KT",
        "pa": 489,
        "ops": 0.805,
        "avg": 0.268,
        "obp": 0.355,
        "slg": 0.45,
        "rbi": 81,
        "sb": 5,
        "hr": 19
      }
    ]
  },
  {
    "generation": 24,
    "expected_score": 6.325,
    "lineup": [
      "강백호",
      "로하스",
      "김민혁",
      "배정대",
      "문상철",
      "황재균",
      "천성호",
      "김상수",
      "장성우"
    ],
    "player_stats": [
      {
        "name": "강백호",
        "year": 24,
        "team": "KT",
        "pa": 614,
        "ops": 0.84,
        "avg": 0.289,
        "obp": 0.36,
        "slg": 0.48,
        "rbi": 96,
        "sb": 6,
        "hr": 26
      },
      {
        "name": "로하스",
        "year": 24,
        "team": "KT",
        "pa": 670,
        "ops": 0.989,
        "avg": 0.329,
        "obp": 0.421,
        "slg": 0.568,
        "rbi": 112,
        "sb": 2,
        "hr": 32
      },
      {
        "name": "김민혁",
        "year": 24,
        "team": "KT",
        "pa": 393,
        "ops": 0.829,
        "avg": 0.353,
        "obp": 0.41,
        "slg": 0.419,
        "rbi": 34,
        "sb": 4,
        "hr": 1
      },
      {
        "name": "배정대",
        "year": 24,
        "team": "KT",
        "pa": 473,
        "ops": 0.749,
        "avg": 0.275,
        "obp": 0.355,
        "slg": 0.394,
        "rbi": 59,
        "sb": 9,
        "hr": 7
      },
      {
        "name": "문상철",
        "year": 24,
        "team": "KT",
        "pa": 403,
        "ops": 0.786,
        "avg": 0.256,
        "obp": 0.351,
        "slg": 0.435,
        "rbi": 58,
        "sb": 6,
        "hr": 17
      },
      {
        "name": "황재균",
        "year": 24,
        "team": "KT",
        "pa": 536,
        "ops": 0.692,
        "avg": 0.26,
        "obp": 0.309,
        "slg": 0.383,
        "rbi": 58,
        "sb": 4,
        "hr": 13
      },
      {
        "name": "천성호",
        "year": 24,
        "team": "KT",
        "pa": 255,
        "ops": 0.714,
        "avg": 0.295,
        "obp": 0.346,
        "slg": 0.368,
        "rbi": 17,
        "sb": 7,
        "hr": 1
      },
      {
        "name": "김상수",
        "year": 24,
        "team": "KT",
        "pa": 420,
        "ops": 0.73,
        "avg": 0.276,
        "obp": 0.351,
        "slg": 0.379,
        "rbi": 45,
        "sb": 3,
        "hr": 4
      },
      {
        "name": "장성우",
        "year": 24,
        "team": "KT",
        "pa": 489,
        "ops": 0.805,
        "avg": 0.268,
        "obp": 0.355,
        "slg": 0.45,
        "rbi": 81,
        "sb": 5,
        "hr": 19
      }
    ]
  },
  {
    "generation": 25,
    "expected_score": 6.38,
    "lineup": [
      "김상수",
      "김민혁",
      "장성우",
      "로하스",
      "배정대",
      "문상철",
      "천성호",
      "황재균",
      "강백호"
    ],
    "player_stats": [
      {
        "name": "김상수",
        "year": 24,
        "team": "KT",
        "pa": 420,
        "ops": 0.73,
        "avg": 0.276,
        "obp": 0.351,
        "slg": 0.379,
        "rbi": 45,
        "sb": 3,
        "hr": 4
      },
      {
        "name": "김민혁",
        "year": 24,
        "team": "KT",
        "pa": 393,
        "ops": 0.829,
        "avg": 0.353,
        "obp": 0.41,
        "slg": 0.419,
        "rbi": 34,
        "sb": 4,
        "hr": 1
      },
      {
        "name": "장성우",
        "year": 24,
        "team": "KT",
        "pa": 489,
        "ops": 0.805,
        "avg": 0.268,
        "obp": 0.355,
        "slg": 0.45,
        "rbi": 81,
        "sb": 5,
        "hr": 19
      },
      {
        "name": "로하스",
        "year": 24,
        "team": "KT",
        "pa": 670,
        "ops": 0.989,
        "avg": 0.329,
        "obp": 0.421,
        "slg": 0.568,
        "rbi": 112,
        "sb": 2,
        "hr": 32
      },
      {
        "name": "배정대",
        "year": 24,
        "team": "KT",
        "pa": 473,
        "ops": 0.749,
        "avg": 0.275,
        "obp": 0.355,
        "slg": 0.394,
        "rbi": 59,
        "sb": 9,
        "hr": 7
      },
      {
        "name": "문상철",
        "year": 24,
        "team": "KT",
        "pa": 403,
        "ops": 0.786,
        "avg": 0.256,
        "obp": 0.351,
        "slg": 0.435,
        "rbi": 58,
        "sb": 6,
        "hr": 17
      },
      {
        "name": "천성호",
        "year": 24,
        "team": "KT",
        "pa": 255,
        "ops": 0.714,
        "avg": 0.295,
        "obp": 0.346,
        "slg": 0.368,
        "rbi": 17,
        "sb": 7,
        "hr": 1
      },
      {
        "name": "황재균",
        "year": 24,
        "team": "KT",
        "pa": 536,
        "ops": 0.692,
        "avg": 0.26,
        "obp": 0.309,
        "slg": 0.383,
        "rbi": 58,
        "sb": 4,
        "hr": 13
      },
      {
        "name": "강백호",
        "year": 24,
        "team": "KT",
        "pa": 614,
        "ops": 0.84,
        "avg": 0.289,
        "obp": 0.36,
        "slg": 0.48,
        "rbi": 96,
        "sb": 6,
        "hr": 26
      }
    ]
  },
  {
    "generation": 26,
    "expected_score": 6.14,
    "lineup": [
      "천성호",
      "김상수",
      "로하스",
      "황재균",
      "김민혁",
      "장성우",
      "문상철",
      "배정대",
      "강백호"
    ],
    "player_stats": [
      {
        "name": "천성호",
        "year": 24,
        "team": "KT",
        "pa": 255,
        "ops": 0.714,
        "avg": 0.295,
        "obp": 0.346,
        "slg": 0.368,
        "rbi": 17,
        "sb": 7,
        "hr": 1
      },
      {
        "name": "김상수",
        "year": 24,
        "team": "KT",
        "pa": 420,
        "ops": 0.73,
        "avg": 0.276,
        "obp": 0.351,
        "slg": 0.379,
        "rbi": 45,
        "sb": 3,
        "hr": 4
      },
      {
        "name": "로하스",
        "year": 24,
        "team": "KT",
        "pa": 670,
        "ops": 0.989,
        "avg": 0.329,
        "obp": 0.421,
        "slg": 0.568,
        "rbi": 112,
        "sb": 2,
        "hr": 32
      },
      {
        "name": "황재균",
        "year": 24,
        "team": "KT",
        "pa": 536,
        "ops": 0.692,
        "avg": 0.26,
        "obp": 0.309,
        "slg": 0.383,
        "rbi": 58,
        "sb": 4,
        "hr": 13
      },
      {
        "name": "김민혁",
        "year": 24,
        "team": "KT",
        "pa": 393,
        "ops": 0.829,
        "avg": 0.353,
        "obp": 0.41,
        "slg": 0.419,
        "rbi": 34,
        "sb": 4,
        "hr": 1
      },
      {
        "name": "장성우",
        "year": 24,
        "team": "KT",
        "pa": 489,
        "ops": 0.805,
        "avg": 0.268,
        "obp": 0.355,
        "slg": 0.45,
        "rbi": 81,
        "sb": 5,
        "hr": 19
      },
      {
        "name": "문상철",
        "year": 24,
        "team": "KT",
        "pa": 403,
        "ops": 0.786,
        "avg": 0.256,
        "obp": 0.351,
        "slg": 0.435,
        "rbi": 58,
        "sb": 6,
        "hr": 17
      },
      {
        "name": "배정대",
        "year": 24,
        "team": "KT",
        "pa": 473,
        "ops": 0.749,
        "avg": 0.275,
        "obp": 0.355,
        "slg": 0.394,
        "rbi": 59,
        "sb": 9,
        "hr": 7
      },
      {
        "name": "강백호",
        "year": 24,
        "team": "KT",
        "pa": 614,
        "ops": 0.84,
        "avg": 0.289,
        "obp": 0.36,
        "slg": 0.48,
        "rbi": 96,
        "sb": 6,
        "hr": 26
      }
    ]
  },
  {
    "generation": 27,
    "expected_score": 6.345,
    "lineup": [
      "김상수",
      "김민혁",
      "로하스",
      "천성호",
      "장성우",
      "배정대",
      "문상철",
      "황재균",
      "강백호"
    ],
    "player_stats": [
      {
        "name": "김상수",
        "year": 24,
        "team": "KT",
        "pa": 420,
        "ops": 0.73,
        "avg": 0.276,
        "obp": 0.351,
        "slg": 0.379,
        "rbi": 45,
        "sb": 3,
        "hr": 4
      },
      {
        "name": "김민혁",
        "year": 24,
        "team": "KT",
        "pa": 393,
        "ops": 0.829,
        "avg": 0.353,
        "obp": 0.41,
        "slg": 0.419,
        "rbi": 34,
        "sb": 4,
        "hr": 1
      },
      {
        "name": "로하스",
        "year": 24,
        "team": "KT",
        "pa": 670,
        "ops": 0.989,
        "avg": 0.329,
        "obp": 0.421,
        "slg": 0.568,
        "rbi": 112,
        "sb": 2,
        "hr": 32
      },
      {
        "name": "천성호",
        "year": 24,
        "team": "KT",
        "pa": 255,
        "ops": 0.714,
        "avg": 0.295,
        "obp": 0.346,
        "slg": 0.368,
        "rbi": 17,
        "sb": 7,
        "hr": 1
      },
      {
        "name": "장성우",
        "year": 24,
        "team": "KT",
        "pa": 489,
        "ops": 0.805,
        "avg": 0.268,
        "obp": 0.355,
        "slg": 0.45,
        "rbi": 81,
        "sb": 5,
        "hr": 19
      },
      {
        "name": "배정대",
        "year": 24,
        "team": "KT",
        "pa": 473,
        "ops": 0.749,
        "avg": 0.275,
        "obp": 0.355,
        "slg": 0.394,
        "rbi": 59,
        "sb": 9,
        "hr": 7
      },
      {
        "name": "문상철",
        "year": 24,
        "team": "KT",
        "pa": 403,
        "ops": 0.786,
        "avg": 0.256,
        "obp": 0.351,
        "slg": 0.435,
        "rbi": 58,
        "sb": 6,
        "hr": 17
      },
      {
        "name": "황재균",
        "year": 24,
        "team": "KT",
        "pa": 536,
        "ops": 0.692,
        "avg": 0.26,
        "obp": 0.309,
        "slg": 0.383,
        "rbi": 58,
        "sb": 4,
        "hr": 13
      },
      {
        "name": "강백호",
        "year": 24,
        "team": "KT",
        "pa": 614,
        "ops": 0.84,
        "avg": 0.289,
        "obp": 0.36,
        "slg": 0.48,
        "rbi": 96,
        "sb": 6,
        "hr": 26
      }
    ]
  },
  {
    "generation": 28,
    "expected_score": 6.35,
    "lineup": [
      "강백호",
      "로하스",
      "문상철",
      "김민혁",
      "장성우",
      "김상수",
      "배정대",
      "황재균",
      "천성호"
    ],
    "player_stats": [
      {
        "name": "강백호",
        "year": 24,
        "team": "KT",
        "pa": 614,
        "ops": 0.84,
        "avg": 0.289,
        "obp": 0.36,
        "slg": 0.48,
        "rbi": 96,
        "sb": 6,
        "hr": 26
      },
      {
        "name": "로하스",
        "year": 24,
        "team": "KT",
        "pa": 670,
        "ops": 0.989,
        "avg": 0.329,
        "obp": 0.421,
        "slg": 0.568,
        "rbi": 112,
        "sb": 2,
        "hr": 32
      },
      {
        "name": "문상철",
        "year": 24,
        "team": "KT",
        "pa": 403,
        "ops": 0.786,
        "avg": 0.256,
        "obp": 0.351,
        "slg": 0.435,
        "rbi": 58,
        "sb": 6,
        "hr": 17
      },
      {
        "name": "김민혁",
        "year": 24,
        "team": "KT",
        "pa": 393,
        "ops": 0.829,
        "avg": 0.353,
        "obp": 0.41,
        "slg": 0.419,
        "rbi": 34,
        "sb": 4,
        "hr": 1
      },
      {
        "name": "장성우",
        "year": 24,
        "team": "KT",
        "pa": 489,
        "ops": 0.805,
        "avg": 0.268,
        "obp": 0.355,
        "slg": 0.45,
        "rbi": 81,
        "sb": 5,
        "hr": 19
      },
      {
        "name": "김상수",
        "year": 24,
        "team": "KT",
        "pa": 420,
        "ops": 0.73,
        "avg": 0.276,
        "obp": 0.351,
        "slg": 0.379,
        "rbi": 45,
        "sb": 3,
        "hr": 4
      },
      {
        "name": "배정대",
        "year": 24,
        "team": "KT",
        "pa": 473,
        "ops": 0.749,
        "avg": 0.275,
        "obp": 0.355,
        "slg": 0.394,
        "rbi": 59,
        "sb": 9,
        "hr": 7
      },
      {
        "name": "황재균",
        "year": 24,
        "team": "KT",
        "pa": 536,
        "ops": 0.692,
        "avg": 0.26,
        "obp": 0.309,
        "slg": 0.383,
        "rbi": 58,
        "sb": 4,
        "hr": 13
      },
      {
        "name": "천성호",
        "year": 24,
        "team": "KT",
        "pa": 255,
        "ops": 0.714,
        "avg": 0.295,
        "obp": 0.346,
        "slg": 0.368,
        "rbi": 17,
        "sb": 7,
        "hr": 1
      }
    ]
  },
  {
    "generation": 29,
    "expected_score": 6.24,
    "lineup": [
      "강백호",
      "로하스",
      "문상철",
      "김민혁",
      "장성우",
      "김상수",
      "배정대",
      "황재균",
      "천성호"
    ],
    "player_stats": [
      {
        "name": "강백호",
        "year": 24,
        "team": "KT",
        "pa": 614,
        "ops": 0.84,
        "avg": 0.289,
        "obp": 0.36,
        "slg": 0.48,
        "rbi": 96,
        "sb": 6,
        "hr": 26
      },
      {
        "name": "로하스",
        "year": 24,
        "team": "KT",
        "pa": 670,
        "ops": 0.989,
        "avg": 0.329,
        "obp": 0.421,
        "slg": 0.568,
        "rbi": 112,
        "sb": 2,
        "hr": 32
      },
      {
        "name": "문상철",
        "year": 24,
        "team": "KT",
        "pa": 403,
        "ops": 0.786,
        "avg": 0.256,
        "obp": 0.351,
        "slg": 0.435,
        "rbi": 58,
        "sb": 6,
        "hr": 17
      },
      {
        "name": "김민혁",
        "year": 24,
        "team": "KT",
        "pa": 393,
        "ops": 0.829,
        "avg": 0.353,
        "obp": 0.41,
        "slg": 0.419,
        "rbi": 34,
        "sb": 4,
        "hr": 1
      },
      {
        "name": "장성우",
        "year": 24,
        "team": "KT",
        "pa": 489,
        "ops": 0.805,
        "avg": 0.268,
        "obp": 0.355,
        "slg": 0.45,
        "rbi": 81,
        "sb": 5,
        "hr": 19
      },
      {
        "name": "김상수",
        "year": 24,
        "team": "KT",
        "pa": 420,
        "ops": 0.73,
        "avg": 0.276,
        "obp": 0.351,
        "slg": 0.379,
        "rbi": 45,
        "sb": 3,
        "hr": 4
      },
      {
        "name": "배정대",
        "year": 24,
        "team": "KT",
        "pa": 473,
        "ops": 0.749,
        "avg": 0.275,
        "obp": 0.355,
        "slg": 0.394,
        "rbi": 59,
        "sb": 9,
        "hr": 7
      },
      {
        "name": "황재균",
        "year": 24,
        "team": "KT",
        "pa": 536,
        "ops": 0.692,
        "avg": 0.26,
        "obp": 0.309,
        "slg": 0.383,
        "rbi": 58,
        "sb": 4,
        "hr": 13
      },
      {
        "name": "천성호",
        "year": 24,
        "team": "KT",
        "pa": 255,
        "ops": 0.714,
        "avg": 0.295,
        "obp": 0.346,
        "slg": 0.368,
        "rbi": 17,
        "sb": 7,
        "hr": 1
      }
    ]
  },
  {
    "generation": 30,
    "expected_score": 6.44,
    "lineup": [
      "로하스",
      "김민혁",
      "강백호",
      "문상철",
      "장성우",
      "김상수",
      "배정대",
      "황재균",
      "천성호"
    ],
    "player_stats": [
      {
        "name": "로하스",
        "year": 24,
        "team": "KT",
        "pa": 670,
        "ops": 0.989,
        "avg": 0.329,
        "obp": 0.421,
        "slg": 0.568,
        "rbi": 112,
        "sb": 2,
        "hr": 32
      },
      {
        "name": "김민혁",
        "year": 24,
        "team": "KT",
        "pa": 393,
        "ops": 0.829,
        "avg": 0.353,
        "obp": 0.41,
        "slg": 0.419,
        "rbi": 34,
        "sb": 4,
        "hr": 1
      },
      {
        "name": "강백호",
        "year": 24,
        "team": "KT",
        "pa": 614,
        "ops": 0.84,
        "avg": 0.289,
        "obp": 0.36,
        "slg": 0.48,
        "rbi": 96,
        "sb": 6,
        "hr": 26
      },
      {
        "name": "문상철",
        "year": 24,
        "team": "KT",
        "pa": 403,
        "ops": 0.786,
        "avg": 0.256,
        "obp": 0.351,
        "slg": 0.435,
        "rbi": 58,
        "sb": 6,
        "hr": 17
      },
      {
        "name": "장성우",
        "year": 24,
        "team": "KT",
        "pa": 489,
        "ops": 0.805,
        "avg": 0.268,
        "obp": 0.355,
        "slg": 0.45,
        "rbi": 81,
        "sb": 5,
        "hr": 19
      },
      {
        "name": "김상수",
        "year": 24,
        "team": "KT",
        "pa": 420,
        "ops": 0.73,
        "avg": 0.276,
        "obp": 0.351,
        "slg": 0.379,
        "rbi": 45,
        "sb": 3,
        "hr": 4
      },
      {
        "name": "배정대",
        "year": 24,
        "team": "KT",
        "pa": 473,
        "ops": 0.749,
        "avg": 0.275,
        "obp": 0.355,
        "slg": 0.394,
        "rbi": 59,
        "sb": 9,
        "hr": 7
      },
      {
        "name": "황재균",
        "year": 24,
        "team": "KT",
        "pa": 536,
        "ops": 0.692,
        "avg": 0.26,
        "obp": 0.309,
        "slg": 0.383,
        "rbi": 58,
        "sb": 4,
        "hr": 13
      },
      {
        "name": "천성호",
        "year": 24,
        "team": "KT",
        "pa": 255,
        "ops": 0.714,
        "avg": 0.295,
        "obp": 0.346,
        "slg": 0.368,
        "rbi": 17,
        "sb": 7,
        "hr": 1
      }
    ]
  }
]