[
  {
    "generation": 1,
    "expected_score": 6.66,
    "lineup": [
      "이우성",
      "소크라테스",
      "김도영",
      "박찬호",
      "최형우",
      "한준수",
      "최원준",
      "나성범",
      "김선빈"
    ],
    "player_stats": [
      {
        "name": "이우성",
        "year": 24,
        "team": "KIA",
        "pa": 449,
        "ops": 0.762,
        "avg": 0.288,
        "obp": 0.361,
        "slg": 0.401,
        "rbi": 54,
        "sb": 7,
        "hr": 9
      },
      {
        "name": "소크라테스",
        "year": 24,
        "team": "KIA",
        "pa": 602,
        "ops": 0.875,
        "avg": 0.31,
        "obp": 0.359,
        "slg": 0.516,
        "rbi": 97,
        "sb": 13,
        "hr": 26
      },
      {
        "name": "김도영",
        "year": 24,
        "team": "KIA",
        "pa": 625,
        "ops": 1.067,
        "avg": 0.347,
        "obp": 0.42,
        "slg": 0.647,
        "rbi": 109,
        "sb": 40,
        "hr": 38
      },
      {
        "name": "박찬호",
        "year": 24,
        "team": "KIA",
        "pa": 577,
        "ops": 0.749,
        "avg": 0.307,
        "obp": 0.363,
        "slg": 0.386,
        "rbi": 61,
        "sb": 20,
        "hr": 5
      },
      {
        "name": "최형우",
        "year": 24,
        "team": "KIA",
        "pa": 487,
        "ops": 0.86,
        "avg": 0.28,
        "obp": 0.361,
        "slg": 0.499,
        "rbi": 109,
        "sb": 1,
        "hr": 22
      },
      {
        "name": "한준수",
        "year": 24,
        "team": "KIA",
        "pa": 316,
        "ops": 0.807,
        "avg": 0.307,
        "obp": 0.351,
        "slg": 0.456,
        "rbi": 41,
        "sb": 0,
        "hr": 7
      },
      {
        "name": "최원준",
        "year": 24,
        "team": "KIA",
        "pa": 508,
        "ops": 0.791,
        "avg": 0.292,
        "obp": 0.371,
        "slg": 0.42,
        "rbi": 56,
        "sb": 21,
        "hr": 9
      },
      {
        "name": "나성범",
        "year": 24,
        "team": "KIA",
        "pa": 424,
        "ops": 0.868,
        "avg": 0.291,
        "obp": 0.357,
        "slg": 0.511,
        "rbi": 80,
        "sb": 0,
        "hr": 21
      },
      {
        "name": "김선빈",
        "year": 24,
        "team": "KIA",
        "pa": 466,
        "ops": 0.827,
        "avg": 0.329,
        "obp": 0.38,
        "slg": 0.447,
        "rbi": 57,
        "sb": 5,
        "hr": 9
      }
    ]
  },
  {
    "generation": 2,
    "expected_score": 6.6,
    "lineup": [
      "이우성",
      "소크라테스",
      "김도영",
      "박찬호",
      "최형우",
      "한준수",
      "최원준",
      "나성범",
      "김선빈"
    ],
    "player_stats": [
      {
        "name": "이우성",
        "year": 24,
        "team": "KIA",
        "pa": 449,
        "ops": 0.762,
        "avg": 0.288,
        "obp": 0.361,
        "slg": 0.401,
        "rbi": 54,
        "sb": 7,
        "hr": 9
      },
      {
        "name": "소크라테스",
        "year": 24,
        "team": "KIA",
        "pa": 602,
        "ops": 0.875,
        "avg": 0.31,
        "obp": 0.359,
        "slg": 0.516,
        "rbi": 97,
        "sb": 13,
        "hr": 26
      },
      {
        "name": "김도영",
        "year": 24,
        "team": "KIA",
        "pa": 625,
        "ops": 1.067,
        "avg": 0.347,
        "obp": 0.42,
        "slg": 0.647,
        "rbi": 109,
        "sb": 40,
        "hr": 38
      },
      {
        "name": "박찬호",
        "year": 24,
        "team": "KIA",
        "pa": 577,
        "ops": 0.749,
        "avg": 0.307,
        "obp": 0.363,
        "slg": 0.386,
        "rbi": 61,
        "sb": 20,
        "hr": 5
      },
      {
        "name": "최형우",
        "year": 24,
        "team": "KIA",
        "pa": 487,
        "ops": 0.86,
        "avg": 0.28,
        "obp": 0.361,
        "slg": 0.499,
        "rbi": 109,
        "sb": 1,
        "hr": 22
      },
      {
        "name": "한준수",
        "year": 24,
        "team": "KIA",
        "pa": 316,
        "ops": 0.807,
        "avg": 0.307,
        "obp": 0.351,
        "slg": 0.456,
        "rbi": 41,
        "sb": 0,
        "hr": 7
      },
      {
        "name": "최원준",
        "year": 24,
        "team": "KIA",
        "pa": 508,
        "ops": 0.791,
        "avg": 0.292,
        "obp": 0.371,
        "slg": 0.42,
        "rbi": 56,
        "sb": 21,
        "hr": 9
      },
      {
        "name": "나성범",
        "year": 24,
        "team": "KIA",
        "pa": 424,
        "ops": 0.868,
        "avg": 0.291,
        "obp": 0.357,
        "slg": 0.511,
        "rbi": 80,
        "sb": 0,
        "hr": 21
      },
      {
        "name": "김선빈",
        "year": 24,
        "team": "KIA",
        "pa": 466,
        "ops": 0.827,
        "avg": 0.329,
        "obp": 0.38,
        "slg": 0.447,
        "rbi": 57,
        "sb": 5,
        "hr": 9
      }
    ]
  },
  {
    "generation": 3,
    "expected_score": 6.99,
    "lineup": [
      "최형우",
      "최원준",
      "김도영",
      "나성범",
      "김선빈",
      "이우성",
      "소크라테스",
      "한준수",
      "박찬호"
    ],
    "player_stats": [
      {
        "name": "최형우",
        "year": 24,
        "team": "KIA",
        "pa": 487,
        "ops": 0.86,
        "avg": 0.28,
        "obp": 0.361,
        "slg": 0.499,
        "rbi": 109,
        "sb": 1,
        "hr": 22
      },
      {
        "name": "최원준",
        "year": 24,
        "team": "KIA",
        "pa": 508,
        "ops": 0.791,
        "avg": 0.292,
        "obp": 0.371,
        "slg": 0.42,
        "rbi": 56,
        "sb": 21,
        "hr": 9
      },
      {
        "name": "김도영",
        "year": 24,
        "team": "KIA",
        "pa": 625,
        "ops": 1.067,
        "avg": 0.347,
        "obp": 0.42,
        "slg": 0.647,
        "rbi": 109,
        "sb": 40,
        "hr": 38
      },
      {
        "name": "나성범",
        "year": 24,
        "team": "KIA",
        "pa": 424,
        "ops": 0.868,
        "avg": 0.291,
        "obp": 0.357,
        "slg": 0.511,
        "rbi": 80,
        "sb": 0,
        "hr": 21
      },
      {
        "name": "김선빈",
        "year": 24,
        "team": "KIA",
        "pa": 466,
        "ops": 0.827,
        "avg": 0.329,
        "obp": 0.38,
        "slg": 0.447,
        "rbi": 57,
        "sb": 5,
        "hr": 9
      },
      {
        "name": "이우성",
        "year": 24,
        "team": "KIA",
        "pa": 449,
        "ops": 0.762,
        "avg": 0.288,
        "obp": 0.361,
        "slg": 0.401,
        "rbi": 54,
        "sb": 7,
        "hr": 9
      },
      {
        "name": "소크라테스",
        "year": 24,
        "team": "KIA",
        "pa": 602,
        "ops": 0.875,
        "avg": 0.31,
        "obp": 0.359,
        "slg": 0.516,
        "rbi": 97,
        "sb": 13,
        "hr": 26
      },
      {
        "name": "한준수",
        "year": 24,
        "team": "KIA",
        "pa": 316,
        "ops": 0.807,
        "avg": 0.307,
        "obp": 0.351,
        "slg": 0.456,
        "rbi": 41,
        "sb": 0,
        "hr": 7
      },
      {
        "name": "박찬호",
        "year": 24,
        "team": "KIA",
        "pa": 577,
        "ops": 0.749,
        "avg": 0.307,
        "obp": 0.363,
        "slg": 0.386,
        "rbi": 61,
        "sb": 20,
        "hr": 5
      }
    ]
  },
  {
    "generation": 4,
    "expected_score": 6.81,
    "lineup": [
      "김도영",
      "김선빈",
      "이우성",
      "나성범",
      "박찬호",
      "소크라테스",
      "한준수",
      "최원준",
      "최형우"
    ],
    "player_stats": [
      {
        "name": "김도영",
        "year": 24,
        "team": "KIA",
        "pa": 625,
        "ops": 1.067,
        "avg": 0.347,
        "obp": 0.42,
        "slg": 0.647,
        "rbi": 109,
        "sb": 40,
        "hr": 38
      },
      {
        "name": "김선빈",
        "year": 24,
        "team": "KIA",
        "pa": 466,
        "ops": 0.827,
        "avg": 0.329,
        "obp": 0.38,
        "slg": 0.447,
        "rbi": 57,
        "sb": 5,
        "hr": 9
      },
      {
        "name": "이우성",
        "year": 24,
        "team": "KIA",
        "pa": 449,
        "ops": 0.762,
        "avg": 0.288,
        "obp": 0.361,
        "slg": 0.401,
        "rbi": 54,
        "sb": 7,
        "hr": 9
      },
      {
        "name": "나성범",
        "year": 24,
        "team": "KIA",
        "pa": 424,
        "ops": 0.868,
        "avg": 0.291,
        "obp": 0.357,
        "slg": 0.511,
        "rbi": 80,
        "sb": 0,
        "hr": 21
      },
      {
        "name": "박찬호",
        "year": 24,
        "team": "KIA",
        "pa": 577,
        "ops": 0.749,
        "avg": 0.307,
        "obp": 0.363,
        "slg": 0.386,
        "rbi": 61,
        "sb": 20,
        "hr": 5
      },
      {
        "name": "소크라테스",
        "year": 24,
        "team": "KIA",
        "pa": 602,
        "ops": 0.875,
        "avg": 0.31,
        "obp": 0.359,
        "slg": 0.516,
        "rbi": 97,
        "sb": 13,
        "hr": 26
      },
      {
        "name": "한준수",
        "year": 24,
        "team": "KIA",
        "pa": 316,
        "ops": 0.807,
        "avg": 0.307,
        "obp": 0.351,
        "slg": 0.456,
        "rbi": 41,
        "sb": 0,
        "hr": 7
      },
      {
        "name": "최원준",
        "year": 24,
        "team": "KIA",
        "pa": 508,
        "ops": 0.791,
        "avg": 0.292,
        "obp": 0.371,
        "slg": 0.42,
        "rbi": 56,
        "sb": 21,
        "hr": 9
      },
      {
        "name": "최형우",
        "year": 24,
        "team": "KIA",
        "pa": 487,
        "ops": 0.86,
        "avg": 0.28,
        "obp": 0.361,
        "slg": 0.499,
        "rbi": 109,
        "sb": 1,
        "hr": 22
      }
    ]
  },
  {
    "generation": 5,
    "expected_score": 6.735,
    "lineup": [
      "이우성",
      "김도영",
      "박찬호",
      "최형우",
      "나성범",
      "소크라테스",
      "최원준",
      "한준수",
      "김선빈"
    ],
    "player_stats": [
      {
        "name": "이우성",
        "year": 24,
        "team": "KIA",
        "pa": 449,
        "ops": 0.762,
        "avg": 0.288,
        "obp": 0.361,
        "slg": 0.401,
        "rbi": 54,
        "sb": 7,
        "hr": 9
      },
      {
        "name": "김도영",
        "year": 24,
        "team": "KIA",
        "pa": 625,
        "ops": 1.067,
        "avg": 0.347,
        "obp": 0.42,
        "slg": 0.647,
        "rbi": 109,
        "sb": 40,
        "hr": 38
      },
      {
        "name": "박찬호",
        "year": 24,
        "team": "KIA",
        "pa": 577,
        "ops": 0.749,
        "avg": 0.307,
        "obp": 0.363,
        "slg": 0.386,
        "rbi": 61,
        "sb": 20,
        "hr": 5
      },
      {
        "name": "최형우",
        "year": 24,
        "team": "KIA",
        "pa": 487,
        "ops": 0.86,
        "avg": 0.28,
        "obp": 0.361,
        "slg": 0.499,
        "rbi": 109,
        "sb": 1,
        "hr": 22
      },
      {
        "name": "나성범",
        "year": 24,
        "team": "KIA",
        "pa": 424,
        "ops": 0.868,
        "avg": 0.291,
        "obp": 0.357,
        "slg": 0.511,
        "rbi": 80,
        "sb": 0,
        "hr": 21
      },
      {
        "name": "소크라테스",
        "year": 24,
        "team": "KIA",
        "pa": 602,
        "ops": 0.875,
        "avg": 0.31,
        "obp": 0.359,
        "slg": 0.516,
        "rbi": 97,
        "sb": 13,
        "hr": 26
      },
      {
        "name": "최원준",
        "year": 24,
        "team": "KIA",
        "pa": 508,
        "ops": 0.791,
        "avg": 0.292,
        "obp": 0.371,
        "slg": 0.42,
        "rbi": 56,
        "sb": 21,
        "hr": 9
      },
      {
        "name": "한준수",
        "year": 24,
        "team": "KIA",
        "pa": 316,
        "ops": 0.807,
        "avg": 0.307,
        "obp": 0.351,
        "slg": 0.456,
        "rbi": 41,
        "sb": 0,
        "hr": 7
      },
      {
        "name": "김선빈",
        "year": 24,
        "team": "KIA",
        "pa": 466,
        "ops": 0.827,
        "avg": 0.329,
        "obp": 0.38,
        "slg": 0.447,
        "rbi": 57,
        "sb": 5,
        "hr": 9
      }
    ]
  },
  {
    "generation": 6,
    "expected_score": 6.66,
    "lineup": [
      "김도영",
      "최원준",
      "이우성",
      "나성범",
      "박찬호",
      "소크라테스",
      "최형우",
      "김선빈",
      "한준수"
    ],
    "player_stats": [
      {
        "name": "김도영",
        "year": 24,
        "team": "KIA",
        "pa": 625,
        "ops": 1.067,
        "avg": 0.347,
        "obp": 0.42,
        "slg": 0.647,
        "rbi": 109,
        "sb": 40,
        "hr": 38
      },
      {
        "name": "최원준",
        "year": 24,
        "team": "KIA",
        "pa": 508,
        "ops": 0.791,
        "avg": 0.292,
        "obp": 0.371,
        "slg": 0.42,
        "rbi": 56,
        "sb": 21,
        "hr": 9
      },
      {
        "name": "이우성",
        "year": 24,
        "team": "KIA",
        "pa": 449,
        "ops": 0.762,
        "avg": 0.288,
        "obp": 0.361,
        "slg": 0.401,
        "rbi": 54,
        "sb": 7,
        "hr": 9
      },
      {
        "name": "나성범",
        "year": 24,
        "team": "KIA",
        "pa": 424,
        "ops": 0.868,
        "avg": 0.291,
        "obp": 0.357,
        "slg": 0.511,
        "rbi": 80,
        "sb": 0,
        "hr": 21
      },
      {
        "name": "박찬호",
        "year": 24,
        "team": "KIA",
        "pa": 577,
        "ops": 0.749,
        "avg": 0.307,
        "obp": 0.363,
        "slg": 0.386,
        "rbi": 61,
        "sb": 20,
        "hr": 5
      },
      {
        "name": "소크라테스",
        "year": 24,
        "team": "KIA",
        "pa": 602,
        "ops": 0.875,
        "avg": 0.31,
        "obp": 0.359,
        "slg": 0.516,
        "rbi": 97,
        "sb": 13,
        "hr": 26
      },
      {
        "name": "최형우",
        "year": 24,
        "team": "KIA",
        "pa": 487,
        "ops": 0.86,
        "avg": 0.28,
        "obp": 0.361,
        "slg": 0.499,
        "rbi": 109,
        "sb": 1,
        "hr": 22
      },
      {
        "name": "김선빈",
        "year": 24,
        "team": "KIA",
        "pa": 466,
        "ops": 0.827,
        "avg": 0.329,
        "obp": 0.38,
        "slg": 0.447,
        "rbi": 57,
        "sb": 5,
        "hr": 9
      },
      {
        "name": "한준수",
        "year": 24,
        "team": "KIA",
        "pa": 316,
        "ops": 0.807,
        "avg": 0.307,
        "obp": 0.351,
        "slg": 0.456,
        "rbi": 41,
        "sb": 0,
        "hr": 7
      }
    ]
  },
  {
    "generation": 7,
    "expected_score": 6.765,
    "lineup": [
      "김도영",
      "나성범",
      "김선빈",
      "이우성",
      "박찬호",
      "최형우",
      "한준수",
      "최원준",
      "소크라테스"
    ],
    "player_stats": [
      {
        "name": "김도영",
        "year": 24,
        "team": "KIA",
        "pa": 625,
        "ops": 1.067,
        "avg": 0.347,
        "obp": 0.42,
        "slg": 0.647,
        "rbi": 109,
        "sb": 40,
        "hr": 38
      },
      {
        "name": "나성범",
        "year": 24,
        "team": "KIA",
        "pa": 424,
        "ops": 0.868,
        "avg": 0.291,
        "obp": 0.357,
        "slg": 0.511,
        "rbi": 80,
        "sb": 0,
        "hr": 21
      },
      {
        "name": "김선빈",
        "year": 24,
        "team": "KIA",
        "pa": 466,
        "ops": 0.827,
        "avg": 0.329,
        "obp": 0.38,
        "slg": 0.447,
        "rbi": 57,
        "sb": 5,
        "hr": 9
      },
      {
        "name": "이우성",
        "year": 24,
        "team": "KIA",
        "pa": 449,
        "ops": 0.762,
        "avg": 0.288,
        "obp": 0.361,
        "slg": 0.401,
        "rbi": 54,
        "sb": 7,
        "hr": 9
      },
      {
        "name": "박찬호",
        "year": 24,
        "team": "KIA",
        "pa": 577,
        "ops": 0.749,
        "avg": 0.307,
        "obp": 0.363,
        "slg": 0.386,
        "rbi": 61,
        "sb": 20,
        "hr": 5
      },
      {
        "name": "최형우",
        "year": 24,
        "team": "KIA",
        "pa": 487,
        "ops": 0.86,
        "avg": 0.28,
        "obp": 0.361,
        "slg": 0.499,
        "rbi": 109,
        "sb": 1,
        "hr": 22
      },
      {
        "name": "한준수",
        "year": 24,
        "team": "KIA",
        "pa": 316,
        "ops": 0.807,
        "avg": 0.307,
        "obp": 0.351,
        "slg": 0.456,
        "rbi": 41,
        "sb": 0,
        "hr": 7
      },
      {
        "name": "최원준",
        "year": 24,
        "team": "KIA",
        "pa": 508,
        "ops": 0.791,
        "avg": 0.292,
        "obp": 0.371,
        "slg": 0.42,
        "rbi": 56,
        "sb": 21,
        "hr": 9
      },
      {
        "name": "소크라테스",
        "year": 24,
        "team": "KIA",
        "pa": 602,
        "ops": 0.875,
        "avg": 0.31,
        "obp": 0.359,
        "slg": 0.516,
        "rbi": 97,
        "sb": 13,
        "hr": 26
      }
    ]
  },
  {
    "generation": 8,
    "expected_score": 6.925,
    "lineup": [
      "이우성",
      "김도영",
      "박찬호",
      "나성범",
      "소크라테스",
      "최형우",
      "최원준",
      "한준수",
      "김선빈"
    ],
    "player_stats": [
      {
        "name": "이우성",
        "year": 24,
        "team": "KIA",
        "pa": 449,
        "ops": 0.762,
        "avg": 0.288,
        "obp": 0.361,
        "slg": 0.401,
        "rbi": 54,
        "sb": 7,
        "hr": 9
      },
      {
        "name": "김도영",
        "year": 24,
        "team": "KIA",
        "pa": 625,
        "ops": 1.067,
        "avg": 0.347,
        "obp": 0.42,
        "slg": 0.647,
        "rbi": 109,
        "sb": 40,
        "hr": 38
      },
      {
        "name": "박찬호",
        "year": 24,
        "team": "KIA",
        "pa": 577,
        "ops": 0.749,
        "avg": 0.307,
        "obp": 0.363,
        "slg": 0.386,
        "rbi": 61,
        "sb": 20,
        "hr": 5
      },
      {
        "name": "나성범",
        "year": 24,
        "team": "KIA",
        "pa": 424,
        "ops": 0.868,
        "avg": 0.291,
        "obp": 0.357,
        "slg": 0.511,
        "rbi": 80,
        "sb": 0,
        "hr": 21
      },
      {
        "name": "소크라테스",
        "year": 24,
        "team": "KIA",
        "pa": 602,
        "ops": 0.875,
        "avg": 0.31,
        "obp": 0.359,
        "slg": 0.516,
        "rbi": 97,
        "sb": 13,
        "hr": 26
      },
      {
        "name": "최형우",
        "year": 24,
        "team": "KIA",
        "pa": 487,
        "ops": 0.86,
        "avg": 0.28,
        "obp": 0.361,
        "slg": 0.499,
        "rbi": 109,
        "sb": 1,
        "hr": 22
      },
      {
        "name": "최원준",
        "year": 24,
        "team": "KIA",
        "pa": 508,
        "ops": 0.791,
        "avg": 0.292,
        "obp": 0.371,
        "slg": 0.42,
        "rbi": 56,
        "sb": 21,
        "hr": 9
      },
      {
        "name": "한준수",
        "year": 24,
        "team": "KIA",
        "pa": 316,
        "ops": 0.807,
        "avg": 0.307,
        "obp": 0.351,
        "slg": 0.456,
        "rbi": 41,
        "sb": 0,
        "hr": 7
      },
      {
        "name": "김선빈",
        "year": 24,
        "team": "KIA",
        "pa": 466,
        "ops": 0.827,
        "avg": 0.329,
        "obp": 0.38,
        "slg": 0.447,
        "rbi": 57,
        "sb": 5,
        "hr": 9
      }
    ]
  },
  {
    "generation": 9,
    "expected_score": 6.625,
    "lineup": [
      "이우성",
      "김도영",
      "김선빈",
      "한준수",
      "나성범",
      "박찬호",
      "소크라테스",
      "최형우",
      "최원준"
    ],
    "player_stats": [
      {
        "name": "이우성",
        "year": 24,
        "team": "KIA",
        "pa": 449,
        "ops": 0.762,
        "avg": 0.288,
        "obp": 0.361,
        "slg": 0.401,
        "rbi": 54,
        "sb": 7,
        "hr": 9
      },
      {
        "name": "김도영",
        "year": 24,
        "team": "KIA",
        "pa": 625,
        "ops": 1.067,
        "avg": 0.347,
        "obp": 0.42,
        "slg": 0.647,
        "rbi": 109,
        "sb": 40,
        "hr": 38
      },
      {
        "name": "김선빈",
        "year": 24,
        "team": "KIA",
        "pa": 466,
        "ops": 0.827,
        "avg": 0.329,
        "obp": 0.38,
        "slg": 0.447,
        "rbi": 57,
        "sb": 5,
        "hr": 9
      },
      {
        "name": "한준수",
        "year": 24,
        "team": "KIA",
        "pa": 316,
        "ops": 0.807,
        "avg": 0.307,
        "obp": 0.351,
        "slg": 0.456,
        "rbi": 41,
        "sb": 0,
        "hr": 7
      },
      {
        "name": "나성범",
        "year": 24,
        "team": "KIA",
        "pa": 424,
        "ops": 0.868,
        "avg": 0.291,
        "obp": 0.357,
        "slg": 0.511,
        "rbi": 80,
        "sb": 0,
        "hr": 21
      },
      {
        "name": "박찬호",
        "year": 24,
        "team": "KIA",
        "pa": 577,
        "ops": 0.749,
        "avg": 0.307,
        "obp": 0.363,
        "slg": 0.386,
        "rbi": 61,
        "sb": 20,
        "hr": 5
      },
      {
        "name": "소크라테스",
        "year": 24,
        "team": "KIA",
        "pa": 602,
        "ops": 0.875,
        "avg": 0.31,
        "obp": 0.359,
        "slg": 0.516,
        "rbi": 97,
        "sb": 13,
        "hr": 26
      },
      {
        "name": "최형우",
        "year": 24,
        "team": "KIA",
        "pa": 487,
        "ops": 0.86,
        "avg": 0.28,
        "obp": 0.361,
        "slg": 0.499,
        "rbi": 109,
        "sb": 1,
        "hr": 22
      },
      {
        "name": "최원준",
        "year": 24,
        "team": "KIA",
        "pa": 508,
        "ops": 0.791,
        "avg": 0.292,
        "obp": 0.371,
        "slg": 0.42,
        "rbi": 56,
        "sb": 21,
        "hr": 9
      }
    ]
  },
  {
    "generation": 10,
    "expected_score": 6.735,
    "lineup": [
      "이우성",
      "박찬호",
      "최형우",
      "나성범",
      "한준수",
      "김도영",
      "소크라테스",
      "김선빈",
      "최원준"
    ],
    "player_stats": [
      {
        "name": "이우성",
        "year": 24,
        "team": "KIA",
        "pa": 449,
        "ops": 0.762,
        "avg": 0.288,
        "obp": 0.361,
        "slg": 0.401,
        "rbi": 54,
        "sb": 7,
        "hr": 9
      },
      {
        "name": "박찬호",
        "year": 24,
        "team": "KIA",
        "pa": 577,
        "ops": 0.749,
        "avg": 0.307,
        "obp": 0.363,
        "slg": 0.386,
        "rbi": 61,
        "sb": 20,
        "hr": 5
      },
      {
        "name": "최형우",
        "year": 24,
        "team": "KIA",
        "pa": 487,
        "ops": 0.86,
        "avg": 0.28,
        "obp": 0.361,
        "slg": 0.499,
        "rbi": 109,
        "sb": 1,
        "hr": 22
      },
      {
        "name": "나성범",
        "year": 24,
        "team": "KIA",
        "pa": 424,
        "ops": 0.868,
        "avg": 0.291,
        "obp": 0.357,
        "slg": 0.511,
        "rbi": 80,
        "sb": 0,
        "hr": 21
      },
      {
        "name": "한준수",
        "year": 24,
        "team": "KIA",
        "pa": 316,
        "ops": 0.807,
        "avg": 0.307,
        "obp": 0.351,
        "slg": 0.456,
        "rbi": 41,
        "sb": 0,
        "hr": 7
      },
      {
        "name": "김도영",
        "year": 24,
        "team": "KIA",
        "pa": 625,
        "ops": 1.067,
        "avg": 0.347,
        "obp": 0.42,
        "slg": 0.647,
        "rbi": 109,
        "sb": 40,
        "hr": 38
      },
      {
        "name": "소크라테스",
        "year": 24,
        "team": "KIA",
        "pa": 602,
        "ops": 0.875,
        "avg": 0.31,
        "obp": 0.359,
        "slg": 0.516,
        "rbi": 97,
        "sb": 13,
        "hr": 26
      },
      {
        "name": "김선빈",
        "year": 24,
        "team": "KIA",
        "pa": 466,
        "ops": 0.827,
        "avg": 0.329,
        "obp": 0.38,
        "slg": 0.447,
        "rbi": 57,
        "sb": 5,
        "hr": 9
      },
      {
        "name": "최원준",
        "year": 24,
        "team": "KIA",
        "pa": 508,
        "ops": 0.791,
        "avg": 0.292,
        "obp": 0.371,
        "slg": 0.42,
        "rbi": 56,
        "sb": 21,
        "hr": 9
      }
    ]
  },
  {
    "generation": 11,
    "expected_score": 6.67,
    "lineup": [
      "이우성",
      "김도영",
      "박찬호",
      "소크라테스",
      "나성범",
      "최형우",
      "한준수",
      "김선빈",
      "최원준"
    ],
    "player_stats": [
      {
        "name": "이우성",
        "year": 24,
        "team": "KIA",
        "pa": 449,
        "ops": 0.762,
        "avg": 0.288,
        "obp": 0.361,
        "slg": 0.401,
        "rbi": 54,
        "sb": 7,
        "hr": 9
      },
      {
        "name": "김도영",
        "year": 24,
        "team": "KIA",
        "pa": 625,
        "ops": 1.067,
        "avg": 0.347,
        "obp": 0.42,
        "slg": 0.647,
        "rbi": 109,
        "sb": 40,
        "hr": 38
      },
      {
        "name": "박찬호",
        "year": 24,
        "team": "KIA",
        "pa": 577,
        "ops": 0.749,
        "avg": 0.307,
        "obp": 0.363,
        "slg": 0.386,
        "rbi": 61,
        "sb": 20,
        "hr": 5
      },
      {
        "name": "소크라테스",
        "year": 24,
        "team": "KIA",
        "pa": 602,
        "ops": 0.875,
        "avg": 0.31,
        "obp": 0.359,
        "slg": 0.516,
        "rbi": 97,
        "sb": 13,
        "hr": 26
      },
      {
        "name": "나성범",
        "year": 24,
        "team": "KIA",
        "pa": 424,
        "ops": 0.868,
        "avg": 0.291,
        "obp": 0.357,
        "slg": 0.511,
        "rbi": 80,
        "sb": 0,
        "hr": 21
      },
      {
        "name": "최형우",
        "year": 24,
        "team": "KIA",
        "pa": 487,
        "ops": 0.86,
        "avg": 0.28,
        "obp": 0.361,
        "slg": 0.499,
        "rbi": 109,
        "sb": 1,
        "hr": 22
      },
      {
        "name": "한준수",
        "year": 24,
        "team": "KIA",
        "pa": 316,
        "ops": 0.807,
        "avg": 0.307,
        "obp": 0.351,
        "slg": 0.456,
        "rbi": 41,
        "sb": 0,
        "hr": 7
      },
      {
        "name": "김선빈",
        "year": 24,
        "team": "KIA",
        "pa": 466,
        "ops": 0.827,
        "avg": 0.329,
        "obp": 0.38,
        "slg": 0.447,
        "rbi": 57,
        "sb": 5,
        "hr": 9
      },
      {
        "name": "최원준",
        "year": 24,
        "team": "KIA",
        "pa": 508,
        "ops": 0.791,
        "avg": 0.292,
        "obp": 0.371,
        "slg": 0.42,
        "rbi": 56,
        "sb": 21,
        "hr": 9
      }
    ]
  },
  {
    "generation": 12,
    "expected_score": 6.945,
    "lineup": [
      "김도영",
      "소크라테스",
      "이우성",
      "박찬호",
      "나성범",
      "최형우",
      "한준수",
      "김선빈",
      "최원준"
    ],
    "player_stats": [
      {
        "name": "김도영",
        "year": 24,
        "team": "KIA",
        "pa": 625,
        "ops": 1.067,
        "avg": 0.347,
        "obp": 0.42,
        "slg": 0.647,
        "rbi": 109,
        "sb": 40,
        "hr": 38
      },
      {
        "name": "소크라테스",
        "year": 24,
        "team": "KIA",
        "pa": 602,
        "ops": 0.875,
        "avg": 0.31,
        "obp": 0.359,
        "slg": 0.516,
        "rbi": 97,
        "sb": 13,
        "hr": 26
      },
      {
        "name": "이우성",
        "year": 24,
        "team": "KIA",
        "pa": 449,
        "ops": 0.762,
        "avg": 0.288,
        "obp": 0.361,
        "slg": 0.401,
        "rbi": 54,
        "sb": 7,
        "hr": 9
      },
      {
        "name": "박찬호",
        "year": 24,
        "team": "KIA",
        "pa": 577,
        "ops": 0.749,
        "avg": 0.307,
        "obp": 0.363,
        "slg": 0.386,
        "rbi": 61,
        "sb": 20,
        "hr": 5
      },
      {
        "name": "나성범",
        "year": 24,
        "team": "KIA",
        "pa": 424,
        "ops": 0.868,
        "avg": 0.291,
        "obp": 0.357,
        "slg": 0.511,
        "rbi": 80,
        "sb": 0,
        "hr": 21
      },
      {
        "name": "최형우",
        "year": 24,
        "team": "KIA",
        "pa": 487,
        "ops": 0.86,
        "avg": 0.28,
        "obp": 0.361,
        "slg": 0.499,
        "rbi": 109,
        "sb": 1,
        "hr": 22
      },
      {
        "name": "한준수",
        "year": 24,
        "team": "KIA",
        "pa": 316,
        "ops": 0.807,
        "avg": 0.307,
        "obp": 0.351,
        "slg": 0.456,
        "rbi": 41,
        "sb": 0,
        "hr": 7
      },
      {
        "name": "김선빈",
        "year": 24,
        "team": "KIA",
        "pa": 466,
        "ops": 0.827,
        "avg": 0.329,
        "obp": 0.38,
        "slg": 0.447,
        "rbi": 57,
        "sb": 5,
        "hr": 9
      },
      {
        "name": "최원준",
        "year": 24,
        "team": "KIA",
        "pa": 508,
        "ops": 0.791,
        "avg": 0.292,
        "obp": 0.371,
        "slg": 0.42,
        "rbi": 56,
        "sb": 21,
        "hr": 9
      }
    ]
  },
  {
    "generation": 13,
    "expected_score": 6.705,
    "lineup": [
      "김도영",
      "소크라테스",
      "이우성",
      "박찬호",
      "나성범",
      "최형우",
      "한준수",
      "김선빈",
      "최원준"
    ],
    "player_stats": [
      {
        "name": "김도영",
        "year": 24,
        "team": "KIA",
        "pa": 625,
        "ops": 1.067,
        "avg": 0.347,
        "obp": 0.42,
        "slg": 0.647,
        "rbi": 109,
        "sb": 40,
        "hr": 38
      },
      {
        "name": "소크라테스",
        "year": 24,
        "team": "KIA",
        "pa": 602,
        "ops": 0.875,
        "avg": 0.31,
        "obp": 0.359,
        "slg": 0.516,
        "rbi": 97,
        "sb": 13,
        "hr": 26
      },
      {
        "name": "이우성",
        "year": 24,
        "team": "KIA",
        "pa": 449,
        "ops": 0.762,
        "avg": 0.288,
        "obp": 0.361,
        "slg": 0.401,
        "rbi": 54,
        "sb": 7,
        "hr": 9
      },
      {
        "name": "박찬호",
        "year": 24,
        "team": "KIA",
        "pa": 577,
        "ops": 0.749,
        "avg": 0.307,
        "obp": 0.363,
        "slg": 0.386,
        "rbi": 61,
        "sb": 20,
        "hr": 5
      },
      {
        "name": "나성범",
        "year": 24,
        "team": "KIA",
        "pa": 424,
        "ops": 0.868,
        "avg": 0.291,
        "obp": 0.357,
        "slg": 0.511,
        "rbi": 80,
        "sb": 0,
        "hr": 21
      },
      {
        "name": "최형우",
        "year": 24,
        "team": "KIA",
        "pa": 487,
        "ops": 0.86,
        "avg": 0.28,
        "obp": 0.361,
        "slg": 0.499,
        "rbi": 109,
        "sb": 1,
        "hr": 22
      },
      {
        "name": "한준수",
        "year": 24,
        "team": "KIA",
        "pa": 316,
        "ops": 0.807,
        "avg": 0.307,
        "obp": 0.351,
        "slg": 0.456,
        "rbi": 41,
        "sb": 0,
        "hr": 7
      },
      {
        "name": "김선빈",
        "year": 24,
        "team": "KIA",
        "pa": 466,
        "ops": 0.827,
        "avg": 0.329,
        "obp": 0.38,
        "slg": 0.447,
        "rbi": 57,
        "sb": 5,
        "hr": 9
      },
      {
        "name": "최원준",
        "year": 24,
        "team": "KIA",
        "pa": 508,
        "ops": 0.791,
        "avg": 0.292,
        "obp": 0.371,
        "slg": 0.42,
        "rbi": 56,
        "sb": 21,
        "hr": 9
      }
    ]
  },
  {
    "generation": 14,
    "expected_score": 6.515,
    "lineup": [
      "김도영",
      "나성범",
      "소크라테스",
      "이우성",
      "최형우",
      "박찬호",
      "한준수",
      "김선빈",
      "최원준"
    ],
    "player_stats": [
      {
        "name": "김도영",
        "year": 24,
        "team": "KIA",
        "pa": 625,
        "ops": 1.067,
        "avg": 0.347,
        "obp": 0.42,
        "slg": 0.647,
        "rbi": 109,
        "sb": 40,
        "hr": 38
      },
      {
        "name": "나성범",
        "year": 24,
        "team": "KIA",
        "pa": 424,
        "ops": 0.868,
        "avg": 0.291,
        "obp": 0.357,
        "slg": 0.511,
        "rbi": 80,
        "sb": 0,
        "hr": 21
      },
      {
        "name": "소크라테스",
        "year": 24,
        "team": "KIA",
        "pa": 602,
        "ops": 0.875,
        "avg": 0.31,
        "obp": 0.359,
        "slg": 0.516,
        "rbi": 97,
        "sb": 13,
        "hr": 26
      },
      {
        "name": "이우성",
        "year": 24,
        "team": "KIA",
        "pa": 449,
        "ops": 0.762,
        "avg": 0.288,
        "obp": 0.361,
        "slg": 0.401,
        "rbi": 54,
        "sb": 7,
        "hr": 9
      },
      {
        "name": "최형우",
        "year": 24,
        "team": "KIA",
        "pa": 487,
        "ops": 0.86,
        "avg": 0.28,
        "obp": 0.361,
        "slg": 0.499,
        "rbi": 109,
        "sb": 1,
        "hr": 22
      },
      {
        "name": "박찬호",
        "year": 24,
        "team": "KIA",
        "pa": 577,
        "ops": 0.749,
        "avg": 0.307,
        "obp": 0.363,
        "slg": 0.386,
        "rbi": 61,
        "sb": 20,
        "hr": 5
      },
      {
        "name": "한준수",
        "year": 24,
        "team": "KIA",
        "pa": 316,
        "ops": 0.807,
        "avg": 0.307,
        "obp": 0.351,
        "slg": 0.456,
        "rbi": 41,
        "sb": 0,
        "hr": 7
      },
      {
        "name": "김선빈",
        "year": 24,
        "team": "KIA",
        "pa": 466,
        "ops": 0.827,
        "avg": 0.329,
        "obp": 0.38,
        "slg": 0.447,
        "rbi": 57,
        "sb": 5,
        "hr": 9
      },
      {
        "name": "최원준",
        "year": 24,
        "team": "KIA",
        "pa": 508,
        "ops": 0.791,
        "avg": 0.292,
        "obp": 0.371,
        "slg": 0.42,
        "rbi": 56,
        "sb": 21,
        "hr": 9
      }
    ]
  },
  {
    "generation": 15,
    "expected_score": 6.61,
    "lineup": [
      "김도영",
      "김선빈",
      "최형우",
      "나성범",
      "이우성",
      "박찬호",
      "한준수",
      "소크라테스",
      "최원준"
    ],
    "player_stats": [
      {
        "name": "김도영",
        "year": 24,
        "team": "KIA",
        "pa": 625,
        "ops": 1.067,
        "avg": 0.347,
        "obp": 0.42,
        "slg": 0.647,
        "rbi": 109,
        "sb": 40,
        "hr": 38
      },
      {
        "name": "김선빈",
        "year": 24,
        "team": "KIA",
        "pa": 466,
        "ops": 0.827,
        "avg": 0.329,
        "obp": 0.38,
        "slg": 0.447,
        "rbi": 57,
        "sb": 5,
        "hr": 9
      },
      {
        "name": "최형우",
        "year": 24,
        "team": "KIA",
        "pa": 487,
        "ops": 0.86,
        "avg": 0.28,
        "obp": 0.361,
        "slg": 0.499,
        "rbi": 109,
        "sb": 1,
        "hr": 22
      },
      {
        "name": "나성범",
        "year": 24,
        "team": "KIA",
        "pa": 424,
        "ops": 0.868,
        "avg": 0.291,
        "obp": 0.357,
        "slg": 0.511,
        "rbi": 80,
        "sb": 0,
        "hr": 21
      },
      {
        "name": "이우성",
        "year": 24,
        "team": "KIA",
        "pa": 449,
        "ops": 0.762,
        "avg": 0.288,
        "obp": 0.361,
        "slg": 0.401,
        "rbi": 54,
        "sb": 7,
        "hr": 9
      },
      {
        "name": "박찬호",
        "year": 24,
        "team": "KIA",
        "pa": 577,
        "ops": 0.749,
        "avg": 0.307,
        "obp": 0.363,
        "slg": 0.386,
        "rbi": 61,
        "sb": 20,
        "hr": 5
      },
      {
        "name": "한준수",
        "year": 24,
        "team": "KIA",
        "pa": 316,
        "ops": 0.807,
        "avg": 0.307,
        "obp": 0.351,
        "slg": 0.456,
        "rbi": 41,
        "sb": 0,
        "hr": 7
      },
      {
        "name": "소크라테스",
        "year": 24,
        "team": "KIA",
        "pa": 602,
        "ops": 0.875,
        "avg": 0.31,
        "obp": 0.359,
        "slg": 0.516,
        "rbi": 97,
        "sb": 13,
        "hr": 26
      },
      {
        "name": "최원준",
        "year": 24,
        "team": "KIA",
        "pa": 508,
        "ops": 0.791,
        "avg": 0.292,
        "obp": 0.371,
        "slg": 0.42,
        "rbi": 56,
        "sb": 21,
        "hr": 9
      }
    ]
  },
  {
    "generation": 16,
    "expected_score": 6.905,
    "lineup": [
      "김도영",
      "나성범",
      "소크라테스",
      "이우성",
      "김선빈",
      "박찬호",
      "최형우",
      "한준수",
      "최원준"
    ],
    "player_stats": [
      {
        "name": "김도영",
        "year": 24,
        "team": "KIA",
        "pa": 625,
        "ops": 1.067,
        "avg": 0.347,
        "obp": 0.42,
        "slg": 0.647,
        "rbi": 109,
        "sb": 40,
        "hr": 38
      },
      {
        "name": "나성범",
        "year": 24,
        "team": "KIA",
        "pa": 424,
        "ops": 0.868,
        "avg": 0.291,
        "obp": 0.357,
        "slg": 0.511,
        "rbi": 80,
        "sb": 0,
        "hr": 21
      },
      {
        "name": "소크라테스",
        "year": 24,
        "team": "KIA",
        "pa": 602,
        "ops": 0.875,
        "avg": 0.31,
        "obp": 0.359,
        "slg": 0.516,
        "rbi": 97,
        "sb": 13,
        "hr": 26
      },
      {
        "name": "이우성",
        "year": 24,
        "team": "KIA",
        "pa": 449,
        "ops": 0.762,
        "avg": 0.288,
        "obp": 0.361,
        "slg": 0.401,
        "rbi": 54,
        "sb": 7,
        "hr": 9
      },
      {
        "name": "김선빈",
        "year": 24,
        "team": "KIA",
        "pa": 466,
        "ops": 0.827,
        "avg": 0.329,
        "obp": 0.38,
        "slg": 0.447,
        "rbi": 57,
        "sb": 5,
        "hr": 9
      },
      {
        "name": "박찬호",
        "year": 24,
        "team": "KIA",
        "pa": 577,
        "ops": 0.749,
        "avg": 0.307,
        "obp": 0.363,
        "slg": 0.386,
        "rbi": 61,
        "sb": 20,
        "hr": 5
      },
      {
        "name": "최형우",
        "year": 24,
        "team": "KIA",
        "pa": 487,
        "ops": 0.86,
        "avg": 0.28,
        "obp": 0.361,
        "slg": 0.499,
        "rbi": 109,
        "sb": 1,
        "hr": 22
      },
      {
        "name": "한준수",
        "year": 24,
        "team": "KIA",
        "pa": 316,
        "ops": 0.807,
        "avg": 0.307,
        "obp": 0.351,
        "slg": 0.456,
        "rbi": 41,
        "sb": 0,
        "hr": 7
      },
      {
        "name": "최원준",
        "year": 24,
        "team": "KIA",
        "pa": 508,
        "ops": 0.791,
        "avg": 0.292,
        "obp": 0.371,
        "slg": 0.42,
        "rbi": 56,
        "sb": 21,
        "hr": 9
      }
    ]
  },
  {
    "generation": 17,
    "expected_score": 6.955,
    "lineup": [
      "이우성",
      "김도영",
      "김선빈",
      "소크라테스",
      "나성범",
      "최원준",
      "박찬호",
      "최형우",
      "한준수"
    ],
    "player_stats": [
      {
        "name": "이우성",
        "year": 24,
        "team": "KIA",
        "pa": 449,
        "ops": 0.762,
        "avg": 0.288,
        "obp": 0.361,
        "slg": 0.401,
        "rbi": 54,
        "sb": 7,
        "hr": 9
      },
      {
        "name": "김도영",
        "year": 24,
        "team": "KIA",
        "pa": 625,
        "ops": 1.067,
        "avg": 0.347,
        "obp": 0.42,
        "slg": 0.647,
        "rbi": 109,
        "sb": 40,
        "hr": 38
      },
      {
        "name": "김선빈",
        "year": 24,
        "team": "KIA",
        "pa": 466,
        "ops": 0.827,
        "avg": 0.329,
        "obp": 0.38,
        "slg": 0.447,
        "rbi": 57,
        "sb": 5,
        "hr": 9
      },
      {
        "name": "소크라테스",
        "year": 24,
        "team": "KIA",
        "pa": 602,
        "ops": 0.875,
        "avg": 0.31,
        "obp": 0.359,
        "slg": 0.516,
        "rbi": 97,
        "sb": 13,
        "hr": 26
      },
      {
        "name": "나성범",
        "year": 24,
        "team": "KIA",
        "pa": 424,
        "ops": 0.868,
        "avg": 0.291,
        "obp": 0.357,
        "slg": 0.511,
        "rbi": 80,
        "sb": 0,
        "hr": 21
      },
      {
        "name": "최원준",
        "year": 24,
        "team": "KIA",
        "pa": 508,
        "ops": 0.791,
        "avg": 0.292,
        "obp": 0.371,
        "slg": 0.42,
        "rbi": 56,
        "sb": 21,
        "hr": 9
      },
      {
        "name": "박찬호",
        "year": 24,
        "team": "KIA",
        "pa": 577,
        "ops": 0.749,
        "avg": 0.307,
        "obp": 0.363,
        "slg": 0.386,
        "rbi": 61,
        "sb": 20,
        "hr": 5
      },
      {
        "name": "최형우",
        "year": 24,
        "team": "KIA",
        "pa": 487,
        "ops": 0.86,
        "avg": 0.28,
        "obp": 0.361,
        "slg": 0.499,
        "rbi": 109,
        "sb": 1,
        "hr": 22
      },
      {
        "name": "한준수",
        "year": 24,
        "team": "KIA",
        "pa": 316,
        "ops": 0.807,
        "avg": 0.307,
        "obp": 0.351,
        "slg": 0.456,
        "rbi": 41,
        "sb": 0,
        "hr": 7
      }
    ]
  },
  {
    "generation": 18,
    "expected_score": 6.72,
    "lineup": [
      "김도영",
      "나성범",
      "이우성",
      "소크라테스",
      "박찬호",
      "최형우",
      "김선빈",
      "한준수",
      "최원준"
    ],
    "player_stats": [
      {
        "name": "김도영",
        "year": 24,
        "team": "KIA",
        "pa": 625,
        "ops": 1.067,
        "avg": 0.347,
        "obp": 0.42,
        "slg": 0.647,
        "rbi": 109,
        "sb": 40,
        "hr": 38
      },
      {
        "name": "나성범",
        "year": 24,
        "team": "KIA",
        "pa": 424,
        "ops": 0.868,
        "avg": 0.291,
        "obp": 0.357,
        "slg": 0.511,
        "rbi": 80,
        "sb": 0,
        "hr": 21
      },
      {
        "name": "이우성",
        "year": 24,
        "team": "KIA",
        "pa": 449,
        "ops": 0.762,
        "avg": 0.288,
        "obp": 0.361,
        "slg": 0.401,
        "rbi": 54,
        "sb": 7,
        "hr": 9
      },
      {
        "name": "소크라테스",
        "year": 24,
        "team": "KIA",
        "pa": 602,
        "ops": 0.875,
        "avg": 0.31,
        "obp": 0.359,
        "slg": 0.516,
        "rbi": 97,
        "sb": 13,
        "hr": 26
      },
      {
        "name": "박찬호",
        "year": 24,
        "team": "KIA",
        "pa": 577,
        "ops": 0.749,
        "avg": 0.307,
        "obp": 0.363,
        "slg": 0.386,
        "rbi": 61,
        "sb": 20,
        "hr": 5
      },
      {
        "name": "최형우",
        "year": 24,
        "team": "KIA",
        "pa": 487,
        "ops": 0.86,
        "avg": 0.28,
        "obp": 0.361,
        "slg": 0.499,
        "rbi": 109,
        "sb": 1,
        "hr": 22
      },
      {
        "name": "김선빈",
        "year": 24,
        "team": "KIA",
        "pa": 466,
        "ops": 0.827,
        "avg": 0.329,
        "obp": 0.38,
        "slg": 0.447,
        "rbi": 57,
        "sb": 5,
        "hr": 9
      },
      {
        "name": "한준수",
        "year": 24,
        "team": "KIA",
        "pa": 316,
        "ops": 0.807,
        "avg": 0.307,
        "obp": 0.351,
        "slg": 0.456,
        "rbi": 41,
        "sb": 0,
        "hr": 7
      },
      {
        "name": "최원준",
        "year": 24,
        "team": "KIA",
        "pa": 508,
        "ops": 0.791,
        "avg": 0.292,
        "obp": 0.371,
        "slg": 0.42,
        "rbi": 56,
        "sb": 21,
        "hr": 9
      }
    ]
  },
  {
    "generation": 19,
    "expected_score": 6.625,
    "lineup": [
      "김도영",
      "박찬호",
      "소크라테스",
      "이우성",
      "나성범",
      "김선빈",
      "최형우",
      "한준수",
      "최원준"
    ],
    "player_stats": [
      {
        "name": "김도영",
        "year": 24,
        "team": "KIA",
        "pa": 625,
        "ops": 1.067,
        "avg": 0.347,
        "obp": 0.42,
        "slg": 0.647,
        "rbi": 109,
        "sb": 40,
        "hr": 38
      },
      {
        "name": "박찬호",
        "year": 24,
        "team": "KIA",
        "pa": 577,
        "ops": 0.749,
        "avg": 0.307,
        "obp": 0.363,
        "slg": 0.386,
        "rbi": 61,
        "sb": 20,
        "hr": 5
      },
      {
        "name": "소크라테스",
        "year": 24,
        "team": "KIA",
        "pa": 602,
        "ops": 0.875,
        "avg": 0.31,
        "obp": 0.359,
        "slg": 0.516,
        "rbi": 97,
        "sb": 13,
        "hr": 26
      },
      {
        "name": "이우성",
        "year": 24,
        "team": "KIA",
        "pa": 449,
        "ops": 0.762,
        "avg": 0.288,
        "obp": 0.361,
        "slg": 0.401,
        "rbi": 54,
        "sb": 7,
        "hr": 9
      },
      {
        "name": "나성범",
        "year": 24,
        "team": "KIA",
        "pa": 424,
        "ops": 0.868,
        "avg": 0.291,
        "obp": 0.357,
        "slg": 0.511,
        "rbi": 80,
        "sb": 0,
        "hr": 21
      },
      {
        "name": "김선빈",
        "year": 24,
        "team": "KIA",
        "pa": 466,
        "ops": 0.827,
        "avg": 0.329,
        "obp": 0.38,
        "slg": 0.447,
        "rbi": 57,
        "sb": 5,
        "hr": 9
      },
      {
        "name": "최형우",
        "year": 24,
        "team": "KIA",
        "pa": 487,
        "ops": 0.86,
        "avg": 0.28,
        "obp": 0.361,
        "slg": 0.499,
        "rbi": 109,
        "sb": 1,
        "hr": 22
      },
      {
        "name": "한준수",
        "year": 24,
        "team": "KIA",
        "pa": 316,
        "ops": 0.807,
        "avg": 0.307,
        "obp": 0.351,
        "slg": 0.456,
        "rbi": 41,
        "sb": 0,
        "hr": 7
      },
      {
        "name": "최원준",
        "year": 24,
        "team": "KIA",
        "pa": 508,
        "ops": 0.791,
        "avg": 0.292,
        "obp": 0.371,
        "slg": 0.42,
        "rbi": 56,
        "sb": 21,
        "hr": 9
      }
    ]
  },
  {
    "generation": 20,
    "expected_score": 6.685,
    "lineup": [
      "김도영",
      "김선빈",
      "이우성",
      "소크라테스",
      "최형우",
      "박찬호",
      "나성범",
      "한준수",
      "최원준"
    ],
    "player_stats": [
      {
        "name": "김도영",
        "year": 24,
        "team": "KIA",
        "pa": 625,
        "ops": 1.067,
        "avg": 0.347,
        "obp": 0.42,
        "slg": 0.647,
        "rbi": 109,
        "sb": 40,
        "hr": 38
      },
      {
        "name": "김선빈",
        "year": 24,
        "team": "KIA",
        "pa": 466,
        "ops": 0.827,
        "avg": 0.329,
        "obp": 0.38,
        "slg": 0.447,
        "rbi": 57,
        "sb": 5,
        "hr": 9
      },
      {
        "name": "이우성",
        "year": 24,
        "team": "KIA",
        "pa": 449,
        "ops": 0.762,
        "avg": 0.288,
        "obp": 0.361,
        "slg": 0.401,
        "rbi": 54,
        "sb": 7,
        "hr": 9
      },
      {
        "name": "소크라테스",
        "year": 24,
        "team": "KIA",
        "pa": 602,
        "ops": 0.875,
        "avg": 0.31,
        "obp": 0.359,
        "slg": 0.516,
        "rbi": 97,
        "sb": 13,
        "hr": 26
      },
      {
        "name": "최형우",
        "year": 24,
        "team": "KIA",
        "pa": 487,
        "ops": 0.86,
        "avg": 0.28,
        "obp": 0.361,
        "slg": 0.499,
        "rbi": 109,
        "sb": 1,
        "hr": 22
      },
      {
        "name": "박찬호",
        "year": 24,
        "team": "KIA",
        "pa": 577,
        "ops": 0.749,
        "avg": 0.307,
        "obp": 0.363,
        "slg": 0.386,
        "rbi": 61,
        "sb": 20,
        "hr": 5
      },
      {
        "name": "나성범",
        "year": 24,
        "team": "KIA",
        "pa": 424,
        "ops": 0.868,
        "avg": 0.291,
        "obp": 0.357,
        "slg": 0.511,
        "rbi": 80,
        "sb": 0,
        "hr": 21
      },
      {
        "name": "한준수",
        "year": 24,
        "team": "KIA",
        "pa": 316,
        "ops": 0.807,
        "avg": 0.307,
        "obp": 0.351,
        "slg": 0.456,
        "rbi": 41,
        "sb": 0,
        "hr": 7
      },
      {
        "name": "최원준",
        "year": 24,
        "team": "KIA",
        "pa": 508,
        "ops": 0.791,
        "avg": 0.292,
        "obp": 0.371,
        "slg": 0.42,
        "rbi": 56,
        "sb": 21,
        "hr": 9
      }
    ]
  },
  {
    "generation": 21,
    "expected_score": 6.71,
    "lineup": [
      "김도영",
      "김선빈",
      "박찬호",
      "나성범",
      "소크라테스",
      "이우성",
      "최형우",
      "한준수",
      "최원준"
    ],
    "player_stats": [
      {
        "name": "김도영",
        "year": 24,
        "team": "KIA",
        "pa": 625,
        "ops": 1.067,
        "avg": 0.347,
        "obp": 0.42,
        "slg": 0.647,
        "rbi": 109,
        "sb": 40,
        "hr": 38
      },
      {
        "name": "김선빈",
        "year": 24,
        "team": "KIA",
        "pa": 466,
        "ops": 0.827,
        "avg": 0.329,
        "obp": 0.38,
        "slg": 0.447,
        "rbi": 57,
        "sb": 5,
        "hr": 9
      },
      {
        "name": "박찬호",
        "year": 24,
        "team": "KIA",
        "pa": 577,
        "ops": 0.749,
        "avg": 0.307,
        "obp": 0.363,
        "slg": 0.386,
        "rbi": 61,
        "sb": 20,
        "hr": 5
      },
      {
        "name": "나성범",
        "year": 24,
        "team": "KIA",
        "pa": 424,
        "ops": 0.868,
        "avg": 0.291,
        "obp": 0.357,
        "slg": 0.511,
        "rbi": 80,
        "sb": 0,
        "hr": 21
      },
      {
        "name": "소크라테스",
        "year": 24,
        "team": "KIA",
        "pa": 602,
        "ops": 0.875,
        "avg": 0.31,
        "obp": 0.359,
        "slg": 0.516,
        "rbi": 97,
        "sb": 13,
        "hr": 26
      },
      {
        "name": "이우성",
        "year": 24,
        "team": "KIA",
        "pa": 449,
        "ops": 0.762,
        "avg": 0.288,
        "obp": 0.361,
        "slg": 0.401,
        "rbi": 54,
        "sb": 7,
        "hr": 9
      },
      {
        "name": "최형우",
        "year": 24,
        "team": "KIA",
        "pa": 487,
        "ops": 0.86,
        "avg": 0.28,
        "obp": 0.361,
        "slg": 0.499,
        "rbi": 109,
        "sb": 1,
        "hr": 22
      },
      {
        "name": "한준수",
        "year": 24,
        "team": "KIA",
        "pa": 316,
        "ops": 0.807,
        "avg": 0.307,
        "obp": 0.351,
        "slg": 0.456,
        "rbi": 41,
        "sb": 0,
        "hr": 7
      },
      {
        "name": "최원준",
        "year": 24,
        "team": "KIA",
        "pa": 508,
        "ops": 0.791,
        "avg": 0.292,
        "obp": 0.371,
        "slg": 0.42,
        "rbi": 56,
        "sb": 21,
        "hr": 9
      }
    ]
  },
  {
    "generation": 22,
    "expected_score": 6.575,
    "lineup": [
      "김도영",
      "소크라테스",
      "이우성",
      "김선빈",
      "최형우",
      "박찬호",
      "최원준",
      "한준수",
      "나성범"
    ],
    "player_stats": [
      {
        "name": "김도영",
        "year": 24,
        "team": "KIA",
        "pa": 625,
        "ops": 1.067,
        "avg": 0.347,
        "obp": 0.42,
        "slg": 0.647,
        "rbi": 109,
        "sb": 40,
        "hr": 38
      },
      {
        "name": "소크라테스",
        "year": 24,
        "team": "KIA",
        "pa": 602,
        "ops": 0.875,
        "avg": 0.31,
        "obp": 0.359,
        "slg": 0.516,
        "rbi": 97,
        "sb": 13,
        "hr": 26
      },
      {
        "name": "이우성",
        "year": 24,
        "team": "KIA",
        "pa": 449,
        "ops": 0.762,
        "avg": 0.288,
        "obp": 0.361,
        "slg": 0.401,
        "rbi": 54,
        "sb": 7,
        "hr": 9
      },
      {
        "name": "김선빈",
        "year": 24,
        "team": "KIA",
        "pa": 466,
        "ops": 0.827,
        "avg": 0.329,
        "obp": 0.38,
        "slg": 0.447,
        "rbi": 57,
        "sb": 5,
        "hr": 9
      },
      {
        "name": "최형우",
        "year": 24,
        "team": "KIA",
        "pa": 487,
        "ops": 0.86,
        "avg": 0.28,
        "obp": 0.361,
        "slg": 0.499,
        "rbi": 109,
        "sb": 1,
        "hr": 22
      },
      {
        "name": "박찬호",
        "year": 24,
        "team": "KIA",
        "pa": 577,
        "ops": 0.749,
        "avg": 0.307,
        "obp": 0.363,
        "slg": 0.386,
        "rbi": 61,
        "sb": 20,
        "hr": 5
      },
      {
        "name": "최원준",
        "year": 24,
        "team": "KIA",
        "pa": 508,
        "ops": 0.791,
        "avg": 0.292,
        "obp": 0.371,
        "slg": 0.42,
        "rbi": 56,
        "sb": 21,
        "hr": 9
      },
      {
        "name": "한준수",
        "year": 24,
        "team": "KIA",
        "pa": 316,
        "ops": 0.807,
        "avg": 0.307,
        "obp": 0.351,
        "slg": 0.456,
        "rbi": 41,
        "sb": 0,
        "hr": 7
      },
      {
        "name": "나성범",
        "year": 24,
        "team": "KIA",
        "pa": 424,
        "ops": 0.868,
        "avg": 0.291,
        "obp": 0.357,
        "slg": 0.511,
        "rbi": 80,
        "sb": 0,
        "hr": 21
      }
    ]
  },
  {
    "generation": 23,
    "expected_score": 6.71,
    "lineup": [
      "김도영",
      "김선빈",
      "나성범",
      "이우성",
      "최원준",
      "박찬호",
      "최형우",
      "한준수",
      "소크라테스"
    ],
    "player_stats": [
      {
        "name": "김도영",
        "year": 24,
        "team": "KIA",
        "pa": 625,
        "ops": 1.067,
        "avg": 0.347,
        "obp": 0.42,
        "slg": 0.647,
        "rbi": 109,
        "sb": 40,
        "hr": 38
      },
      {
        "name": "김선빈",
        "year": 24,
        "team": "KIA",
        "pa": 466,
        "ops": 0.827,
        "avg": 0.329,
        "obp": 0.38,
        "slg": 0.447,
        "rbi": 57,
        "sb": 5,
        "hr": 9
      },
      {
        "name": "나성범",
        "year": 24,
        "team": "KIA",
        "pa": 424,
        "ops": 0.868,
        "avg": 0.291,
        "obp": 0.357,
        "slg": 0.511,
        "rbi": 80,
        "sb": 0,
        "hr": 21
      },
      {
        "name": "이우성",
        "year": 24,
        "team": "KIA",
        "pa": 449,
        "ops": 0.762,
        "avg": 0.288,
        "obp": 0.361,
        "slg": 0.401,
        "rbi": 54,
        "sb": 7,
        "hr": 9
      },
      {
        "name": "최원준",
        "year": 24,
        "team": "KIA",
        "pa": 508,
        "ops": 0.791,
        "avg": 0.292,
        "obp": 0.371,
        "slg": 0.42,
        "rbi": 56,
        "sb": 21,
        "hr": 9
      },
      {
        "name": "박찬호",
        "year": 24,
        "team": "KIA",
        "pa": 577,
        "ops": 0.749,
        "avg": 0.307,
        "obp": 0.363,
        "slg": 0.386,
        "rbi": 61,
        "sb": 20,
        "hr": 5
      },
      {
        "name": "최형우",
        "year": 24,
        "team": "KIA",
        "pa": 487,
        "ops": 0.86,
        "avg": 0.28,
        "obp": 0.361,
        "slg": 0.499,
        "rbi": 109,
        "sb": 1,
        "hr": 22
      },
      {
        "name": "한준수",
        "year": 24,
        "team": "KIA",
        "pa": 316,
        "ops": 0.807,
        "avg": 0.307,
        "obp": 0.351,
        "slg": 0.456,
        "rbi": 41,
        "sb": 0,
        "hr": 7
      },
      {
        "name": "소크라테스",
        "year": 24,
        "team": "KIA",
        "pa": 602,
        "ops": 0.875,
        "avg": 0.31,
        "obp": 0.359,
        "slg": 0.516,
        "rbi": 97,
        "sb": 13,
        "hr": 26
      }
    ]
  },
  {
    "generation": 24,
    "expected_score": 6.765,
    "lineup": [
      "김도영",
      "소크라테스",
      "이우성",
      "김선빈",
      "최형우",
      "박찬호",
      "최원준",
      "나성범",
      "한준수"
    ],
    "player_stats": [
      {
        "name": "김도영",
        "year": 24,
        "team": "KIA",
        "pa": 625,
        "ops": 1.067,
        "avg": 0.347,
        "obp": 0.42,
        "slg": 0.647,
        "rbi": 109,
        "sb": 40,
        "hr": 38
      },
      {
        "name": "소크라테스",
        "year": 24,
        "team": "KIA",
        "pa": 602,
        "ops": 0.875,
        "avg": 0.31,
        "obp": 0.359,
        "slg": 0.516,
        "rbi": 97,
        "sb": 13,
        "hr": 26
      },
      {
        "name": "이우성",
        "year": 24,
        "team": "KIA",
        "pa": 449,
        "ops": 0.762,
        "avg": 0.288,
        "obp": 0.361,
        "slg": 0.401,
        "rbi": 54,
        "sb": 7,
        "hr": 9
      },
      {
        "name": "김선빈",
        "year": 24,
        "team": "KIA",
        "pa": 466,
        "ops": 0.827,
        "avg": 0.329,
        "obp": 0.38,
        "slg": 0.447,
        "rbi": 57,
        "sb": 5,
        "hr": 9
      },
      {
        "name": "최형우",
        "year": 24,
        "team": "KIA",
        "pa": 487,
        "ops": 0.86,
        "avg": 0.28,
        "obp": 0.361,
        "slg": 0.499,
        "rbi": 109,
        "sb": 1,
        "hr": 22
      },
      {
        "name": "박찬호",
        "year": 24,
        "team": "KIA",
        "pa": 577,
        "ops": 0.749,
        "avg": 0.307,
        "obp": 0.363,
        "slg": 0.386,
        "rbi": 61,
        "sb": 20,
        "hr": 5
      },
      {
        "name": "최원준",
        "year": 24,
        "team": "KIA",
        "pa": 508,
        "ops": 0.791,
        "avg": 0.292,
        "obp": 0.371,
        "slg": 0.42,
        "rbi": 56,
        "sb": 21,
        "hr": 9
      },
      {
        "name": "나성범",
        "year": 24,
        "team": "KIA",
        "pa": 424,
        "ops": 0.868,
        "avg": 0.291,
        "obp": 0.357,
        "slg": 0.511,
        "rbi": 80,
        "sb": 0,
        "hr": 21
      },
      {
        "name": "한준수",
        "year": 24,
        "team": "KIA",
        "pa": 316,
        "ops": 0.807,
        "avg": 0.307,
        "obp": 0.351,
        "slg": 0.456,
        "rbi": 41,
        "sb": 0,
        "hr": 7
      }
    ]
  },
  {
    "generation": 25,
    "expected_score": 6.655,
    "lineup": [
      "김도영",
      "김선빈",
      "이우성",
      "소크라테스",
      "나성범",
      "박찬호",
      "최형우",
      "한준수",
      "최원준"
    ],
    "player_stats": [
      {
        "name": "김도영",
        "year": 24,
        "team": "KIA",
        "pa": 625,
        "ops": 1.067,
        "avg": 0.347,
        "obp": 0.42,
        "slg": 0.647,
        "rbi": 109,
        "sb": 40,
        "hr": 38
      },
      {
        "name": "김선빈",
        "year": 24,
        "team": "KIA",
        "pa": 466,
        "ops": 0.827,
        "avg": 0.329,
        "obp": 0.38,
        "slg": 0.447,
        "rbi": 57,
        "sb": 5,
        "hr": 9
      },
      {
        "name": "이우성",
        "year": 24,
        "team": "KIA",
        "pa": 449,
        "ops": 0.762,
        "avg": 0.288,
        "obp": 0.361,
        "slg": 0.401,
        "rbi": 54,
        "sb": 7,
        "hr": 9
      },
      {
        "name": "소크라테스",
        "year": 24,
        "team": "KIA",
        "pa": 602,
        "ops": 0.875,
        "avg": 0.31,
        "obp": 0.359,
        "slg": 0.516,
        "rbi": 97,
        "sb": 13,
        "hr": 26
      },
      {
        "name": "나성범",
        "year": 24,
        "team": "KIA",
        "pa": 424,
        "ops": 0.868,
        "avg": 0.291,
        "obp": 0.357,
        "slg": 0.511,
        "rbi": 80,
        "sb": 0,
        "hr": 21
      },
      {
        "name": "박찬호",
        "year": 24,
        "team": "KIA",
        "pa": 577,
        "ops": 0.749,
        "avg": 0.307,
        "obp": 0.363,
        "slg": 0.386,
        "rbi": 61,
        "sb": 20,
        "hr": 5
      },
      {
        "name": "최형우",
        "year": 24,
        "team": "KIA",
        "pa": 487,
        "ops": 0.86,
        "avg": 0.28,
        "obp": 0.361,
        "slg": 0.499,
        "rbi": 109,
        "sb": 1,
        "hr": 22
      },
      {
        "name": "한준수",
        "year": 24,
        "team": "KIA",
        "pa": 316,
        "ops": 0.807,
        "avg": 0.307,
        "obp": 0.351,
        "slg": 0.456,
        "rbi": 41,
        "sb": 0,
        "hr": 7
      },
      {
        "name": "최원준",
        "year": 24,
        "team": "KIA",
        "pa": 508,
        "ops": 0.791,
        "avg": 0.292,
        "obp": 0.371,
        "slg": 0.42,
        "rbi": 56,
        "sb": 21,
        "hr": 9
      }
    ]
  },
  {
    "generation": 26,
    "expected_score": 7.24,
    "lineup": [
      "김도영",
      "김선빈",
      "나성범",
      "소크라테스",
      "최원준",
      "박찬호",
      "최형우",
      "한준수",
      "이우성"
    ],
    "player_stats": [
      {
        "name": "김도영",
        "year": 24,
        "team": "KIA",
        "pa": 625,
        "ops": 1.067,
        "avg": 0.347,
        "obp": 0.42,
        "slg": 0.647,
        "rbi": 109,
        "sb": 40,
        "hr": 38
      },
      {
        "name": "김선빈",
        "year": 24,
        "team": "KIA",
        "pa": 466,
        "ops": 0.827,
        "avg": 0.329,
        "obp": 0.38,
        "slg": 0.447,
        "rbi": 57,
        "sb": 5,
        "hr": 9
      },
      {
        "name": "나성범",
        "year": 24,
        "team": "KIA",
        "pa": 424,
        "ops": 0.868,
        "avg": 0.291,
        "obp": 0.357,
        "slg": 0.511,
        "rbi": 80,
        "sb": 0,
        "hr": 21
      },
      {
        "name": "소크라테스",
        "year": 24,
        "team": "KIA",
        "pa": 602,
        "ops": 0.875,
        "avg": 0.31,
        "obp": 0.359,
        "slg": 0.516,
        "rbi": 97,
        "sb": 13,
        "hr": 26
      },
      {
        "name": "최원준",
        "year": 24,
        "team": "KIA",
        "pa": 508,
        "ops": 0.791,
        "avg": 0.292,
        "obp": 0.371,
        "slg": 0.42,
        "rbi": 56,
        "sb": 21,
        "hr": 9
      },
      {
        "name": "박찬호",
        "year": 24,
        "team": "KIA",
        "pa": 577,
        "ops": 0.749,
        "avg": 0.307,
        "obp": 0.363,
        "slg": 0.386,
        "rbi": 61,
        "sb": 20,
        "hr": 5
      },
      {
        "name": "최형우",
        "year": 24,
        "team": "KIA",
        "pa": 487,
        "ops": 0.86,
        "avg": 0.28,
        "obp": 0.361,
        "slg": 0.499,
        "rbi": 109,
        "sb": 1,
        "hr": 22
      },
      {
        "name": "한준수",
        "year": 24,
        "team": "KIA",
        "pa": 316,
        "ops": 0.807,
        "avg": 0.307,
        "obp": 0.351,
        "slg": 0.456,
        "rbi": 41,
        "sb": 0,
        "hr": 7
      },
      {
        "name": "이우성",
        "year": 24,
        "team": "KIA",
        "pa": 449,
        "ops": 0.762,
        "avg": 0.288,
        "obp": 0.361,
        "slg": 0.401,
        "rbi": 54,
        "sb": 7,
        "hr": 9
      }
    ]
  },
  {
    "generation": 27,
    "expected_score": 6.4,
    "lineup": [
      "김도영",
      "김선빈",
      "나성범",
      "소크라테스",
      "최원준",
      "박찬호",
      "최형우",
      "한준수",
      "이우성"
    ],
    "player_stats": [
      {
        "name": "김도영",
        "year": 24,
        "team": "KIA",
        "pa": 625,
        "ops": 1.067,
        "avg": 0.347,
        "obp": 0.42,
        "slg": 0.647,
        "rbi": 109,
        "sb": 40,
        "hr": 38
      },
      {
        "name": "김선빈",
        "year": 24,
        "team": "KIA",
        "pa": 466,
        "ops": 0.827,
        "avg": 0.329,
        "obp": 0.38,
        "slg": 0.447,
        "rbi": 57,
        "sb": 5,
        "hr": 9
      },
      {
        "name": "나성범",
        "year": 24,
        "team": "KIA",
        "pa": 424,
        "ops": 0.868,
        "avg": 0.291,
        "obp": 0.357,
        "slg": 0.511,
        "rbi": 80,
        "sb": 0,
        "hr": 21
      },
      {
        "name": "소크라테스",
        "year": 24,
        "team": "KIA",
        "pa": 602,
        "ops": 0.875,
        "avg": 0.31,
        "obp": 0.359,
        "slg": 0.516,
        "rbi": 97,
        "sb": 13,
        "hr": 26
      },
      {
        "name": "최원준",
        "year": 24,
        "team": "KIA",
        "pa": 508,
        "ops": 0.791,
        "avg": 0.292,
        "obp": 0.371,
        "slg": 0.42,
        "rbi": 56,
        "sb": 21,
        "hr": 9
      },
      {
        "name": "박찬호",
        "year": 24,
        "team": "KIA",
        "pa": 577,
        "ops": 0.749,
        "avg": 0.307,
        "obp": 0.363,
        "slg": 0.386,
        "rbi": 61,
        "sb": 20,
        "hr": 5
      },
      {
        "name": "최형우",
        "year": 24,
        "team": "KIA",
        "pa": 487,
        "ops": 0.86,
        "avg": 0.28,
        "obp": 0.361,
        "slg": 0.499,
        "rbi": 109,
        "sb": 1,
        "hr": 22
      },
      {
        "name": "한준수",
        "year": 24,
        "team": "KIA",
        "pa": 316,
        "ops": 0.807,
        "avg": 0.307,
        "obp": 0.351,
        "slg": 0.456,
        "rbi": 41,
        "sb": 0,
        "hr": 7
      },
      {
        "name": "이우성",
        "year": 24,
        "team": "KIA",
        "pa": 449,
        "ops": 0.762,
        "avg": 0.288,
        "obp": 0.361,
        "slg": 0.401,
        "rbi": 54,
        "sb": 7,
        "hr": 9
      }
    ]
  },
  {
    "generation": 28,
    "expected_score": 6.79,
    "lineup": [
      "김도영",
      "김선빈",
      "나성범",
      "소크라테스",
      "최원준",
      "박찬호",
      "이우성",
      "최형우",
      "한준수"
    ],
    "player_stats": [
      {
        "name": "김도영",
        "year": 24,
        "team": "KIA",
        "pa": 625,
        "ops": 1.067,
        "avg": 0.347,
        "obp": 0.42,
        "slg": 0.647,
        "rbi": 109,
        "sb": 40,
        "hr": 38
      },
      {
        "name": "김선빈",
        "year": 24,
        "team": "KIA",
        "pa": 466,
        "ops": 0.827,
        "avg": 0.329,
        "obp": 0.38,
        "slg": 0.447,
        "rbi": 57,
        "sb": 5,
        "hr": 9
      },
      {
        "name": "나성범",
        "year": 24,
        "team": "KIA",
        "pa": 424,
        "ops": 0.868,
        "avg": 0.291,
        "obp": 0.357,
        "slg": 0.511,
        "rbi": 80,
        "sb": 0,
        "hr": 21
      },
      {
        "name": "소크라테스",
        "year": 24,
        "team": "KIA",
        "pa": 602,
        "ops": 0.875,
        "avg": 0.31,
        "obp": 0.359,
        "slg": 0.516,
        "rbi": 97,
        "sb": 13,
        "hr": 26
      },
      {
        "name": "최원준",
        "year": 24,
        "team": "KIA",
        "pa": 508,
        "ops": 0.791,
        "avg": 0.292,
        "obp": 0.371,
        "slg": 0.42,
        "rbi": 56,
        "sb": 21,
        "hr": 9
      },
      {
        "name": "박찬호",
        "year": 24,
        "team": "KIA",
        "pa": 577,
        "ops": 0.749,
        "avg": 0.307,
        "obp": 0.363,
        "slg": 0.386,
        "rbi": 61,
        "sb": 20,
        "hr": 5
      },
      {
        "name": "이우성",
        "year": 24,
        "team": "KIA",
        "pa": 449,
        "ops": 0.762,
        "avg": 0.288,
        "obp": 0.361,
        "slg": 0.401,
        "rbi": 54,
        "sb": 7,
        "hr": 9
      },
      {
        "name": "최형우",
        "year": 24,
        "team": "KIA",
        "pa": 487,
        "ops": 0.86,
        "avg": 0.28,
        "obp": 0.361,
        "slg": 0.499,
        "rbi": 109,
        "sb": 1,
        "hr": 22
      },
      {
        "name": "한준수",
        "year": 24,
        "team": "KIA",
        "pa": 316,
        "ops": 0.807,
        "avg": 0.307,
        "obp": 0.351,
        "slg": 0.456,
        "rbi": 41,
        "sb": 0,
        "hr": 7
      }
    ]
  },
  {
    "generation": 29,
    "expected_score": 6.63,
    "lineup": [
      "김도영",
      "김선빈",
      "나성범",
      "소크라테스",
      "최원준",
      "박찬호",
      "최형우",
      "이우성",
      "한준수"
    ],
    "player_stats": [
      {
        "name": "김도영",
        "year": 24,
        "team": "KIA",
        "pa": 625,
        "ops": 1.067,
        "avg": 0.347,
        "obp": 0.42,
        "slg": 0.647,
        "rbi": 109,
        "sb": 40,
        "hr": 38
      },
      {
        "name": "김선빈",
        "year": 24,
        "team": "KIA",
        "pa": 466,
        "ops": 0.827,
        "avg": 0.329,
        "obp": 0.38,
        "slg": 0.447,
        "rbi": 57,
        "sb": 5,
        "hr": 9
      },
      {
        "name": "나성범",
        "year": 24,
        "team": "KIA",
        "pa": 424,
        "ops": 0.868,
        "avg": 0.291,
        "obp": 0.357,
        "slg": 0.511,
        "rbi": 80,
        "sb": 0,
        "hr": 21
      },
      {
        "name": "소크라테스",
        "year": 24,
        "team": "KIA",
        "pa": 602,
        "ops": 0.875,
        "avg": 0.31,
        "obp": 0.359,
        "slg": 0.516,
        "rbi": 97,
        "sb": 13,
        "hr": 26
      },
      {
        "name": "최원준",
        "year": 24,
        "team": "KIA",
        "pa": 508,
        "ops": 0.791,
        "avg": 0.292,
        "obp": 0.371,
        "slg": 0.42,
        "rbi": 56,
        "sb": 21,
        "hr": 9
      },
      {
        "name": "박찬호",
        "year": 24,
        "team": "KIA",
        "pa": 577,
        "ops": 0.749,
        "avg": 0.307,
        "obp": 0.363,
        "slg": 0.386,
        "rbi": 61,
        "sb": 20,
        "hr": 5
      },
      {
        "name": "최형우",
        "year": 24,
        "team": "KIA",
        "pa": 487,
        "ops": 0.86,
        "avg": 0.28,
        "obp": 0.361,
        "slg": 0.499,
        "rbi": 109,
        "sb": 1,
        "hr": 22
      },
      {
        "name": "이우성",
        "year": 24,
        "team": "KIA",
        "pa": 449,
        "ops": 0.762,
        "avg": 0.288,
        "obp": 0.361,
        "slg": 0.401,
        "rbi": 54,
        "sb": 7,
        "hr": 9
      },
      {
        "name": "한준수",
        "year": 24,
        "team": "KIA",
        "pa": 316,
        "ops": 0.807,
        "avg": 0.307,
        "obp": 0.351,
        "slg": 0.456,
        "rbi": 41,
        "sb": 0,
        "hr": 7
      }
    ]
  },
  {
    "generation": 30,
    "expected_score": 6.605,
    "lineup": [
      "김도영",
      "김선빈",
      "나성범",
      "소크라테스",
      "이우성",
      "박찬호",
      "최원준",
      "최형우",
      "한준수"
    ],
    "player_stats": [
      {
        "name": "김도영",
        "year": 24,
        "team": "KIA",
        "pa": 625,
        "ops": 1.067,
        "avg": 0.347,
        "obp": 0.42,
        "slg": 0.647,
        "rbi": 109,
        "sb": 40,
        "hr": 38
      },
      {
        "name": "김선빈",
        "year": 24,
        "team": "KIA",
        "pa": 466,
        "ops": 0.827,
        "avg": 0.329,
        "obp": 0.38,
        "slg": 0.447,
        "rbi": 57,
        "sb": 5,
        "hr": 9
      },
      {
        "name": "나성범",
        "year": 24,
        "team": "KIA",
        "pa": 424,
        "ops": 0.868,
        "avg": 0.291,
        "obp": 0.357,
        "slg": 0.511,
        "rbi": 80,
        "sb": 0,
        "hr": 21
      },
      {
        "name": "소크라테스",
        "year": 24,
        "team": "KIA",
        "pa": 602,
        "ops": 0.875,
        "avg": 0.31,
        "obp": 0.359,
        "slg": 0.516,
        "rbi": 97,
        "sb": 13,
        "hr": 26
      },
      {
        "name": "이우성",
        "year": 24,
        "team": "KIA",
        "pa": 449,
        "ops": 0.762,
        "avg": 0.288,
        "obp": 0.361,
        "slg": 0.401,
        "rbi": 54,
        "sb": 7,
        "hr": 9
      },
      {
        "name": "박찬호",
        "year": 24,
        "team": "KIA",
        "pa": 577,
        "ops": 0.749,
        "avg": 0.307,
        "obp": 0.363,
        "slg": 0.386,
        "rbi": 61,
        "sb": 20,
        "hr": 5
      },
      {
        "name": "최원준",
        "year": 24,
        "team": "KIA",
        "pa": 508,
        "ops": 0.791,
        "avg": 0.292,
        "obp": 0.371,
        "slg": 0.42,
        "rbi": 56,
        "sb": 21,
        "hr": 9
      },
      {
        "name": "최형우",
        "year": 24,
        "team": "KIA",
        "pa": 487,
        "ops": 0.86,
        "avg": 0.28,
        "obp": 0.361,
        "slg": 0.499,
        "rbi": 109,
        "sb": 1,
        "hr": 22
      },
      {
        "name": "한준수",
        "year": 24,
        "team": "KIA",
        "pa": 316,
        "ops": 0.807,
        "avg": 0.307,
        "obp": 0.351,
        "slg": 0.456,
        "rbi": 41,
        "sb": 0,
        "hr": 7
      }
    ]
  }
]