[
  {
    "generation": 1,
    "expected_score": 6.595,
    "lineup": [
      "오지환",
      "오스틴",
      "김현수",
      "홍창기",
      "박해민",
      "신민재",
      "박동원",
      "구본혁",
      "문보경"
    ],
    "player_stats": [
      {
        "name": "오지환",
        "year": 24,
        "team": "LG",
        "pa": 428,
        "ops": 0.761,
        "avg": 0.254,
        "obp": 0.35,
        "slg": 0.411,
        "rbi": 59,
        "sb": 17,
        "hr": 10
      },
      {
        "name": "오스틴",
        "year": 24,
        "team": "LG",
        "pa": 604,
        "ops": 0.957,
        "avg": 0.319,
        "obp": 0.384,
        "slg": 0.573,
        "rbi": 132,
        "sb": 12,
        "hr": 32
      },
      {
        "name": "김현수",
        "year": 24,
        "team": "LG",
        "pa": 583,
        "ops": 0.775,
        "avg": 0.294,
        "obp": 0.357,
        "slg": 0.418,
        "rbi": 69,
        "sb": 6,
        "hr": 8
      },
      {
        "name": "홍창기",
        "year": 24,
        "team": "LG",
        "pa": 637,
        "ops": 0.857,
        "avg": 0.336,
        "obp": 0.447,
        "slg": 0.41,
        "rbi": 73,
        "sb": 10,
        "hr": 5
      },
      {
        "name": "박해민",
        "year": 24,
        "team": "LG",
        "pa": 553,
        "ops": 0.695,
        "avg": 0.263,
        "obp": 0.336,
        "slg": 0.359,
        "rbi": 56,
        "sb": 43,
        "hr": 6
      },
      {
        "name": "신민재",
        "year": 24,
        "team": "LG",
        "pa": 474,
        "ops": 0.758,
        "avg": 0.297,
        "obp": 0.401,
        "slg": 0.357,
        "rbi": 40,
        "sb": 32,
        "hr": 0
      },
      {
        "name": "박동원",
        "year": 24,
        "team": "LG",
        "pa": 498,
        "ops": 0.81,
        "avg": 0.272,
        "obp": 0.349,
        "slg": 0.461,
        "rbi": 80,
        "sb": 1,
        "hr": 20
      },
      {
        "name": "구본혁",
        "year": 24,
        "team": "LG",
        "pa": 389,
        "ops": 0.662,
        "avg": 0.257,
        "obp": 0.335,
        "slg": 0.327,
        "rbi": 43,
        "sb": 8,
        "hr": 2
      },
      {
        "name": "문보경",
        "year": 24,
        "team": "LG",
        "pa": 602,
        "ops": 0.879,
        "avg": 0.301,
        "obp": 0.372,
        "slg": 0.507,
        "rbi": 101,
        "sb": 7,
        "hr": 22
      }
    ]
  },
  {
    "generation": 2,
    "expected_score": 6.825,
    "lineup": [
      "박동원",
      "오스틴",
      "김현수",
      "홍창기",
      "문보경",
      "구본혁",
      "박해민",
      "오지환",
      "신민재"
    ],
    "player_stats": [
      {
        "name": "박동원",
        "year": 24,
        "team": "LG",
        "pa": 498,
        "ops": 0.81,
        "avg": 0.272,
        "obp": 0.349,
        "slg": 0.461,
        "rbi": 80,
        "sb": 1,
        "hr": 20
      },
      {
        "name": "오스틴",
        "year": 24,
        "team": "LG",
        "pa": 604,
        "ops": 0.957,
        "avg": 0.319,
        "obp": 0.384,
        "slg": 0.573,
        "rbi": 132,
        "sb": 12,
        "hr": 32
      },
      {
        "name": "김현수",
        "year": 24,
        "team": "LG",
        "pa": 583,
        "ops": 0.775,
        "avg": 0.294,
        "obp": 0.357,
        "slg": 0.418,
        "rbi": 69,
        "sb": 6,
        "hr": 8
      },
      {
        "name": "홍창기",
        "year": 24,
        "team": "LG",
        "pa": 637,
        "ops": 0.857,
        "avg": 0.336,
        "obp": 0.447,
        "slg": 0.41,
        "rbi": 73,
        "sb": 10,
        "hr": 5
      },
      {
        "name": "문보경",
        "year": 24,
        "team": "LG",
        "pa": 602,
        "ops": 0.879,
        "avg": 0.301,
        "obp": 0.372,
        "slg": 0.507,
        "rbi": 101,
        "sb": 7,
        "hr": 22
      },
      {
        "name": "구본혁",
        "year": 24,
        "team": "LG",
        "pa": 389,
        "ops": 0.662,
        "avg": 0.257,
        "obp": 0.335,
        "slg": 0.327,
        "rbi": 43,
        "sb": 8,
        "hr": 2
      },
      {
        "name": "박해민",
        "year": 24,
        "team": "LG",
        "pa": 553,
        "ops": 0.695,
        "avg": 0.263,
        "obp": 0.336,
        "slg": 0.359,
        "rbi": 56,
        "sb": 43,
        "hr": 6
      },
      {
        "name": "오지환",
        "year": 24,
        "team": "LG",
        "pa": 428,
        "ops": 0.761,
        "avg": 0.254,
        "obp": 0.35,
        "slg": 0.411,
        "rbi": 59,
        "sb": 17,
        "hr": 10
      },
      {
        "name": "신민재",
        "year": 24,
        "team": "LG",
        "pa": 474,
        "ops": 0.758,
        "avg": 0.297,
        "obp": 0.401,
        "slg": 0.357,
        "rbi": 40,
        "sb": 32,
        "hr": 0
      }
    ]
  },
  {
    "generation": 3,
    "expected_score": 6.91,
    "lineup": [
      "박동원",
      "오스틴",
      "김현수",
      "홍창기",
      "문보경",
      "구본혁",
      "박해민",
      "오지환",
      "신민재"
    ],
    "player_stats": [
      {
        "name": "박동원",
        "year": 24,
        "team": "LG",
        "pa": 498,
        "ops": 0.81,
        "avg": 0.272,
        "obp": 0.349,
        "slg": 0.461,
        "rbi": 80,
        "sb": 1,
        "hr": 20
      },
      {
        "name": "오스틴",
        "year": 24,
        "team": "LG",
        "pa": 604,
        "ops": 0.957,
        "avg": 0.319,
        "obp": 0.384,
        "slg": 0.573,
        "rbi": 132,
        "sb": 12,
        "hr": 32
      },
      {
        "name": "김현수",
        "year": 24,
        "team": "LG",
        "pa": 583,
        "ops": 0.775,
        "avg": 0.294,
        "obp": 0.357,
        "slg": 0.418,
        "rbi": 69,
        "sb": 6,
        "hr": 8
      },
      {
        "name": "홍창기",
        "year": 24,
        "team": "LG",
        "pa": 637,
        "ops": 0.857,
        "avg": 0.336,
        "obp": 0.447,
        "slg": 0.41,
        "rbi": 73,
        "sb": 10,
        "hr": 5
      },
      {
        "name": "문보경",
        "year": 24,
        "team": "LG",
        "pa": 602,
        "ops": 0.879,
        "avg": 0.301,
        "obp": 0.372,
        "slg": 0.507,
        "rbi": 101,
        "sb": 7,
        "hr": 22
      },
      {
        "name": "구본혁",
        "year": 24,
        "team": "LG",
        "pa": 389,
        "ops": 0.662,
        "avg": 0.257,
        "obp": 0.335,
        "slg": 0.327,
        "rbi": 43,
        "sb": 8,
        "hr": 2
      },
      {
        "name": "박해민",
        "year": 24,
        "team": "LG",
        "pa": 553,
        "ops": 0.695,
        "avg": 0.263,
        "obp": 0.336,
        "slg": 0.359,
        "rbi": 56,
        "sb": 43,
        "hr": 6
      },
      {
        "name": "오지환",
        "year": 24,
        "team": "LG",
        "pa": 428,
        "ops": 0.761,
        "avg": 0.254,
        "obp": 0.35,
        "slg": 0.411,
        "rbi": 59,
        "sb": 17,
        "hr": 10
      },
      {
        "name": "신민재",
        "year": 24,
        "team": "LG",
        "pa": 474,
        "ops": 0.758,
        "avg": 0.297,
        "obp": 0.401,
        "slg": 0.357,
        "rbi": 40,
        "sb": 32,
        "hr": 0
      }
    ]
  },
  {
    "generation": 4,
    "expected_score": 6.855,
    "lineup": [
      "오스틴",
      "김현수",
      "홍창기",
      "문보경",
      "박동원",
      "신민재",
      "구본혁",
      "박해민",
      "오지환"
    ],
    "player_stats": [
      {
        "name": "오스틴",
        "year": 24,
        "team": "LG",
        "pa": 604,
        "ops": 0.957,
        "avg": 0.319,
        "obp": 0.384,
        "slg": 0.573,
        "rbi": 132,
        "sb": 12,
        "hr": 32
      },
      {
        "name": "김현수",
        "year": 24,
        "team": "LG",
        "pa": 583,
        "ops": 0.775,
        "avg": 0.294,
        "obp": 0.357,
        "slg": 0.418,
        "rbi": 69,
        "sb": 6,
        "hr": 8
      },
      {
        "name": "홍창기",
        "year": 24,
        "team": "LG",
        "pa": 637,
        "ops": 0.857,
        "avg": 0.336,
        "obp": 0.447,
        "slg": 0.41,
        "rbi": 73,
        "sb": 10,
        "hr": 5
      },
      {
        "name": "문보경",
        "year": 24,
        "team": "LG",
        "pa": 602,
        "ops": 0.879,
        "avg": 0.301,
        "obp": 0.372,
        "slg": 0.507,
        "rbi": 101,
        "sb": 7,
        "hr": 22
      },
      {
        "name": "박동원",
        "year": 24,
        "team": "LG",
        "pa": 498,
        "ops": 0.81,
        "avg": 0.272,
        "obp": 0.349,
        "slg": 0.461,
        "rbi": 80,
        "sb": 1,
        "hr": 20
      },
      {
        "name": "신민재",
        "year": 24,
        "team": "LG",
        "pa": 474,
        "ops": 0.758,
        "avg": 0.297,
        "obp": 0.401,
        "slg": 0.357,
        "rbi": 40,
        "sb": 32,
        "hr": 0
      },
      {
        "name": "구본혁",
        "year": 24,
        "team": "LG",
        "pa": 389,
        "ops": 0.662,
        "avg": 0.257,
        "obp": 0.335,
        "slg": 0.327,
        "rbi": 43,
        "sb": 8,
        "hr": 2
      },
      {
        "name": "박해민",
        "year": 24,
        "team": "LG",
        "pa": 553,
        "ops": 0.695,
        "avg": 0.263,
        "obp": 0.336,
        "slg": 0.359,
        "rbi": 56,
        "sb": 43,
        "hr": 6
      },
      {
        "name": "오지환",
        "year": 24,
        "team": "LG",
        "pa": 428,
        "ops": 0.761,
        "avg": 0.254,
        "obp": 0.35,
        "slg": 0.411,
        "rbi": 59,
        "sb": 17,
        "hr": 10
      }
    ]
  },
  {
    "generation": 5,
    "expected_score": 6.675,
    "lineup": [
      "오스틴",
      "김현수",
      "박동원",
      "홍창기",
      "문보경",
      "신민재",
      "구본혁",
      "박해민",
      "오지환"
    ],
    "player_stats": [
      {
        "name": "오스틴",
        "year": 24,
        "team": "LG",
        "pa": 604,
        "ops": 0.957,
        "avg": 0.319,
        "obp": 0.384,
        "slg": 0.573,
        "rbi": 132,
        "sb": 12,
        "hr": 32
      },
      {
        "name": "김현수",
        "year": 24,
        "team": "LG",
        "pa": 583,
        "ops": 0.775,
        "avg": 0.294,
        "obp": 0.357,
        "slg": 0.418,
        "rbi": 69,
        "sb": 6,
        "hr": 8
      },
      {
        "name": "박동원",
        "year": 24,
        "team": "LG",
        "pa": 498,
        "ops": 0.81,
        "avg": 0.272,
        "obp": 0.349,
        "slg": 0.461,
        "rbi": 80,
        "sb": 1,
        "hr": 20
      },
      {
        "name": "홍창기",
        "year": 24,
        "team": "LG",
        "pa": 637,
        "ops": 0.857,
        "avg": 0.336,
        "obp": 0.447,
        "slg": 0.41,
        "rbi": 73,
        "sb": 10,
        "hr": 5
      },
      {
        "name": "문보경",
        "year": 24,
        "team": "LG",
        "pa": 602,
        "ops": 0.879,
        "avg": 0.301,
        "obp": 0.372,
        "slg": 0.507,
        "rbi": 101,
        "sb": 7,
        "hr": 22
      },
      {
        "name": "신민재",
        "year": 24,
        "team": "LG",
        "pa": 474,
        "ops": 0.758,
        "avg": 0.297,
        "obp": 0.401,
        "slg": 0.357,
        "rbi": 40,
        "sb": 32,
        "hr": 0
      },
      {
        "name": "구본혁",
        "year": 24,
        "team": "LG",
        "pa": 389,
        "ops": 0.662,
        "avg": 0.257,
        "obp": 0.335,
        "slg": 0.327,
        "rbi": 43,
        "sb": 8,
        "hr": 2
      },
      {
        "name": "박해민",
        "year": 24,
        "team": "LG",
        "pa": 553,
        "ops": 0.695,
        "avg": 0.263,
        "obp": 0.336,
        "slg": 0.359,
        "rbi": 56,
        "sb": 43,
        "hr": 6
      },
      {
        "name": "오지환",
        "year": 24,
        "team": "LG",
        "pa": 428,
        "ops": 0.761,
        "avg": 0.254,
        "obp": 0.35,
        "slg": 0.411,
        "rbi": 59,
        "sb": 17,
        "hr": 10
      }
    ]
  },
  {
    "generation": 6,
    "expected_score": 6.61,
    "lineup": [
      "홍창기",
      "김현수",
      "오지환",
      "신민재",
      "오스틴",
      "박동원",
      "문보경",
      "박해민",
      "구본혁"
    ],
    "player_stats": [
      {
        "name": "홍창기",
        "year": 24,
        "team": "LG",
        "pa": 637,
        "ops": 0.857,
        "avg": 0.336,
        "obp": 0.447,
        "slg": 0.41,
        "rbi": 73,
        "sb": 10,
        "hr": 5
      },
      {
        "name": "김현수",
        "year": 24,
        "team": "LG",
        "pa": 583,
        "ops": 0.775,
        "avg": 0.294,
        "obp": 0.357,
        "slg": 0.418,
        "rbi": 69,
        "sb": 6,
        "hr": 8
      },
      {
        "name": "오지환",
        "year": 24,
        "team": "LG",
        "pa": 428,
        "ops": 0.761,
        "avg": 0.254,
        "obp": 0.35,
        "slg": 0.411,
        "rbi": 59,
        "sb": 17,
        "hr": 10
      },
      {
        "name": "신민재",
        "year": 24,
        "team": "LG",
        "pa": 474,
        "ops": 0.758,
        "avg": 0.297,
        "obp": 0.401,
        "slg": 0.357,
        "rbi": 40,
        "sb": 32,
        "hr": 0
      },
      {
        "name": "오스틴",
        "year": 24,
        "team": "LG",
        "pa": 604,
        "ops": 0.957,
        "avg": 0.319,
        "obp": 0.384,
        "slg": 0.573,
        "rbi": 132,
        "sb": 12,
        "hr": 32
      },
      {
        "name": "박동원",
        "year": 24,
        "team": "LG",
        "pa": 498,
        "ops": 0.81,
        "avg": 0.272,
        "obp": 0.349,
        "slg": 0.461,
        "rbi": 80,
        "sb": 1,
        "hr": 20
      },
      {
        "name": "문보경",
        "year": 24,
        "team": "LG",
        "pa": 602,
        "ops": 0.879,
        "avg": 0.301,
        "obp": 0.372,
        "slg": 0.507,
        "rbi": 101,
        "sb": 7,
        "hr": 22
      },
      {
        "name": "박해민",
        "year": 24,
        "team": "LG",
        "pa": 553,
        "ops": 0.695,
        "avg": 0.263,
        "obp": 0.336,
        "slg": 0.359,
        "rbi": 56,
        "sb": 43,
        "hr": 6
      },
      {
        "name": "구본혁",
        "year": 24,
        "team": "LG",
        "pa": 389,
        "ops": 0.662,
        "avg": 0.257,
        "obp": 0.335,
        "slg": 0.327,
        "rbi": 43,
        "sb": 8,
        "hr": 2
      }
    ]
  },
  {
    "generation": 7,
    "expected_score": 6.745,
    "lineup": [
      "신민재",
      "홍창기",
      "박동원",
      "오지환",
      "구본혁",
      "오스틴",
      "문보경",
      "박해민",
      "김현수"
    ],
    "player_stats": [
      {
        "name": "신민재",
        "year": 24,
        "team": "LG",
        "pa": 474,
        "ops": 0.758,
        "avg": 0.297,
        "obp": 0.401,
        "slg": 0.357,
        "rbi": 40,
        "sb": 32,
        "hr": 0
      },
      {
        "name": "홍창기",
        "year": 24,
        "team": "LG",
        "pa": 637,
        "ops": 0.857,
        "avg": 0.336,
        "obp": 0.447,
        "slg": 0.41,
        "rbi": 73,
        "sb": 10,
        "hr": 5
      },
      {
        "name": "박동원",
        "year": 24,
        "team": "LG",
        "pa": 498,
        "ops": 0.81,
        "avg": 0.272,
        "obp": 0.349,
        "slg": 0.461,
        "rbi": 80,
        "sb": 1,
        "hr": 20
      },
      {
        "name": "오지환",
        "year": 24,
        "team": "LG",
        "pa": 428,
        "ops": 0.761,
        "avg": 0.254,
        "obp": 0.35,
        "slg": 0.411,
        "rbi": 59,
        "sb": 17,
        "hr": 10
      },
      {
        "name": "구본혁",
        "year": 24,
        "team": "LG",
        "pa": 389,
        "ops": 0.662,
        "avg": 0.257,
        "obp": 0.335,
        "slg": 0.327,
        "rbi": 43,
        "sb": 8,
        "hr": 2
      },
      {
        "name": "오스틴",
        "year": 24,
        "team": "LG",
        "pa": 604,
        "ops": 0.957,
        "avg": 0.319,
        "obp": 0.384,
        "slg": 0.573,
        "rbi": 132,
        "sb": 12,
        "hr": 32
      },
      {
        "name": "문보경",
        "year": 24,
        "team": "LG",
        "pa": 602,
        "ops": 0.879,
        "avg": 0.301,
        "obp": 0.372,
        "slg": 0.507,
        "rbi": 101,
        "sb": 7,
        "hr": 22
      },
      {
        "name": "박해민",
        "year": 24,
        "team": "LG",
        "pa": 553,
        "ops": 0.695,
        "avg": 0.263,
        "obp": 0.336,
        "slg": 0.359,
        "rbi": 56,
        "sb": 43,
        "hr": 6
      },
      {
        "name": "김현수",
        "year": 24,
        "team": "LG",
        "pa": 583,
        "ops": 0.775,
        "avg": 0.294,
        "obp": 0.357,
        "slg": 0.418,
        "rbi": 69,
        "sb": 6,
        "hr": 8
      }
    ]
  },
  {
    "generation": 8,
    "expected_score": 6.825,
    "lineup": [
      "홍창기",
      "김현수",
      "신민재",
      "오지환",
      "구본혁",
      "오스틴",
      "박동원",
      "문보경",
      "박해민"
    ],
    "player_stats": [
      {
        "name": "홍창기",
        "year": 24,
        "team": "LG",
        "pa": 637,
        "ops": 0.857,
        "avg": 0.336,
        "obp": 0.447,
        "slg": 0.41,
        "rbi": 73,
        "sb": 10,
        "hr": 5
      },
      {
        "name": "김현수",
        "year": 24,
        "team": "LG",
        "pa": 583,
        "ops": 0.775,
        "avg": 0.294,
        "obp": 0.357,
        "slg": 0.418,
        "rbi": 69,
        "sb": 6,
        "hr": 8
      },
      {
        "name": "신민재",
        "year": 24,
        "team": "LG",
        "pa": 474,
        "ops": 0.758,
        "avg": 0.297,
        "obp": 0.401,
        "slg": 0.357,
        "rbi": 40,
        "sb": 32,
        "hr": 0
      },
      {
        "name": "오지환",
        "year": 24,
        "team": "LG",
        "pa": 428,
        "ops": 0.761,
        "avg": 0.254,
        "obp": 0.35,
        "slg": 0.411,
        "rbi": 59,
        "sb": 17,
        "hr": 10
      },
      {
        "name": "구본혁",
        "year": 24,
        "team": "LG",
        "pa": 389,
        "ops": 0.662,
        "avg": 0.257,
        "obp": 0.335,
        "slg": 0.327,
        "rbi": 43,
        "sb": 8,
        "hr": 2
      },
      {
        "name": "오스틴",
        "year": 24,
        "team": "LG",
        "pa": 604,
        "ops": 0.957,
        "avg": 0.319,
        "obp": 0.384,
        "slg": 0.573,
        "rbi": 132,
        "sb": 12,
        "hr": 32
      },
      {
        "name": "박동원",
        "year": 24,
        "team": "LG",
        "pa": 498,
        "ops": 0.81,
        "avg": 0.272,
        "obp": 0.349,
        "slg": 0.461,
        "rbi": 80,
        "sb": 1,
        "hr": 20
      },
      {
        "name": "문보경",
        "year": 24,
        "team": "LG",
        "pa": 602,
        "ops": 0.879,
        "avg": 0.301,
        "obp": 0.372,
        "slg": 0.507,
        "rbi": 101,
        "sb": 7,
        "hr": 22
      },
      {
        "name": "박해민",
        "year": 24,
        "team": "LG",
        "pa": 553,
        "ops": 0.695,
        "avg": 0.263,
        "obp": 0.336,
        "slg": 0.359,
        "rbi": 56,
        "sb": 43,
        "hr": 6
      }
    ]
  },
  {
    "generation": 9,
    "expected_score": 6.805,
    "lineup": [
      "박동원",
      "문보경",
      "구본혁",
      "홍창기",
      "신민재",
      "오스틴",
      "오지환",
      "김현수",
      "박해민"
    ],
    "player_stats": [
      {
        "name": "박동원",
        "year": 24,
        "team": "LG",
        "pa": 498,
        "ops": 0.81,
        "avg": 0.272,
        "obp": 0.349,
        "slg": 0.461,
        "rbi": 80,
        "sb": 1,
        "hr": 20
      },
      {
        "name": "문보경",
        "year": 24,
        "team": "LG",
        "pa": 602,
        "ops": 0.879,
        "avg": 0.301,
        "obp": 0.372,
        "slg": 0.507,
        "rbi": 101,
        "sb": 7,
        "hr": 22
      },
      {
        "name": "구본혁",
        "year": 24,
        "team": "LG",
        "pa": 389,
        "ops": 0.662,
        "avg": 0.257,
        "obp": 0.335,
        "slg": 0.327,
        "rbi": 43,
        "sb": 8,
        "hr": 2
      },
      {
        "name": "홍창기",
        "year": 24,
        "team": "LG",
        "pa": 637,
        "ops": 0.857,
        "avg": 0.336,
        "obp": 0.447,
        "slg": 0.41,
        "rbi": 73,
        "sb": 10,
        "hr": 5
      },
      {
        "name": "신민재",
        "year": 24,
        "team": "LG",
        "pa": 474,
        "ops": 0.758,
        "avg": 0.297,
        "obp": 0.401,
        "slg": 0.357,
        "rbi": 40,
        "sb": 32,
        "hr": 0
      },
      {
        "name": "오스틴",
        "year": 24,
        "team": "LG",
        "pa": 604,
        "ops": 0.957,
        "avg": 0.319,
        "obp": 0.384,
        "slg": 0.573,
        "rbi": 132,
        "sb": 12,
        "hr": 32
      },
      {
        "name": "오지환",
        "year": 24,
        "team": "LG",
        "pa": 428,
        "ops": 0.761,
        "avg": 0.254,
        "obp": 0.35,
        "slg": 0.411,
        "rbi": 59,
        "sb": 17,
        "hr": 10
      },
      {
        "name": "김현수",
        "year": 24,
        "team": "LG",
        "pa": 583,
        "ops": 0.775,
        "avg": 0.294,
        "obp": 0.357,
        "slg": 0.418,
        "rbi": 69,
        "sb": 6,
        "hr": 8
      },
      {
        "name": "박해민",
        "year": 24,
        "team": "LG",
        "pa": 553,
        "ops": 0.695,
        "avg": 0.263,
        "obp": 0.336,
        "slg": 0.359,
        "rbi": 56,
        "sb": 43,
        "hr": 6
      }
    ]
  },
  {
    "generation": 10,
    "expected_score": 6.685,
    "lineup": [
      "김현수",
      "홍창기",
      "신민재",
      "문보경",
      "오스틴",
      "오지환",
      "박해민",
      "박동원",
      "구본혁"
    ],
    "player_stats": [
      {
        "name": "김현수",
        "year": 24,
        "team": "LG",
        "pa": 583,
        "ops": 0.775,
        "avg": 0.294,
        "obp": 0.357,
        "slg": 0.418,
        "rbi": 69,
        "sb": 6,
        "hr": 8
      },
      {
        "name": "홍창기",
        "year": 24,
        "team": "LG",
        "pa": 637,
        "ops": 0.857,
        "avg": 0.336,
        "obp": 0.447,
        "slg": 0.41,
        "rbi": 73,
        "sb": 10,
        "hr": 5
      },
      {
        "name": "신민재",
        "year": 24,
        "team": "LG",
        "pa": 474,
        "ops": 0.758,
        "avg": 0.297,
        "obp": 0.401,
        "slg": 0.357,
        "rbi": 40,
        "sb": 32,
        "hr": 0
      },
      {
        "name": "문보경",
        "year": 24,
        "team": "LG",
        "pa": 602,
        "ops": 0.879,
        "avg": 0.301,
        "obp": 0.372,
        "slg": 0.507,
        "rbi": 101,
        "sb": 7,
        "hr": 22
      },
      {
        "name": "오스틴",
        "year": 24,
        "team": "LG",
        "pa": 604,
        "ops": 0.957,
        "avg": 0.319,
        "obp": 0.384,
        "slg": 0.573,
        "rbi": 132,
        "sb": 12,
        "hr": 32
      },
      {
        "name": "오지환",
        "year": 24,
        "team": "LG",
        "pa": 428,
        "ops": 0.761,
        "avg": 0.254,
        "obp": 0.35,
        "slg": 0.411,
        "rbi": 59,
        "sb": 17,
        "hr": 10
      },
      {
        "name": "박해민",
        "year": 24,
        "team": "LG",
        "pa": 553,
        "ops": 0.695,
        "avg": 0.263,
        "obp": 0.336,
        "slg": 0.359,
        "rbi": 56,
        "sb": 43,
        "hr": 6
      },
      {
        "name": "박동원",
        "year": 24,
        "team": "LG",
        "pa": 498,
        "ops": 0.81,
        "avg": 0.272,
        "obp": 0.349,
        "slg": 0.461,
        "rbi": 80,
        "sb": 1,
        "hr": 20
      },
      {
        "name": "구본혁",
        "year": 24,
        "team": "LG",
        "pa": 389,
        "ops": 0.662,
        "avg": 0.257,
        "obp": 0.335,
        "slg": 0.327,
        "rbi": 43,
        "sb": 8,
        "hr": 2
      }
    ]
  },
  {
    "generation": 11,
    "expected_score": 6.74,
    "lineup": [
      "홍창기",
      "박동원",
      "구본혁",
      "오스틴",
      "문보경",
      "김현수",
      "박해민",
      "오지환",
      "신민재"
    ],
    "player_stats": [
      {
        "name": "홍창기",
        "year": 24,
        "team": "LG",
        "pa": 637,
        "ops": 0.857,
        "avg": 0.336,
        "obp": 0.447,
        "slg": 0.41,
        "rbi": 73,
        "sb": 10,
        "hr": 5
      },
      {
        "name": "박동원",
        "year": 24,
        "team": "LG",
        "pa": 498,
        "ops": 0.81,
        "avg": 0.272,
        "obp": 0.349,
        "slg": 0.461,
        "rbi": 80,
        "sb": 1,
        "hr": 20
      },
      {
        "name": "구본혁",
        "year": 24,
        "team": "LG",
        "pa": 389,
        "ops": 0.662,
        "avg": 0.257,
        "obp": 0.335,
        "slg": 0.327,
        "rbi": 43,
        "sb": 8,
        "hr": 2
      },
      {
        "name": "오스틴",
        "year": 24,
        "team": "LG",
        "pa": 604,
        "ops": 0.957,
        "avg": 0.319,
        "obp": 0.384,
        "slg": 0.573,
        "rbi": 132,
        "sb": 12,
        "hr": 32
      },
      {
        "name": "문보경",
        "year": 24,
        "team": "LG",
        "pa": 602,
        "ops": 0.879,
        "avg": 0.301,
        "obp": 0.372,
        "slg": 0.507,
        "rbi": 101,
        "sb": 7,
        "hr": 22
      },
      {
        "name": "김현수",
        "year": 24,
        "team": "LG",
        "pa": 583,
        "ops": 0.775,
        "avg": 0.294,
        "obp": 0.357,
        "slg": 0.418,
        "rbi": 69,
        "sb": 6,
        "hr": 8
      },
      {
        "name": "박해민",
        "year": 24,
        "team": "LG",
        "pa": 553,
        "ops": 0.695,
        "avg": 0.263,
        "obp": 0.336,
        "slg": 0.359,
        "rbi": 56,
        "sb": 43,
        "hr": 6
      },
      {
        "name": "오지환",
        "year": 24,
        "team": "LG",
        "pa": 428,
        "ops": 0.761,
        "avg": 0.254,
        "obp": 0.35,
        "slg": 0.411,
        "rbi": 59,
        "sb": 17,
        "hr": 10
      },
      {
        "name": "신민재",
        "year": 24,
        "team": "LG",
        "pa": 474,
        "ops": 0.758,
        "avg": 0.297,
        "obp": 0.401,
        "slg": 0.357,
        "rbi": 40,
        "sb": 32,
        "hr": 0
      }
    ]
  },
  {
    "generation": 12,
    "expected_score": 7.125,
    "lineup": [
      "홍창기",
      "신민재",
      "오스틴",
      "박동원",
      "박해민",
      "오지환",
      "문보경",
      "구본혁",
      "김현수"
    ],
    "player_stats": [
      {
        "name": "홍창기",
        "year": 24,
        "team": "LG",
        "pa": 637,
        "ops": 0.857,
        "avg": 0.336,
        "obp": 0.447,
        "slg": 0.41,
        "rbi": 73,
        "sb": 10,
        "hr": 5
      },
      {
        "name": "신민재",
        "year": 24,
        "team": "LG",
        "pa": 474,
        "ops": 0.758,
        "avg": 0.297,
        "obp": 0.401,
        "slg": 0.357,
        "rbi": 40,
        "sb": 32,
        "hr": 0
      },
      {
        "name": "오스틴",
        "year": 24,
        "team": "LG",
        "pa": 604,
        "ops": 0.957,
        "avg": 0.319,
        "obp": 0.384,
        "slg": 0.573,
        "rbi": 132,
        "sb": 12,
        "hr": 32
      },
      {
        "name": "박동원",
        "year": 24,
        "team": "LG",
        "pa": 498,
        "ops": 0.81,
        "avg": 0.272,
        "obp": 0.349,
        "slg": 0.461,
        "rbi": 80,
        "sb": 1,
        "hr": 20
      },
      {
        "name": "박해민",
        "year": 24,
        "team": "LG",
        "pa": 553,
        "ops": 0.695,
        "avg": 0.263,
        "obp": 0.336,
        "slg": 0.359,
        "rbi": 56,
        "sb": 43,
        "hr": 6
      },
      {
        "name": "오지환",
        "year": 24,
        "team": "LG",
        "pa": 428,
        "ops": 0.761,
        "avg": 0.254,
        "obp": 0.35,
        "slg": 0.411,
        "rbi": 59,
        "sb": 17,
        "hr": 10
      },
      {
        "name": "문보경",
        "year": 24,
        "team": "LG",
        "pa": 602,
        "ops": 0.879,
        "avg": 0.301,
        "obp": 0.372,
        "slg": 0.507,
        "rbi": 101,
        "sb": 7,
        "hr": 22
      },
      {
        "name": "구본혁",
        "year": 24,
        "team": "LG",
        "pa": 389,
        "ops": 0.662,
        "avg": 0.257,
        "obp": 0.335,
        "slg": 0.327,
        "rbi": 43,
        "sb": 8,
        "hr": 2
      },
      {
        "name": "김현수",
        "year": 24,
        "team": "LG",
        "pa": 583,
        "ops": 0.775,
        "avg": 0.294,
        "obp": 0.357,
        "slg": 0.418,
        "rbi": 69,
        "sb": 6,
        "hr": 8
      }
    ]
  },
  {
    "generation": 13,
    "expected_score": 6.635,
    "lineup": [
      "신민재",
      "문보경",
      "구본혁",
      "홍창기",
      "오스틴",
      "박동원",
      "박해민",
      "오지환",
      "김현수"
    ],
    "player_stats": [
      {
        "name": "신민재",
        "year": 24,
        "team": "LG",
        "pa": 474,
        "ops": 0.758,
        "avg": 0.297,
        "obp": 0.401,
        "slg": 0.357,
        "rbi": 40,
        "sb": 32,
        "hr": 0
      },
      {
        "name": "문보경",
        "year": 24,
        "team": "LG",
        "pa": 602,
        "ops": 0.879,
        "avg": 0.301,
        "obp": 0.372,
        "slg": 0.507,
        "rbi": 101,
        "sb": 7,
        "hr": 22
      },
      {
        "name": "구본혁",
        "year": 24,
        "team": "LG",
        "pa": 389,
        "ops": 0.662,
        "avg": 0.257,
        "obp": 0.335,
        "slg": 0.327,
        "rbi": 43,
        "sb": 8,
        "hr": 2
      },
      {
        "name": "홍창기",
        "year": 24,
        "team": "LG",
        "pa": 637,
        "ops": 0.857,
        "avg": 0.336,
        "obp": 0.447,
        "slg": 0.41,
        "rbi": 73,
        "sb": 10,
        "hr": 5
      },
      {
        "name": "오스틴",
        "year": 24,
        "team": "LG",
        "pa": 604,
        "ops": 0.957,
        "avg": 0.319,
        "obp": 0.384,
        "slg": 0.573,
        "rbi": 132,
        "sb": 12,
        "hr": 32
      },
      {
        "name": "박동원",
        "year": 24,
        "team": "LG",
        "pa": 498,
        "ops": 0.81,
        "avg": 0.272,
        "obp": 0.349,
        "slg": 0.461,
        "rbi": 80,
        "sb": 1,
        "hr": 20
      },
      {
        "name": "박해민",
        "year": 24,
        "team": "LG",
        "pa": 553,
        "ops": 0.695,
        "avg": 0.263,
        "obp": 0.336,
        "slg": 0.359,
        "rbi": 56,
        "sb": 43,
        "hr": 6
      },
      {
        "name": "오지환",
        "year": 24,
        "team": "LG",
        "pa": 428,
        "ops": 0.761,
        "avg": 0.254,
        "obp": 0.35,
        "slg": 0.411,
        "rbi": 59,
        "sb": 17,
        "hr": 10
      },
      {
        "name": "김현수",
        "year": 24,
        "team": "LG",
        "pa": 583,
        "ops": 0.775,
        "avg": 0.294,
        "obp": 0.357,
        "slg": 0.418,
        "rbi": 69,
        "sb": 6,
        "hr": 8
      }
    ]
  },
  {
    "generation": 14,
    "expected_score": 6.815,
    "lineup": [
      "홍창기",
      "박해민",
      "박동원",
      "구본혁",
      "신민재",
      "오스틴",
      "오지환",
      "문보경",
      "김현수"
    ],
    "player_stats": [
      {
        "name": "홍창기",
        "year": 24,
        "team": "LG",
        "pa": 637,
        "ops": 0.857,
        "avg": 0.336,
        "obp": 0.447,
        "slg": 0.41,
        "rbi": 73,
        "sb": 10,
        "hr": 5
      },
      {
        "name": "박해민",
        "year": 24,
        "team": "LG",
        "pa": 553,
        "ops": 0.695,
        "avg": 0.263,
        "obp": 0.336,
        "slg": 0.359,
        "rbi": 56,
        "sb": 43,
        "hr": 6
      },
      {
        "name": "박동원",
        "year": 24,
        "team": "LG",
        "pa": 498,
        "ops": 0.81,
        "avg": 0.272,
        "obp": 0.349,
        "slg": 0.461,
        "rbi": 80,
        "sb": 1,
        "hr": 20
      },
      {
        "name": "구본혁",
        "year": 24,
        "team": "LG",
        "pa": 389,
        "ops": 0.662,
        "avg": 0.257,
        "obp": 0.335,
        "slg": 0.327,
        "rbi": 43,
        "sb": 8,
        "hr": 2
      },
      {
        "name": "신민재",
        "year": 24,
        "team": "LG",
        "pa": 474,
        "ops": 0.758,
        "avg": 0.297,
        "obp": 0.401,
        "slg": 0.357,
        "rbi": 40,
        "sb": 32,
        "hr": 0
      },
      {
        "name": "오스틴",
        "year": 24,
        "team": "LG",
        "pa": 604,
        "ops": 0.957,
        "avg": 0.319,
        "obp": 0.384,
        "slg": 0.573,
        "rbi": 132,
        "sb": 12,
        "hr": 32
      },
      {
        "name": "오지환",
        "year": 24,
        "team": "LG",
        "pa": 428,
        "ops": 0.761,
        "avg": 0.254,
        "obp": 0.35,
        "slg": 0.411,
        "rbi": 59,
        "sb": 17,
        "hr": 10
      },
      {
        "name": "문보경",
        "year": 24,
        "team": "LG",
        "pa": 602,
        "ops": 0.879,
        "avg": 0.301,
        "obp": 0.372,
        "slg": 0.507,
        "rbi": 101,
        "sb": 7,
        "hr": 22
      },
      {
        "name": "김현수",
        "year": 24,
        "team": "LG",
        "pa": 583,
        "ops": 0.775,
        "avg": 0.294,
        "obp": 0.357,
        "slg": 0.418,
        "rbi": 69,
        "sb": 6,
        "hr": 8
      }
    ]
  },
  {
    "generation": 15,
    "expected_score": 6.585,
    "lineup": [
      "신민재",
      "구본혁",
      "박동원",
      "오스틴",
      "홍창기",
      "문보경",
      "오지환",
      "박해민",
      "김현수"
    ],
    "player_stats": [
      {
        "name": "신민재",
        "year": 24,
        "team": "LG",
        "pa": 474,
        "ops": 0.758,
        "avg": 0.297,
        "obp": 0.401,
        "slg": 0.357,
        "rbi": 40,
        "sb": 32,
        "hr": 0
      },
      {
        "name": "구본혁",
        "year": 24,
        "team": "LG",
        "pa": 389,
        "ops": 0.662,
        "avg": 0.257,
        "obp": 0.335,
        "slg": 0.327,
        "rbi": 43,
        "sb": 8,
        "hr": 2
      },
      {
        "name": "박동원",
        "year": 24,
        "team": "LG",
        "pa": 498,
        "ops": 0.81,
        "avg": 0.272,
        "obp": 0.349,
        "slg": 0.461,
        "rbi": 80,
        "sb": 1,
        "hr": 20
      },
      {
        "name": "오스틴",
        "year": 24,
        "team": "LG",
        "pa": 604,
        "ops": 0.957,
        "avg": 0.319,
        "obp": 0.384,
        "slg": 0.573,
        "rbi": 132,
        "sb": 12,
        "hr": 32
      },
      {
        "name": "홍창기",
        "year": 24,
        "team": "LG",
        "pa": 637,
        "ops": 0.857,
        "avg": 0.336,
        "obp": 0.447,
        "slg": 0.41,
        "rbi": 73,
        "sb": 10,
        "hr": 5
      },
      {
        "name": "문보경",
        "year": 24,
        "team": "LG",
        "pa": 602,
        "ops": 0.879,
        "avg": 0.301,
        "obp": 0.372,
        "slg": 0.507,
        "rbi": 101,
        "sb": 7,
        "hr": 22
      },
      {
        "name": "오지환",
        "year": 24,
        "team": "LG",
        "pa": 428,
        "ops": 0.761,
        "avg": 0.254,
        "obp": 0.35,
        "slg": 0.411,
        "rbi": 59,
        "sb": 17,
        "hr": 10
      },
      {
        "name": "박해민",
        "year": 24,
        "team": "LG",
        "pa": 553,
        "ops": 0.695,
        "avg": 0.263,
        "obp": 0.336,
        "slg": 0.359,
        "rbi": 56,
        "sb": 43,
        "hr": 6
      },
      {
        "name": "김현수",
        "year": 24,
        "team": "LG",
        "pa": 583,
        "ops": 0.775,
        "avg": 0.294,
        "obp": 0.357,
        "slg": 0.418,
        "rbi": 69,
        "sb": 6,
        "hr": 8
      }
    ]
  },
  {
    "generation": 16,
    "expected_score": 6.84,
    "lineup": [
      "홍창기",
      "김현수",
      "신민재",
      "문보경",
      "오스틴",
      "박동원",
      "구본혁",
      "오지환",
      "박해민"
    ],
    "player_stats": [
      {
        "name": "홍창기",
        "year": 24,
        "team": "LG",
        "pa": 637,
        "ops": 0.857,
        "avg": 0.336,
        "obp": 0.447,
        "slg": 0.41,
        "rbi": 73,
        "sb": 10,
        "hr": 5
      },
      {
        "name": "김현수",
        "year": 24,
        "team": "LG",
        "pa": 583,
        "ops": 0.775,
        "avg": 0.294,
        "obp": 0.357,
        "slg": 0.418,
        "rbi": 69,
        "sb": 6,
        "hr": 8
      },
      {
        "name": "신민재",
        "year": 24,
        "team": "LG",
        "pa": 474,
        "ops": 0.758,
        "avg": 0.297,
        "obp": 0.401,
        "slg": 0.357,
        "rbi": 40,
        "sb": 32,
        "hr": 0
      },
      {
        "name": "문보경",
        "year": 24,
        "team": "LG",
        "pa": 602,
        "ops": 0.879,
        "avg": 0.301,
        "obp": 0.372,
        "slg": 0.507,
        "rbi": 101,
        "sb": 7,
        "hr": 22
      },
      {
        "name": "오스틴",
        "year": 24,
        "team": "LG",
        "pa": 604,
        "ops": 0.957,
        "avg": 0.319,
        "obp": 0.384,
        "slg": 0.573,
        "rbi": 132,
        "sb": 12,
        "hr": 32
      },
      {
        "name": "박동원",
        "year": 24,
        "team": "LG",
        "pa": 498,
        "ops": 0.81,
        "avg": 0.272,
        "obp": 0.349,
        "slg": 0.461,
        "rbi": 80,
        "sb": 1,
        "hr": 20
      },
      {
        "name": "구본혁",
        "year": 24,
        "team": "LG",
        "pa": 389,
        "ops": 0.662,
        "avg": 0.257,
        "obp": 0.335,
        "slg": 0.327,
        "rbi": 43,
        "sb": 8,
        "hr": 2
      },
      {
        "name": "오지환",
        "year": 24,
        "team": "LG",
        "pa": 428,
        "ops": 0.761,
        "avg": 0.254,
        "obp": 0.35,
        "slg": 0.411,
        "rbi": 59,
        "sb": 17,
        "hr": 10
      },
      {
        "name": "박해민",
        "year": 24,
        "team": "LG",
        "pa": 553,
        "ops": 0.695,
        "avg": 0.263,
        "obp": 0.336,
        "slg": 0.359,
        "rbi": 56,
        "sb": 43,
        "hr": 6
      }
    ]
  },
  {
    "generation": 17,
    "expected_score": 6.77,
    "lineup": [
      "문보경",
      "홍창기",
      "구본혁",
      "신민재",
      "오스틴",
      "김현수",
      "박동원",
      "박해민",
      "오지환"
    ],
    "player_stats": [
      {
        "name": "문보경",
        "year": 24,
        "team": "LG",
        "pa": 602,
        "ops": 0.879,
        "avg": 0.301,
        "obp": 0.372,
        "slg": 0.507,
        "rbi": 101,
        "sb": 7,
        "hr": 22
      },
      {
        "name": "홍창기",
        "year": 24,
        "team": "LG",
        "pa": 637,
        "ops": 0.857,
        "avg": 0.336,
        "obp": 0.447,
        "slg": 0.41,
        "rbi": 73,
        "sb": 10,
        "hr": 5
      },
      {
        "name": "구본혁",
        "year": 24,
        "team": "LG",
        "pa": 389,
        "ops": 0.662,
        "avg": 0.257,
        "obp": 0.335,
        "slg": 0.327,
        "rbi": 43,
        "sb": 8,
        "hr": 2
      },
      {
        "name": "신민재",
        "year": 24,
        "team": "LG",
        "pa": 474,
        "ops": 0.758,
        "avg": 0.297,
        "obp": 0.401,
        "slg": 0.357,
        "rbi": 40,
        "sb": 32,
        "hr": 0
      },
      {
        "name": "오스틴",
        "year": 24,
        "team": "LG",
        "pa": 604,
        "ops": 0.957,
        "avg": 0.319,
        "obp": 0.384,
        "slg": 0.573,
        "rbi": 132,
        "sb": 12,
        "hr": 32
      },
      {
        "name": "김현수",
        "year": 24,
        "team": "LG",
        "pa": 583,
        "ops": 0.775,
        "avg": 0.294,
        "obp": 0.357,
        "slg": 0.418,
        "rbi": 69,
        "sb": 6,
        "hr": 8
      },
      {
        "name": "박동원",
        "year": 24,
        "team": "LG",
        "pa": 498,
        "ops": 0.81,
        "avg": 0.272,
        "obp": 0.349,
        "slg": 0.461,
        "rbi": 80,
        "sb": 1,
        "hr": 20
      },
      {
        "name": "박해민",
        "year": 24,
        "team": "LG",
        "pa": 553,
        "ops": 0.695,
        "avg": 0.263,
        "obp": 0.336,
        "slg": 0.359,
        "rbi": 56,
        "sb": 43,
        "hr": 6
      },
      {
        "name": "오지환",
        "year": 24,
        "team": "LG",
        "pa": 428,
        "ops": 0.761,
        "avg": 0.254,
        "obp": 0.35,
        "slg": 0.411,
        "rbi": 59,
        "sb": 17,
        "hr": 10
      }
    ]
  },
  {
    "generation": 18,
    "expected_score": 6.815,
    "lineup": [
      "문보경",
      "구본혁",
      "오스틴",
      "홍창기",
      "신민재",
      "김현수",
      "박동원",
      "박해민",
      "오지환"
    ],
    "player_stats": [
      {
        "name": "문보경",
        "year": 24,
        "team": "LG",
        "pa": 602,
        "ops": 0.879,
        "avg": 0.301,
        "obp": 0.372,
        "slg": 0.507,
        "rbi": 101,
        "sb": 7,
        "hr": 22
      },
      {
        "name": "구본혁",
        "year": 24,
        "team": "LG",
        "pa": 389,
        "ops": 0.662,
        "avg": 0.257,
        "obp": 0.335,
        "slg": 0.327,
        "rbi": 43,
        "sb": 8,
        "hr": 2
      },
      {
        "name": "오스틴",
        "year": 24,
        "team": "LG",
        "pa": 604,
        "ops": 0.957,
        "avg": 0.319,
        "obp": 0.384,
        "slg": 0.573,
        "rbi": 132,
        "sb": 12,
        "hr": 32
      },
      {
        "name": "홍창기",
        "year": 24,
        "team": "LG",
        "pa": 637,
        "ops": 0.857,
        "avg": 0.336,
        "obp": 0.447,
        "slg": 0.41,
        "rbi": 73,
        "sb": 10,
        "hr": 5
      },
      {
        "name": "신민재",
        "year": 24,
        "team": "LG",
        "pa": 474,
        "ops": 0.758,
        "avg": 0.297,
        "obp": 0.401,
        "slg": 0.357,
        "rbi": 40,
        "sb": 32,
        "hr": 0
      },
      {
        "name": "김현수",
        "year": 24,
        "team": "LG",
        "pa": 583,
        "ops": 0.775,
        "avg": 0.294,
        "obp": 0.357,
        "slg": 0.418,
        "rbi": 69,
        "sb": 6,
        "hr": 8
      },
      {
        "name": "박동원",
        "year": 24,
        "team": "LG",
        "pa": 498,
        "ops": 0.81,
        "avg": 0.272,
        "obp": 0.349,
        "slg": 0.461,
        "rbi": 80,
        "sb": 1,
        "hr": 20
      },
      {
        "name": "박해민",
        "year": 24,
        "team": "LG",
        "pa": 553,
        "ops": 0.695,
        "avg": 0.263,
        "obp": 0.336,
        "slg": 0.359,
        "rbi": 56,
        "sb": 43,
        "hr": 6
      },
      {
        "name": "오지환",
        "year": 24,
        "team": "LG",
        "pa": 428,
        "ops": 0.761,
        "avg": 0.254,
        "obp": 0.35,
        "slg": 0.411,
        "rbi": 59,
        "sb": 17,
        "hr": 10
      }
    ]
  },
  {
    "generation": 19,
    "expected_score": 6.73,
    "lineup": [
      "신민재",
      "구본혁",
      "오스틴",
      "문보경",
      "박동원",
      "홍창기",
      "박해민",
      "김현수",
      "오지환"
    ],
    "player_stats": [
      {
        "name": "신민재",
        "year": 24,
        "team": "LG",
        "pa": 474,
        "ops": 0.758,
        "avg": 0.297,
        "obp": 0.401,
        "slg": 0.357,
        "rbi": 40,
        "sb": 32,
        "hr": 0
      },
      {
        "name": "구본혁",
        "year": 24,
        "team": "LG",
        "pa": 389,
        "ops": 0.662,
        "avg": 0.257,
        "obp": 0.335,
        "slg": 0.327,
        "rbi": 43,
        "sb": 8,
        "hr": 2
      },
      {
        "name": "오스틴",
        "year": 24,
        "team": "LG",
        "pa": 604,
        "ops": 0.957,
        "avg": 0.319,
        "obp": 0.384,
        "slg": 0.573,
        "rbi": 132,
        "sb": 12,
        "hr": 32
      },
      {
        "name": "문보경",
        "year": 24,
        "team": "LG",
        "pa": 602,
        "ops": 0.879,
        "avg": 0.301,
        "obp": 0.372,
        "slg": 0.507,
        "rbi": 101,
        "sb": 7,
        "hr": 22
      },
      {
        "name": "박동원",
        "year": 24,
        "team": "LG",
        "pa": 498,
        "ops": 0.81,
        "avg": 0.272,
        "obp": 0.349,
        "slg": 0.461,
        "rbi": 80,
        "sb": 1,
        "hr": 20
      },
      {
        "name": "홍창기",
        "year": 24,
        "team": "LG",
        "pa": 637,
        "ops": 0.857,
        "avg": 0.336,
        "obp": 0.447,
        "slg": 0.41,
        "rbi": 73,
        "sb": 10,
        "hr": 5
      },
      {
        "name": "박해민",
        "year": 24,
        "team": "LG",
        "pa": 553,
        "ops": 0.695,
        "avg": 0.263,
        "obp": 0.336,
        "slg": 0.359,
        "rbi": 56,
        "sb": 43,
        "hr": 6
      },
      {
        "name": "김현수",
        "year": 24,
        "team": "LG",
        "pa": 583,
        "ops": 0.775,
        "avg": 0.294,
        "obp": 0.357,
        "slg": 0.418,
        "rbi": 69,
        "sb": 6,
        "hr": 8
      },
      {
        "name": "오지환",
        "year": 24,
        "team": "LG",
        "pa": 428,
        "ops": 0.761,
        "avg": 0.254,
        "obp": 0.35,
        "slg": 0.411,
        "rbi": 59,
        "sb": 17,
        "hr": 10
      }
    ]
  },
  {
    "generation": 20,
    "expected_score": 6.82,
    "lineup": [
      "박동원",
      "구본혁",
      "오스틴",
      "신민재",
      "홍창기",
      "문보경",
      "오지환",
      "박해민",
      "김현수"
    ],
    "player_stats": [
      {
        "name": "박동원",
        "year": 24,
        "team": "LG",
        "pa": 498,
        "ops": 0.81,
        "avg": 0.272,
        "obp": 0.349,
        "slg": 0.461,
        "rbi": 80,
        "sb": 1,
        "hr": 20
      },
      {
        "name": "구본혁",
        "year": 24,
        "team": "LG",
        "pa": 389,
        "ops": 0.662,
        "avg": 0.257,
        "obp": 0.335,
        "slg": 0.327,
        "rbi": 43,
        "sb": 8,
        "hr": 2
      },
      {
        "name": "오스틴",
        "year": 24,
        "team": "LG",
        "pa": 604,
        "ops": 0.957,
        "avg": 0.319,
        "obp": 0.384,
        "slg": 0.573,
        "rbi": 132,
        "sb": 12,
        "hr": 32
      },
      {
        "name": "신민재",
        "year": 24,
        "team": "LG",
        "pa": 474,
        "ops": 0.758,
        "avg": 0.297,
        "obp": 0.401,
        "slg": 0.357,
        "rbi": 40,
        "sb": 32,
        "hr": 0
      },
      {
        "name": "홍창기",
        "year": 24,
        "team": "LG",
        "pa": 637,
        "ops": 0.857,
        "avg": 0.336,
        "obp": 0.447,
        "slg": 0.41,
        "rbi": 73,
        "sb": 10,
        "hr": 5
      },
      {
        "name": "문보경",
        "year": 24,
        "team": "LG",
        "pa": 602,
        "ops": 0.879,
        "avg": 0.301,
        "obp": 0.372,
        "slg": 0.507,
        "rbi": 101,
        "sb": 7,
        "hr": 22
      },
      {
        "name": "오지환",
        "year": 24,
        "team": "LG",
        "pa": 428,
        "ops": 0.761,
        "avg": 0.254,
        "obp": 0.35,
        "slg": 0.411,
        "rbi": 59,
        "sb": 17,
        "hr": 10
      },
      {
        "name": "박해민",
        "year": 24,
        "team": "LG",
        "pa": 553,
        "ops": 0.695,
        "avg": 0.263,
        "obp": 0.336,
        "slg": 0.359,
        "rbi": 56,
        "sb": 43,
        "hr": 6
      },
      {
        "name": "김현수",
        "year": 24,
        "team": "LG",
        "pa": 583,
        "ops": 0.775,
        "avg": 0.294,
        "obp": 0.357,
        "slg": 0.418,
        "rbi": 69,
        "sb": 6,
        "hr": 8
      }
    ]
  },
  {
    "generation": 21,
    "expected_score": 6.815,
    "lineup": [
      "구본혁",
      "오스틴",
      "문보경",
      "홍창기",
      "신민재",
      "박해민",
      "오지환",
      "박동원",
      "김현수"
    ],
    "player_stats": [
      {
        "name": "구본혁",
        "year": 24,
        "team": "LG",
        "pa": 389,
        "ops": 0.662,
        "avg": 0.257,
        "obp": 0.335,
        "slg": 0.327,
        "rbi": 43,
        "sb": 8,
        "hr": 2
      },
      {
        "name": "오스틴",
        "year": 24,
        "team": "LG",
        "pa": 604,
        "ops": 0.957,
        "avg": 0.319,
        "obp": 0.384,
        "slg": 0.573,
        "rbi": 132,
        "sb": 12,
        "hr": 32
      },
      {
        "name": "문보경",
        "year": 24,
        "team": "LG",
        "pa": 602,
        "ops": 0.879,
        "avg": 0.301,
        "obp": 0.372,
        "slg": 0.507,
        "rbi": 101,
        "sb": 7,
        "hr": 22
      },
      {
        "name": "홍창기",
        "year": 24,
        "team": "LG",
        "pa": 637,
        "ops": 0.857,
        "avg": 0.336,
        "obp": 0.447,
        "slg": 0.41,
        "rbi": 73,
        "sb": 10,
        "hr": 5
      },
      {
        "name": "신민재",
        "year": 24,
        "team": "LG",
        "pa": 474,
        "ops": 0.758,
        "avg": 0.297,
        "obp": 0.401,
        "slg": 0.357,
        "rbi": 40,
        "sb": 32,
        "hr": 0
      },
      {
        "name": "박해민",
        "year": 24,
        "team": "LG",
        "pa": 553,
        "ops": 0.695,
        "avg": 0.263,
        "obp": 0.336,
        "slg": 0.359,
        "rbi": 56,
        "sb": 43,
        "hr": 6
      },
      {
        "name": "오지환",
        "year": 24,
        "team": "LG",
        "pa": 428,
        "ops": 0.761,
        "avg": 0.254,
        "obp": 0.35,
        "slg": 0.411,
        "rbi": 59,
        "sb": 17,
        "hr": 10
      },
      {
        "name": "박동원",
        "year": 24,
        "team": "LG",
        "pa": 498,
        "ops": 0.81,
        "avg": 0.272,
        "obp": 0.349,
        "slg": 0.461,
        "rbi": 80,
        "sb": 1,
        "hr": 20
      },
      {
        "name": "김현수",
        "year": 24,
        "team": "LG",
        "pa": 583,
        "ops": 0.775,
        "avg": 0.294,
        "obp": 0.357,
        "slg": 0.418,
        "rbi": 69,
        "sb": 6,
        "hr": 8
      }
    ]
  },
  {
    "generation": 22,
    "expected_score": 6.685,
    "lineup": [
      "오지환",
      "구본혁",
      "신민재",
      "오스틴",
      "홍창기",
      "김현수",
      "문보경",
      "박동원",
      "박해민"
    ],
    "player_stats": [
      {
        "name": "오지환",
        "year": 24,
        "team": "LG",
        "pa": 428,
        "ops": 0.761,
        "avg": 0.254,
        "obp": 0.35,
        "slg": 0.411,
        "rbi": 59,
        "sb": 17,
        "hr": 10
      },
      {
        "name": "구본혁",
        "year": 24,
        "team": "LG",
        "pa": 389,
        "ops": 0.662,
        "avg": 0.257,
        "obp": 0.335,
        "slg": 0.327,
        "rbi": 43,
        "sb": 8,
        "hr": 2
      },
      {
        "name": "신민재",
        "year": 24,
        "team": "LG",
        "pa": 474,
        "ops": 0.758,
        "avg": 0.297,
        "obp": 0.401,
        "slg": 0.357,
        "rbi": 40,
        "sb": 32,
        "hr": 0
      },
      {
        "name": "오스틴",
        "year": 24,
        "team": "LG",
        "pa": 604,
        "ops": 0.957,
        "avg": 0.319,
        "obp": 0.384,
        "slg": 0.573,
        "rbi": 132,
        "sb": 12,
        "hr": 32
      },
      {
        "name": "홍창기",
        "year": 24,
        "team": "LG",
        "pa": 637,
        "ops": 0.857,
        "avg": 0.336,
        "obp": 0.447,
        "slg": 0.41,
        "rbi": 73,
        "sb": 10,
        "hr": 5
      },
      {
        "name": "김현수",
        "year": 24,
        "team": "LG",
        "pa": 583,
        "ops": 0.775,
        "avg": 0.294,
        "obp": 0.357,
        "slg": 0.418,
        "rbi": 69,
        "sb": 6,
        "hr": 8
      },
      {
        "name": "문보경",
        "year": 24,
        "team": "LG",
        "pa": 602,
        "ops": 0.879,
        "avg": 0.301,
        "obp": 0.372,
        "slg": 0.507,
        "rbi": 101,
        "sb": 7,
        "hr": 22
      },
      {
        "name": "박동원",
        "year": 24,
        "team": "LG",
        "pa": 498,
        "ops": 0.81,
        "avg": 0.272,
        "obp": 0.349,
        "slg": 0.461,
        "rbi": 80,
        "sb": 1,
        "hr": 20
      },
      {
        "name": "박해민",
        "year": 24,
        "team": "LG",
        "pa": 553,
        "ops": 0.695,
        "avg": 0.263,
        "obp": 0.336,
        "slg": 0.359,
        "rbi": 56,
        "sb": 43,
        "hr": 6
      }
    ]
  },
  {
    "generation": 23,
    "expected_score": 6.805,
    "lineup": [
      "구본혁",
      "오스틴",
      "문보경",
      "홍창기",
      "신민재",
      "김현수",
      "박동원",
      "박해민",
      "오지환"
    ],
    "player_stats": [
      {
        "name": "구본혁",
        "year": 24,
        "team": "LG",
        "pa": 389,
        "ops": 0.662,
        "avg": 0.257,
        "obp": 0.335,
        "slg": 0.327,
        "rbi": 43,
        "sb": 8,
        "hr": 2
      },
      {
        "name": "오스틴",
        "year": 24,
        "team": "LG",
        "pa": 604,
        "ops": 0.957,
        "avg": 0.319,
        "obp": 0.384,
        "slg": 0.573,
        "rbi": 132,
        "sb": 12,
        "hr": 32
      },
      {
        "name": "문보경",
        "year": 24,
        "team": "LG",
        "pa": 602,
        "ops": 0.879,
        "avg": 0.301,
        "obp": 0.372,
        "slg": 0.507,
        "rbi": 101,
        "sb": 7,
        "hr": 22
      },
      {
        "name": "홍창기",
        "year": 24,
        "team": "LG",
        "pa": 637,
        "ops": 0.857,
        "avg": 0.336,
        "obp": 0.447,
        "slg": 0.41,
        "rbi": 73,
        "sb": 10,
        "hr": 5
      },
      {
        "name": "신민재",
        "year": 24,
        "team": "LG",
        "pa": 474,
        "ops": 0.758,
        "avg": 0.297,
        "obp": 0.401,
        "slg": 0.357,
        "rbi": 40,
        "sb": 32,
        "hr": 0
      },
      {
        "name": "김현수",
        "year": 24,
        "team": "LG",
        "pa": 583,
        "ops": 0.775,
        "avg": 0.294,
        "obp": 0.357,
        "slg": 0.418,
        "rbi": 69,
        "sb": 6,
        "hr": 8
      },
      {
        "name": "박동원",
        "year": 24,
        "team": "LG",
        "pa": 498,
        "ops": 0.81,
        "avg": 0.272,
        "obp": 0.349,
        "slg": 0.461,
        "rbi": 80,
        "sb": 1,
        "hr": 20
      },
      {
        "name": "박해민",
        "year": 24,
        "team": "LG",
        "pa": 553,
        "ops": 0.695,
        "avg": 0.263,
        "obp": 0.336,
        "slg": 0.359,
        "rbi": 56,
        "sb": 43,
        "hr": 6
      },
      {
        "name": "오지환",
        "year": 24,
        "team": "LG",
        "pa": 428,
        "ops": 0.761,
        "avg": 0.254,
        "obp": 0.35,
        "slg": 0.411,
        "rbi": 59,
        "sb": 17,
        "hr": 10
      }
    ]
  },
  {
    "generation": 24,
    "expected_score": 6.705,
    "lineup": [
      "구본혁",
      "신민재",
      "박해민",
      "오스틴",
      "홍창기",
      "김현수",
      "문보경",
      "오지환",
      "박동원"
    ],
    "player_stats": [
      {
        "name": "구본혁",
        "year": 24,
        "team": "LG",
        "pa": 389,
        "ops": 0.662,
        "avg": 0.257,
        "obp": 0.335,
        "slg": 0.327,
        "rbi": 43,
        "sb": 8,
        "hr": 2
      },
      {
        "name": "신민재",
        "year": 24,
        "team": "LG",
        "pa": 474,
        "ops": 0.758,
        "avg": 0.297,
        "obp": 0.401,
        "slg": 0.357,
        "rbi": 40,
        "sb": 32,
        "hr": 0
      },
      {
        "name": "박해민",
        "year": 24,
        "team": "LG",
        "pa": 553,
        "ops": 0.695,
        "avg": 0.263,
        "obp": 0.336,
        "slg": 0.359,
        "rbi": 56,
        "sb": 43,
        "hr": 6
      },
      {
        "name": "오스틴",
        "year": 24,
        "team": "LG",
        "pa": 604,
        "ops": 0.957,
        "avg": 0.319,
        "obp": 0.384,
        "slg": 0.573,
        "rbi": 132,
        "sb": 12,
        "hr": 32
      },
      {
        "name": "홍창기",
        "year": 24,
        "team": "LG",
        "pa": 637,
        "ops": 0.857,
        "avg": 0.336,
        "obp": 0.447,
        "slg": 0.41,
        "rbi": 73,
        "sb": 10,
        "hr": 5
      },
      {
        "name": "김현수",
        "year": 24,
        "team": "LG",
        "pa": 583,
        "ops": 0.775,
        "avg": 0.294,
        "obp": 0.357,
        "slg": 0.418,
        "rbi": 69,
        "sb": 6,
        "hr": 8
      },
      {
        "name": "문보경",
        "year": 24,
        "team": "LG",
        "pa": 602,
        "ops": 0.879,
        "avg": 0.301,
        "obp": 0.372,
        "slg": 0.507,
        "rbi": 101,
        "sb": 7,
        "hr": 22
      },
      {
        "name": "오지환",
        "year": 24,
        "team": "LG",
        "pa": 428,
        "ops": 0.761,
        "avg": 0.254,
        "obp": 0.35,
        "slg": 0.411,
        "rbi": 59,
        "sb": 17,
        "hr": 10
      },
      {
        "name": "박동원",
        "year": 24,
        "team": "LG",
        "pa": 498,
        "ops": 0.81,
        "avg": 0.272,
        "obp": 0.349,
        "slg": 0.461,
        "rbi": 80,
        "sb": 1,
        "hr": 20
      }
    ]
  },
  {
    "generation": 25,
    "expected_score": 6.665,
    "lineup": [
      "박동원",
      "신민재",
      "박해민",
      "오스틴",
      "홍창기",
      "구본혁",
      "김현수",
      "문보경",
      "오지환"
    ],
    "player_stats": [
      {
        "name": "박동원",
        "year": 24,
        "team": "LG",
        "pa": 498,
        "ops": 0.81,
        "avg": 0.272,
        "obp": 0.349,
        "slg": 0.461,
        "rbi": 80,
        "sb": 1,
        "hr": 20
      },
      {
        "name": "신민재",
        "year": 24,
        "team": "LG",
        "pa": 474,
        "ops": 0.758,
        "avg": 0.297,
        "obp": 0.401,
        "slg": 0.357,
        "rbi": 40,
        "sb": 32,
        "hr": 0
      },
      {
        "name": "박해민",
        "year": 24,
        "team": "LG",
        "pa": 553,
        "ops": 0.695,
        "avg": 0.263,
        "obp": 0.336,
        "slg": 0.359,
        "rbi": 56,
        "sb": 43,
        "hr": 6
      },
      {
        "name": "오스틴",
        "year": 24,
        "team": "LG",
        "pa": 604,
        "ops": 0.957,
        "avg": 0.319,
        "obp": 0.384,
        "slg": 0.573,
        "rbi": 132,
        "sb": 12,
        "hr": 32
      },
      {
        "name": "홍창기",
        "year": 24,
        "team": "LG",
        "pa": 637,
        "ops": 0.857,
        "avg": 0.336,
        "obp": 0.447,
        "slg": 0.41,
        "rbi": 73,
        "sb": 10,
        "hr": 5
      },
      {
        "name": "구본혁",
        "year": 24,
        "team": "LG",
        "pa": 389,
        "ops": 0.662,
        "avg": 0.257,
        "obp": 0.335,
        "slg": 0.327,
        "rbi": 43,
        "sb": 8,
        "hr": 2
      },
      {
        "name": "김현수",
        "year": 24,
        "team": "LG",
        "pa": 583,
        "ops": 0.775,
        "avg": 0.294,
        "obp": 0.357,
        "slg": 0.418,
        "rbi": 69,
        "sb": 6,
        "hr": 8
      },
      {
        "name": "문보경",
        "year": 24,
        "team": "LG",
        "pa": 602,
        "ops": 0.879,
        "avg": 0.301,
        "obp": 0.372,
        "slg": 0.507,
        "rbi": 101,
        "sb": 7,
        "hr": 22
      },
      {
        "name": "오지환",
        "year": 24,
        "team": "LG",
        "pa": 428,
        "ops": 0.761,
        "avg": 0.254,
        "obp": 0.35,
        "slg": 0.411,
        "rbi": 59,
        "sb": 17,
        "hr": 10
      }
    ]
  },
  {
    "generation": 26,
    "expected_score": 6.685,
    "lineup": [
      "문보경",
      "오스틴",
      "신민재",
      "오지환",
      "홍창기",
      "김현수",
      "구본혁",
      "박해민",
      "박동원"
    ],
    "player_stats": [
      {
        "name": "문보경",
        "year": 24,
        "team": "LG",
        "pa": 602,
        "ops": 0.879,
        "avg": 0.301,
        "obp": 0.372,
        "slg": 0.507,
        "rbi": 101,
        "sb": 7,
        "hr": 22
      },
      {
        "name": "오스틴",
        "year": 24,
        "team": "LG",
        "pa": 604,
        "ops": 0.957,
        "avg": 0.319,
        "obp": 0.384,
        "slg": 0.573,
        "rbi": 132,
        "sb": 12,
        "hr": 32
      },
      {
        "name": "신민재",
        "year": 24,
        "team": "LG",
        "pa": 474,
        "ops": 0.758,
        "avg": 0.297,
        "obp": 0.401,
        "slg": 0.357,
        "rbi": 40,
        "sb": 32,
        "hr": 0
      },
      {
        "name": "오지환",
        "year": 24,
        "team": "LG",
        "pa": 428,
        "ops": 0.761,
        "avg": 0.254,
        "obp": 0.35,
        "slg": 0.411,
        "rbi": 59,
        "sb": 17,
        "hr": 10
      },
      {
        "name": "홍창기",
        "year": 24,
        "team": "LG",
        "pa": 637,
        "ops": 0.857,
        "avg": 0.336,
        "obp": 0.447,
        "slg": 0.41,
        "rbi": 73,
        "sb": 10,
        "hr": 5
      },
      {
        "name": "김현수",
        "year": 24,
        "team": "LG",
        "pa": 583,
        "ops": 0.775,
        "avg": 0.294,
        "obp": 0.357,
        "slg": 0.418,
        "rbi": 69,
        "sb": 6,
        "hr": 8
      },
      {
        "name": "구본혁",
        "year": 24,
        "team": "LG",
        "pa": 389,
        "ops": 0.662,
        "avg": 0.257,
        "obp": 0.335,
        "slg": 0.327,
        "rbi": 43,
        "sb": 8,
        "hr": 2
      },
      {
        "name": "박해민",
        "year": 24,
        "team": "LG",
        "pa": 553,
        "ops": 0.695,
        "avg": 0.263,
        "obp": 0.336,
        "slg": 0.359,
        "rbi": 56,
        "sb": 43,
        "hr": 6
      },
      {
        "name": "박동원",
        "year": 24,
        "team": "LG",
        "pa": 498,
        "ops": 0.81,
        "avg": 0.272,
        "obp": 0.349,
        "slg": 0.461,
        "rbi": 80,
        "sb": 1,
        "hr": 20
      }
    ]
  },
  {
    "generation": 27,
    "expected_score": 6.915,
    "lineup": [
      "신민재",
      "홍창기",
      "박동원",
      "구본혁",
      "오스틴",
      "김현수",
      "문보경",
      "오지환",
      "박해민"
    ],
    "player_stats": [
      {
        "name": "신민재",
        "year": 24,
        "team": "LG",
        "pa": 474,
        "ops": 0.758,
        "avg": 0.297,
        "obp": 0.401,
        "slg": 0.357,
        "rbi": 40,
        "sb": 32,
        "hr": 0
      },
      {
        "name": "홍창기",
        "year": 24,
        "team": "LG",
        "pa": 637,
        "ops": 0.857,
        "avg": 0.336,
        "obp": 0.447,
        "slg": 0.41,
        "rbi": 73,
        "sb": 10,
        "hr": 5
      },
      {
        "name": "박동원",
        "year": 24,
        "team": "LG",
        "pa": 498,
        "ops": 0.81,
        "avg": 0.272,
        "obp": 0.349,
        "slg": 0.461,
        "rbi": 80,
        "sb": 1,
        "hr": 20
      },
      {
        "name": "구본혁",
        "year": 24,
        "team": "LG",
        "pa": 389,
        "ops": 0.662,
        "avg": 0.257,
        "obp": 0.335,
        "slg": 0.327,
        "rbi": 43,
        "sb": 8,
        "hr": 2
      },
      {
        "name": "오스틴",
        "year": 24,
        "team": "LG",
        "pa": 604,
        "ops": 0.957,
        "avg": 0.319,
        "obp": 0.384,
        "slg": 0.573,
        "rbi": 132,
        "sb": 12,
        "hr": 32
      },
      {
        "name": "김현수",
        "year": 24,
        "team": "LG",
        "pa": 583,
        "ops": 0.775,
        "avg": 0.294,
        "obp": 0.357,
        "slg": 0.418,
        "rbi": 69,
        "sb": 6,
        "hr": 8
      },
      {
        "name": "문보경",
        "year": 24,
        "team": "LG",
        "pa": 602,
        "ops": 0.879,
        "avg": 0.301,
        "obp": 0.372,
        "slg": 0.507,
        "rbi": 101,
        "sb": 7,
        "hr": 22
      },
      {
        "name": "오지환",
        "year": 24,
        "team": "LG",
        "pa": 428,
        "ops": 0.761,
        "avg": 0.254,
        "obp": 0.35,
        "slg": 0.411,
        "rbi": 59,
        "sb": 17,
        "hr": 10
      },
      {
        "name": "박해민",
        "year": 24,
        "team": "LG",
        "pa": 553,
        "ops": 0.695,
        "avg": 0.263,
        "obp": 0.336,
        "slg": 0.359,
        "rbi": 56,
        "sb": 43,
        "hr": 6
      }
    ]
  },
  {
    "generation": 28,
    "expected_score": 6.99,
    "lineup": [
      "문보경",
      "오지환",
      "구본혁",
      "오스틴",
      "신민재",
      "김현수",
      "박동원",
      "홍창기",
      "박해민"
    ],
    "player_stats": [
      {
        "name": "문보경",
        "year": 24,
        "team": "LG",
        "pa": 602,
        "ops": 0.879,
        "avg": 0.301,
        "obp": 0.372,
        "slg": 0.507,
        "rbi": 101,
        "sb": 7,
        "hr": 22
      },
      {
        "name": "오지환",
        "year": 24,
        "team": "LG",
        "pa": 428,
        "ops": 0.761,
        "avg": 0.254,
        "obp": 0.35,
        "slg": 0.411,
        "rbi": 59,
        "sb": 17,
        "hr": 10
      },
      {
        "name": "구본혁",
        "year": 24,
        "team": "LG",
        "pa": 389,
        "ops": 0.662,
        "avg": 0.257,
        "obp": 0.335,
        "slg": 0.327,
        "rbi": 43,
        "sb": 8,
        "hr": 2
      },
      {
        "name": "오스틴",
        "year": 24,
        "team": "LG",
        "pa": 604,
        "ops": 0.957,
        "avg": 0.319,
        "obp": 0.384,
        "slg": 0.573,
        "rbi": 132,
        "sb": 12,
        "hr": 32
      },
      {
        "name": "신민재",
        "year": 24,
        "team": "LG",
        "pa": 474,
        "ops": 0.758,
        "avg": 0.297,
        "obp": 0.401,
        "slg": 0.357,
        "rbi": 40,
        "sb": 32,
        "hr": 0
      },
      {
        "name": "김현수",
        "year": 24,
        "team": "LG",
        "pa": 583,
        "ops": 0.775,
        "avg": 0.294,
        "obp": 0.357,
        "slg": 0.418,
        "rbi": 69,
        "sb": 6,
        "hr": 8
      },
      {
        "name": "박동원",
        "year": 24,
        "team": "LG",
        "pa": 498,
        "ops": 0.81,
        "avg": 0.272,
        "obp": 0.349,
        "slg": 0.461,
        "rbi": 80,
        "sb": 1,
        "hr": 20
      },
      {
        "name": "홍창기",
        "year": 24,
        "team": "LG",
        "pa": 637,
        "ops": 0.857,
        "avg": 0.336,
        "obp": 0.447,
        "slg": 0.41,
        "rbi": 73,
        "sb": 10,
        "hr": 5
      },
      {
        "name": "박해민",
        "year": 24,
        "team": "LG",
        "pa": 553,
        "ops": 0.695,
        "avg": 0.263,
        "obp": 0.336,
        "slg": 0.359,
        "rbi": 56,
        "sb": 43,
        "hr": 6
      }
    ]
  },
  {
    "generation": 29,
    "expected_score": 6.785,
    "lineup": [
      "오스틴",
      "문보경",
      "홍창기",
      "구본혁",
      "신민재",
      "김현수",
      "오지환",
      "박동원",
      "박해민"
    ],
    "player_stats": [
      {
        "name": "오스틴",
        "year": 24,
        "team": "LG",
        "pa": 604,
        "ops": 0.957,
        "avg": 0.319,
        "obp": 0.384,
        "slg": 0.573,
        "rbi": 132,
        "sb": 12,
        "hr": 32
      },
      {
        "name": "문보경",
        "year": 24,
        "team": "LG",
        "pa": 602,
        "ops": 0.879,
        "avg": 0.301,
        "obp": 0.372,
        "slg": 0.507,
        "rbi": 101,
        "sb": 7,
        "hr": 22
      },
      {
        "name": "홍창기",
        "year": 24,
        "team": "LG",
        "pa": 637,
        "ops": 0.857,
        "avg": 0.336,
        "obp": 0.447,
        "slg": 0.41,
        "rbi": 73,
        "sb": 10,
        "hr": 5
      },
      {
        "name": "구본혁",
        "year": 24,
        "team": "LG",
        "pa": 389,
        "ops": 0.662,
        "avg": 0.257,
        "obp": 0.335,
        "slg": 0.327,
        "rbi": 43,
        "sb": 8,
        "hr": 2
      },
      {
        "name": "신민재",
        "year": 24,
        "team": "LG",
        "pa": 474,
        "ops": 0.758,
        "avg": 0.297,
        "obp": 0.401,
        "slg": 0.357,
        "rbi": 40,
        "sb": 32,
        "hr": 0
      },
      {
        "name": "김현수",
        "year": 24,
        "team": "LG",
        "pa": 583,
        "ops": 0.775,
        "avg": 0.294,
        "obp": 0.357,
        "slg": 0.418,
        "rbi": 69,
        "sb": 6,
        "hr": 8
      },
      {
        "name": "오지환",
        "year": 24,
        "team": "LG",
        "pa": 428,
        "ops": 0.761,
        "avg": 0.254,
        "obp": 0.35,
        "slg": 0.411,
        "rbi": 59,
        "sb": 17,
        "hr": 10
      },
      {
        "name": "박동원",
        "year": 24,
        "team": "LG",
        "pa": 498,
        "ops": 0.81,
        "avg": 0.272,
        "obp": 0.349,
        "slg": 0.461,
        "rbi": 80,
        "sb": 1,
        "hr": 20
      },
      {
        "name": "박해민",
        "year": 24,
        "team": "LG",
        "pa": 553,
        "ops": 0.695,
        "avg": 0.263,
        "obp": 0.336,
        "slg": 0.359,
        "rbi": 56,
        "sb": 43,
        "hr": 6
      }
    ]
  },
  {
    "generation": 30,
    "expected_score": 6.65,
    "lineup": [
      "홍창기",
      "신민재",
      "오지환",
      "구본혁",
      "오스틴",
      "문보경",
      "김현수",
      "박동원",
      "박해민"
    ],
    "player_stats": [
      {
        "name": "홍창기",
        "year": 24,
        "team": "LG",
        "pa": 637,
        "ops": 0.857,
        "avg": 0.336,
        "obp": 0.447,
        "slg": 0.41,
        "rbi": 73,
        "sb": 10,
        "hr": 5
      },
      {
        "name": "신민재",
        "year": 24,
        "team": "LG",
        "pa": 474,
        "ops": 0.758,
        "avg": 0.297,
        "obp": 0.401,
        "slg": 0.357,
        "rbi": 40,
        "sb": 32,
        "hr": 0
      },
      {
        "name": "오지환",
        "year": 24,
        "team": "LG",
        "pa": 428,
        "ops": 0.761,
        "avg": 0.254,
        "obp": 0.35,
        "slg": 0.411,
        "rbi": 59,
        "sb": 17,
        "hr": 10
      },
      {
        "name": "구본혁",
        "year": 24,
        "team": "LG",
        "pa": 389,
        "ops": 0.662,
        "avg": 0.257,
        "obp": 0.335,
        "slg": 0.327,
        "rbi": 43,
        "sb": 8,
        "hr": 2
      },
      {
        "name": "오스틴",
        "year": 24,
        "team": "LG",
        "pa": 604,
        "ops": 0.957,
        "avg": 0.319,
        "obp": 0.384,
        "slg": 0.573,
        "rbi": 132,
        "sb": 12,
        "hr": 32
      },
      {
        "name": "문보경",
        "year": 24,
        "team": "LG",
        "pa": 602,
        "ops": 0.879,
        "avg": 0.301,
        "obp": 0.372,
        "slg": 0.507,
        "rbi": 101,
        "sb": 7,
        "hr": 22
      },
      {
        "name": "김현수",
        "year": 24,
        "team": "LG",
        "pa": 583,
        "ops": 0.775,
        "avg": 0.294,
        "obp": 0.357,
        "slg": 0.418,
        "rbi": 69,
        "sb": 6,
        "hr": 8
      },
      {
        "name": "박동원",
        "year": 24,
        "team": "LG",
        "pa": 498,
        "ops": 0.81,
        "avg": 0.272,
        "obp": 0.349,
        "slg": 0.461,
        "rbi": 80,
        "sb": 1,
        "hr": 20
      },
      {
        "name": "박해민",
        "year": 24,
        "team": "LG",
        "pa": 553,
        "ops": 0.695,
        "avg": 0.263,
        "obp": 0.336,
        "slg": 0.359,
        "rbi": 56,
        "sb": 43,
        "hr": 6
      }
    ]
  }
]