[
  {
    "generation": 1,
    "expected_score": 6.63,
    "lineup": [
      "데이비슨",
      "김주원",
      "서호철",
      "박민우",
      "김휘집",
      "손아섭",
      "박건우",
      "김형준",
      "권희동"
    ],
    "player_stats": [
      {
        "name": "데이비슨",
        "year": 24,
        "team": "NC",
        "pa": 567,
        "ops": 1.003,
        "avg": 0.306,
        "obp": 0.37,
        "slg": 0.633,
        "rbi": 119,
        "sb": 0,
        "hr": 46
      },
      {
        "name": "김주원",
        "year": 24,
        "team": "NC",
        "pa": 475,
        "ops": 0.75,
        "avg": 0.252,
        "obp": 0.371,
        "slg": 0.379,
        "rbi": 49,
        "sb": 16,
        "hr": 9
      },
      {
        "name": "서호철",
        "year": 24,
        "team": "NC",
        "pa": 567,
        "ops": 0.735,
        "avg": 0.285,
        "obp": 0.342,
        "slg": 0.393,
        "rbi": 61,
        "sb": 1,
        "hr": 10
      },
      {
        "name": "박민우",
        "year": 24,
        "team": "NC",
        "pa": 528,
        "ops": 0.852,
        "avg": 0.328,
        "obp": 0.406,
        "slg": 0.446,
        "rbi": 50,
        "sb": 32,
        "hr": 8
      },
      {
        "name": "김휘집",
        "year": 24,
        "team": "NC",
        "pa": 366,
        "ops": 0.784,
        "avg": 0.274,
        "obp": 0.357,
        "slg": 0.427,
        "rbi": 48,
        "sb": 4,
        "hr": 11
      },
      {
        "name": "손아섭",
        "year": 24,
        "team": "NC",
        "pa": 355,
        "ops": 0.71,
        "avg": 0.285,
        "obp": 0.314,
        "slg": 0.396,
        "rbi": 50,
        "sb": 6,
        "hr": 7
      },
      {
        "name": "박건우",
        "year": 24,
        "team": "NC",
        "pa": 362,
        "ops": 0.951,
        "avg": 0.344,
        "obp": 0.409,
        "slg": 0.542,
        "rbi": 53,
        "sb": 4,
        "hr": 13
      },
      {
        "name": "김형준",
        "year": 24,
        "team": "NC",
        "pa": 414,
        "ops": 0.658,
        "avg": 0.195,
        "obp": 0.285,
        "slg": 0.373,
        "rbi": 50,
        "sb": 0,
        "hr": 17
      },
      {
        "name": "권희동",
        "year": 24,
        "team": "NC",
        "pa": 511,
        "ops": 0.869,
        "avg": 0.3,
        "obp": 0.417,
        "slg": 0.452,
        "rbi": 77,
        "sb": 4,
        "hr": 13
      }
    ]
  },
  {
    "generation": 2,
    "expected_score": 6.465,
    "lineup": [
      "박민우",
      "권희동",
      "김형준",
      "박건우",
      "서호철",
      "데이비슨",
      "김주원",
      "김휘집",
      "손아섭"
    ],
    "player_stats": [
      {
        "name": "박민우",
        "year": 24,
        "team": "NC",
        "pa": 528,
        "ops": 0.852,
        "avg": 0.328,
        "obp": 0.406,
        "slg": 0.446,
        "rbi": 50,
        "sb": 32,
        "hr": 8
      },
      {
        "name": "권희동",
        "year": 24,
        "team": "NC",
        "pa": 511,
        "ops": 0.869,
        "avg": 0.3,
        "obp": 0.417,
        "slg": 0.452,
        "rbi": 77,
        "sb": 4,
        "hr": 13
      },
      {
        "name": "김형준",
        "year": 24,
        "team": "NC",
        "pa": 414,
        "ops": 0.658,
        "avg": 0.195,
        "obp": 0.285,
        "slg": 0.373,
        "rbi": 50,
        "sb": 0,
        "hr": 17
      },
      {
        "name": "박건우",
        "year": 24,
        "team": "NC",
        "pa": 362,
        "ops": 0.951,
        "avg": 0.344,
        "obp": 0.409,
        "slg": 0.542,
        "rbi": 53,
        "sb": 4,
        "hr": 13
      },
      {
        "name": "서호철",
        "year": 24,
        "team": "NC",
        "pa": 567,
        "ops": 0.735,
        "avg": 0.285,
        "obp": 0.342,
        "slg": 0.393,
        "rbi": 61,
        "sb": 1,
        "hr": 10
      },
      {
        "name": "데이비슨",
        "year": 24,
        "team": "NC",
        "pa": 567,
        "ops": 1.003,
        "avg": 0.306,
        "obp": 0.37,
        "slg": 0.633,
        "rbi": 119,
        "sb": 0,
        "hr": 46
      },
      {
        "name": "김주원",
        "year": 24,
        "team": "NC",
        "pa": 475,
        "ops": 0.75,
        "avg": 0.252,
        "obp": 0.371,
        "slg": 0.379,
        "rbi": 49,
        "sb": 16,
        "hr": 9
      },
      {
        "name": "김휘집",
        "year": 24,
        "team": "NC",
        "pa": 366,
        "ops": 0.784,
        "avg": 0.274,
        "obp": 0.357,
        "slg": 0.427,
        "rbi": 48,
        "sb": 4,
        "hr": 11
      },
      {
        "name": "손아섭",
        "year": 24,
        "team": "NC",
        "pa": 355,
        "ops": 0.71,
        "avg": 0.285,
        "obp": 0.314,
        "slg": 0.396,
        "rbi": 50,
        "sb": 6,
        "hr": 7
      }
    ]
  },
  {
    "generation": 3,
    "expected_score": 6.325,
    "lineup": [
      "김형준",
      "권희동",
      "박건우",
      "데이비슨",
      "박민우",
      "김휘집",
      "서호철",
      "손아섭",
      "김주원"
    ],
    "player_stats": [
      {
        "name": "김형준",
        "year": 24,
        "team": "NC",
        "pa": 414,
        "ops": 0.658,
        "avg": 0.195,
        "obp": 0.285,
        "slg": 0.373,
        "rbi": 50,
        "sb": 0,
        "hr": 17
      },
      {
        "name": "권희동",
        "year": 24,
        "team": "NC",
        "pa": 511,
        "ops": 0.869,
        "avg": 0.3,
        "obp": 0.417,
        "slg": 0.452,
        "rbi": 77,
        "sb": 4,
        "hr": 13
      },
      {
        "name": "박건우",
        "year": 24,
        "team": "NC",
        "pa": 362,
        "ops": 0.951,
        "avg": 0.344,
        "obp": 0.409,
        "slg": 0.542,
        "rbi": 53,
        "sb": 4,
        "hr": 13
      },
      {
        "name": "데이비슨",
        "year": 24,
        "team": "NC",
        "pa": 567,
        "ops": 1.003,
        "avg": 0.306,
        "obp": 0.37,
        "slg": 0.633,
        "rbi": 119,
        "sb": 0,
        "hr": 46
      },
      {
        "name": "박민우",
        "year": 24,
        "team": "NC",
        "pa": 528,
        "ops": 0.852,
        "avg": 0.328,
        "obp": 0.406,
        "slg": 0.446,
        "rbi": 50,
        "sb": 32,
        "hr": 8
      },
      {
        "name": "김휘집",
        "year": 24,
        "team": "NC",
        "pa": 366,
        "ops": 0.784,
        "avg": 0.274,
        "obp": 0.357,
        "slg": 0.427,
        "rbi": 48,
        "sb": 4,
        "hr": 11
      },
      {
        "name": "서호철",
        "year": 24,
        "team": "NC",
        "pa": 567,
        "ops": 0.735,
        "avg": 0.285,
        "obp": 0.342,
        "slg": 0.393,
        "rbi": 61,
        "sb": 1,
        "hr": 10
      },
      {
        "name": "손아섭",
        "year": 24,
        "team": "NC",
        "pa": 355,
        "ops": 0.71,
        "avg": 0.285,
        "obp": 0.314,
        "slg": 0.396,
        "rbi": 50,
        "sb": 6,
        "hr": 7
      },
      {
        "name": "김주원",
        "year": 24,
        "team": "NC",
        "pa": 475,
        "ops": 0.75,
        "avg": 0.252,
        "obp": 0.371,
        "slg": 0.379,
        "rbi": 49,
        "sb": 16,
        "hr": 9
      }
    ]
  },
  {
    "generation": 4,
    "expected_score": 6.525,
    "lineup": [
      "김주원",
      "권희동",
      "박건우",
      "데이비슨",
      "박민우",
      "김휘집",
      "서호철",
      "손아섭",
      "김형준"
    ],
    "player_stats": [
      {
        "name": "김주원",
        "year": 24,
        "team": "NC",
        "pa": 475,
        "ops": 0.75,
        "avg": 0.252,
        "obp": 0.371,
        "slg": 0.379,
        "rbi": 49,
        "sb": 16,
        "hr": 9
      },
      {
        "name": "권희동",
        "year": 24,
        "team": "NC",
        "pa": 511,
        "ops": 0.869,
        "avg": 0.3,
        "obp": 0.417,
        "slg": 0.452,
        "rbi": 77,
        "sb": 4,
        "hr": 13
      },
      {
        "name": "박건우",
        "year": 24,
        "team": "NC",
        "pa": 362,
        "ops": 0.951,
        "avg": 0.344,
        "obp": 0.409,
        "slg": 0.542,
        "rbi": 53,
        "sb": 4,
        "hr": 13
      },
      {
        "name": "데이비슨",
        "year": 24,
        "team": "NC",
        "pa": 567,
        "ops": 1.003,
        "avg": 0.306,
        "obp": 0.37,
        "slg": 0.633,
        "rbi": 119,
        "sb": 0,
        "hr": 46
      },
      {
        "name": "박민우",
        "year": 24,
        "team": "NC",
        "pa": 528,
        "ops": 0.852,
        "avg": 0.328,
        "obp": 0.406,
        "slg": 0.446,
        "rbi": 50,
        "sb": 32,
        "hr": 8
      },
      {
        "name": "김휘집",
        "year": 24,
        "team": "NC",
        "pa": 366,
        "ops": 0.784,
        "avg": 0.274,
        "obp": 0.357,
        "slg": 0.427,
        "rbi": 48,
        "sb": 4,
        "hr": 11
      },
      {
        "name": "서호철",
        "year": 24,
        "team": "NC",
        "pa": 567,
        "ops": 0.735,
        "avg": 0.285,
        "obp": 0.342,
        "slg": 0.393,
        "rbi": 61,
        "sb": 1,
        "hr": 10
      },
      {
        "name": "손아섭",
        "year": 24,
        "team": "NC",
        "pa": 355,
        "ops": 0.71,
        "avg": 0.285,
        "obp": 0.314,
        "slg": 0.396,
        "rbi": 50,
        "sb": 6,
        "hr": 7
      },
      {
        "name": "김형준",
        "year": 24,
        "team": "NC",
        "pa": 414,
        "ops": 0.658,
        "avg": 0.195,
        "obp": 0.285,
        "slg": 0.373,
        "rbi": 50,
        "sb": 0,
        "hr": 17
      }
    ]
  },
  {
    "generation": 5,
    "expected_score": 6.515,
    "lineup": [
      "박민우",
      "손아섭",
      "박건우",
      "김형준",
      "서호철",
      "데이비슨",
      "김주원",
      "김휘집",
      "권희동"
    ],
    "player_stats": [
      {
        "name": "박민우",
        "year": 24,
        "team": "NC",
        "pa": 528,
        "ops": 0.852,
        "avg": 0.328,
        "obp": 0.406,
        "slg": 0.446,
        "rbi": 50,
        "sb": 32,
        "hr": 8
      },
      {
        "name": "손아섭",
        "year": 24,
        "team": "NC",
        "pa": 355,
        "ops": 0.71,
        "avg": 0.285,
        "obp": 0.314,
        "slg": 0.396,
        "rbi": 50,
        "sb": 6,
        "hr": 7
      },
      {
        "name": "박건우",
        "year": 24,
        "team": "NC",
        "pa": 362,
        "ops": 0.951,
        "avg": 0.344,
        "obp": 0.409,
        "slg": 0.542,
        "rbi": 53,
        "sb": 4,
        "hr": 13
      },
      {
        "name": "김형준",
        "year": 24,
        "team": "NC",
        "pa": 414,
        "ops": 0.658,
        "avg": 0.195,
        "obp": 0.285,
        "slg": 0.373,
        "rbi": 50,
        "sb": 0,
        "hr": 17
      },
      {
        "name": "서호철",
        "year": 24,
        "team": "NC",
        "pa": 567,
        "ops": 0.735,
        "avg": 0.285,
        "obp": 0.342,
        "slg": 0.393,
        "rbi": 61,
        "sb": 1,
        "hr": 10
      },
      {
        "name": "데이비슨",
        "year": 24,
        "team": "NC",
        "pa": 567,
        "ops": 1.003,
        "avg": 0.306,
        "obp": 0.37,
        "slg": 0.633,
        "rbi": 119,
        "sb": 0,
        "hr": 46
      },
      {
        "name": "김주원",
        "year": 24,
        "team": "NC",
        "pa": 475,
        "ops": 0.75,
        "avg": 0.252,
        "obp": 0.371,
        "slg": 0.379,
        "rbi": 49,
        "sb": 16,
        "hr": 9
      },
      {
        "name": "김휘집",
        "year": 24,
        "team": "NC",
        "pa": 366,
        "ops": 0.784,
        "avg": 0.274,
        "obp": 0.357,
        "slg": 0.427,
        "rbi": 48,
        "sb": 4,
        "hr": 11
      },
      {
        "name": "권희동",
        "year": 24,
        "team": "NC",
        "pa": 511,
        "ops": 0.869,
        "avg": 0.3,
        "obp": 0.417,
        "slg": 0.452,
        "rbi": 77,
        "sb": 4,
        "hr": 13
      }
    ]
  },
  {
    "generation": 6,
    "expected_score": 6.245,
    "lineup": [
      "김주원",
      "권희동",
      "박건우",
      "데이비슨",
      "박민우",
      "김휘집",
      "서호철",
      "손아섭",
      "김형준"
    ],
    "player_stats": [
      {
        "name": "김주원",
        "year": 24,
        "team": "NC",
        "pa": 475,
        "ops": 0.75,
        "avg": 0.252,
        "obp": 0.371,
        "slg": 0.379,
        "rbi": 49,
        "sb": 16,
        "hr": 9
      },
      {
        "name": "권희동",
        "year": 24,
        "team": "NC",
        "pa": 511,
        "ops": 0.869,
        "avg": 0.3,
        "obp": 0.417,
        "slg": 0.452,
        "rbi": 77,
        "sb": 4,
        "hr": 13
      },
      {
        "name": "박건우",
        "year": 24,
        "team": "NC",
        "pa": 362,
        "ops": 0.951,
        "avg": 0.344,
        "obp": 0.409,
        "slg": 0.542,
        "rbi": 53,
        "sb": 4,
        "hr": 13
      },
      {
        "name": "데이비슨",
        "year": 24,
        "team": "NC",
        "pa": 567,
        "ops": 1.003,
        "avg": 0.306,
        "obp": 0.37,
        "slg": 0.633,
        "rbi": 119,
        "sb": 0,
        "hr": 46
      },
      {
        "name": "박민우",
        "year": 24,
        "team": "NC",
        "pa": 528,
        "ops": 0.852,
        "avg": 0.328,
        "obp": 0.406,
        "slg": 0.446,
        "rbi": 50,
        "sb": 32,
        "hr": 8
      },
      {
        "name": "김휘집",
        "year": 24,
        "team": "NC",
        "pa": 366,
        "ops": 0.784,
        "avg": 0.274,
        "obp": 0.357,
        "slg": 0.427,
        "rbi": 48,
        "sb": 4,
        "hr": 11
      },
      {
        "name": "서호철",
        "year": 24,
        "team": "NC",
        "pa": 567,
        "ops": 0.735,
        "avg": 0.285,
        "obp": 0.342,
        "slg": 0.393,
        "rbi": 61,
        "sb": 1,
        "hr": 10
      },
      {
        "name": "손아섭",
        "year": 24,
        "team": "NC",
        "pa": 355,
        "ops": 0.71,
        "avg": 0.285,
        "obp": 0.314,
        "slg": 0.396,
        "rbi": 50,
        "sb": 6,
        "hr": 7
      },
      {
        "name": "김형준",
        "year": 24,
        "team": "NC",
        "pa": 414,
        "ops": 0.658,
        "avg": 0.195,
        "obp": 0.285,
        "slg": 0.373,
        "rbi": 50,
        "sb": 0,
        "hr": 17
      }
    ]
  },
  {
    "generation": 7,
    "expected_score": 6.425,
    "lineup": [
      "김형준",
      "권희동",
      "박건우",
      "데이비슨",
      "박민우",
      "김휘집",
      "서호철",
      "손아섭",
      "김주원"
    ],
    "player_stats": [
      {
        "name": "김형준",
        "year": 24,
        "team": "NC",
        "pa": 414,
        "ops": 0.658,
        "avg": 0.195,
        "obp": 0.285,
        "slg": 0.373,
        "rbi": 50,
        "sb": 0,
        "hr": 17
      },
      {
        "name": "권희동",
        "year": 24,
        "team": "NC",
        "pa": 511,
        "ops": 0.869,
        "avg": 0.3,
        "obp": 0.417,
        "slg": 0.452,
        "rbi": 77,
        "sb": 4,
        "hr": 13
      },
      {
        "name": "박건우",
        "year": 24,
        "team": "NC",
        "pa": 362,
        "ops": 0.951,
        "avg": 0.344,
        "obp": 0.409,
        "slg": 0.542,
        "rbi": 53,
        "sb": 4,
        "hr": 13
      },
      {
        "name": "데이비슨",
        "year": 24,
        "team": "NC",
        "pa": 567,
        "ops": 1.003,
        "avg": 0.306,
        "obp": 0.37,
        "slg": 0.633,
        "rbi": 119,
        "sb": 0,
        "hr": 46
      },
      {
        "name": "박민우",
        "year": 24,
        "team": "NC",
        "pa": 528,
        "ops": 0.852,
        "avg": 0.328,
        "obp": 0.406,
        "slg": 0.446,
        "rbi": 50,
        "sb": 32,
        "hr": 8
      },
      {
        "name": "김휘집",
        "year": 24,
        "team": "NC",
        "pa": 366,
        "ops": 0.784,
        "avg": 0.274,
        "obp": 0.357,
        "slg": 0.427,
        "rbi": 48,
        "sb": 4,
        "hr": 11
      },
      {
        "name": "서호철",
        "year": 24,
        "team": "NC",
        "pa": 567,
        "ops": 0.735,
        "avg": 0.285,
        "obp": 0.342,
        "slg": 0.393,
        "rbi": 61,
        "sb": 1,
        "hr": 10
      },
      {
        "name": "손아섭",
        "year": 24,
        "team": "NC",
        "pa": 355,
        "ops": 0.71,
        "avg": 0.285,
        "obp": 0.314,
        "slg": 0.396,
        "rbi": 50,
        "sb": 6,
        "hr": 7
      },
      {
        "name": "김주원",
        "year": 24,
        "team": "NC",
        "pa": 475,
        "ops": 0.75,
        "avg": 0.252,
        "obp": 0.371,
        "slg": 0.379,
        "rbi": 49,
        "sb": 16,
        "hr": 9
      }
    ]
  },
  {
    "generation": 8,
    "expected_score": 6.59,
    "lineup": [
      "권희동",
      "박건우",
      "김주원",
      "데이비슨",
      "김형준",
      "손아섭",
      "박민우",
      "김휘집",
      "서호철"
    ],
    "player_stats": [
      {
        "name": "권희동",
        "year": 24,
        "team": "NC",
        "pa": 511,
        "ops": 0.869,
        "avg": 0.3,
        "obp": 0.417,
        "slg": 0.452,
        "rbi": 77,
        "sb": 4,
        "hr": 13
      },
      {
        "name": "박건우",
        "year": 24,
        "team": "NC",
        "pa": 362,
        "ops": 0.951,
        "avg": 0.344,
        "obp": 0.409,
        "slg": 0.542,
        "rbi": 53,
        "sb": 4,
        "hr": 13
      },
      {
        "name": "김주원",
        "year": 24,
        "team": "NC",
        "pa": 475,
        "ops": 0.75,
        "avg": 0.252,
        "obp": 0.371,
        "slg": 0.379,
        "rbi": 49,
        "sb": 16,
        "hr": 9
      },
      {
        "name": "데이비슨",
        "year": 24,
        "team": "NC",
        "pa": 567,
        "ops": 1.003,
        "avg": 0.306,
        "obp": 0.37,
        "slg": 0.633,
        "rbi": 119,
        "sb": 0,
        "hr": 46
      },
      {
        "name": "김형준",
        "year": 24,
        "team": "NC",
        "pa": 414,
        "ops": 0.658,
        "avg": 0.195,
        "obp": 0.285,
        "slg": 0.373,
        "rbi": 50,
        "sb": 0,
        "hr": 17
      },
      {
        "name": "손아섭",
        "year": 24,
        "team": "NC",
        "pa": 355,
        "ops": 0.71,
        "avg": 0.285,
        "obp": 0.314,
        "slg": 0.396,
        "rbi": 50,
        "sb": 6,
        "hr": 7
      },
      {
        "name": "박민우",
        "year": 24,
        "team": "NC",
        "pa": 528,
        "ops": 0.852,
        "avg": 0.328,
        "obp": 0.406,
        "slg": 0.446,
        "rbi": 50,
        "sb": 32,
        "hr": 8
      },
      {
        "name": "김휘집",
        "year": 24,
        "team": "NC",
        "pa": 366,
        "ops": 0.784,
        "avg": 0.274,
        "obp": 0.357,
        "slg": 0.427,
        "rbi": 48,
        "sb": 4,
        "hr": 11
      },
      {
        "name": "서호철",
        "year": 24,
        "team": "NC",
        "pa": 567,
        "ops": 0.735,
        "avg": 0.285,
        "obp": 0.342,
        "slg": 0.393,
        "rbi": 61,
        "sb": 1,
        "hr": 10
      }
    ]
  },
  {
    "generation": 9,
    "expected_score": 6.3,
    "lineup": [
      "김주원",
      "권희동",
      "박건우",
      "김형준",
      "데이비슨",
      "손아섭",
      "박민우",
      "김휘집",
      "서호철"
    ],
    "player_stats": [
      {
        "name": "김주원",
        "year": 24,
        "team": "NC",
        "pa": 475,
        "ops": 0.75,
        "avg": 0.252,
        "obp": 0.371,
        "slg": 0.379,
        "rbi": 49,
        "sb": 16,
        "hr": 9
      },
      {
        "name": "권희동",
        "year": 24,
        "team": "NC",
        "pa": 511,
        "ops": 0.869,
        "avg": 0.3,
        "obp": 0.417,
        "slg": 0.452,
        "rbi": 77,
        "sb": 4,
        "hr": 13
      },
      {
        "name": "박건우",
        "year": 24,
        "team": "NC",
        "pa": 362,
        "ops": 0.951,
        "avg": 0.344,
        "obp": 0.409,
        "slg": 0.542,
        "rbi": 53,
        "sb": 4,
        "hr": 13
      },
      {
        "name": "김형준",
        "year": 24,
        "team": "NC",
        "pa": 414,
        "ops": 0.658,
        "avg": 0.195,
        "obp": 0.285,
        "slg": 0.373,
        "rbi": 50,
        "sb": 0,
        "hr": 17
      },
      {
        "name": "데이비슨",
        "year": 24,
        "team": "NC",
        "pa": 567,
        "ops": 1.003,
        "avg": 0.306,
        "obp": 0.37,
        "slg": 0.633,
        "rbi": 119,
        "sb": 0,
        "hr": 46
      },
      {
        "name": "손아섭",
        "year": 24,
        "team": "NC",
        "pa": 355,
        "ops": 0.71,
        "avg": 0.285,
        "obp": 0.314,
        "slg": 0.396,
        "rbi": 50,
        "sb": 6,
        "hr": 7
      },
      {
        "name": "박민우",
        "year": 24,
        "team": "NC",
        "pa": 528,
        "ops": 0.852,
        "avg": 0.328,
        "obp": 0.406,
        "slg": 0.446,
        "rbi": 50,
        "sb": 32,
        "hr": 8
      },
      {
        "name": "김휘집",
        "year": 24,
        "team": "NC",
        "pa": 366,
        "ops": 0.784,
        "avg": 0.274,
        "obp": 0.357,
        "slg": 0.427,
        "rbi": 48,
        "sb": 4,
        "hr": 11
      },
      {
        "name": "서호철",
        "year": 24,
        "team": "NC",
        "pa": 567,
        "ops": 0.735,
        "avg": 0.285,
        "obp": 0.342,
        "slg": 0.393,
        "rbi": 61,
        "sb": 1,
        "hr": 10
      }
    ]
  },
  {
    "generation": 10,
    "expected_score": 6.395,
    "lineup": [
      "박건우",
      "박민우",
      "데이비슨",
      "권희동",
      "김주원",
      "김휘집",
      "서호철",
      "손아섭",
      "김형준"
    ],
    "player_stats": [
      {
        "name": "박건우",
        "year": 24,
        "team": "NC",
        "pa": 362,
        "ops": 0.951,
        "avg": 0.344,
        "obp": 0.409,
        "slg": 0.542,
        "rbi": 53,
        "sb": 4,
        "hr": 13
      },
      {
        "name": "박민우",
        "year": 24,
        "team": "NC",
        "pa": 528,
        "ops": 0.852,
        "avg": 0.328,
        "obp": 0.406,
        "slg": 0.446,
        "rbi": 50,
        "sb": 32,
        "hr": 8
      },
      {
        "name": "데이비슨",
        "year": 24,
        "team": "NC",
        "pa": 567,
        "ops": 1.003,
        "avg": 0.306,
        "obp": 0.37,
        "slg": 0.633,
        "rbi": 119,
        "sb": 0,
        "hr": 46
      },
      {
        "name": "권희동",
        "year": 24,
        "team": "NC",
        "pa": 511,
        "ops": 0.869,
        "avg": 0.3,
        "obp": 0.417,
        "slg": 0.452,
        "rbi": 77,
        "sb": 4,
        "hr": 13
      },
      {
        "name": "김주원",
        "year": 24,
        "team": "NC",
        "pa": 475,
        "ops": 0.75,
        "avg": 0.252,
        "obp": 0.371,
        "slg": 0.379,
        "rbi": 49,
        "sb": 16,
        "hr": 9
      },
      {
        "name": "김휘집",
        "year": 24,
        "team": "NC",
        "pa": 366,
        "ops": 0.784,
        "avg": 0.274,
        "obp": 0.357,
        "slg": 0.427,
        "rbi": 48,
        "sb": 4,
        "hr": 11
      },
      {
        "name": "서호철",
        "year": 24,
        "team": "NC",
        "pa": 567,
        "ops": 0.735,
        "avg": 0.285,
        "obp": 0.342,
        "slg": 0.393,
        "rbi": 61,
        "sb": 1,
        "hr": 10
      },
      {
        "name": "손아섭",
        "year": 24,
        "team": "NC",
        "pa": 355,
        "ops": 0.71,
        "avg": 0.285,
        "obp": 0.314,
        "slg": 0.396,
        "rbi": 50,
        "sb": 6,
        "hr": 7
      },
      {
        "name": "김형준",
        "year": 24,
        "team": "NC",
        "pa": 414,
        "ops": 0.658,
        "avg": 0.195,
        "obp": 0.285,
        "slg": 0.373,
        "rbi": 50,
        "sb": 0,
        "hr": 17
      }
    ]
  },
  {
    "generation": 11,
    "expected_score": 6.525,
    "lineup": [
      "박건우",
      "권희동",
      "김주원",
      "데이비슨",
      "박민우",
      "김휘집",
      "서호철",
      "손아섭",
      "김형준"
    ],
    "player_stats": [
      {
        "name": "박건우",
        "year": 24,
        "team": "NC",
        "pa": 362,
        "ops": 0.951,
        "avg": 0.344,
        "obp": 0.409,
        "slg": 0.542,
        "rbi": 53,
        "sb": 4,
        "hr": 13
      },
      {
        "name": "권희동",
        "year": 24,
        "team": "NC",
        "pa": 511,
        "ops": 0.869,
        "avg": 0.3,
        "obp": 0.417,
        "slg": 0.452,
        "rbi": 77,
        "sb": 4,
        "hr": 13
      },
      {
        "name": "김주원",
        "year": 24,
        "team": "NC",
        "pa": 475,
        "ops": 0.75,
        "avg": 0.252,
        "obp": 0.371,
        "slg": 0.379,
        "rbi": 49,
        "sb": 16,
        "hr": 9
      },
      {
        "name": "데이비슨",
        "year": 24,
        "team": "NC",
        "pa": 567,
        "ops": 1.003,
        "avg": 0.306,
        "obp": 0.37,
        "slg": 0.633,
        "rbi": 119,
        "sb": 0,
        "hr": 46
      },
      {
        "name": "박민우",
        "year": 24,
        "team": "NC",
        "pa": 528,
        "ops": 0.852,
        "avg": 0.328,
        "obp": 0.406,
        "slg": 0.446,
        "rbi": 50,
        "sb": 32,
        "hr": 8
      },
      {
        "name": "김휘집",
        "year": 24,
        "team": "NC",
        "pa": 366,
        "ops": 0.784,
        "avg": 0.274,
        "obp": 0.357,
        "slg": 0.427,
        "rbi": 48,
        "sb": 4,
        "hr": 11
      },
      {
        "name": "서호철",
        "year": 24,
        "team": "NC",
        "pa": 567,
        "ops": 0.735,
        "avg": 0.285,
        "obp": 0.342,
        "slg": 0.393,
        "rbi": 61,
        "sb": 1,
        "hr": 10
      },
      {
        "name": "손아섭",
        "year": 24,
        "team": "NC",
        "pa": 355,
        "ops": 0.71,
        "avg": 0.285,
        "obp": 0.314,
        "slg": 0.396,
        "rbi": 50,
        "sb": 6,
        "hr": 7
      },
      {
        "name": "김형준",
        "year": 24,
        "team": "NC",
        "pa": 414,
        "ops": 0.658,
        "avg": 0.195,
        "obp": 0.285,
        "slg": 0.373,
        "rbi": 50,
        "sb": 0,
        "hr": 17
      }
    ]
  },
  {
    "generation": 12,
    "expected_score": 6.35,
    "lineup": [
      "박민우",
      "김형준",
      "권희동",
      "박건우",
      "김주원",
      "데이비슨",
      "김휘집",
      "손아섭",
      "서호철"
    ],
    "player_stats": [
      {
        "name": "박민우",
        "year": 24,
        "team": "NC",
        "pa": 528,
        "ops": 0.852,
        "avg": 0.328,
        "obp": 0.406,
        "slg": 0.446,
        "rbi": 50,
        "sb": 32,
        "hr": 8
      },
      {
        "name": "김형준",
        "year": 24,
        "team": "NC",
        "pa": 414,
        "ops": 0.658,
        "avg": 0.195,
        "obp": 0.285,
        "slg": 0.373,
        "rbi": 50,
        "sb": 0,
        "hr": 17
      },
      {
        "name": "권희동",
        "year": 24,
        "team": "NC",
        "pa": 511,
        "ops": 0.869,
        "avg": 0.3,
        "obp": 0.417,
        "slg": 0.452,
        "rbi": 77,
        "sb": 4,
        "hr": 13
      },
      {
        "name": "박건우",
        "year": 24,
        "team": "NC",
        "pa": 362,
        "ops": 0.951,
        "avg": 0.344,
        "obp": 0.409,
        "slg": 0.542,
        "rbi": 53,
        "sb": 4,
        "hr": 13
      },
      {
        "name": "김주원",
        "year": 24,
        "team": "NC",
        "pa": 475,
        "ops": 0.75,
        "avg": 0.252,
        "obp": 0.371,
        "slg": 0.379,
        "rbi": 49,
        "sb": 16,
        "hr": 9
      },
      {
        "name": "데이비슨",
        "year": 24,
        "team": "NC",
        "pa": 567,
        "ops": 1.003,
        "avg": 0.306,
        "obp": 0.37,
        "slg": 0.633,
        "rbi": 119,
        "sb": 0,
        "hr": 46
      },
      {
        "name": "김휘집",
        "year": 24,
        "team": "NC",
        "pa": 366,
        "ops": 0.784,
        "avg": 0.274,
        "obp": 0.357,
        "slg": 0.427,
        "rbi": 48,
        "sb": 4,
        "hr": 11
      },
      {
        "name": "손아섭",
        "year": 24,
        "team": "NC",
        "pa": 355,
        "ops": 0.71,
        "avg": 0.285,
        "obp": 0.314,
        "slg": 0.396,
        "rbi": 50,
        "sb": 6,
        "hr": 7
      },
      {
        "name": "서호철",
        "year": 24,
        "team": "NC",
        "pa": 567,
        "ops": 0.735,
        "avg": 0.285,
        "obp": 0.342,
        "slg": 0.393,
        "rbi": 61,
        "sb": 1,
        "hr": 10
      }
    ]
  },
  {
    "generation": 13,
    "expected_score": 6.915,
    "lineup": [
      "박건우",
      "박민우",
      "김주원",
      "데이비슨",
      "권희동",
      "김휘집",
      "손아섭",
      "서호철",
      "김형준"
    ],
    "player_stats": [
      {
        "name": "박건우",
        "year": 24,
        "team": "NC",
        "pa": 362,
        "ops": 0.951,
        "avg": 0.344,
        "obp": 0.409,
        "slg": 0.542,
        "rbi": 53,
        "sb": 4,
        "hr": 13
      },
      {
        "name": "박민우",
        "year": 24,
        "team": "NC",
        "pa": 528,
        "ops": 0.852,
        "avg": 0.328,
        "obp": 0.406,
        "slg": 0.446,
        "rbi": 50,
        "sb": 32,
        "hr": 8
      },
      {
        "name": "김주원",
        "year": 24,
        "team": "NC",
        "pa": 475,
        "ops": 0.75,
        "avg": 0.252,
        "obp": 0.371,
        "slg": 0.379,
        "rbi": 49,
        "sb": 16,
        "hr": 9
      },
      {
        "name": "데이비슨",
        "year": 24,
        "team": "NC",
        "pa": 567,
        "ops": 1.003,
        "avg": 0.306,
        "obp": 0.37,
        "slg": 0.633,
        "rbi": 119,
        "sb": 0,
        "hr": 46
      },
      {
        "name": "권희동",
        "year": 24,
        "team": "NC",
        "pa": 511,
        "ops": 0.869,
        "avg": 0.3,
        "obp": 0.417,
        "slg": 0.452,
        "rbi": 77,
        "sb": 4,
        "hr": 13
      },
      {
        "name": "김휘집",
        "year": 24,
        "team": "NC",
        "pa": 366,
        "ops": 0.784,
        "avg": 0.274,
        "obp": 0.357,
        "slg": 0.427,
        "rbi": 48,
        "sb": 4,
        "hr": 11
      },
      {
        "name": "손아섭",
        "year": 24,
        "team": "NC",
        "pa": 355,
        "ops": 0.71,
        "avg": 0.285,
        "obp": 0.314,
        "slg": 0.396,
        "rbi": 50,
        "sb": 6,
        "hr": 7
      },
      {
        "name": "서호철",
        "year": 24,
        "team": "NC",
        "pa": 567,
        "ops": 0.735,
        "avg": 0.285,
        "obp": 0.342,
        "slg": 0.393,
        "rbi": 61,
        "sb": 1,
        "hr": 10
      },
      {
        "name": "김형준",
        "year": 24,
        "team": "NC",
        "pa": 414,
        "ops": 0.658,
        "avg": 0.195,
        "obp": 0.285,
        "slg": 0.373,
        "rbi": 50,
        "sb": 0,
        "hr": 17
      }
    ]
  },
  {
    "generation": 14,
    "expected_score": 6.53,
    "lineup": [
      "김주원",
      "데이비슨",
      "박건우",
      "권희동",
      "박민우",
      "손아섭",
      "김휘집",
      "서호철",
      "김형준"
    ],
    "player_stats": [
      {
        "name": "김주원",
        "year": 24,
        "team": "NC",
        "pa": 475,
        "ops": 0.75,
        "avg": 0.252,
        "obp": 0.371,
        "slg": 0.379,
        "rbi": 49,
        "sb": 16,
        "hr": 9
      },
      {
        "name": "데이비슨",
        "year": 24,
        "team": "NC",
        "pa": 567,
        "ops": 1.003,
        "avg": 0.306,
        "obp": 0.37,
        "slg": 0.633,
        "rbi": 119,
        "sb": 0,
        "hr": 46
      },
      {
        "name": "박건우",
        "year": 24,
        "team": "NC",
        "pa": 362,
        "ops": 0.951,
        "avg": 0.344,
        "obp": 0.409,
        "slg": 0.542,
        "rbi": 53,
        "sb": 4,
        "hr": 13
      },
      {
        "name": "권희동",
        "year": 24,
        "team": "NC",
        "pa": 511,
        "ops": 0.869,
        "avg": 0.3,
        "obp": 0.417,
        "slg": 0.452,
        "rbi": 77,
        "sb": 4,
        "hr": 13
      },
      {
        "name": "박민우",
        "year": 24,
        "team": "NC",
        "pa": 528,
        "ops": 0.852,
        "avg": 0.328,
        "obp": 0.406,
        "slg": 0.446,
        "rbi": 50,
        "sb": 32,
        "hr": 8
      },
      {
        "name": "손아섭",
        "year": 24,
        "team": "NC",
        "pa": 355,
        "ops": 0.71,
        "avg": 0.285,
        "obp": 0.314,
        "slg": 0.396,
        "rbi": 50,
        "sb": 6,
        "hr": 7
      },
      {
        "name": "김휘집",
        "year": 24,
        "team": "NC",
        "pa": 366,
        "ops": 0.784,
        "avg": 0.274,
        "obp": 0.357,
        "slg": 0.427,
        "rbi": 48,
        "sb": 4,
        "hr": 11
      },
      {
        "name": "서호철",
        "year": 24,
        "team": "NC",
        "pa": 567,
        "ops": 0.735,
        "avg": 0.285,
        "obp": 0.342,
        "slg": 0.393,
        "rbi": 61,
        "sb": 1,
        "hr": 10
      },
      {
        "name": "김형준",
        "year": 24,
        "team": "NC",
        "pa": 414,
        "ops": 0.658,
        "avg": 0.195,
        "obp": 0.285,
        "slg": 0.373,
        "rbi": 50,
        "sb": 0,
        "hr": 17
      }
    ]
  },
  {
    "generation": 15,
    "expected_score": 6.29,
    "lineup": [
      "김주원",
      "권희동",
      "박민우",
      "데이비슨",
      "김형준",
      "박건우",
      "김휘집",
      "손아섭",
      "서호철"
    ],
    "player_stats": [
      {
        "name": "김주원",
        "year": 24,
        "team": "NC",
        "pa": 475,
        "ops": 0.75,
        "avg": 0.252,
        "obp": 0.371,
        "slg": 0.379,
        "rbi": 49,
        "sb": 16,
        "hr": 9
      },
      {
        "name": "권희동",
        "year": 24,
        "team": "NC",
        "pa": 511,
        "ops": 0.869,
        "avg": 0.3,
        "obp": 0.417,
        "slg": 0.452,
        "rbi": 77,
        "sb": 4,
        "hr": 13
      },
      {
        "name": "박민우",
        "year": 24,
        "team": "NC",
        "pa": 528,
        "ops": 0.852,
        "avg": 0.328,
        "obp": 0.406,
        "slg": 0.446,
        "rbi": 50,
        "sb": 32,
        "hr": 8
      },
      {
        "name": "데이비슨",
        "year": 24,
        "team": "NC",
        "pa": 567,
        "ops": 1.003,
        "avg": 0.306,
        "obp": 0.37,
        "slg": 0.633,
        "rbi": 119,
        "sb": 0,
        "hr": 46
      },
      {
        "name": "김형준",
        "year": 24,
        "team": "NC",
        "pa": 414,
        "ops": 0.658,
        "avg": 0.195,
        "obp": 0.285,
        "slg": 0.373,
        "rbi": 50,
        "sb": 0,
        "hr": 17
      },
      {
        "name": "박건우",
        "year": 24,
        "team": "NC",
        "pa": 362,
        "ops": 0.951,
        "avg": 0.344,
        "obp": 0.409,
        "slg": 0.542,
        "rbi": 53,
        "sb": 4,
        "hr": 13
      },
      {
        "name": "김휘집",
        "year": 24,
        "team": "NC",
        "pa": 366,
        "ops": 0.784,
        "avg": 0.274,
        "obp": 0.357,
        "slg": 0.427,
        "rbi": 48,
        "sb": 4,
        "hr": 11
      },
      {
        "name": "손아섭",
        "year": 24,
        "team": "NC",
        "pa": 355,
        "ops": 0.71,
        "avg": 0.285,
        "obp": 0.314,
        "slg": 0.396,
        "rbi": 50,
        "sb": 6,
        "hr": 7
      },
      {
        "name": "서호철",
        "year": 24,
        "team": "NC",
        "pa": 567,
        "ops": 0.735,
        "avg": 0.285,
        "obp": 0.342,
        "slg": 0.393,
        "rbi": 61,
        "sb": 1,
        "hr": 10
      }
    ]
  },
  {
    "generation": 16,
    "expected_score": 6.475,
    "lineup": [
      "박민우",
      "김주원",
      "데이비슨",
      "김형준",
      "권희동",
      "박건우",
      "김휘집",
      "손아섭",
      "서호철"
    ],
    "player_stats": [
      {
        "name": "박민우",
        "year": 24,
        "team": "NC",
        "pa": 528,
        "ops": 0.852,
        "avg": 0.328,
        "obp": 0.406,
        "slg": 0.446,
        "rbi": 50,
        "sb": 32,
        "hr": 8
      },
      {
        "name": "김주원",
        "year": 24,
        "team": "NC",
        "pa": 475,
        "ops": 0.75,
        "avg": 0.252,
        "obp": 0.371,
        "slg": 0.379,
        "rbi": 49,
        "sb": 16,
        "hr": 9
      },
      {
        "name": "데이비슨",
        "year": 24,
        "team": "NC",
        "pa": 567,
        "ops": 1.003,
        "avg": 0.306,
        "obp": 0.37,
        "slg": 0.633,
        "rbi": 119,
        "sb": 0,
        "hr": 46
      },
      {
        "name": "김형준",
        "year": 24,
        "team": "NC",
        "pa": 414,
        "ops": 0.658,
        "avg": 0.195,
        "obp": 0.285,
        "slg": 0.373,
        "rbi": 50,
        "sb": 0,
        "hr": 17
      },
      {
        "name": "권희동",
        "year": 24,
        "team": "NC",
        "pa": 511,
        "ops": 0.869,
        "avg": 0.3,
        "obp": 0.417,
        "slg": 0.452,
        "rbi": 77,
        "sb": 4,
        "hr": 13
      },
      {
        "name": "박건우",
        "year": 24,
        "team": "NC",
        "pa": 362,
        "ops": 0.951,
        "avg": 0.344,
        "obp": 0.409,
        "slg": 0.542,
        "rbi": 53,
        "sb": 4,
        "hr": 13
      },
      {
        "name": "김휘집",
        "year": 24,
        "team": "NC",
        "pa": 366,
        "ops": 0.784,
        "avg": 0.274,
        "obp": 0.357,
        "slg": 0.427,
        "rbi": 48,
        "sb": 4,
        "hr": 11
      },
      {
        "name": "손아섭",
        "year": 24,
        "team": "NC",
        "pa": 355,
        "ops": 0.71,
        "avg": 0.285,
        "obp": 0.314,
        "slg": 0.396,
        "rbi": 50,
        "sb": 6,
        "hr": 7
      },
      {
        "name": "서호철",
        "year": 24,
        "team": "NC",
        "pa": 567,
        "ops": 0.735,
        "avg": 0.285,
        "obp": 0.342,
        "slg": 0.393,
        "rbi": 61,
        "sb": 1,
        "hr": 10
      }
    ]
  },
  {
    "generation": 17,
    "expected_score": 6.655,
    "lineup": [
      "박건우",
      "박민우",
      "권희동",
      "김형준",
      "김주원",
      "데이비슨",
      "김휘집",
      "서호철",
      "손아섭"
    ],
    "player_stats": [
      {
        "name": "박건우",
        "year": 24,
        "team": "NC",
        "pa": 362,
        "ops": 0.951,
        "avg": 0.344,
        "obp": 0.409,
        "slg": 0.542,
        "rbi": 53,
        "sb": 4,
        "hr": 13
      },
      {
        "name": "박민우",
        "year": 24,
        "team": "NC",
        "pa": 528,
        "ops": 0.852,
        "avg": 0.328,
        "obp": 0.406,
        "slg": 0.446,
        "rbi": 50,
        "sb": 32,
        "hr": 8
      },
      {
        "name": "권희동",
        "year": 24,
        "team": "NC",
        "pa": 511,
        "ops": 0.869,
        "avg": 0.3,
        "obp": 0.417,
        "slg": 0.452,
        "rbi": 77,
        "sb": 4,
        "hr": 13
      },
      {
        "name": "김형준",
        "year": 24,
        "team": "NC",
        "pa": 414,
        "ops": 0.658,
        "avg": 0.195,
        "obp": 0.285,
        "slg": 0.373,
        "rbi": 50,
        "sb": 0,
        "hr": 17
      },
      {
        "name": "김주원",
        "year": 24,
        "team": "NC",
        "pa": 475,
        "ops": 0.75,
        "avg": 0.252,
        "obp": 0.371,
        "slg": 0.379,
        "rbi": 49,
        "sb": 16,
        "hr": 9
      },
      {
        "name": "데이비슨",
        "year": 24,
        "team": "NC",
        "pa": 567,
        "ops": 1.003,
        "avg": 0.306,
        "obp": 0.37,
        "slg": 0.633,
        "rbi": 119,
        "sb": 0,
        "hr": 46
      },
      {
        "name": "김휘집",
        "year": 24,
        "team": "NC",
        "pa": 366,
        "ops": 0.784,
        "avg": 0.274,
        "obp": 0.357,
        "slg": 0.427,
        "rbi": 48,
        "sb": 4,
        "hr": 11
      },
      {
        "name": "서호철",
        "year": 24,
        "team": "NC",
        "pa": 567,
        "ops": 0.735,
        "avg": 0.285,
        "obp": 0.342,
        "slg": 0.393,
        "rbi": 61,
        "sb": 1,
        "hr": 10
      },
      {
        "name": "손아섭",
        "year": 24,
        "team": "NC",
        "pa": 355,
        "ops": 0.71,
        "avg": 0.285,
        "obp": 0.314,
        "slg": 0.396,
        "rbi": 50,
        "sb": 6,
        "hr": 7
      }
    ]
  },
  {
    "generation": 18,
    "expected_score": 6.465,
    "lineup": [
      "박민우",
      "김주원",
      "데이비슨",
      "김형준",
      "권희동",
      "박건우",
      "김휘집",
      "손아섭",
      "서호철"
    ],
    "player_stats": [
      {
        "name": "박민우",
        "year": 24,
        "team": "NC",
        "pa": 528,
        "ops": 0.852,
        "avg": 0.328,
        "obp": 0.406,
        "slg": 0.446,
        "rbi": 50,
        "sb": 32,
        "hr": 8
      },
      {
        "name": "김주원",
        "year": 24,
        "team": "NC",
        "pa": 475,
        "ops": 0.75,
        "avg": 0.252,
        "obp": 0.371,
        "slg": 0.379,
        "rbi": 49,
        "sb": 16,
        "hr": 9
      },
      {
        "name": "데이비슨",
        "year": 24,
        "team": "NC",
        "pa": 567,
        "ops": 1.003,
        "avg": 0.306,
        "obp": 0.37,
        "slg": 0.633,
        "rbi": 119,
        "sb": 0,
        "hr": 46
      },
      {
        "name": "김형준",
        "year": 24,
        "team": "NC",
        "pa": 414,
        "ops": 0.658,
        "avg": 0.195,
        "obp": 0.285,
        "slg": 0.373,
        "rbi": 50,
        "sb": 0,
        "hr": 17
      },
      {
        "name": "권희동",
        "year": 24,
        "team": "NC",
        "pa": 511,
        "ops": 0.869,
        "avg": 0.3,
        "obp": 0.417,
        "slg": 0.452,
        "rbi": 77,
        "sb": 4,
        "hr": 13
      },
      {
        "name": "박건우",
        "year": 24,
        "team": "NC",
        "pa": 362,
        "ops": 0.951,
        "avg": 0.344,
        "obp": 0.409,
        "slg": 0.542,
        "rbi": 53,
        "sb": 4,
        "hr": 13
      },
      {
        "name": "김휘집",
        "year": 24,
        "team": "NC",
        "pa": 366,
        "ops": 0.784,
        "avg": 0.274,
        "obp": 0.357,
        "slg": 0.427,
        "rbi": 48,
        "sb": 4,
        "hr": 11
      },
      {
        "name": "손아섭",
        "year": 24,
        "team": "NC",
        "pa": 355,
        "ops": 0.71,
        "avg": 0.285,
        "obp": 0.314,
        "slg": 0.396,
        "rbi": 50,
        "sb": 6,
        "hr": 7
      },
      {
        "name": "서호철",
        "year": 24,
        "team": "NC",
        "pa": 567,
        "ops": 0.735,
        "avg": 0.285,
        "obp": 0.342,
        "slg": 0.393,
        "rbi": 61,
        "sb": 1,
        "hr": 10
      }
    ]
  },
  {
    "generation": 19,
    "expected_score": 6.57,
    "lineup": [
      "김주원",
      "박건우",
      "박민우",
      "데이비슨",
      "권희동",
      "김휘집",
      "손아섭",
      "김형준",
      "서호철"
    ],
    "player_stats": [
      {
        "name": "김주원",
        "year": 24,
        "team": "NC",
        "pa": 475,
        "ops": 0.75,
        "avg": 0.252,
        "obp": 0.371,
        "slg": 0.379,
        "rbi": 49,
        "sb": 16,
        "hr": 9
      },
      {
        "name": "박건우",
        "year": 24,
        "team": "NC",
        "pa": 362,
        "ops": 0.951,
        "avg": 0.344,
        "obp": 0.409,
        "slg": 0.542,
        "rbi": 53,
        "sb": 4,
        "hr": 13
      },
      {
        "name": "박민우",
        "year": 24,
        "team": "NC",
        "pa": 528,
        "ops": 0.852,
        "avg": 0.328,
        "obp": 0.406,
        "slg": 0.446,
        "rbi": 50,
        "sb": 32,
        "hr": 8
      },
      {
        "name": "데이비슨",
        "year": 24,
        "team": "NC",
        "pa": 567,
        "ops": 1.003,
        "avg": 0.306,
        "obp": 0.37,
        "slg": 0.633,
        "rbi": 119,
        "sb": 0,
        "hr": 46
      },
      {
        "name": "권희동",
        "year": 24,
        "team": "NC",
        "pa": 511,
        "ops": 0.869,
        "avg": 0.3,
        "obp": 0.417,
        "slg": 0.452,
        "rbi": 77,
        "sb": 4,
        "hr": 13
      },
      {
        "name": "김휘집",
        "year": 24,
        "team": "NC",
        "pa": 366,
        "ops": 0.784,
        "avg": 0.274,
        "obp": 0.357,
        "slg": 0.427,
        "rbi": 48,
        "sb": 4,
        "hr": 11
      },
      {
        "name": "손아섭",
        "year": 24,
        "team": "NC",
        "pa": 355,
        "ops": 0.71,
        "avg": 0.285,
        "obp": 0.314,
        "slg": 0.396,
        "rbi": 50,
        "sb": 6,
        "hr": 7
      },
      {
        "name": "김형준",
        "year": 24,
        "team": "NC",
        "pa": 414,
        "ops": 0.658,
        "avg": 0.195,
        "obp": 0.285,
        "slg": 0.373,
        "rbi": 50,
        "sb": 0,
        "hr": 17
      },
      {
        "name": "서호철",
        "year": 24,
        "team": "NC",
        "pa": 567,
        "ops": 0.735,
        "avg": 0.285,
        "obp": 0.342,
        "slg": 0.393,
        "rbi": 61,
        "sb": 1,
        "hr": 10
      }
    ]
  },
  {
    "generation": 20,
    "expected_score": 6.35,
    "lineup": [
      "김주원",
      "데이비슨",
      "박민우",
      "박건우",
      "김형준",
      "권희동",
      "김휘집",
      "손아섭",
      "서호철"
    ],
    "player_stats": [
      {
        "name": "김주원",
        "year": 24,
        "team": "NC",
        "pa": 475,
        "ops": 0.75,
        "avg": 0.252,
        "obp": 0.371,
        "slg": 0.379,
        "rbi": 49,
        "sb": 16,
        "hr": 9
      },
      {
        "name": "데이비슨",
        "year": 24,
        "team": "NC",
        "pa": 567,
        "ops": 1.003,
        "avg": 0.306,
        "obp": 0.37,
        "slg": 0.633,
        "rbi": 119,
        "sb": 0,
        "hr": 46
      },
      {
        "name": "박민우",
        "year": 24,
        "team": "NC",
        "pa": 528,
        "ops": 0.852,
        "avg": 0.328,
        "obp": 0.406,
        "slg": 0.446,
        "rbi": 50,
        "sb": 32,
        "hr": 8
      },
      {
        "name": "박건우",
        "year": 24,
        "team": "NC",
        "pa": 362,
        "ops": 0.951,
        "avg": 0.344,
        "obp": 0.409,
        "slg": 0.542,
        "rbi": 53,
        "sb": 4,
        "hr": 13
      },
      {
        "name": "김형준",
        "year": 24,
        "team": "NC",
        "pa": 414,
        "ops": 0.658,
        "avg": 0.195,
        "obp": 0.285,
        "slg": 0.373,
        "rbi": 50,
        "sb": 0,
        "hr": 17
      },
      {
        "name": "권희동",
        "year": 24,
        "team": "NC",
        "pa": 511,
        "ops": 0.869,
        "avg": 0.3,
        "obp": 0.417,
        "slg": 0.452,
        "rbi": 77,
        "sb": 4,
        "hr": 13
      },
      {
        "name": "김휘집",
        "year": 24,
        "team": "NC",
        "pa": 366,
        "ops": 0.784,
        "avg": 0.274,
        "obp": 0.357,
        "slg": 0.427,
        "rbi": 48,
        "sb": 4,
        "hr": 11
      },
      {
        "name": "손아섭",
        "year": 24,
        "team": "NC",
        "pa": 355,
        "ops": 0.71,
        "avg": 0.285,
        "obp": 0.314,
        "slg": 0.396,
        "rbi": 50,
        "sb": 6,
        "hr": 7
      },
      {
        "name": "서호철",
        "year": 24,
        "team": "NC",
        "pa": 567,
        "ops": 0.735,
        "avg": 0.285,
        "obp": 0.342,
        "slg": 0.393,
        "rbi": 61,
        "sb": 1,
        "hr": 10
      }
    ]
  },
  {
    "generation": 21,
    "expected_score": 6.365,
    "lineup": [
      "김주원",
      "박건우",
      "박민우",
      "데이비슨",
      "권희동",
      "김휘집",
      "김형준",
      "손아섭",
      "서호철"
    ],
    "player_stats": [
      {
        "name": "김주원",
        "year": 24,
        "team": "NC",
        "pa": 475,
        "ops": 0.75,
        "avg": 0.252,
        "obp": 0.371,
        "slg": 0.379,
        "rbi": 49,
        "sb": 16,
        "hr": 9
      },
      {
        "name": "박건우",
        "year": 24,
        "team": "NC",
        "pa": 362,
        "ops": 0.951,
        "avg": 0.344,
        "obp": 0.409,
        "slg": 0.542,
        "rbi": 53,
        "sb": 4,
        "hr": 13
      },
      {
        "name": "박민우",
        "year": 24,
        "team": "NC",
        "pa": 528,
        "ops": 0.852,
        "avg": 0.328,
        "obp": 0.406,
        "slg": 0.446,
        "rbi": 50,
        "sb": 32,
        "hr": 8
      },
      {
        "name": "데이비슨",
        "year": 24,
        "team": "NC",
        "pa": 567,
        "ops": 1.003,
        "avg": 0.306,
        "obp": 0.37,
        "slg": 0.633,
        "rbi": 119,
        "sb": 0,
        "hr": 46
      },
      {
        "name": "권희동",
        "year": 24,
        "team": "NC",
        "pa": 511,
        "ops": 0.869,
        "avg": 0.3,
        "obp": 0.417,
        "slg": 0.452,
        "rbi": 77,
        "sb": 4,
        "hr": 13
      },
      {
        "name": "김휘집",
        "year": 24,
        "team": "NC",
        "pa": 366,
        "ops": 0.784,
        "avg": 0.274,
        "obp": 0.357,
        "slg": 0.427,
        "rbi": 48,
        "sb": 4,
        "hr": 11
      },
      {
        "name": "김형준",
        "year": 24,
        "team": "NC",
        "pa": 414,
        "ops": 0.658,
        "avg": 0.195,
        "obp": 0.285,
        "slg": 0.373,
        "rbi": 50,
        "sb": 0,
        "hr": 17
      },
      {
        "name": "손아섭",
        "year": 24,
        "team": "NC",
        "pa": 355,
        "ops": 0.71,
        "avg": 0.285,
        "obp": 0.314,
        "slg": 0.396,
        "rbi": 50,
        "sb": 6,
        "hr": 7
      },
      {
        "name": "서호철",
        "year": 24,
        "team": "NC",
        "pa": 567,
        "ops": 0.735,
        "avg": 0.285,
        "obp": 0.342,
        "slg": 0.393,
        "rbi": 61,
        "sb": 1,
        "hr": 10
      }
    ]
  },
  {
    "generation": 22,
    "expected_score": 6.53,
    "lineup": [
      "박민우",
      "김주원",
      "데이비슨",
      "권희동",
      "박건우",
      "김휘집",
      "손아섭",
      "김형준",
      "서호철"
    ],
    "player_stats": [
      {
        "name": "박민우",
        "year": 24,
        "team": "NC",
        "pa": 528,
        "ops": 0.852,
        "avg": 0.328,
        "obp": 0.406,
        "slg": 0.446,
        "rbi": 50,
        "sb": 32,
        "hr": 8
      },
      {
        "name": "김주원",
        "year": 24,
        "team": "NC",
        "pa": 475,
        "ops": 0.75,
        "avg": 0.252,
        "obp": 0.371,
        "slg": 0.379,
        "rbi": 49,
        "sb": 16,
        "hr": 9
      },
      {
        "name": "데이비슨",
        "year": 24,
        "team": "NC",
        "pa": 567,
        "ops": 1.003,
        "avg": 0.306,
        "obp": 0.37,
        "slg": 0.633,
        "rbi": 119,
        "sb": 0,
        "hr": 46
      },
      {
        "name": "권희동",
        "year": 24,
        "team": "NC",
        "pa": 511,
        "ops": 0.869,
        "avg": 0.3,
        "obp": 0.417,
        "slg": 0.452,
        "rbi": 77,
        "sb": 4,
        "hr": 13
      },
      {
        "name": "박건우",
        "year": 24,
        "team": "NC",
        "pa": 362,
        "ops": 0.951,
        "avg": 0.344,
        "obp": 0.409,
        "slg": 0.542,
        "rbi": 53,
        "sb": 4,
        "hr": 13
      },
      {
        "name": "김휘집",
        "year": 24,
        "team": "NC",
        "pa": 366,
        "ops": 0.784,
        "avg": 0.274,
        "obp": 0.357,
        "slg": 0.427,
        "rbi": 48,
        "sb": 4,
        "hr": 11
      },
      {
        "name": "손아섭",
        "year": 24,
        "team": "NC",
        "pa": 355,
        "ops": 0.71,
        "avg": 0.285,
        "obp": 0.314,
        "slg": 0.396,
        "rbi": 50,
        "sb": 6,
        "hr": 7
      },
      {
        "name": "김형준",
        "year": 24,
        "team": "NC",
        "pa": 414,
        "ops": 0.658,
        "avg": 0.195,
        "obp": 0.285,
        "slg": 0.373,
        "rbi": 50,
        "sb": 0,
        "hr": 17
      },
      {
        "name": "서호철",
        "year": 24,
        "team": "NC",
        "pa": 567,
        "ops": 0.735,
        "avg": 0.285,
        "obp": 0.342,
        "slg": 0.393,
        "rbi": 61,
        "sb": 1,
        "hr": 10
      }
    ]
  },
  {
    "generation": 23,
    "expected_score": 6.41,
    "lineup": [
      "박민우",
      "김주원",
      "데이비슨",
      "권희동",
      "박건우",
      "김휘집",
      "손아섭",
      "김형준",
      "서호철"
    ],
    "player_stats": [
      {
        "name": "박민우",
        "year": 24,
        "team": "NC",
        "pa": 528,
        "ops": 0.852,
        "avg": 0.328,
        "obp": 0.406,
        "slg": 0.446,
        "rbi": 50,
        "sb": 32,
        "hr": 8
      },
      {
        "name": "김주원",
        "year": 24,
        "team": "NC",
        "pa": 475,
        "ops": 0.75,
        "avg": 0.252,
        "obp": 0.371,
        "slg": 0.379,
        "rbi": 49,
        "sb": 16,
        "hr": 9
      },
      {
        "name": "데이비슨",
        "year": 24,
        "team": "NC",
        "pa": 567,
        "ops": 1.003,
        "avg": 0.306,
        "obp": 0.37,
        "slg": 0.633,
        "rbi": 119,
        "sb": 0,
        "hr": 46
      },
      {
        "name": "권희동",
        "year": 24,
        "team": "NC",
        "pa": 511,
        "ops": 0.869,
        "avg": 0.3,
        "obp": 0.417,
        "slg": 0.452,
        "rbi": 77,
        "sb": 4,
        "hr": 13
      },
      {
        "name": "박건우",
        "year": 24,
        "team": "NC",
        "pa": 362,
        "ops": 0.951,
        "avg": 0.344,
        "obp": 0.409,
        "slg": 0.542,
        "rbi": 53,
        "sb": 4,
        "hr": 13
      },
      {
        "name": "김휘집",
        "year": 24,
        "team": "NC",
        "pa": 366,
        "ops": 0.784,
        "avg": 0.274,
        "obp": 0.357,
        "slg": 0.427,
        "rbi": 48,
        "sb": 4,
        "hr": 11
      },
      {
        "name": "손아섭",
        "year": 24,
        "team": "NC",
        "pa": 355,
        "ops": 0.71,
        "avg": 0.285,
        "obp": 0.314,
        "slg": 0.396,
        "rbi": 50,
        "sb": 6,
        "hr": 7
      },
      {
        "name": "김형준",
        "year": 24,
        "team": "NC",
        "pa": 414,
        "ops": 0.658,
        "avg": 0.195,
        "obp": 0.285,
        "slg": 0.373,
        "rbi": 50,
        "sb": 0,
        "hr": 17
      },
      {
        "name": "서호철",
        "year": 24,
        "team": "NC",
        "pa": 567,
        "ops": 0.735,
        "avg": 0.285,
        "obp": 0.342,
        "slg": 0.393,
        "rbi": 61,
        "sb": 1,
        "hr": 10
      }
    ]
  },
  {
    "generation": 24,
    "expected_score": 6.46,
    "lineup": [
      "박민우",
      "김주원",
      "박건우",
      "김형준",
      "권희동",
      "김휘집",
      "손아섭",
      "데이비슨",
      "서호철"
    ],
    "player_stats": [
      {
        "name": "박민우",
        "year": 24,
        "team": "NC",
        "pa": 528,
        "ops": 0.852,
        "avg": 0.328,
        "obp": 0.406,
        "slg": 0.446,
        "rbi": 50,
        "sb": 32,
        "hr": 8
      },
      {
        "name": "김주원",
        "year": 24,
        "team": "NC",
        "pa": 475,
        "ops": 0.75,
        "avg": 0.252,
        "obp": 0.371,
        "slg": 0.379,
        "rbi": 49,
        "sb": 16,
        "hr": 9
      },
      {
        "name": "박건우",
        "year": 24,
        "team": "NC",
        "pa": 362,
        "ops": 0.951,
        "avg": 0.344,
        "obp": 0.409,
        "slg": 0.542,
        "rbi": 53,
        "sb": 4,
        "hr": 13
      },
      {
        "name": "김형준",
        "year": 24,
        "team": "NC",
        "pa": 414,
        "ops": 0.658,
        "avg": 0.195,
        "obp": 0.285,
        "slg": 0.373,
        "rbi": 50,
        "sb": 0,
        "hr": 17
      },
      {
        "name": "권희동",
        "year": 24,
        "team": "NC",
        "pa": 511,
        "ops": 0.869,
        "avg": 0.3,
        "obp": 0.417,
        "slg": 0.452,
        "rbi": 77,
        "sb": 4,
        "hr": 13
      },
      {
        "name": "김휘집",
        "year": 24,
        "team": "NC",
        "pa": 366,
        "ops": 0.784,
        "avg": 0.274,
        "obp": 0.357,
        "slg": 0.427,
        "rbi": 48,
        "sb": 4,
        "hr": 11
      },
      {
        "name": "손아섭",
        "year": 24,
        "team": "NC",
        "pa": 355,
        "ops": 0.71,
        "avg": 0.285,
        "obp": 0.314,
        "slg": 0.396,
        "rbi": 50,
        "sb": 6,
        "hr": 7
      },
      {
        "name": "데이비슨",
        "year": 24,
        "team": "NC",
        "pa": 567,
        "ops": 1.003,
        "avg": 0.306,
        "obp": 0.37,
        "slg": 0.633,
        "rbi": 119,
        "sb": 0,
        "hr": 46
      },
      {
        "name": "서호철",
        "year": 24,
        "team": "NC",
        "pa": 567,
        "ops": 0.735,
        "avg": 0.285,
        "obp": 0.342,
        "slg": 0.393,
        "rbi": 61,
        "sb": 1,
        "hr": 10
      }
    ]
  },
  {
    "generation": 25,
    "expected_score": 6.335,
    "lineup": [
      "박건우",
      "김주원",
      "데이비슨",
      "박민우",
      "권희동",
      "김휘집",
      "손아섭",
      "김형준",
      "서호철"
    ],
    "player_stats": [
      {
        "name": "박건우",
        "year": 24,
        "team": "NC",
        "pa": 362,
        "ops": 0.951,
        "avg": 0.344,
        "obp": 0.409,
        "slg": 0.542,
        "rbi": 53,
        "sb": 4,
        "hr": 13
      },
      {
        "name": "김주원",
        "year": 24,
        "team": "NC",
        "pa": 475,
        "ops": 0.75,
        "avg": 0.252,
        "obp": 0.371,
        "slg": 0.379,
        "rbi": 49,
        "sb": 16,
        "hr": 9
      },
      {
        "name": "데이비슨",
        "year": 24,
        "team": "NC",
        "pa": 567,
        "ops": 1.003,
        "avg": 0.306,
        "obp": 0.37,
        "slg": 0.633,
        "rbi": 119,
        "sb": 0,
        "hr": 46
      },
      {
        "name": "박민우",
        "year": 24,
        "team": "NC",
        "pa": 528,
        "ops": 0.852,
        "avg": 0.328,
        "obp": 0.406,
        "slg": 0.446,
        "rbi": 50,
        "sb": 32,
        "hr": 8
      },
      {
        "name": "권희동",
        "year": 24,
        "team": "NC",
        "pa": 511,
        "ops": 0.869,
        "avg": 0.3,
        "obp": 0.417,
        "slg": 0.452,
        "rbi": 77,
        "sb": 4,
        "hr": 13
      },
      {
        "name": "김휘집",
        "year": 24,
        "team": "NC",
        "pa": 366,
        "ops": 0.784,
        "avg": 0.274,
        "obp": 0.357,
        "slg": 0.427,
        "rbi": 48,
        "sb": 4,
        "hr": 11
      },
      {
        "name": "손아섭",
        "year": 24,
        "team": "NC",
        "pa": 355,
        "ops": 0.71,
        "avg": 0.285,
        "obp": 0.314,
        "slg": 0.396,
        "rbi": 50,
        "sb": 6,
        "hr": 7
      },
      {
        "name": "김형준",
        "year": 24,
        "team": "NC",
        "pa": 414,
        "ops": 0.658,
        "avg": 0.195,
        "obp": 0.285,
        "slg": 0.373,
        "rbi": 50,
        "sb": 0,
        "hr": 17
      },
      {
        "name": "서호철",
        "year": 24,
        "team": "NC",
        "pa": 567,
        "ops": 0.735,
        "avg": 0.285,
        "obp": 0.342,
        "slg": 0.393,
        "rbi": 61,
        "sb": 1,
        "hr": 10
      }
    ]
  },
  {
    "generation": 26,
    "expected_score": 6.53,
    "lineup": [
      "박민우",
      "김주원",
      "박건우",
      "데이비슨",
      "권희동",
      "김휘집",
      "손아섭",
      "김형준",
      "서호철"
    ],
    "player_stats": [
      {
        "name": "박민우",
        "year": 24,
        "team": "NC",
        "pa": 528,
        "ops": 0.852,
        "avg": 0.328,
        "obp": 0.406,
        "slg": 0.446,
        "rbi": 50,
        "sb": 32,
        "hr": 8
      },
      {
        "name": "김주원",
        "year": 24,
        "team": "NC",
        "pa": 475,
        "ops": 0.75,
        "avg": 0.252,
        "obp": 0.371,
        "slg": 0.379,
        "rbi": 49,
        "sb": 16,
        "hr": 9
      },
      {
        "name": "박건우",
        "year": 24,
        "team": "NC",
        "pa": 362,
        "ops": 0.951,
        "avg": 0.344,
        "obp": 0.409,
        "slg": 0.542,
        "rbi": 53,
        "sb": 4,
        "hr": 13
      },
      {
        "name": "데이비슨",
        "year": 24,
        "team": "NC",
        "pa": 567,
        "ops": 1.003,
        "avg": 0.306,
        "obp": 0.37,
        "slg": 0.633,
        "rbi": 119,
        "sb": 0,
        "hr": 46
      },
      {
        "name": "권희동",
        "year": 24,
        "team": "NC",
        "pa": 511,
        "ops": 0.869,
        "avg": 0.3,
        "obp": 0.417,
        "slg": 0.452,
        "rbi": 77,
        "sb": 4,
        "hr": 13
      },
      {
        "name": "김휘집",
        "year": 24,
        "team": "NC",
        "pa": 366,
        "ops": 0.784,
        "avg": 0.274,
        "obp": 0.357,
        "slg": 0.427,
        "rbi": 48,
        "sb": 4,
        "hr": 11
      },
      {
        "name": "손아섭",
        "year": 24,
        "team": "NC",
        "pa": 355,
        "ops": 0.71,
        "avg": 0.285,
        "obp": 0.314,
        "slg": 0.396,
        "rbi": 50,
        "sb": 6,
        "hr": 7
      },
      {
        "name": "김형준",
        "year": 24,
        "team": "NC",
        "pa": 414,
        "ops": 0.658,
        "avg": 0.195,
        "obp": 0.285,
        "slg": 0.373,
        "rbi": 50,
        "sb": 0,
        "hr": 17
      },
      {
        "name": "서호철",
        "year": 24,
        "team": "NC",
        "pa": 567,
        "ops": 0.735,
        "avg": 0.285,
        "obp": 0.342,
        "slg": 0.393,
        "rbi": 61,
        "sb": 1,
        "hr": 10
      }
    ]
  },
  {
    "generation": 27,
    "expected_score": 6.51,
    "lineup": [
      "박건우",
      "김주원",
      "데이비슨",
      "박민우",
      "권희동",
      "김휘집",
      "손아섭",
      "김형준",
      "서호철"
    ],
    "player_stats": [
      {
        "name": "박건우",
        "year": 24,
        "team": "NC",
        "pa": 362,
        "ops": 0.951,
        "avg": 0.344,
        "obp": 0.409,
        "slg": 0.542,
        "rbi": 53,
        "sb": 4,
        "hr": 13
      },
      {
        "name": "김주원",
        "year": 24,
        "team": "NC",
        "pa": 475,
        "ops": 0.75,
        "avg": 0.252,
        "obp": 0.371,
        "slg": 0.379,
        "rbi": 49,
        "sb": 16,
        "hr": 9
      },
      {
        "name": "데이비슨",
        "year": 24,
        "team": "NC",
        "pa": 567,
        "ops": 1.003,
        "avg": 0.306,
        "obp": 0.37,
        "slg": 0.633,
        "rbi": 119,
        "sb": 0,
        "hr": 46
      },
      {
        "name": "박민우",
        "year": 24,
        "team": "NC",
        "pa": 528,
        "ops": 0.852,
        "avg": 0.328,
        "obp": 0.406,
        "slg": 0.446,
        "rbi": 50,
        "sb": 32,
        "hr": 8
      },
      {
        "name": "권희동",
        "year": 24,
        "team": "NC",
        "pa": 511,
        "ops": 0.869,
        "avg": 0.3,
        "obp": 0.417,
        "slg": 0.452,
        "rbi": 77,
        "sb": 4,
        "hr": 13
      },
      {
        "name": "김휘집",
        "year": 24,
        "team": "NC",
        "pa": 366,
        "ops": 0.784,
        "avg": 0.274,
        "obp": 0.357,
        "slg": 0.427,
        "rbi": 48,
        "sb": 4,
        "hr": 11
      },
      {
        "name": "손아섭",
        "year": 24,
        "team": "NC",
        "pa": 355,
        "ops": 0.71,
        "avg": 0.285,
        "obp": 0.314,
        "slg": 0.396,
        "rbi": 50,
        "sb": 6,
        "hr": 7
      },
      {
        "name": "김형준",
        "year": 24,
        "team": "NC",
        "pa": 414,
        "ops": 0.658,
        "avg": 0.195,
        "obp": 0.285,
        "slg": 0.373,
        "rbi": 50,
        "sb": 0,
        "hr": 17
      },
      {
        "name": "서호철",
        "year": 24,
        "team": "NC",
        "pa": 567,
        "ops": 0.735,
        "avg": 0.285,
        "obp": 0.342,
        "slg": 0.393,
        "rbi": 61,
        "sb": 1,
        "hr": 10
      }
    ]
  },
  {
    "generation": 28,
    "expected_score": 6.39,
    "lineup": [
      "김주원",
      "박건우",
      "데이비슨",
      "박민우",
      "권희동",
      "김휘집",
      "손아섭",
      "김형준",
      "서호철"
    ],
    "player_stats": [
      {
        "name": "김주원",
        "year": 24,
        "team": "NC",
        "pa": 475,
        "ops": 0.75,
        "avg": 0.252,
        "obp": 0.371,
        "slg": 0.379,
        "rbi": 49,
        "sb": 16,
        "hr": 9
      },
      {
        "name": "박건우",
        "year": 24,
        "team": "NC",
        "pa": 362,
        "ops": 0.951,
        "avg": 0.344,
        "obp": 0.409,
        "slg": 0.542,
        "rbi": 53,
        "sb": 4,
        "hr": 13
      },
      {
        "name": "데이비슨",
        "year": 24,
        "team": "NC",
        "pa": 567,
        "ops": 1.003,
        "avg": 0.306,
        "obp": 0.37,
        "slg": 0.633,
        "rbi": 119,
        "sb": 0,
        "hr": 46
      },
      {
        "name": "박민우",
        "year": 24,
        "team": "NC",
        "pa": 528,
        "ops": 0.852,
        "avg": 0.328,
        "obp": 0.406,
        "slg": 0.446,
        "rbi": 50,
        "sb": 32,
        "hr": 8
      },
      {
        "name": "권희동",
        "year": 24,
        "team": "NC",
        "pa": 511,
        "ops": 0.869,
        "avg": 0.3,
        "obp": 0.417,
        "slg": 0.452,
        "rbi": 77,
        "sb": 4,
        "hr": 13
      },
      {
        "name": "김휘집",
        "year": 24,
        "team": "NC",
        "pa": 366,
        "ops": 0.784,
        "avg": 0.274,
        "obp": 0.357,
        "slg": 0.427,
        "rbi": 48,
        "sb": 4,
        "hr": 11
      },
      {
        "name": "손아섭",
        "year": 24,
        "team": "NC",
        "pa": 355,
        "ops": 0.71,
        "avg": 0.285,
        "obp": 0.314,
        "slg": 0.396,
        "rbi": 50,
        "sb": 6,
        "hr": 7
      },
      {
        "name": "김형준",
        "year": 24,
        "team": "NC",
        "pa": 414,
        "ops": 0.658,
        "avg": 0.195,
        "obp": 0.285,
        "slg": 0.373,
        "rbi": 50,
        "sb": 0,
        "hr": 17
      },
      {
        "name": "서호철",
        "year": 24,
        "team": "NC",
        "pa": 567,
        "ops": 0.735,
        "avg": 0.285,
        "obp": 0.342,
        "slg": 0.393,
        "rbi": 61,
        "sb": 1,
        "hr": 10
      }
    ]
  },
  {
    "generation": 29,
    "expected_score": 6.2,
    "lineup": [
      "김주원",
      "박건우",
      "데이비슨",
      "박민우",
      "권희동",
      "김휘집",
      "손아섭",
      "김형준",
      "서호철"
    ],
    "player_stats": [
      {
        "name": "김주원",
        "year": 24,
        "team": "NC",
        "pa": 475,
        "ops": 0.75,
        "avg": 0.252,
        "obp": 0.371,
        "slg": 0.379,
        "rbi": 49,
        "sb": 16,
        "hr": 9
      },
      {
        "name": "박건우",
        "year": 24,
        "team": "NC",
        "pa": 362,
        "ops": 0.951,
        "avg": 0.344,
        "obp": 0.409,
        "slg": 0.542,
        "rbi": 53,
        "sb": 4,
        "hr": 13
      },
      {
        "name": "데이비슨",
        "year": 24,
        "team": "NC",
        "pa": 567,
        "ops": 1.003,
        "avg": 0.306,
        "obp": 0.37,
        "slg": 0.633,
        "rbi": 119,
        "sb": 0,
        "hr": 46
      },
      {
        "name": "박민우",
        "year": 24,
        "team": "NC",
        "pa": 528,
        "ops": 0.852,
        "avg": 0.328,
        "obp": 0.406,
        "slg": 0.446,
        "rbi": 50,
        "sb": 32,
        "hr": 8
      },
      {
        "name": "권희동",
        "year": 24,
        "team": "NC",
        "pa": 511,
        "ops": 0.869,
        "avg": 0.3,
        "obp": 0.417,
        "slg": 0.452,
        "rbi": 77,
        "sb": 4,
        "hr": 13
      },
      {
        "name": "김휘집",
        "year": 24,
        "team": "NC",
        "pa": 366,
        "ops": 0.784,
        "avg": 0.274,
        "obp": 0.357,
        "slg": 0.427,
        "rbi": 48,
        "sb": 4,
        "hr": 11
      },
      {
        "name": "손아섭",
        "year": 24,
        "team": "NC",
        "pa": 355,
        "ops": 0.71,
        "avg": 0.285,
        "obp": 0.314,
        "slg": 0.396,
        "rbi": 50,
        "sb": 6,
        "hr": 7
      },
      {
        "name": "김형준",
        "year": 24,
        "team": "NC",
        "pa": 414,
        "ops": 0.658,
        "avg": 0.195,
        "obp": 0.285,
        "slg": 0.373,
        "rbi": 50,
        "sb": 0,
        "hr": 17
      },
      {
        "name": "서호철",
        "year": 24,
        "team": "NC",
        "pa": 567,
        "ops": 0.735,
        "avg": 0.285,
        "obp": 0.342,
        "slg": 0.393,
        "rbi": 61,
        "sb": 1,
        "hr": 10
      }
    ]
  },
  {
    "generation": 30,
    "expected_score": 6.515,
    "lineup": [
      "김주원",
      "박민우",
      "데이비슨",
      "손아섭",
      "박건우",
      "권희동",
      "김휘집",
      "김형준",
      "서호철"
    ],
    "player_stats": [
      {
        "name": "김주원",
        "year": 24,
        "team": "NC",
        "pa": 475,
        "ops": 0.75,
        "avg": 0.252,
        "obp": 0.371,
        "slg": 0.379,
        "rbi": 49,
        "sb": 16,
        "hr": 9
      },
      {
        "name": "박민우",
        "year": 24,
        "team": "NC",
        "pa": 528,
        "ops": 0.852,
        "avg": 0.328,
        "obp": 0.406,
        "slg": 0.446,
        "rbi": 50,
        "sb": 32,
        "hr": 8
      },
      {
        "name": "데이비슨",
        "year": 24,
        "team": "NC",
        "pa": 567,
        "ops": 1.003,
        "avg": 0.306,
        "obp": 0.37,
        "slg": 0.633,
        "rbi": 119,
        "sb": 0,
        "hr": 46
      },
      {
        "name": "손아섭",
        "year": 24,
        "team": "NC",
        "pa": 355,
        "ops": 0.71,
        "avg": 0.285,
        "obp": 0.314,
        "slg": 0.396,
        "rbi": 50,
        "sb": 6,
        "hr": 7
      },
      {
        "name": "박건우",
        "year": 24,
        "team": "NC",
        "pa": 362,
        "ops": 0.951,
        "avg": 0.344,
        "obp": 0.409,
        "slg": 0.542,
        "rbi": 53,
        "sb": 4,
        "hr": 13
      },
      {
        "name": "권희동",
        "year": 24,
        "team": "NC",
        "pa": 511,
        "ops": 0.869,
        "avg": 0.3,
        "obp": 0.417,
        "slg": 0.452,
        "rbi": 77,
        "sb": 4,
        "hr": 13
      },
      {
        "name": "김휘집",
        "year": 24,
        "team": "NC",
        "pa": 366,
        "ops": 0.784,
        "avg": 0.274,
        "obp": 0.357,
        "slg": 0.427,
        "rbi": 48,
        "sb": 4,
        "hr": 11
      },
      {
        "name": "김형준",
        "year": 24,
        "team": "NC",
        "pa": 414,
        "ops": 0.658,
        "avg": 0.195,
        "obp": 0.285,
        "slg": 0.373,
        "rbi": 50,
        "sb": 0,
        "hr": 17
      },
      {
        "name": "서호철",
        "year": 24,
        "team": "NC",
        "pa": 567,
        "ops": 0.735,
        "avg": 0.285,
        "obp": 0.342,
        "slg": 0.393,
        "rbi": 61,
        "sb": 1,
        "hr": 10
      }
    ]
  }
]