[
  {
    "generation": 1,
    "expected_score": 5.52,
    "lineup": [
      "추신수",
      "하재훈",
      "한유섬",
      "이지영",
      "최지훈",
      "박성한",
      "에레디아",
      "최정",
      "고명준"
    ],
    "player_stats": [
      {
        "name": "추신수",
        "year": 24,
        "team": "SSG",
        "pa": 302,
        "ops": 0.776,
        "avg": 0.281,
        "obp": 0.373,
        "slg": 0.403,
        "rbi": 37,
        "sb": 5,
        "hr": 5
      },
      {
        "name": "하재훈",
        "year": 24,
        "team": "SSG",
        "pa": 317,
        "ops": 0.709,
        "avg": 0.248,
        "obp": 0.292,
        "slg": 0.417,
        "rbi": 36,
        "sb": 15,
        "hr": 10
      },
      {
        "name": "한유섬",
        "year": 24,
        "team": "SSG",
        "pa": 523,
        "ops": 0.767,
        "avg": 0.235,
        "obp": 0.314,
        "slg": 0.453,
        "rbi": 87,
        "sb": 0,
        "hr": 24
      },
      {
        "name": "이지영",
        "year": 24,
        "team": "SSG",
        "pa": 432,
        "ops": 0.669,
        "avg": 0.279,
        "obp": 0.32,
        "slg": 0.349,
        "rbi": 50,
        "sb": 8,
        "hr": 5
      },
      {
        "name": "최지훈",
        "year": 24,
        "team": "SSG",
        "pa": 543,
        "ops": 0.763,
        "avg": 0.275,
        "obp": 0.345,
        "slg": 0.418,
        "rbi": 49,
        "sb": 32,
        "hr": 11
      },
      {
        "name": "박성한",
        "year": 24,
        "team": "SSG",
        "pa": 564,
        "ops": 0.791,
        "avg": 0.301,
        "obp": 0.38,
        "slg": 0.411,
        "rbi": 67,
        "sb": 13,
        "hr": 10
      },
      {
        "name": "에레디아",
        "year": 24,
        "team": "SSG",
        "pa": 591,
        "ops": 0.937,
        "avg": 0.36,
        "obp": 0.399,
        "slg": 0.538,
        "rbi": 118,
        "sb": 4,
        "hr": 21
      },
      {
        "name": "최정",
        "year": 24,
        "team": "SSG",
        "pa": 550,
        "ops": 0.978,
        "avg": 0.291,
        "obp": 0.384,
        "slg": 0.594,
        "rbi": 107,
        "sb": 5,
        "hr": 37
      },
      {
        "name": "고명준",
        "year": 24,
        "team": "SSG",
        "pa": 366,
        "ops": 0.688,
        "avg": 0.25,
        "obp": 0.303,
        "slg": 0.385,
        "rbi": 45,
        "sb": 3,
        "hr": 11
      }
    ]
  },
  {
    "generation": 2,
    "expected_score": 5.625,
    "lineup": [
      "한유섬",
      "박성한",
      "최지훈",
      "하재훈",
      "이지영",
      "고명준",
      "에레디아",
      "최정",
      "추신수"
    ],
    "player_stats": [
      {
        "name": "한유섬",
        "year": 24,
        "team": "SSG",
        "pa": 523,
        "ops": 0.767,
        "avg": 0.235,
        "obp": 0.314,
        "slg": 0.453,
        "rbi": 87,
        "sb": 0,
        "hr": 24
      },
      {
        "name": "박성한",
        "year": 24,
        "team": "SSG",
        "pa": 564,
        "ops": 0.791,
        "avg": 0.301,
        "obp": 0.38,
        "slg": 0.411,
        "rbi": 67,
        "sb": 13,
        "hr": 10
      },
      {
        "name": "최지훈",
        "year": 24,
        "team": "SSG",
        "pa": 543,
        "ops": 0.763,
        "avg": 0.275,
        "obp": 0.345,
        "slg": 0.418,
        "rbi": 49,
        "sb": 32,
        "hr": 11
      },
      {
        "name": "하재훈",
        "year": 24,
        "team": "SSG",
        "pa": 317,
        "ops": 0.709,
        "avg": 0.248,
        "obp": 0.292,
        "slg": 0.417,
        "rbi": 36,
        "sb": 15,
        "hr": 10
      },
      {
        "name": "이지영",
        "year": 24,
        "team": "SSG",
        "pa": 432,
        "ops": 0.669,
        "avg": 0.279,
        "obp": 0.32,
        "slg": 0.349,
        "rbi": 50,
        "sb": 8,
        "hr": 5
      },
      {
        "name": "고명준",
        "year": 24,
        "team": "SSG",
        "pa": 366,
        "ops": 0.688,
        "avg": 0.25,
        "obp": 0.303,
        "slg": 0.385,
        "rbi": 45,
        "sb": 3,
        "hr": 11
      },
      {
        "name": "에레디아",
        "year": 24,
        "team": "SSG",
        "pa": 591,
        "ops": 0.937,
        "avg": 0.36,
        "obp": 0.399,
        "slg": 0.538,
        "rbi": 118,
        "sb": 4,
        "hr": 21
      },
      {
        "name": "최정",
        "year": 24,
        "team": "SSG",
        "pa": 550,
        "ops": 0.978,
        "avg": 0.291,
        "obp": 0.384,
        "slg": 0.594,
        "rbi": 107,
        "sb": 5,
        "hr": 37
      },
      {
        "name": "추신수",
        "year": 24,
        "team": "SSG",
        "pa": 302,
        "ops": 0.776,
        "avg": 0.281,
        "obp": 0.373,
        "slg": 0.403,
        "rbi": 37,
        "sb": 5,
        "hr": 5
      }
    ]
  },
  {
    "generation": 3,
    "expected_score": 5.605,
    "lineup": [
      "한유섬",
      "박성한",
      "하재훈",
      "최정",
      "추신수",
      "고명준",
      "에레디아",
      "이지영",
      "최지훈"
    ],
    "player_stats": [
      {
        "name": "한유섬",
        "year": 24,
        "team": "SSG",
        "pa": 523,
        "ops": 0.767,
        "avg": 0.235,
        "obp": 0.314,
        "slg": 0.453,
        "rbi": 87,
        "sb": 0,
        "hr": 24
      },
      {
        "name": "박성한",
        "year": 24,
        "team": "SSG",
        "pa": 564,
        "ops": 0.791,
        "avg": 0.301,
        "obp": 0.38,
        "slg": 0.411,
        "rbi": 67,
        "sb": 13,
        "hr": 10
      },
      {
        "name": "하재훈",
        "year": 24,
        "team": "SSG",
        "pa": 317,
        "ops": 0.709,
        "avg": 0.248,
        "obp": 0.292,
        "slg": 0.417,
        "rbi": 36,
        "sb": 15,
        "hr": 10
      },
      {
        "name": "최정",
        "year": 24,
        "team": "SSG",
        "pa": 550,
        "ops": 0.978,
        "avg": 0.291,
        "obp": 0.384,
        "slg": 0.594,
        "rbi": 107,
        "sb": 5,
        "hr": 37
      },
      {
        "name": "추신수",
        "year": 24,
        "team": "SSG",
        "pa": 302,
        "ops": 0.776,
        "avg": 0.281,
        "obp": 0.373,
        "slg": 0.403,
        "rbi": 37,
        "sb": 5,
        "hr": 5
      },
      {
        "name": "고명준",
        "year": 24,
        "team": "SSG",
        "pa": 366,
        "ops": 0.688,
        "avg": 0.25,
        "obp": 0.303,
        "slg": 0.385,
        "rbi": 45,
        "sb": 3,
        "hr": 11
      },
      {
        "name": "에레디아",
        "year": 24,
        "team": "SSG",
        "pa": 591,
        "ops": 0.937,
        "avg": 0.36,
        "obp": 0.399,
        "slg": 0.538,
        "rbi": 118,
        "sb": 4,
        "hr": 21
      },
      {
        "name": "이지영",
        "year": 24,
        "team": "SSG",
        "pa": 432,
        "ops": 0.669,
        "avg": 0.279,
        "obp": 0.32,
        "slg": 0.349,
        "rbi": 50,
        "sb": 8,
        "hr": 5
      },
      {
        "name": "최지훈",
        "year": 24,
        "team": "SSG",
        "pa": 543,
        "ops": 0.763,
        "avg": 0.275,
        "obp": 0.345,
        "slg": 0.418,
        "rbi": 49,
        "sb": 32,
        "hr": 11
      }
    ]
  },
  {
    "generation": 4,
    "expected_score": 5.715,
    "lineup": [
      "최정",
      "한유섬",
      "박성한",
      "하재훈",
      "추신수",
      "고명준",
      "에레디아",
      "이지영",
      "최지훈"
    ],
    "player_stats": [
      {
        "name": "최정",
        "year": 24,
        "team": "SSG",
        "pa": 550,
        "ops": 0.978,
        "avg": 0.291,
        "obp": 0.384,
        "slg": 0.594,
        "rbi": 107,
        "sb": 5,
        "hr": 37
      },
      {
        "name": "한유섬",
        "year": 24,
        "team": "SSG",
        "pa": 523,
        "ops": 0.767,
        "avg": 0.235,
        "obp": 0.314,
        "slg": 0.453,
        "rbi": 87,
        "sb": 0,
        "hr": 24
      },
      {
        "name": "박성한",
        "year": 24,
        "team": "SSG",
        "pa": 564,
        "ops": 0.791,
        "avg": 0.301,
        "obp": 0.38,
        "slg": 0.411,
        "rbi": 67,
        "sb": 13,
        "hr": 10
      },
      {
        "name": "하재훈",
        "year": 24,
        "team": "SSG",
        "pa": 317,
        "ops": 0.709,
        "avg": 0.248,
        "obp": 0.292,
        "slg": 0.417,
        "rbi": 36,
        "sb": 15,
        "hr": 10
      },
      {
        "name": "추신수",
        "year": 24,
        "team": "SSG",
        "pa": 302,
        "ops": 0.776,
        "avg": 0.281,
        "obp": 0.373,
        "slg": 0.403,
        "rbi": 37,
        "sb": 5,
        "hr": 5
      },
      {
        "name": "고명준",
        "year": 24,
        "team": "SSG",
        "pa": 366,
        "ops": 0.688,
        "avg": 0.25,
        "obp": 0.303,
        "slg": 0.385,
        "rbi": 45,
        "sb": 3,
        "hr": 11
      },
      {
        "name": "에레디아",
        "year": 24,
        "team": "SSG",
        "pa": 591,
        "ops": 0.937,
        "avg": 0.36,
        "obp": 0.399,
        "slg": 0.538,
        "rbi": 118,
        "sb": 4,
        "hr": 21
      },
      {
        "name": "이지영",
        "year": 24,
        "team": "SSG",
        "pa": 432,
        "ops": 0.669,
        "avg": 0.279,
        "obp": 0.32,
        "slg": 0.349,
        "rbi": 50,
        "sb": 8,
        "hr": 5
      },
      {
        "name": "최지훈",
        "year": 24,
        "team": "SSG",
        "pa": 543,
        "ops": 0.763,
        "avg": 0.275,
        "obp": 0.345,
        "slg": 0.418,
        "rbi": 49,
        "sb": 32,
        "hr": 11
      }
    ]
  },
  {
    "generation": 5,
    "expected_score": 5.715,
    "lineup": [
      "추신수",
      "에레디아",
      "최지훈",
      "하재훈",
      "고명준",
      "이지영",
      "최정",
      "박성한",
      "한유섬"
    ],
    "player_stats": [
      {
        "name": "추신수",
        "year": 24,
        "team": "SSG",
        "pa": 302,
        "ops": 0.776,
        "avg": 0.281,
        "obp": 0.373,
        "slg": 0.403,
        "rbi": 37,
        "sb": 5,
        "hr": 5
      },
      {
        "name": "에레디아",
        "year": 24,
        "team": "SSG",
        "pa": 591,
        "ops": 0.937,
        "avg": 0.36,
        "obp": 0.399,
        "slg": 0.538,
        "rbi": 118,
        "sb": 4,
        "hr": 21
      },
      {
        "name": "최지훈",
        "year": 24,
        "team": "SSG",
        "pa": 543,
        "ops": 0.763,
        "avg": 0.275,
        "obp": 0.345,
        "slg": 0.418,
        "rbi": 49,
        "sb": 32,
        "hr": 11
      },
      {
        "name": "하재훈",
        "year": 24,
        "team": "SSG",
        "pa": 317,
        "ops": 0.709,
        "avg": 0.248,
        "obp": 0.292,
        "slg": 0.417,
        "rbi": 36,
        "sb": 15,
        "hr": 10
      },
      {
        "name": "고명준",
        "year": 24,
        "team": "SSG",
        "pa": 366,
        "ops": 0.688,
        "avg": 0.25,
        "obp": 0.303,
        "slg": 0.385,
        "rbi": 45,
        "sb": 3,
        "hr": 11
      },
      {
        "name": "이지영",
        "year": 24,
        "team": "SSG",
        "pa": 432,
        "ops": 0.669,
        "avg": 0.279,
        "obp": 0.32,
        "slg": 0.349,
        "rbi": 50,
        "sb": 8,
        "hr": 5
      },
      {
        "name": "최정",
        "year": 24,
        "team": "SSG",
        "pa": 550,
        "ops": 0.978,
        "avg": 0.291,
        "obp": 0.384,
        "slg": 0.594,
        "rbi": 107,
        "sb": 5,
        "hr": 37
      },
      {
        "name": "박성한",
        "year": 24,
        "team": "SSG",
        "pa": 564,
        "ops": 0.791,
        "avg": 0.301,
        "obp": 0.38,
        "slg": 0.411,
        "rbi": 67,
        "sb": 13,
        "hr": 10
      },
      {
        "name": "한유섬",
        "year": 24,
        "team": "SSG",
        "pa": 523,
        "ops": 0.767,
        "avg": 0.235,
        "obp": 0.314,
        "slg": 0.453,
        "rbi": 87,
        "sb": 0,
        "hr": 24
      }
    ]
  },
  {
    "generation": 6,
    "expected_score": 5.695,
    "lineup": [
      "한유섬",
      "박성한",
      "추신수",
      "하재훈",
      "고명준",
      "이지영",
      "최정",
      "에레디아",
      "최지훈"
    ],
    "player_stats": [
      {
        "name": "한유섬",
        "year": 24,
        "team": "SSG",
        "pa": 523,
        "ops": 0.767,
        "avg": 0.235,
        "obp": 0.314,
        "slg": 0.453,
        "rbi": 87,
        "sb": 0,
        "hr": 24
      },
      {
        "name": "박성한",
        "year": 24,
        "team": "SSG",
        "pa": 564,
        "ops": 0.791,
        "avg": 0.301,
        "obp": 0.38,
        "slg": 0.411,
        "rbi": 67,
        "sb": 13,
        "hr": 10
      },
      {
        "name": "추신수",
        "year": 24,
        "team": "SSG",
        "pa": 302,
        "ops": 0.776,
        "avg": 0.281,
        "obp": 0.373,
        "slg": 0.403,
        "rbi": 37,
        "sb": 5,
        "hr": 5
      },
      {
        "name": "하재훈",
        "year": 24,
        "team": "SSG",
        "pa": 317,
        "ops": 0.709,
        "avg": 0.248,
        "obp": 0.292,
        "slg": 0.417,
        "rbi": 36,
        "sb": 15,
        "hr": 10
      },
      {
        "name": "고명준",
        "year": 24,
        "team": "SSG",
        "pa": 366,
        "ops": 0.688,
        "avg": 0.25,
        "obp": 0.303,
        "slg": 0.385,
        "rbi": 45,
        "sb": 3,
        "hr": 11
      },
      {
        "name": "이지영",
        "year": 24,
        "team": "SSG",
        "pa": 432,
        "ops": 0.669,
        "avg": 0.279,
        "obp": 0.32,
        "slg": 0.349,
        "rbi": 50,
        "sb": 8,
        "hr": 5
      },
      {
        "name": "최정",
        "year": 24,
        "team": "SSG",
        "pa": 550,
        "ops": 0.978,
        "avg": 0.291,
        "obp": 0.384,
        "slg": 0.594,
        "rbi": 107,
        "sb": 5,
        "hr": 37
      },
      {
        "name": "에레디아",
        "year": 24,
        "team": "SSG",
        "pa": 591,
        "ops": 0.937,
        "avg": 0.36,
        "obp": 0.399,
        "slg": 0.538,
        "rbi": 118,
        "sb": 4,
        "hr": 21
      },
      {
        "name": "최지훈",
        "year": 24,
        "team": "SSG",
        "pa": 543,
        "ops": 0.763,
        "avg": 0.275,
        "obp": 0.345,
        "slg": 0.418,
        "rbi": 49,
        "sb": 32,
        "hr": 11
      }
    ]
  },
  {
    "generation": 7,
    "expected_score": 5.675,
    "lineup": [
      "최지훈",
      "박성한",
      "하재훈",
      "에레디아",
      "추신수",
      "이지영",
      "최정",
      "한유섬",
      "고명준"
    ],
    "player_stats": [
      {
        "name": "최지훈",
        "year": 24,
        "team": "SSG",
        "pa": 543,
        "ops": 0.763,
        "avg": 0.275,
        "obp": 0.345,
        "slg": 0.418,
        "rbi": 49,
        "sb": 32,
        "hr": 11
      },
      {
        "name": "박성한",
        "year": 24,
        "team": "SSG",
        "pa": 564,
        "ops": 0.791,
        "avg": 0.301,
        "obp": 0.38,
        "slg": 0.411,
        "rbi": 67,
        "sb": 13,
        "hr": 10
      },
      {
        "name": "하재훈",
        "year": 24,
        "team": "SSG",
        "pa": 317,
        "ops": 0.709,
        "avg": 0.248,
        "obp": 0.292,
        "slg": 0.417,
        "rbi": 36,
        "sb": 15,
        "hr": 10
      },
      {
        "name": "에레디아",
        "year": 24,
        "team": "SSG",
        "pa": 591,
        "ops": 0.937,
        "avg": 0.36,
        "obp": 0.399,
        "slg": 0.538,
        "rbi": 118,
        "sb": 4,
        "hr": 21
      },
      {
        "name": "추신수",
        "year": 24,
        "team": "SSG",
        "pa": 302,
        "ops": 0.776,
        "avg": 0.281,
        "obp": 0.373,
        "slg": 0.403,
        "rbi": 37,
        "sb": 5,
        "hr": 5
      },
      {
        "name": "이지영",
        "year": 24,
        "team": "SSG",
        "pa": 432,
        "ops": 0.669,
        "avg": 0.279,
        "obp": 0.32,
        "slg": 0.349,
        "rbi": 50,
        "sb": 8,
        "hr": 5
      },
      {
        "name": "최정",
        "year": 24,
        "team": "SSG",
        "pa": 550,
        "ops": 0.978,
        "avg": 0.291,
        "obp": 0.384,
        "slg": 0.594,
        "rbi": 107,
        "sb": 5,
        "hr": 37
      },
      {
        "name": "한유섬",
        "year": 24,
        "team": "SSG",
        "pa": 523,
        "ops": 0.767,
        "avg": 0.235,
        "obp": 0.314,
        "slg": 0.453,
        "rbi": 87,
        "sb": 0,
        "hr": 24
      },
      {
        "name": "고명준",
        "year": 24,
        "team": "SSG",
        "pa": 366,
        "ops": 0.688,
        "avg": 0.25,
        "obp": 0.303,
        "slg": 0.385,
        "rbi": 45,
        "sb": 3,
        "hr": 11
      }
    ]
  },
  {
    "generation": 8,
    "expected_score": 5.895,
    "lineup": [
      "추신수",
      "고명준",
      "박성한",
      "이지영",
      "최정",
      "최지훈",
      "한유섬",
      "하재훈",
      "에레디아"
    ],
    "player_stats": [
      {
        "name": "추신수",
        "year": 24,
        "team": "SSG",
        "pa": 302,
        "ops": 0.776,
        "avg": 0.281,
        "obp": 0.373,
        "slg": 0.403,
        "rbi": 37,
        "sb": 5,
        "hr": 5
      },
      {
        "name": "고명준",
        "year": 24,
        "team": "SSG",
        "pa": 366,
        "ops": 0.688,
        "avg": 0.25,
        "obp": 0.303,
        "slg": 0.385,
        "rbi": 45,
        "sb": 3,
        "hr": 11
      },
      {
        "name": "박성한",
        "year": 24,
        "team": "SSG",
        "pa": 564,
        "ops": 0.791,
        "avg": 0.301,
        "obp": 0.38,
        "slg": 0.411,
        "rbi": 67,
        "sb": 13,
        "hr": 10
      },
      {
        "name": "이지영",
        "year": 24,
        "team": "SSG",
        "pa": 432,
        "ops": 0.669,
        "avg": 0.279,
        "obp": 0.32,
        "slg": 0.349,
        "rbi": 50,
        "sb": 8,
        "hr": 5
      },
      {
        "name": "최정",
        "year": 24,
        "team": "SSG",
        "pa": 550,
        "ops": 0.978,
        "avg": 0.291,
        "obp": 0.384,
        "slg": 0.594,
        "rbi": 107,
        "sb": 5,
        "hr": 37
      },
      {
        "name": "최지훈",
        "year": 24,
        "team": "SSG",
        "pa": 543,
        "ops": 0.763,
        "avg": 0.275,
        "obp": 0.345,
        "slg": 0.418,
        "rbi": 49,
        "sb": 32,
        "hr": 11
      },
      {
        "name": "한유섬",
        "year": 24,
        "team": "SSG",
        "pa": 523,
        "ops": 0.767,
        "avg": 0.235,
        "obp": 0.314,
        "slg": 0.453,
        "rbi": 87,
        "sb": 0,
        "hr": 24
      },
      {
        "name": "하재훈",
        "year": 24,
        "team": "SSG",
        "pa": 317,
        "ops": 0.709,
        "avg": 0.248,
        "obp": 0.292,
        "slg": 0.417,
        "rbi": 36,
        "sb": 15,
        "hr": 10
      },
      {
        "name": "에레디아",
        "year": 24,
        "team": "SSG",
        "pa": 591,
        "ops": 0.937,
        "avg": 0.36,
        "obp": 0.399,
        "slg": 0.538,
        "rbi": 118,
        "sb": 4,
        "hr": 21
      }
    ]
  },
  {
    "generation": 9,
    "expected_score": 5.655,
    "lineup": [
      "추신수",
      "최지훈",
      "박성한",
      "고명준",
      "에레디아",
      "하재훈",
      "한유섬",
      "최정",
      "이지영"
    ],
    "player_stats": [
      {
        "name": "추신수",
        "year": 24,
        "team": "SSG",
        "pa": 302,
        "ops": 0.776,
        "avg": 0.281,
        "obp": 0.373,
        "slg": 0.403,
        "rbi": 37,
        "sb": 5,
        "hr": 5
      },
      {
        "name": "최지훈",
        "year": 24,
        "team": "SSG",
        "pa": 543,
        "ops": 0.763,
        "avg": 0.275,
        "obp": 0.345,
        "slg": 0.418,
        "rbi": 49,
        "sb": 32,
        "hr": 11
      },
      {
        "name": "박성한",
        "year": 24,
        "team": "SSG",
        "pa": 564,
        "ops": 0.791,
        "avg": 0.301,
        "obp": 0.38,
        "slg": 0.411,
        "rbi": 67,
        "sb": 13,
        "hr": 10
      },
      {
        "name": "고명준",
        "year": 24,
        "team": "SSG",
        "pa": 366,
        "ops": 0.688,
        "avg": 0.25,
        "obp": 0.303,
        "slg": 0.385,
        "rbi": 45,
        "sb": 3,
        "hr": 11
      },
      {
        "name": "에레디아",
        "year": 24,
        "team": "SSG",
        "pa": 591,
        "ops": 0.937,
        "avg": 0.36,
        "obp": 0.399,
        "slg": 0.538,
        "rbi": 118,
        "sb": 4,
        "hr": 21
      },
      {
        "name": "하재훈",
        "year": 24,
        "team": "SSG",
        "pa": 317,
        "ops": 0.709,
        "avg": 0.248,
        "obp": 0.292,
        "slg": 0.417,
        "rbi": 36,
        "sb": 15,
        "hr": 10
      },
      {
        "name": "한유섬",
        "year": 24,
        "team": "SSG",
        "pa": 523,
        "ops": 0.767,
        "avg": 0.235,
        "obp": 0.314,
        "slg": 0.453,
        "rbi": 87,
        "sb": 0,
        "hr": 24
      },
      {
        "name": "최정",
        "year": 24,
        "team": "SSG",
        "pa": 550,
        "ops": 0.978,
        "avg": 0.291,
        "obp": 0.384,
        "slg": 0.594,
        "rbi": 107,
        "sb": 5,
        "hr": 37
      },
      {
        "name": "이지영",
        "year": 24,
        "team": "SSG",
        "pa": 432,
        "ops": 0.669,
        "avg": 0.279,
        "obp": 0.32,
        "slg": 0.349,
        "rbi": 50,
        "sb": 8,
        "hr": 5
      }
    ]
  },
  {
    "generation": 10,
    "expected_score": 5.59,
    "lineup": [
      "추신수",
      "박성한",
      "이지영",
      "최정",
      "고명준",
      "최지훈",
      "한유섬",
      "하재훈",
      "에레디아"
    ],
    "player_stats": [
      {
        "name": "추신수",
        "year": 24,
        "team": "SSG",
        "pa": 302,
        "ops": 0.776,
        "avg": 0.281,
        "obp": 0.373,
        "slg": 0.403,
        "rbi": 37,
        "sb": 5,
        "hr": 5
      },
      {
        "name": "박성한",
        "year": 24,
        "team": "SSG",
        "pa": 564,
        "ops": 0.791,
        "avg": 0.301,
        "obp": 0.38,
        "slg": 0.411,
        "rbi": 67,
        "sb": 13,
        "hr": 10
      },
      {
        "name": "이지영",
        "year": 24,
        "team": "SSG",
        "pa": 432,
        "ops": 0.669,
        "avg": 0.279,
        "obp": 0.32,
        "slg": 0.349,
        "rbi": 50,
        "sb": 8,
        "hr": 5
      },
      {
        "name": "최정",
        "year": 24,
        "team": "SSG",
        "pa": 550,
        "ops": 0.978,
        "avg": 0.291,
        "obp": 0.384,
        "slg": 0.594,
        "rbi": 107,
        "sb": 5,
        "hr": 37
      },
      {
        "name": "고명준",
        "year": 24,
        "team": "SSG",
        "pa": 366,
        "ops": 0.688,
        "avg": 0.25,
        "obp": 0.303,
        "slg": 0.385,
        "rbi": 45,
        "sb": 3,
        "hr": 11
      },
      {
        "name": "최지훈",
        "year": 24,
        "team": "SSG",
        "pa": 543,
        "ops": 0.763,
        "avg": 0.275,
        "obp": 0.345,
        "slg": 0.418,
        "rbi": 49,
        "sb": 32,
        "hr": 11
      },
      {
        "name": "한유섬",
        "year": 24,
        "team": "SSG",
        "pa": 523,
        "ops": 0.767,
        "avg": 0.235,
        "obp": 0.314,
        "slg": 0.453,
        "rbi": 87,
        "sb": 0,
        "hr": 24
      },
      {
        "name": "하재훈",
        "year": 24,
        "team": "SSG",
        "pa": 317,
        "ops": 0.709,
        "avg": 0.248,
        "obp": 0.292,
        "slg": 0.417,
        "rbi": 36,
        "sb": 15,
        "hr": 10
      },
      {
        "name": "에레디아",
        "year": 24,
        "team": "SSG",
        "pa": 591,
        "ops": 0.937,
        "avg": 0.36,
        "obp": 0.399,
        "slg": 0.538,
        "rbi": 118,
        "sb": 4,
        "hr": 21
      }
    ]
  },
  {
    "generation": 11,
    "expected_score": 5.65,
    "lineup": [
      "박성한",
      "하재훈",
      "추신수",
      "이지영",
      "최정",
      "고명준",
      "최지훈",
      "에레디아",
      "한유섬"
    ],
    "player_stats": [
      {
        "name": "박성한",
        "year": 24,
        "team": "SSG",
        "pa": 564,
        "ops": 0.791,
        "avg": 0.301,
        "obp": 0.38,
        "slg": 0.411,
        "rbi": 67,
        "sb": 13,
        "hr": 10
      },
      {
        "name": "하재훈",
        "year": 24,
        "team": "SSG",
        "pa": 317,
        "ops": 0.709,
        "avg": 0.248,
        "obp": 0.292,
        "slg": 0.417,
        "rbi": 36,
        "sb": 15,
        "hr": 10
      },
      {
        "name": "추신수",
        "year": 24,
        "team": "SSG",
        "pa": 302,
        "ops": 0.776,
        "avg": 0.281,
        "obp": 0.373,
        "slg": 0.403,
        "rbi": 37,
        "sb": 5,
        "hr": 5
      },
      {
        "name": "이지영",
        "year": 24,
        "team": "SSG",
        "pa": 432,
        "ops": 0.669,
        "avg": 0.279,
        "obp": 0.32,
        "slg": 0.349,
        "rbi": 50,
        "sb": 8,
        "hr": 5
      },
      {
        "name": "최정",
        "year": 24,
        "team": "SSG",
        "pa": 550,
        "ops": 0.978,
        "avg": 0.291,
        "obp": 0.384,
        "slg": 0.594,
        "rbi": 107,
        "sb": 5,
        "hr": 37
      },
      {
        "name": "고명준",
        "year": 24,
        "team": "SSG",
        "pa": 366,
        "ops": 0.688,
        "avg": 0.25,
        "obp": 0.303,
        "slg": 0.385,
        "rbi": 45,
        "sb": 3,
        "hr": 11
      },
      {
        "name": "최지훈",
        "year": 24,
        "team": "SSG",
        "pa": 543,
        "ops": 0.763,
        "avg": 0.275,
        "obp": 0.345,
        "slg": 0.418,
        "rbi": 49,
        "sb": 32,
        "hr": 11
      },
      {
        "name": "에레디아",
        "year": 24,
        "team": "SSG",
        "pa": 591,
        "ops": 0.937,
        "avg": 0.36,
        "obp": 0.399,
        "slg": 0.538,
        "rbi": 118,
        "sb": 4,
        "hr": 21
      },
      {
        "name": "한유섬",
        "year": 24,
        "team": "SSG",
        "pa": 523,
        "ops": 0.767,
        "avg": 0.235,
        "obp": 0.314,
        "slg": 0.453,
        "rbi": 87,
        "sb": 0,
        "hr": 24
      }
    ]
  },
  {
    "generation": 12,
    "expected_score": 5.435,
    "lineup": [
      "추신수",
      "박성한",
      "이지영",
      "최정",
      "고명준",
      "최지훈",
      "에레디아",
      "하재훈",
      "한유섬"
    ],
    "player_stats": [
      {
        "name": "추신수",
        "year": 24,
        "team": "SSG",
        "pa": 302,
        "ops": 0.776,
        "avg": 0.281,
        "obp": 0.373,
        "slg": 0.403,
        "rbi": 37,
        "sb": 5,
        "hr": 5
      },
      {
        "name": "박성한",
        "year": 24,
        "team": "SSG",
        "pa": 564,
        "ops": 0.791,
        "avg": 0.301,
        "obp": 0.38,
        "slg": 0.411,
        "rbi": 67,
        "sb": 13,
        "hr": 10
      },
      {
        "name": "이지영",
        "year": 24,
        "team": "SSG",
        "pa": 432,
        "ops": 0.669,
        "avg": 0.279,
        "obp": 0.32,
        "slg": 0.349,
        "rbi": 50,
        "sb": 8,
        "hr": 5
      },
      {
        "name": "최정",
        "year": 24,
        "team": "SSG",
        "pa": 550,
        "ops": 0.978,
        "avg": 0.291,
        "obp": 0.384,
        "slg": 0.594,
        "rbi": 107,
        "sb": 5,
        "hr": 37
      },
      {
        "name": "고명준",
        "year": 24,
        "team": "SSG",
        "pa": 366,
        "ops": 0.688,
        "avg": 0.25,
        "obp": 0.303,
        "slg": 0.385,
        "rbi": 45,
        "sb": 3,
        "hr": 11
      },
      {
        "name": "최지훈",
        "year": 24,
        "team": "SSG",
        "pa": 543,
        "ops": 0.763,
        "avg": 0.275,
        "obp": 0.345,
        "slg": 0.418,
        "rbi": 49,
        "sb": 32,
        "hr": 11
      },
      {
        "name": "에레디아",
        "year": 24,
        "team": "SSG",
        "pa": 591,
        "ops": 0.937,
        "avg": 0.36,
        "obp": 0.399,
        "slg": 0.538,
        "rbi": 118,
        "sb": 4,
        "hr": 21
      },
      {
        "name": "하재훈",
        "year": 24,
        "team": "SSG",
        "pa": 317,
        "ops": 0.709,
        "avg": 0.248,
        "obp": 0.292,
        "slg": 0.417,
        "rbi": 36,
        "sb": 15,
        "hr": 10
      },
      {
        "name": "한유섬",
        "year": 24,
        "team": "SSG",
        "pa": 523,
        "ops": 0.767,
        "avg": 0.235,
        "obp": 0.314,
        "slg": 0.453,
        "rbi": 87,
        "sb": 0,
        "hr": 24
      }
    ]
  },
  {
    "generation": 13,
    "expected_score": 5.765,
    "lineup": [
      "박성한",
      "최정",
      "추신수",
      "에레디아",
      "고명준",
      "최지훈",
      "하재훈",
      "한유섬",
      "이지영"
    ],
    "player_stats": [
      {
        "name": "박성한",
        "year": 24,
        "team": "SSG",
        "pa": 564,
        "ops": 0.791,
        "avg": 0.301,
        "obp": 0.38,
        "slg": 0.411,
        "rbi": 67,
        "sb": 13,
        "hr": 10
      },
      {
        "name": "최정",
        "year": 24,
        "team": "SSG",
        "pa": 550,
        "ops": 0.978,
        "avg": 0.291,
        "obp": 0.384,
        "slg": 0.594,
        "rbi": 107,
        "sb": 5,
        "hr": 37
      },
      {
        "name": "추신수",
        "year": 24,
        "team": "SSG",
        "pa": 302,
        "ops": 0.776,
        "avg": 0.281,
        "obp": 0.373,
        "slg": 0.403,
        "rbi": 37,
        "sb": 5,
        "hr": 5
      },
      {
        "name": "에레디아",
        "year": 24,
        "team": "SSG",
        "pa": 591,
        "ops": 0.937,
        "avg": 0.36,
        "obp": 0.399,
        "slg": 0.538,
        "rbi": 118,
        "sb": 4,
        "hr": 21
      },
      {
        "name": "고명준",
        "year": 24,
        "team": "SSG",
        "pa": 366,
        "ops": 0.688,
        "avg": 0.25,
        "obp": 0.303,
        "slg": 0.385,
        "rbi": 45,
        "sb": 3,
        "hr": 11
      },
      {
        "name": "최지훈",
        "year": 24,
        "team": "SSG",
        "pa": 543,
        "ops": 0.763,
        "avg": 0.275,
        "obp": 0.345,
        "slg": 0.418,
        "rbi": 49,
        "sb": 32,
        "hr": 11
      },
      {
        "name": "하재훈",
        "year": 24,
        "team": "SSG",
        "pa": 317,
        "ops": 0.709,
        "avg": 0.248,
        "obp": 0.292,
        "slg": 0.417,
        "rbi": 36,
        "sb": 15,
        "hr": 10
      },
      {
        "name": "한유섬",
        "year": 24,
        "team": "SSG",
        "pa": 523,
        "ops": 0.767,
        "avg": 0.235,
        "obp": 0.314,
        "slg": 0.453,
        "rbi": 87,
        "sb": 0,
        "hr": 24
      },
      {
        "name": "이지영",
        "year": 24,
        "team": "SSG",
        "pa": 432,
        "ops": 0.669,
        "avg": 0.279,
        "obp": 0.32,
        "slg": 0.349,
        "rbi": 50,
        "sb": 8,
        "hr": 5
      }
    ]
  },
  {
    "generation": 14,
    "expected_score": 5.89,
    "lineup": [
      "박성한",
      "추신수",
      "고명준",
      "에레디아",
      "이지영",
      "최정",
      "최지훈",
      "하재훈",
      "한유섬"
    ],
    "player_stats": [
      {
        "name": "박성한",
        "year": 24,
        "team": "SSG",
        "pa": 564,
        "ops": 0.791,
        "avg": 0.301,
        "obp": 0.38,
        "slg": 0.411,
        "rbi": 67,
        "sb": 13,
        "hr": 10
      },
      {
        "name": "추신수",
        "year": 24,
        "team": "SSG",
        "pa": 302,
        "ops": 0.776,
        "avg": 0.281,
        "obp": 0.373,
        "slg": 0.403,
        "rbi": 37,
        "sb": 5,
        "hr": 5
      },
      {
        "name": "고명준",
        "year": 24,
        "team": "SSG",
        "pa": 366,
        "ops": 0.688,
        "avg": 0.25,
        "obp": 0.303,
        "slg": 0.385,
        "rbi": 45,
        "sb": 3,
        "hr": 11
      },
      {
        "name": "에레디아",
        "year": 24,
        "team": "SSG",
        "pa": 591,
        "ops": 0.937,
        "avg": 0.36,
        "obp": 0.399,
        "slg": 0.538,
        "rbi": 118,
        "sb": 4,
        "hr": 21
      },
      {
        "name": "이지영",
        "year": 24,
        "team": "SSG",
        "pa": 432,
        "ops": 0.669,
        "avg": 0.279,
        "obp": 0.32,
        "slg": 0.349,
        "rbi": 50,
        "sb": 8,
        "hr": 5
      },
      {
        "name": "최정",
        "year": 24,
        "team": "SSG",
        "pa": 550,
        "ops": 0.978,
        "avg": 0.291,
        "obp": 0.384,
        "slg": 0.594,
        "rbi": 107,
        "sb": 5,
        "hr": 37
      },
      {
        "name": "최지훈",
        "year": 24,
        "team": "SSG",
        "pa": 543,
        "ops": 0.763,
        "avg": 0.275,
        "obp": 0.345,
        "slg": 0.418,
        "rbi": 49,
        "sb": 32,
        "hr": 11
      },
      {
        "name": "하재훈",
        "year": 24,
        "team": "SSG",
        "pa": 317,
        "ops": 0.709,
        "avg": 0.248,
        "obp": 0.292,
        "slg": 0.417,
        "rbi": 36,
        "sb": 15,
        "hr": 10
      },
      {
        "name": "한유섬",
        "year": 24,
        "team": "SSG",
        "pa": 523,
        "ops": 0.767,
        "avg": 0.235,
        "obp": 0.314,
        "slg": 0.453,
        "rbi": 87,
        "sb": 0,
        "hr": 24
      }
    ]
  },
  {
    "generation": 15,
    "expected_score": 5.765,
    "lineup": [
      "박성한",
      "최정",
      "추신수",
      "에레디아",
      "고명준",
      "이지영",
      "최지훈",
      "하재훈",
      "한유섬"
    ],
    "player_stats": [
      {
        "name": "박성한",
        "year": 24,
        "team": "SSG",
        "pa": 564,
        "ops": 0.791,
        "avg": 0.301,
        "obp": 0.38,
        "slg": 0.411,
        "rbi": 67,
        "sb": 13,
        "hr": 10
      },
      {
        "name": "최정",
        "year": 24,
        "team": "SSG",
        "pa": 550,
        "ops": 0.978,
        "avg": 0.291,
        "obp": 0.384,
        "slg": 0.594,
        "rbi": 107,
        "sb": 5,
        "hr": 37
      },
      {
        "name": "추신수",
        "year": 24,
        "team": "SSG",
        "pa": 302,
        "ops": 0.776,
        "avg": 0.281,
        "obp": 0.373,
        "slg": 0.403,
        "rbi": 37,
        "sb": 5,
        "hr": 5
      },
      {
        "name": "에레디아",
        "year": 24,
        "team": "SSG",
        "pa": 591,
        "ops": 0.937,
        "avg": 0.36,
        "obp": 0.399,
        "slg": 0.538,
        "rbi": 118,
        "sb": 4,
        "hr": 21
      },
      {
        "name": "고명준",
        "year": 24,
        "team": "SSG",
        "pa": 366,
        "ops": 0.688,
        "avg": 0.25,
        "obp": 0.303,
        "slg": 0.385,
        "rbi": 45,
        "sb": 3,
        "hr": 11
      },
      {
        "name": "이지영",
        "year": 24,
        "team": "SSG",
        "pa": 432,
        "ops": 0.669,
        "avg": 0.279,
        "obp": 0.32,
        "slg": 0.349,
        "rbi": 50,
        "sb": 8,
        "hr": 5
      },
      {
        "name": "최지훈",
        "year": 24,
        "team": "SSG",
        "pa": 543,
        "ops": 0.763,
        "avg": 0.275,
        "obp": 0.345,
        "slg": 0.418,
        "rbi": 49,
        "sb": 32,
        "hr": 11
      },
      {
        "name": "하재훈",
        "year": 24,
        "team": "SSG",
        "pa": 317,
        "ops": 0.709,
        "avg": 0.248,
        "obp": 0.292,
        "slg": 0.417,
        "rbi": 36,
        "sb": 15,
        "hr": 10
      },
      {
        "name": "한유섬",
        "year": 24,
        "team": "SSG",
        "pa": 523,
        "ops": 0.767,
        "avg": 0.235,
        "obp": 0.314,
        "slg": 0.453,
        "rbi": 87,
        "sb": 0,
        "hr": 24
      }
    ]
  },
  {
    "generation": 16,
    "expected_score": 5.555,
    "lineup": [
      "박성한",
      "최지훈",
      "추신수",
      "에레디아",
      "고명준",
      "이지영",
      "하재훈",
      "최정",
      "한유섬"
    ],
    "player_stats": [
      {
        "name": "박성한",
        "year": 24,
        "team": "SSG",
        "pa": 564,
        "ops": 0.791,
        "avg": 0.301,
        "obp": 0.38,
        "slg": 0.411,
        "rbi": 67,
        "sb": 13,
        "hr": 10
      },
      {
        "name": "최지훈",
        "year": 24,
        "team": "SSG",
        "pa": 543,
        "ops": 0.763,
        "avg": 0.275,
        "obp": 0.345,
        "slg": 0.418,
        "rbi": 49,
        "sb": 32,
        "hr": 11
      },
      {
        "name": "추신수",
        "year": 24,
        "team": "SSG",
        "pa": 302,
        "ops": 0.776,
        "avg": 0.281,
        "obp": 0.373,
        "slg": 0.403,
        "rbi": 37,
        "sb": 5,
        "hr": 5
      },
      {
        "name": "에레디아",
        "year": 24,
        "team": "SSG",
        "pa": 591,
        "ops": 0.937,
        "avg": 0.36,
        "obp": 0.399,
        "slg": 0.538,
        "rbi": 118,
        "sb": 4,
        "hr": 21
      },
      {
        "name": "고명준",
        "year": 24,
        "team": "SSG",
        "pa": 366,
        "ops": 0.688,
        "avg": 0.25,
        "obp": 0.303,
        "slg": 0.385,
        "rbi": 45,
        "sb": 3,
        "hr": 11
      },
      {
        "name": "이지영",
        "year": 24,
        "team": "SSG",
        "pa": 432,
        "ops": 0.669,
        "avg": 0.279,
        "obp": 0.32,
        "slg": 0.349,
        "rbi": 50,
        "sb": 8,
        "hr": 5
      },
      {
        "name": "하재훈",
        "year": 24,
        "team": "SSG",
        "pa": 317,
        "ops": 0.709,
        "avg": 0.248,
        "obp": 0.292,
        "slg": 0.417,
        "rbi": 36,
        "sb": 15,
        "hr": 10
      },
      {
        "name": "최정",
        "year": 24,
        "team": "SSG",
        "pa": 550,
        "ops": 0.978,
        "avg": 0.291,
        "obp": 0.384,
        "slg": 0.594,
        "rbi": 107,
        "sb": 5,
        "hr": 37
      },
      {
        "name": "한유섬",
        "year": 24,
        "team": "SSG",
        "pa": 523,
        "ops": 0.767,
        "avg": 0.235,
        "obp": 0.314,
        "slg": 0.453,
        "rbi": 87,
        "sb": 0,
        "hr": 24
      }
    ]
  },
  {
    "generation": 17,
    "expected_score": 5.685,
    "lineup": [
      "박성한",
      "추신수",
      "최정",
      "하재훈",
      "고명준",
      "이지영",
      "최지훈",
      "한유섬",
      "에레디아"
    ],
    "player_stats": [
      {
        "name": "박성한",
        "year": 24,
        "team": "SSG",
        "pa": 564,
        "ops": 0.791,
        "avg": 0.301,
        "obp": 0.38,
        "slg": 0.411,
        "rbi": 67,
        "sb": 13,
        "hr": 10
      },
      {
        "name": "추신수",
        "year": 24,
        "team": "SSG",
        "pa": 302,
        "ops": 0.776,
        "avg": 0.281,
        "obp": 0.373,
        "slg": 0.403,
        "rbi": 37,
        "sb": 5,
        "hr": 5
      },
      {
        "name": "최정",
        "year": 24,
        "team": "SSG",
        "pa": 550,
        "ops": 0.978,
        "avg": 0.291,
        "obp": 0.384,
        "slg": 0.594,
        "rbi": 107,
        "sb": 5,
        "hr": 37
      },
      {
        "name": "하재훈",
        "year": 24,
        "team": "SSG",
        "pa": 317,
        "ops": 0.709,
        "avg": 0.248,
        "obp": 0.292,
        "slg": 0.417,
        "rbi": 36,
        "sb": 15,
        "hr": 10
      },
      {
        "name": "고명준",
        "year": 24,
        "team": "SSG",
        "pa": 366,
        "ops": 0.688,
        "avg": 0.25,
        "obp": 0.303,
        "slg": 0.385,
        "rbi": 45,
        "sb": 3,
        "hr": 11
      },
      {
        "name": "이지영",
        "year": 24,
        "team": "SSG",
        "pa": 432,
        "ops": 0.669,
        "avg": 0.279,
        "obp": 0.32,
        "slg": 0.349,
        "rbi": 50,
        "sb": 8,
        "hr": 5
      },
      {
        "name": "최지훈",
        "year": 24,
        "team": "SSG",
        "pa": 543,
        "ops": 0.763,
        "avg": 0.275,
        "obp": 0.345,
        "slg": 0.418,
        "rbi": 49,
        "sb": 32,
        "hr": 11
      },
      {
        "name": "한유섬",
        "year": 24,
        "team": "SSG",
        "pa": 523,
        "ops": 0.767,
        "avg": 0.235,
        "obp": 0.314,
        "slg": 0.453,
        "rbi": 87,
        "sb": 0,
        "hr": 24
      },
      {
        "name": "에레디아",
        "year": 24,
        "team": "SSG",
        "pa": 591,
        "ops": 0.937,
        "avg": 0.36,
        "obp": 0.399,
        "slg": 0.538,
        "rbi": 118,
        "sb": 4,
        "hr": 21
      }
    ]
  },
  {
    "generation": 18,
    "expected_score": 5.7,
    "lineup": [
      "박성한",
      "추신수",
      "최정",
      "하재훈",
      "고명준",
      "최지훈",
      "한유섬",
      "에레디아",
      "이지영"
    ],
    "player_stats": [
      {
        "name": "박성한",
        "year": 24,
        "team": "SSG",
        "pa": 564,
        "ops": 0.791,
        "avg": 0.301,
        "obp": 0.38,
        "slg": 0.411,
        "rbi": 67,
        "sb": 13,
        "hr": 10
      },
      {
        "name": "추신수",
        "year": 24,
        "team": "SSG",
        "pa": 302,
        "ops": 0.776,
        "avg": 0.281,
        "obp": 0.373,
        "slg": 0.403,
        "rbi": 37,
        "sb": 5,
        "hr": 5
      },
      {
        "name": "최정",
        "year": 24,
        "team": "SSG",
        "pa": 550,
        "ops": 0.978,
        "avg": 0.291,
        "obp": 0.384,
        "slg": 0.594,
        "rbi": 107,
        "sb": 5,
        "hr": 37
      },
      {
        "name": "하재훈",
        "year": 24,
        "team": "SSG",
        "pa": 317,
        "ops": 0.709,
        "avg": 0.248,
        "obp": 0.292,
        "slg": 0.417,
        "rbi": 36,
        "sb": 15,
        "hr": 10
      },
      {
        "name": "고명준",
        "year": 24,
        "team": "SSG",
        "pa": 366,
        "ops": 0.688,
        "avg": 0.25,
        "obp": 0.303,
        "slg": 0.385,
        "rbi": 45,
        "sb": 3,
        "hr": 11
      },
      {
        "name": "최지훈",
        "year": 24,
        "team": "SSG",
        "pa": 543,
        "ops": 0.763,
        "avg": 0.275,
        "obp": 0.345,
        "slg": 0.418,
        "rbi": 49,
        "sb": 32,
        "hr": 11
      },
      {
        "name": "한유섬",
        "year": 24,
        "team": "SSG",
        "pa": 523,
        "ops": 0.767,
        "avg": 0.235,
        "obp": 0.314,
        "slg": 0.453,
        "rbi": 87,
        "sb": 0,
        "hr": 24
      },
      {
        "name": "에레디아",
        "year": 24,
        "team": "SSG",
        "pa": 591,
        "ops": 0.937,
        "avg": 0.36,
        "obp": 0.399,
        "slg": 0.538,
        "rbi": 118,
        "sb": 4,
        "hr": 21
      },
      {
        "name": "이지영",
        "year": 24,
        "team": "SSG",
        "pa": 432,
        "ops": 0.669,
        "avg": 0.279,
        "obp": 0.32,
        "slg": 0.349,
        "rbi": 50,
        "sb": 8,
        "hr": 5
      }
    ]
  },
  {
    "generation": 19,
    "expected_score": 5.585,
    "lineup": [
      "박성한",
      "추신수",
      "최지훈",
      "최정",
      "에레디아",
      "하재훈",
      "고명준",
      "한유섬",
      "이지영"
    ],
    "player_stats": [
      {
        "name": "박성한",
        "year": 24,
        "team": "SSG",
        "pa": 564,
        "ops": 0.791,
        "avg": 0.301,
        "obp": 0.38,
        "slg": 0.411,
        "rbi": 67,
        "sb": 13,
        "hr": 10
      },
      {
        "name": "추신수",
        "year": 24,
        "team": "SSG",
        "pa": 302,
        "ops": 0.776,
        "avg": 0.281,
        "obp": 0.373,
        "slg": 0.403,
        "rbi": 37,
        "sb": 5,
        "hr": 5
      },
      {
        "name": "최지훈",
        "year": 24,
        "team": "SSG",
        "pa": 543,
        "ops": 0.763,
        "avg": 0.275,
        "obp": 0.345,
        "slg": 0.418,
        "rbi": 49,
        "sb": 32,
        "hr": 11
      },
      {
        "name": "최정",
        "year": 24,
        "team": "SSG",
        "pa": 550,
        "ops": 0.978,
        "avg": 0.291,
        "obp": 0.384,
        "slg": 0.594,
        "rbi": 107,
        "sb": 5,
        "hr": 37
      },
      {
        "name": "에레디아",
        "year": 24,
        "team": "SSG",
        "pa": 591,
        "ops": 0.937,
        "avg": 0.36,
        "obp": 0.399,
        "slg": 0.538,
        "rbi": 118,
        "sb": 4,
        "hr": 21
      },
      {
        "name": "하재훈",
        "year": 24,
        "team": "SSG",
        "pa": 317,
        "ops": 0.709,
        "avg": 0.248,
        "obp": 0.292,
        "slg": 0.417,
        "rbi": 36,
        "sb": 15,
        "hr": 10
      },
      {
        "name": "고명준",
        "year": 24,
        "team": "SSG",
        "pa": 366,
        "ops": 0.688,
        "avg": 0.25,
        "obp": 0.303,
        "slg": 0.385,
        "rbi": 45,
        "sb": 3,
        "hr": 11
      },
      {
        "name": "한유섬",
        "year": 24,
        "team": "SSG",
        "pa": 523,
        "ops": 0.767,
        "avg": 0.235,
        "obp": 0.314,
        "slg": 0.453,
        "rbi": 87,
        "sb": 0,
        "hr": 24
      },
      {
        "name": "이지영",
        "year": 24,
        "team": "SSG",
        "pa": 432,
        "ops": 0.669,
        "avg": 0.279,
        "obp": 0.32,
        "slg": 0.349,
        "rbi": 50,
        "sb": 8,
        "hr": 5
      }
    ]
  },
  {
    "generation": 20,
    "expected_score": 5.515,
    "lineup": [
      "박성한",
      "추신수",
      "최지훈",
      "에레디아",
      "고명준",
      "이지영",
      "최정",
      "한유섬",
      "하재훈"
    ],
    "player_stats": [
      {
        "name": "박성한",
        "year": 24,
        "team": "SSG",
        "pa": 564,
        "ops": 0.791,
        "avg": 0.301,
        "obp": 0.38,
        "slg": 0.411,
        "rbi": 67,
        "sb": 13,
        "hr": 10
      },
      {
        "name": "추신수",
        "year": 24,
        "team": "SSG",
        "pa": 302,
        "ops": 0.776,
        "avg": 0.281,
        "obp": 0.373,
        "slg": 0.403,
        "rbi": 37,
        "sb": 5,
        "hr": 5
      },
      {
        "name": "최지훈",
        "year": 24,
        "team": "SSG",
        "pa": 543,
        "ops": 0.763,
        "avg": 0.275,
        "obp": 0.345,
        "slg": 0.418,
        "rbi": 49,
        "sb": 32,
        "hr": 11
      },
      {
        "name": "에레디아",
        "year": 24,
        "team": "SSG",
        "pa": 591,
        "ops": 0.937,
        "avg": 0.36,
        "obp": 0.399,
        "slg": 0.538,
        "rbi": 118,
        "sb": 4,
        "hr": 21
      },
      {
        "name": "고명준",
        "year": 24,
        "team": "SSG",
        "pa": 366,
        "ops": 0.688,
        "avg": 0.25,
        "obp": 0.303,
        "slg": 0.385,
        "rbi": 45,
        "sb": 3,
        "hr": 11
      },
      {
        "name": "이지영",
        "year": 24,
        "team": "SSG",
        "pa": 432,
        "ops": 0.669,
        "avg": 0.279,
        "obp": 0.32,
        "slg": 0.349,
        "rbi": 50,
        "sb": 8,
        "hr": 5
      },
      {
        "name": "최정",
        "year": 24,
        "team": "SSG",
        "pa": 550,
        "ops": 0.978,
        "avg": 0.291,
        "obp": 0.384,
        "slg": 0.594,
        "rbi": 107,
        "sb": 5,
        "hr": 37
      },
      {
        "name": "한유섬",
        "year": 24,
        "team": "SSG",
        "pa": 523,
        "ops": 0.767,
        "avg": 0.235,
        "obp": 0.314,
        "slg": 0.453,
        "rbi": 87,
        "sb": 0,
        "hr": 24
      },
      {
        "name": "하재훈",
        "year": 24,
        "team": "SSG",
        "pa": 317,
        "ops": 0.709,
        "avg": 0.248,
        "obp": 0.292,
        "slg": 0.417,
        "rbi": 36,
        "sb": 15,
        "hr": 10
      }
    ]
  },
  {
    "generation": 21,
    "expected_score": 5.76,
    "lineup": [
      "박성한",
      "추신수",
      "에레디아",
      "최지훈",
      "고명준",
      "한유섬",
      "이지영",
      "최정",
      "하재훈"
    ],
    "player_stats": [
      {
        "name": "박성한",
        "year": 24,
        "team": "SSG",
        "pa": 564,
        "ops": 0.791,
        "avg": 0.301,
        "obp": 0.38,
        "slg": 0.411,
        "rbi": 67,
        "sb": 13,
        "hr": 10
      },
      {
        "name": "추신수",
        "year": 24,
        "team": "SSG",
        "pa": 302,
        "ops": 0.776,
        "avg": 0.281,
        "obp": 0.373,
        "slg": 0.403,
        "rbi": 37,
        "sb": 5,
        "hr": 5
      },
      {
        "name": "에레디아",
        "year": 24,
        "team": "SSG",
        "pa": 591,
        "ops": 0.937,
        "avg": 0.36,
        "obp": 0.399,
        "slg": 0.538,
        "rbi": 118,
        "sb": 4,
        "hr": 21
      },
      {
        "name": "최지훈",
        "year": 24,
        "team": "SSG",
        "pa": 543,
        "ops": 0.763,
        "avg": 0.275,
        "obp": 0.345,
        "slg": 0.418,
        "rbi": 49,
        "sb": 32,
        "hr": 11
      },
      {
        "name": "고명준",
        "year": 24,
        "team": "SSG",
        "pa": 366,
        "ops": 0.688,
        "avg": 0.25,
        "obp": 0.303,
        "slg": 0.385,
        "rbi": 45,
        "sb": 3,
        "hr": 11
      },
      {
        "name": "한유섬",
        "year": 24,
        "team": "SSG",
        "pa": 523,
        "ops": 0.767,
        "avg": 0.235,
        "obp": 0.314,
        "slg": 0.453,
        "rbi": 87,
        "sb": 0,
        "hr": 24
      },
      {
        "name": "이지영",
        "year": 24,
        "team": "SSG",
        "pa": 432,
        "ops": 0.669,
        "avg": 0.279,
        "obp": 0.32,
        "slg": 0.349,
        "rbi": 50,
        "sb": 8,
        "hr": 5
      },
      {
        "name": "최정",
        "year": 24,
        "team": "SSG",
        "pa": 550,
        "ops": 0.978,
        "avg": 0.291,
        "obp": 0.384,
        "slg": 0.594,
        "rbi": 107,
        "sb": 5,
        "hr": 37
      },
      {
        "name": "하재훈",
        "year": 24,
        "team": "SSG",
        "pa": 317,
        "ops": 0.709,
        "avg": 0.248,
        "obp": 0.292,
        "slg": 0.417,
        "rbi": 36,
        "sb": 15,
        "hr": 10
      }
    ]
  },
  {
    "generation": 22,
    "expected_score": 5.565,
    "lineup": [
      "박성한",
      "추신수",
      "최지훈",
      "에레디아",
      "고명준",
      "최정",
      "이지영",
      "한유섬",
      "하재훈"
    ],
    "player_stats": [
      {
        "name": "박성한",
        "year": 24,
        "team": "SSG",
        "pa": 564,
        "ops": 0.791,
        "avg": 0.301,
        "obp": 0.38,
        "slg": 0.411,
        "rbi": 67,
        "sb": 13,
        "hr": 10
      },
      {
        "name": "추신수",
        "year": 24,
        "team": "SSG",
        "pa": 302,
        "ops": 0.776,
        "avg": 0.281,
        "obp": 0.373,
        "slg": 0.403,
        "rbi": 37,
        "sb": 5,
        "hr": 5
      },
      {
        "name": "최지훈",
        "year": 24,
        "team": "SSG",
        "pa": 543,
        "ops": 0.763,
        "avg": 0.275,
        "obp": 0.345,
        "slg": 0.418,
        "rbi": 49,
        "sb": 32,
        "hr": 11
      },
      {
        "name": "에레디아",
        "year": 24,
        "team": "SSG",
        "pa": 591,
        "ops": 0.937,
        "avg": 0.36,
        "obp": 0.399,
        "slg": 0.538,
        "rbi": 118,
        "sb": 4,
        "hr": 21
      },
      {
        "name": "고명준",
        "year": 24,
        "team": "SSG",
        "pa": 366,
        "ops": 0.688,
        "avg": 0.25,
        "obp": 0.303,
        "slg": 0.385,
        "rbi": 45,
        "sb": 3,
        "hr": 11
      },
      {
        "name": "최정",
        "year": 24,
        "team": "SSG",
        "pa": 550,
        "ops": 0.978,
        "avg": 0.291,
        "obp": 0.384,
        "slg": 0.594,
        "rbi": 107,
        "sb": 5,
        "hr": 37
      },
      {
        "name": "이지영",
        "year": 24,
        "team": "SSG",
        "pa": 432,
        "ops": 0.669,
        "avg": 0.279,
        "obp": 0.32,
        "slg": 0.349,
        "rbi": 50,
        "sb": 8,
        "hr": 5
      },
      {
        "name": "한유섬",
        "year": 24,
        "team": "SSG",
        "pa": 523,
        "ops": 0.767,
        "avg": 0.235,
        "obp": 0.314,
        "slg": 0.453,
        "rbi": 87,
        "sb": 0,
        "hr": 24
      },
      {
        "name": "하재훈",
        "year": 24,
        "team": "SSG",
        "pa": 317,
        "ops": 0.709,
        "avg": 0.248,
        "obp": 0.292,
        "slg": 0.417,
        "rbi": 36,
        "sb": 15,
        "hr": 10
      }
    ]
  },
  {
    "generation": 23,
    "expected_score": 5.79,
    "lineup": [
      "박성한",
      "최지훈",
      "최정",
      "추신수",
      "에레디아",
      "이지영",
      "고명준",
      "한유섬",
      "하재훈"
    ],
    "player_stats": [
      {
        "name": "박성한",
        "year": 24,
        "team": "SSG",
        "pa": 564,
        "ops": 0.791,
        "avg": 0.301,
        "obp": 0.38,
        "slg": 0.411,
        "rbi": 67,
        "sb": 13,
        "hr": 10
      },
      {
        "name": "최지훈",
        "year": 24,
        "team": "SSG",
        "pa": 543,
        "ops": 0.763,
        "avg": 0.275,
        "obp": 0.345,
        "slg": 0.418,
        "rbi": 49,
        "sb": 32,
        "hr": 11
      },
      {
        "name": "최정",
        "year": 24,
        "team": "SSG",
        "pa": 550,
        "ops": 0.978,
        "avg": 0.291,
        "obp": 0.384,
        "slg": 0.594,
        "rbi": 107,
        "sb": 5,
        "hr": 37
      },
      {
        "name": "추신수",
        "year": 24,
        "team": "SSG",
        "pa": 302,
        "ops": 0.776,
        "avg": 0.281,
        "obp": 0.373,
        "slg": 0.403,
        "rbi": 37,
        "sb": 5,
        "hr": 5
      },
      {
        "name": "에레디아",
        "year": 24,
        "team": "SSG",
        "pa": 591,
        "ops": 0.937,
        "avg": 0.36,
        "obp": 0.399,
        "slg": 0.538,
        "rbi": 118,
        "sb": 4,
        "hr": 21
      },
      {
        "name": "이지영",
        "year": 24,
        "team": "SSG",
        "pa": 432,
        "ops": 0.669,
        "avg": 0.279,
        "obp": 0.32,
        "slg": 0.349,
        "rbi": 50,
        "sb": 8,
        "hr": 5
      },
      {
        "name": "고명준",
        "year": 24,
        "team": "SSG",
        "pa": 366,
        "ops": 0.688,
        "avg": 0.25,
        "obp": 0.303,
        "slg": 0.385,
        "rbi": 45,
        "sb": 3,
        "hr": 11
      },
      {
        "name": "한유섬",
        "year": 24,
        "team": "SSG",
        "pa": 523,
        "ops": 0.767,
        "avg": 0.235,
        "obp": 0.314,
        "slg": 0.453,
        "rbi": 87,
        "sb": 0,
        "hr": 24
      },
      {
        "name": "하재훈",
        "year": 24,
        "team": "SSG",
        "pa": 317,
        "ops": 0.709,
        "avg": 0.248,
        "obp": 0.292,
        "slg": 0.417,
        "rbi": 36,
        "sb": 15,
        "hr": 10
      }
    ]
  },
  {
    "generation": 24,
    "expected_score": 5.8,
    "lineup": [
      "박성한",
      "추신수",
      "최지훈",
      "최정",
      "에레디아",
      "이지영",
      "고명준",
      "한유섬",
      "하재훈"
    ],
    "player_stats": [
      {
        "name": "박성한",
        "year": 24,
        "team": "SSG",
        "pa": 564,
        "ops": 0.791,
        "avg": 0.301,
        "obp": 0.38,
        "slg": 0.411,
        "rbi": 67,
        "sb": 13,
        "hr": 10
      },
      {
        "name": "추신수",
        "year": 24,
        "team": "SSG",
        "pa": 302,
        "ops": 0.776,
        "avg": 0.281,
        "obp": 0.373,
        "slg": 0.403,
        "rbi": 37,
        "sb": 5,
        "hr": 5
      },
      {
        "name": "최지훈",
        "year": 24,
        "team": "SSG",
        "pa": 543,
        "ops": 0.763,
        "avg": 0.275,
        "obp": 0.345,
        "slg": 0.418,
        "rbi": 49,
        "sb": 32,
        "hr": 11
      },
      {
        "name": "최정",
        "year": 24,
        "team": "SSG",
        "pa": 550,
        "ops": 0.978,
        "avg": 0.291,
        "obp": 0.384,
        "slg": 0.594,
        "rbi": 107,
        "sb": 5,
        "hr": 37
      },
      {
        "name": "에레디아",
        "year": 24,
        "team": "SSG",
        "pa": 591,
        "ops": 0.937,
        "avg": 0.36,
        "obp": 0.399,
        "slg": 0.538,
        "rbi": 118,
        "sb": 4,
        "hr": 21
      },
      {
        "name": "이지영",
        "year": 24,
        "team": "SSG",
        "pa": 432,
        "ops": 0.669,
        "avg": 0.279,
        "obp": 0.32,
        "slg": 0.349,
        "rbi": 50,
        "sb": 8,
        "hr": 5
      },
      {
        "name": "고명준",
        "year": 24,
        "team": "SSG",
        "pa": 366,
        "ops": 0.688,
        "avg": 0.25,
        "obp": 0.303,
        "slg": 0.385,
        "rbi": 45,
        "sb": 3,
        "hr": 11
      },
      {
        "name": "한유섬",
        "year": 24,
        "team": "SSG",
        "pa": 523,
        "ops": 0.767,
        "avg": 0.235,
        "obp": 0.314,
        "slg": 0.453,
        "rbi": 87,
        "sb": 0,
        "hr": 24
      },
      {
        "name": "하재훈",
        "year": 24,
        "team": "SSG",
        "pa": 317,
        "ops": 0.709,
        "avg": 0.248,
        "obp": 0.292,
        "slg": 0.417,
        "rbi": 36,
        "sb": 15,
        "hr": 10
      }
    ]
  },
  {
    "generation": 25,
    "expected_score": 5.86,
    "lineup": [
      "박성한",
      "최지훈",
      "최정",
      "추신수",
      "에레디아",
      "고명준",
      "이지영",
      "한유섬",
      "하재훈"
    ],
    "player_stats": [
      {
        "name": "박성한",
        "year": 24,
        "team": "SSG",
        "pa": 564,
        "ops": 0.791,
        "avg": 0.301,
        "obp": 0.38,
        "slg": 0.411,
        "rbi": 67,
        "sb": 13,
        "hr": 10
      },
      {
        "name": "최지훈",
        "year": 24,
        "team": "SSG",
        "pa": 543,
        "ops": 0.763,
        "avg": 0.275,
        "obp": 0.345,
        "slg": 0.418,
        "rbi": 49,
        "sb": 32,
        "hr": 11
      },
      {
        "name": "최정",
        "year": 24,
        "team": "SSG",
        "pa": 550,
        "ops": 0.978,
        "avg": 0.291,
        "obp": 0.384,
        "slg": 0.594,
        "rbi": 107,
        "sb": 5,
        "hr": 37
      },
      {
        "name": "추신수",
        "year": 24,
        "team": "SSG",
        "pa": 302,
        "ops": 0.776,
        "avg": 0.281,
        "obp": 0.373,
        "slg": 0.403,
        "rbi": 37,
        "sb": 5,
        "hr": 5
      },
      {
        "name": "에레디아",
        "year": 24,
        "team": "SSG",
        "pa": 591,
        "ops": 0.937,
        "avg": 0.36,
        "obp": 0.399,
        "slg": 0.538,
        "rbi": 118,
        "sb": 4,
        "hr": 21
      },
      {
        "name": "고명준",
        "year": 24,
        "team": "SSG",
        "pa": 366,
        "ops": 0.688,
        "avg": 0.25,
        "obp": 0.303,
        "slg": 0.385,
        "rbi": 45,
        "sb": 3,
        "hr": 11
      },
      {
        "name": "이지영",
        "year": 24,
        "team": "SSG",
        "pa": 432,
        "ops": 0.669,
        "avg": 0.279,
        "obp": 0.32,
        "slg": 0.349,
        "rbi": 50,
        "sb": 8,
        "hr": 5
      },
      {
        "name": "한유섬",
        "year": 24,
        "team": "SSG",
        "pa": 523,
        "ops": 0.767,
        "avg": 0.235,
        "obp": 0.314,
        "slg": 0.453,
        "rbi": 87,
        "sb": 0,
        "hr": 24
      },
      {
        "name": "하재훈",
        "year": 24,
        "team": "SSG",
        "pa": 317,
        "ops": 0.709,
        "avg": 0.248,
        "obp": 0.292,
        "slg": 0.417,
        "rbi": 36,
        "sb": 15,
        "hr": 10
      }
    ]
  },
  {
    "generation": 26,
    "expected_score": 5.8,
    "lineup": [
      "박성한",
      "추신수",
      "최지훈",
      "에레디아",
      "최정",
      "고명준",
      "한유섬",
      "이지영",
      "하재훈"
    ],
    "player_stats": [
      {
        "name": "박성한",
        "year": 24,
        "team": "SSG",
        "pa": 564,
        "ops": 0.791,
        "avg": 0.301,
        "obp": 0.38,
        "slg": 0.411,
        "rbi": 67,
        "sb": 13,
        "hr": 10
      },
      {
        "name": "추신수",
        "year": 24,
        "team": "SSG",
        "pa": 302,
        "ops": 0.776,
        "avg": 0.281,
        "obp": 0.373,
        "slg": 0.403,
        "rbi": 37,
        "sb": 5,
        "hr": 5
      },
      {
        "name": "최지훈",
        "year": 24,
        "team": "SSG",
        "pa": 543,
        "ops": 0.763,
        "avg": 0.275,
        "obp": 0.345,
        "slg": 0.418,
        "rbi": 49,
        "sb": 32,
        "hr": 11
      },
      {
        "name": "에레디아",
        "year": 24,
        "team": "SSG",
        "pa": 591,
        "ops": 0.937,
        "avg": 0.36,
        "obp": 0.399,
        "slg": 0.538,
        "rbi": 118,
        "sb": 4,
        "hr": 21
      },
      {
        "name": "최정",
        "year": 24,
        "team": "SSG",
        "pa": 550,
        "ops": 0.978,
        "avg": 0.291,
        "obp": 0.384,
        "slg": 0.594,
        "rbi": 107,
        "sb": 5,
        "hr": 37
      },
      {
        "name": "고명준",
        "year": 24,
        "team": "SSG",
        "pa": 366,
        "ops": 0.688,
        "avg": 0.25,
        "obp": 0.303,
        "slg": 0.385,
        "rbi": 45,
        "sb": 3,
        "hr": 11
      },
      {
        "name": "한유섬",
        "year": 24,
        "team": "SSG",
        "pa": 523,
        "ops": 0.767,
        "avg": 0.235,
        "obp": 0.314,
        "slg": 0.453,
        "rbi": 87,
        "sb": 0,
        "hr": 24
      },
      {
        "name": "이지영",
        "year": 24,
        "team": "SSG",
        "pa": 432,
        "ops": 0.669,
        "avg": 0.279,
        "obp": 0.32,
        "slg": 0.349,
        "rbi": 50,
        "sb": 8,
        "hr": 5
      },
      {
        "name": "하재훈",
        "year": 24,
        "team": "SSG",
        "pa": 317,
        "ops": 0.709,
        "avg": 0.248,
        "obp": 0.292,
        "slg": 0.417,
        "rbi": 36,
        "sb": 15,
        "hr": 10
      }
    ]
  },
  {
    "generation": 27,
    "expected_score": 5.795,
    "lineup": [
      "박성한",
      "최정",
      "추신수",
      "최지훈",
      "에레디아",
      "고명준",
      "이지영",
      "한유섬",
      "하재훈"
    ],
    "player_stats": [
      {
        "name": "박성한",
        "year": 24,
        "team": "SSG",
        "pa": 564,
        "ops": 0.791,
        "avg": 0.301,
        "obp": 0.38,
        "slg": 0.411,
        "rbi": 67,
        "sb": 13,
        "hr": 10
      },
      {
        "name": "최정",
        "year": 24,
        "team": "SSG",
        "pa": 550,
        "ops": 0.978,
        "avg": 0.291,
        "obp": 0.384,
        "slg": 0.594,
        "rbi": 107,
        "sb": 5,
        "hr": 37
      },
      {
        "name": "추신수",
        "year": 24,
        "team": "SSG",
        "pa": 302,
        "ops": 0.776,
        "avg": 0.281,
        "obp": 0.373,
        "slg": 0.403,
        "rbi": 37,
        "sb": 5,
        "hr": 5
      },
      {
        "name": "최지훈",
        "year": 24,
        "team": "SSG",
        "pa": 543,
        "ops": 0.763,
        "avg": 0.275,
        "obp": 0.345,
        "slg": 0.418,
        "rbi": 49,
        "sb": 32,
        "hr": 11
      },
      {
        "name": "에레디아",
        "year": 24,
        "team": "SSG",
        "pa": 591,
        "ops": 0.937,
        "avg": 0.36,
        "obp": 0.399,
        "slg": 0.538,
        "rbi": 118,
        "sb": 4,
        "hr": 21
      },
      {
        "name": "고명준",
        "year": 24,
        "team": "SSG",
        "pa": 366,
        "ops": 0.688,
        "avg": 0.25,
        "obp": 0.303,
        "slg": 0.385,
        "rbi": 45,
        "sb": 3,
        "hr": 11
      },
      {
        "name": "이지영",
        "year": 24,
        "team": "SSG",
        "pa": 432,
        "ops": 0.669,
        "avg": 0.279,
        "obp": 0.32,
        "slg": 0.349,
        "rbi": 50,
        "sb": 8,
        "hr": 5
      },
      {
        "name": "한유섬",
        "year": 24,
        "team": "SSG",
        "pa": 523,
        "ops": 0.767,
        "avg": 0.235,
        "obp": 0.314,
        "slg": 0.453,
        "rbi": 87,
        "sb": 0,
        "hr": 24
      },
      {
        "name": "하재훈",
        "year": 24,
        "team": "SSG",
        "pa": 317,
        "ops": 0.709,
        "avg": 0.248,
        "obp": 0.292,
        "slg": 0.417,
        "rbi": 36,
        "sb": 15,
        "hr": 10
      }
    ]
  },
  {
    "generation": 28,
    "expected_score": 5.58,
    "lineup": [
      "박성한",
      "추신수",
      "최지훈",
      "에레디아",
      "최정",
      "고명준",
      "한유섬",
      "이지영",
      "하재훈"
    ],
    "player_stats": [
      {
        "name": "박성한",
        "year": 24,
        "team": "SSG",
        "pa": 564,
        "ops": 0.791,
        "avg": 0.301,
        "obp": 0.38,
        "slg": 0.411,
        "rbi": 67,
        "sb": 13,
        "hr": 10
      },
      {
        "name": "추신수",
        "year": 24,
        "team": "SSG",
        "pa": 302,
        "ops": 0.776,
        "avg": 0.281,
        "obp": 0.373,
        "slg": 0.403,
        "rbi": 37,
        "sb": 5,
        "hr": 5
      },
      {
        "name": "최지훈",
        "year": 24,
        "team": "SSG",
        "pa": 543,
        "ops": 0.763,
        "avg": 0.275,
        "obp": 0.345,
        "slg": 0.418,
        "rbi": 49,
        "sb": 32,
        "hr": 11
      },
      {
        "name": "에레디아",
        "year": 24,
        "team": "SSG",
        "pa": 591,
        "ops": 0.937,
        "avg": 0.36,
        "obp": 0.399,
        "slg": 0.538,
        "rbi": 118,
        "sb": 4,
        "hr": 21
      },
      {
        "name": "최정",
        "year": 24,
        "team": "SSG",
        "pa": 550,
        "ops": 0.978,
        "avg": 0.291,
        "obp": 0.384,
        "slg": 0.594,
        "rbi": 107,
        "sb": 5,
        "hr": 37
      },
      {
        "name": "고명준",
        "year": 24,
        "team": "SSG",
        "pa": 366,
        "ops": 0.688,
        "avg": 0.25,
        "obp": 0.303,
        "slg": 0.385,
        "rbi": 45,
        "sb": 3,
        "hr": 11
      },
      {
        "name": "한유섬",
        "year": 24,
        "team": "SSG",
        "pa": 523,
        "ops": 0.767,
        "avg": 0.235,
        "obp": 0.314,
        "slg": 0.453,
        "rbi": 87,
        "sb": 0,
        "hr": 24
      },
      {
        "name": "이지영",
        "year": 24,
        "team": "SSG",
        "pa": 432,
        "ops": 0.669,
        "avg": 0.279,
        "obp": 0.32,
        "slg": 0.349,
        "rbi": 50,
        "sb": 8,
        "hr": 5
      },
      {
        "name": "하재훈",
        "year": 24,
        "team": "SSG",
        "pa": 317,
        "ops": 0.709,
        "avg": 0.248,
        "obp": 0.292,
        "slg": 0.417,
        "rbi": 36,
        "sb": 15,
        "hr": 10
      }
    ]
  },
  {
    "generation": 29,
    "expected_score": 5.57,
    "lineup": [
      "박성한",
      "에레디아",
      "추신수",
      "최지훈",
      "최정",
      "고명준",
      "한유섬",
      "이지영",
      "하재훈"
    ],
    "player_stats": [
      {
        "name": "박성한",
        "year": 24,
        "team": "SSG",
        "pa": 564,
        "ops": 0.791,
        "avg": 0.301,
        "obp": 0.38,
        "slg": 0.411,
        "rbi": 67,
        "sb": 13,
        "hr": 10
      },
      {
        "name": "에레디아",
        "year": 24,
        "team": "SSG",
        "pa": 591,
        "ops": 0.937,
        "avg": 0.36,
        "obp": 0.399,
        "slg": 0.538,
        "rbi": 118,
        "sb": 4,
        "hr": 21
      },
      {
        "name": "추신수",
        "year": 24,
        "team": "SSG",
        "pa": 302,
        "ops": 0.776,
        "avg": 0.281,
        "obp": 0.373,
        "slg": 0.403,
        "rbi": 37,
        "sb": 5,
        "hr": 5
      },
      {
        "name": "최지훈",
        "year": 24,
        "team": "SSG",
        "pa": 543,
        "ops": 0.763,
        "avg": 0.275,
        "obp": 0.345,
        "slg": 0.418,
        "rbi": 49,
        "sb": 32,
        "hr": 11
      },
      {
        "name": "최정",
        "year": 24,
        "team": "SSG",
        "pa": 550,
        "ops": 0.978,
        "avg": 0.291,
        "obp": 0.384,
        "slg": 0.594,
        "rbi": 107,
        "sb": 5,
        "hr": 37
      },
      {
        "name": "고명준",
        "year": 24,
        "team": "SSG",
        "pa": 366,
        "ops": 0.688,
        "avg": 0.25,
        "obp": 0.303,
        "slg": 0.385,
        "rbi": 45,
        "sb": 3,
        "hr": 11
      },
      {
        "name": "한유섬",
        "year": 24,
        "team": "SSG",
        "pa": 523,
        "ops": 0.767,
        "avg": 0.235,
        "obp": 0.314,
        "slg": 0.453,
        "rbi": 87,
        "sb": 0,
        "hr": 24
      },
      {
        "name": "이지영",
        "year": 24,
        "team": "SSG",
        "pa": 432,
        "ops": 0.669,
        "avg": 0.279,
        "obp": 0.32,
        "slg": 0.349,
        "rbi": 50,
        "sb": 8,
        "hr": 5
      },
      {
        "name": "하재훈",
        "year": 24,
        "team": "SSG",
        "pa": 317,
        "ops": 0.709,
        "avg": 0.248,
        "obp": 0.292,
        "slg": 0.417,
        "rbi": 36,
        "sb": 15,
        "hr": 10
      }
    ]
  },
  {
    "generation": 30,
    "expected_score": 5.685,
    "lineup": [
      "박성한",
      "최지훈",
      "추신수",
      "에레디아",
      "최정",
      "고명준",
      "한유섬",
      "이지영",
      "하재훈"
    ],
    "player_stats": [
      {
        "name": "박성한",
        "year": 24,
        "team": "SSG",
        "pa": 564,
        "ops": 0.791,
        "avg": 0.301,
        "obp": 0.38,
        "slg": 0.411,
        "rbi": 67,
        "sb": 13,
        "hr": 10
      },
      {
        "name": "최지훈",
        "year": 24,
        "team": "SSG",
        "pa": 543,
        "ops": 0.763,
        "avg": 0.275,
        "obp": 0.345,
        "slg": 0.418,
        "rbi": 49,
        "sb": 32,
        "hr": 11
      },
      {
        "name": "추신수",
        "year": 24,
        "team": "SSG",
        "pa": 302,
        "ops": 0.776,
        "avg": 0.281,
        "obp": 0.373,
        "slg": 0.403,
        "rbi": 37,
        "sb": 5,
        "hr": 5
      },
      {
        "name": "에레디아",
        "year": 24,
        "team": "SSG",
        "pa": 591,
        "ops": 0.937,
        "avg": 0.36,
        "obp": 0.399,
        "slg": 0.538,
        "rbi": 118,
        "sb": 4,
        "hr": 21
      },
      {
        "name": "최정",
        "year": 24,
        "team": "SSG",
        "pa": 550,
        "ops": 0.978,
        "avg": 0.291,
        "obp": 0.384,
        "slg": 0.594,
        "rbi": 107,
        "sb": 5,
        "hr": 37
      },
      {
        "name": "고명준",
        "year": 24,
        "team": "SSG",
        "pa": 366,
        "ops": 0.688,
        "avg": 0.25,
        "obp": 0.303,
        "slg": 0.385,
        "rbi": 45,
        "sb": 3,
        "hr": 11
      },
      {
        "name": "한유섬",
        "year": 24,
        "team": "SSG",
        "pa": 523,
        "ops": 0.767,
        "avg": 0.235,
        "obp": 0.314,
        "slg": 0.453,
        "rbi": 87,
        "sb": 0,
        "hr": 24
      },
      {
        "name": "이지영",
        "year": 24,
        "team": "SSG",
        "pa": 432,
        "ops": 0.669,
        "avg": 0.279,
        "obp": 0.32,
        "slg": 0.349,
        "rbi": 50,
        "sb": 8,
        "hr": 5
      },
      {
        "name": "하재훈",
        "year": 24,
        "team": "SSG",
        "pa": 317,
        "ops": 0.709,
        "avg": 0.248,
        "obp": 0.292,
        "slg": 0.417,
        "rbi": 36,
        "sb": 15,
        "hr": 10
      }
    ]
  }
]