[
  {
    "generation": 1,
    "expected_score": 6.77,
    "lineup": [
      "전준우",
      "고승민",
      "손호영",
      "레이예스",
      "박승욱",
      "윤동희",
      "나승엽",
      "황성빈",
      "정훈"
    ],
    "player_stats": [
      {
        "name": "전준우",
        "year": 24,
        "team": "롯데",
        "pa": 483,
        "ops": 0.854,
        "avg": 0.293,
        "obp": 0.369,
        "slg": 0.485,
        "rbi": 82,
        "sb": 3,
        "hr": 17
      },
      {
        "name": "고승민",
        "year": 24,
        "team": "롯데",
        "pa": 532,
        "ops": 0.834,
        "avg": 0.308,
        "obp": 0.358,
        "slg": 0.476,
        "rbi": 87,
        "sb": 5,
        "hr": 14
      },
      {
        "name": "손호영",
        "year": 24,
        "team": "롯데",
        "pa": 428,
        "ops": 0.896,
        "avg": 0.318,
        "obp": 0.356,
        "slg": 0.54,
        "rbi": 78,
        "sb": 7,
        "hr": 18
      },
      {
        "name": "레이예스",
        "year": 24,
        "team": "롯데",
        "pa": 632,
        "ops": 0.904,
        "avg": 0.352,
        "obp": 0.394,
        "slg": 0.51,
        "rbi": 111,
        "sb": 5,
        "hr": 15
      },
      {
        "name": "박승욱",
        "year": 24,
        "team": "롯데",
        "pa": 468,
        "ops": 0.716,
        "avg": 0.262,
        "obp": 0.351,
        "slg": 0.365,
        "rbi": 53,
        "sb": 4,
        "hr": 7
      },
      {
        "name": "윤동희",
        "year": 24,
        "team": "롯데",
        "pa": 613,
        "ops": 0.829,
        "avg": 0.293,
        "obp": 0.376,
        "slg": 0.453,
        "rbi": 85,
        "sb": 7,
        "hr": 14
      },
      {
        "name": "나승엽",
        "year": 24,
        "team": "롯데",
        "pa": 489,
        "ops": 0.88,
        "avg": 0.312,
        "obp": 0.411,
        "slg": 0.469,
        "rbi": 66,
        "sb": 1,
        "hr": 7
      },
      {
        "name": "황성빈",
        "year": 24,
        "team": "롯데",
        "pa": 406,
        "ops": 0.812,
        "avg": 0.32,
        "obp": 0.375,
        "slg": 0.437,
        "rbi": 26,
        "sb": 51,
        "hr": 4
      },
      {
        "name": "정훈",
        "year": 24,
        "team": "롯데",
        "pa": 325,
        "ops": 0.775,
        "avg": 0.267,
        "obp": 0.343,
        "slg": 0.432,
        "rbi": 47,
        "sb": 1,
        "hr": 9
      }
    ]
  },
  {
    "generation": 2,
    "expected_score": 6.655,
    "lineup": [
      "손호영",
      "황성빈",
      "윤동희",
      "박승욱",
      "레이예스",
      "전준우",
      "나승엽",
      "고승민",
      "정훈"
    ],
    "player_stats": [
      {
        "name": "손호영",
        "year": 24,
        "team": "롯데",
        "pa": 428,
        "ops": 0.896,
        "avg": 0.318,
        "obp": 0.356,
        "slg": 0.54,
        "rbi": 78,
        "sb": 7,
        "hr": 18
      },
      {
        "name": "황성빈",
        "year": 24,
        "team": "롯데",
        "pa": 406,
        "ops": 0.812,
        "avg": 0.32,
        "obp": 0.375,
        "slg": 0.437,
        "rbi": 26,
        "sb": 51,
        "hr": 4
      },
      {
        "name": "윤동희",
        "year": 24,
        "team": "롯데",
        "pa": 613,
        "ops": 0.829,
        "avg": 0.293,
        "obp": 0.376,
        "slg": 0.453,
        "rbi": 85,
        "sb": 7,
        "hr": 14
      },
      {
        "name": "박승욱",
        "year": 24,
        "team": "롯데",
        "pa": 468,
        "ops": 0.716,
        "avg": 0.262,
        "obp": 0.351,
        "slg": 0.365,
        "rbi": 53,
        "sb": 4,
        "hr": 7
      },
      {
        "name": "레이예스",
        "year": 24,
        "team": "롯데",
        "pa": 632,
        "ops": 0.904,
        "avg": 0.352,
        "obp": 0.394,
        "slg": 0.51,
        "rbi": 111,
        "sb": 5,
        "hr": 15
      },
      {
        "name": "전준우",
        "year": 24,
        "team": "롯데",
        "pa": 483,
        "ops": 0.854,
        "avg": 0.293,
        "obp": 0.369,
        "slg": 0.485,
        "rbi": 82,
        "sb": 3,
        "hr": 17
      },
      {
        "name": "나승엽",
        "year": 24,
        "team": "롯데",
        "pa": 489,
        "ops": 0.88,
        "avg": 0.312,
        "obp": 0.411,
        "slg": 0.469,
        "rbi": 66,
        "sb": 1,
        "hr": 7
      },
      {
        "name": "고승민",
        "year": 24,
        "team": "롯데",
        "pa": 532,
        "ops": 0.834,
        "avg": 0.308,
        "obp": 0.358,
        "slg": 0.476,
        "rbi": 87,
        "sb": 5,
        "hr": 14
      },
      {
        "name": "정훈",
        "year": 24,
        "team": "롯데",
        "pa": 325,
        "ops": 0.775,
        "avg": 0.267,
        "obp": 0.343,
        "slg": 0.432,
        "rbi": 47,
        "sb": 1,
        "hr": 9
      }
    ]
  },
  {
    "generation": 3,
    "expected_score": 6.735,
    "lineup": [
      "박승욱",
      "윤동희",
      "레이예스",
      "황성빈",
      "고승민",
      "나승엽",
      "손호영",
      "정훈",
      "전준우"
    ],
    "player_stats": [
      {
        "name": "박승욱",
        "year": 24,
        "team": "롯데",
        "pa": 468,
        "ops": 0.716,
        "avg": 0.262,
        "obp": 0.351,
        "slg": 0.365,
        "rbi": 53,
        "sb": 4,
        "hr": 7
      },
      {
        "name": "윤동희",
        "year": 24,
        "team": "롯데",
        "pa": 613,
        "ops": 0.829,
        "avg": 0.293,
        "obp": 0.376,
        "slg": 0.453,
        "rbi": 85,
        "sb": 7,
        "hr": 14
      },
      {
        "name": "레이예스",
        "year": 24,
        "team": "롯데",
        "pa": 632,
        "ops": 0.904,
        "avg": 0.352,
        "obp": 0.394,
        "slg": 0.51,
        "rbi": 111,
        "sb": 5,
        "hr": 15
      },
      {
        "name": "황성빈",
        "year": 24,
        "team": "롯데",
        "pa": 406,
        "ops": 0.812,
        "avg": 0.32,
        "obp": 0.375,
        "slg": 0.437,
        "rbi": 26,
        "sb": 51,
        "hr": 4
      },
      {
        "name": "고승민",
        "year": 24,
        "team": "롯데",
        "pa": 532,
        "ops": 0.834,
        "avg": 0.308,
        "obp": 0.358,
        "slg": 0.476,
        "rbi": 87,
        "sb": 5,
        "hr": 14
      },
      {
        "name": "나승엽",
        "year": 24,
        "team": "롯데",
        "pa": 489,
        "ops": 0.88,
        "avg": 0.312,
        "obp": 0.411,
        "slg": 0.469,
        "rbi": 66,
        "sb": 1,
        "hr": 7
      },
      {
        "name": "손호영",
        "year": 24,
        "team": "롯데",
        "pa": 428,
        "ops": 0.896,
        "avg": 0.318,
        "obp": 0.356,
        "slg": 0.54,
        "rbi": 78,
        "sb": 7,
        "hr": 18
      },
      {
        "name": "정훈",
        "year": 24,
        "team": "롯데",
        "pa": 325,
        "ops": 0.775,
        "avg": 0.267,
        "obp": 0.343,
        "slg": 0.432,
        "rbi": 47,
        "sb": 1,
        "hr": 9
      },
      {
        "name": "전준우",
        "year": 24,
        "team": "롯데",
        "pa": 483,
        "ops": 0.854,
        "avg": 0.293,
        "obp": 0.369,
        "slg": 0.485,
        "rbi": 82,
        "sb": 3,
        "hr": 17
      }
    ]
  },
  {
    "generation": 4,
    "expected_score": 6.48,
    "lineup": [
      "박승욱",
      "윤동희",
      "레이예스",
      "황성빈",
      "고승민",
      "나승엽",
      "손호영",
      "전준우",
      "정훈"
    ],
    "player_stats": [
      {
        "name": "박승욱",
        "year": 24,
        "team": "롯데",
        "pa": 468,
        "ops": 0.716,
        "avg": 0.262,
        "obp": 0.351,
        "slg": 0.365,
        "rbi": 53,
        "sb": 4,
        "hr": 7
      },
      {
        "name": "윤동희",
        "year": 24,
        "team": "롯데",
        "pa": 613,
        "ops": 0.829,
        "avg": 0.293,
        "obp": 0.376,
        "slg": 0.453,
        "rbi": 85,
        "sb": 7,
        "hr": 14
      },
      {
        "name": "레이예스",
        "year": 24,
        "team": "롯데",
        "pa": 632,
        "ops": 0.904,
        "avg": 0.352,
        "obp": 0.394,
        "slg": 0.51,
        "rbi": 111,
        "sb": 5,
        "hr": 15
      },
      {
        "name": "황성빈",
        "year": 24,
        "team": "롯데",
        "pa": 406,
        "ops": 0.812,
        "avg": 0.32,
        "obp": 0.375,
        "slg": 0.437,
        "rbi": 26,
        "sb": 51,
        "hr": 4
      },
      {
        "name": "고승민",
        "year": 24,
        "team": "롯데",
        "pa": 532,
        "ops": 0.834,
        "avg": 0.308,
        "obp": 0.358,
        "slg": 0.476,
        "rbi": 87,
        "sb": 5,
        "hr": 14
      },
      {
        "name": "나승엽",
        "year": 24,
        "team": "롯데",
        "pa": 489,
        "ops": 0.88,
        "avg": 0.312,
        "obp": 0.411,
        "slg": 0.469,
        "rbi": 66,
        "sb": 1,
        "hr": 7
      },
      {
        "name": "손호영",
        "year": 24,
        "team": "롯데",
        "pa": 428,
        "ops": 0.896,
        "avg": 0.318,
        "obp": 0.356,
        "slg": 0.54,
        "rbi": 78,
        "sb": 7,
        "hr": 18
      },
      {
        "name": "전준우",
        "year": 24,
        "team": "롯데",
        "pa": 483,
        "ops": 0.854,
        "avg": 0.293,
        "obp": 0.369,
        "slg": 0.485,
        "rbi": 82,
        "sb": 3,
        "hr": 17
      },
      {
        "name": "정훈",
        "year": 24,
        "team": "롯데",
        "pa": 325,
        "ops": 0.775,
        "avg": 0.267,
        "obp": 0.343,
        "slg": 0.432,
        "rbi": 47,
        "sb": 1,
        "hr": 9
      }
    ]
  },
  {
    "generation": 5,
    "expected_score": 6.925,
    "lineup": [
      "레이예스",
      "황성빈",
      "나승엽",
      "손호영",
      "정훈",
      "고승민",
      "윤동희",
      "박승욱",
      "전준우"
    ],
    "player_stats": [
      {
        "name": "레이예스",
        "year": 24,
        "team": "롯데",
        "pa": 632,
        "ops": 0.904,
        "avg": 0.352,
        "obp": 0.394,
        "slg": 0.51,
        "rbi": 111,
        "sb": 5,
        "hr": 15
      },
      {
        "name": "황성빈",
        "year": 24,
        "team": "롯데",
        "pa": 406,
        "ops": 0.812,
        "avg": 0.32,
        "obp": 0.375,
        "slg": 0.437,
        "rbi": 26,
        "sb": 51,
        "hr": 4
      },
      {
        "name": "나승엽",
        "year": 24,
        "team": "롯데",
        "pa": 489,
        "ops": 0.88,
        "avg": 0.312,
        "obp": 0.411,
        "slg": 0.469,
        "rbi": 66,
        "sb": 1,
        "hr": 7
      },
      {
        "name": "손호영",
        "year": 24,
        "team": "롯데",
        "pa": 428,
        "ops": 0.896,
        "avg": 0.318,
        "obp": 0.356,
        "slg": 0.54,
        "rbi": 78,
        "sb": 7,
        "hr": 18
      },
      {
        "name": "정훈",
        "year": 24,
        "team": "롯데",
        "pa": 325,
        "ops": 0.775,
        "avg": 0.267,
        "obp": 0.343,
        "slg": 0.432,
        "rbi": 47,
        "sb": 1,
        "hr": 9
      },
      {
        "name": "고승민",
        "year": 24,
        "team": "롯데",
        "pa": 532,
        "ops": 0.834,
        "avg": 0.308,
        "obp": 0.358,
        "slg": 0.476,
        "rbi": 87,
        "sb": 5,
        "hr": 14
      },
      {
        "name": "윤동희",
        "year": 24,
        "team": "롯데",
        "pa": 613,
        "ops": 0.829,
        "avg": 0.293,
        "obp": 0.376,
        "slg": 0.453,
        "rbi": 85,
        "sb": 7,
        "hr": 14
      },
      {
        "name": "박승욱",
        "year": 24,
        "team": "롯데",
        "pa": 468,
        "ops": 0.716,
        "avg": 0.262,
        "obp": 0.351,
        "slg": 0.365,
        "rbi": 53,
        "sb": 4,
        "hr": 7
      },
      {
        "name": "전준우",
        "year": 24,
        "team": "롯데",
        "pa": 483,
        "ops": 0.854,
        "avg": 0.293,
        "obp": 0.369,
        "slg": 0.485,
        "rbi": 82,
        "sb": 3,
        "hr": 17
      }
    ]
  },
  {
    "generation": 6,
    "expected_score": 6.77,
    "lineup": [
      "레이예스",
      "황성빈",
      "박승욱",
      "전준우",
      "윤동희",
      "손호영",
      "나승엽",
      "정훈",
      "고승민"
    ],
    "player_stats": [
      {
        "name": "레이예스",
        "year": 24,
        "team": "롯데",
        "pa": 632,
        "ops": 0.904,
        "avg": 0.352,
        "obp": 0.394,
        "slg": 0.51,
        "rbi": 111,
        "sb": 5,
        "hr": 15
      },
      {
        "name": "황성빈",
        "year": 24,
        "team": "롯데",
        "pa": 406,
        "ops": 0.812,
        "avg": 0.32,
        "obp": 0.375,
        "slg": 0.437,
        "rbi": 26,
        "sb": 51,
        "hr": 4
      },
      {
        "name": "박승욱",
        "year": 24,
        "team": "롯데",
        "pa": 468,
        "ops": 0.716,
        "avg": 0.262,
        "obp": 0.351,
        "slg": 0.365,
        "rbi": 53,
        "sb": 4,
        "hr": 7
      },
      {
        "name": "전준우",
        "year": 24,
        "team": "롯데",
        "pa": 483,
        "ops": 0.854,
        "avg": 0.293,
        "obp": 0.369,
        "slg": 0.485,
        "rbi": 82,
        "sb": 3,
        "hr": 17
      },
      {
        "name": "윤동희",
        "year": 24,
        "team": "롯데",
        "pa": 613,
        "ops": 0.829,
        "avg": 0.293,
        "obp": 0.376,
        "slg": 0.453,
        "rbi": 85,
        "sb": 7,
        "hr": 14
      },
      {
        "name": "손호영",
        "year": 24,
        "team": "롯데",
        "pa": 428,
        "ops": 0.896,
        "avg": 0.318,
        "obp": 0.356,
        "slg": 0.54,
        "rbi": 78,
        "sb": 7,
        "hr": 18
      },
      {
        "name": "나승엽",
        "year": 24,
        "team": "롯데",
        "pa": 489,
        "ops": 0.88,
        "avg": 0.312,
        "obp": 0.411,
        "slg": 0.469,
        "rbi": 66,
        "sb": 1,
        "hr": 7
      },
      {
        "name": "정훈",
        "year": 24,
        "team": "롯데",
        "pa": 325,
        "ops": 0.775,
        "avg": 0.267,
        "obp": 0.343,
        "slg": 0.432,
        "rbi": 47,
        "sb": 1,
        "hr": 9
      },
      {
        "name": "고승민",
        "year": 24,
        "team": "롯데",
        "pa": 532,
        "ops": 0.834,
        "avg": 0.308,
        "obp": 0.358,
        "slg": 0.476,
        "rbi": 87,
        "sb": 5,
        "hr": 14
      }
    ]
  },
  {
    "generation": 7,
    "expected_score": 6.76,
    "lineup": [
      "정훈",
      "레이예스",
      "황성빈",
      "나승엽",
      "손호영",
      "고승민",
      "박승욱",
      "전준우",
      "윤동희"
    ],
    "player_stats": [
      {
        "name": "정훈",
        "year": 24,
        "team": "롯데",
        "pa": 325,
        "ops": 0.775,
        "avg": 0.267,
        "obp": 0.343,
        "slg": 0.432,
        "rbi": 47,
        "sb": 1,
        "hr": 9
      },
      {
        "name": "레이예스",
        "year": 24,
        "team": "롯데",
        "pa": 632,
        "ops": 0.904,
        "avg": 0.352,
        "obp": 0.394,
        "slg": 0.51,
        "rbi": 111,
        "sb": 5,
        "hr": 15
      },
      {
        "name": "황성빈",
        "year": 24,
        "team": "롯데",
        "pa": 406,
        "ops": 0.812,
        "avg": 0.32,
        "obp": 0.375,
        "slg": 0.437,
        "rbi": 26,
        "sb": 51,
        "hr": 4
      },
      {
        "name": "나승엽",
        "year": 24,
        "team": "롯데",
        "pa": 489,
        "ops": 0.88,
        "avg": 0.312,
        "obp": 0.411,
        "slg": 0.469,
        "rbi": 66,
        "sb": 1,
        "hr": 7
      },
      {
        "name": "손호영",
        "year": 24,
        "team": "롯데",
        "pa": 428,
        "ops": 0.896,
        "avg": 0.318,
        "obp": 0.356,
        "slg": 0.54,
        "rbi": 78,
        "sb": 7,
        "hr": 18
      },
      {
        "name": "고승민",
        "year": 24,
        "team": "롯데",
        "pa": 532,
        "ops": 0.834,
        "avg": 0.308,
        "obp": 0.358,
        "slg": 0.476,
        "rbi": 87,
        "sb": 5,
        "hr": 14
      },
      {
        "name": "박승욱",
        "year": 24,
        "team": "롯데",
        "pa": 468,
        "ops": 0.716,
        "avg": 0.262,
        "obp": 0.351,
        "slg": 0.365,
        "rbi": 53,
        "sb": 4,
        "hr": 7
      },
      {
        "name": "전준우",
        "year": 24,
        "team": "롯데",
        "pa": 483,
        "ops": 0.854,
        "avg": 0.293,
        "obp": 0.369,
        "slg": 0.485,
        "rbi": 82,
        "sb": 3,
        "hr": 17
      },
      {
        "name": "윤동희",
        "year": 24,
        "team": "롯데",
        "pa": 613,
        "ops": 0.829,
        "avg": 0.293,
        "obp": 0.376,
        "slg": 0.453,
        "rbi": 85,
        "sb": 7,
        "hr": 14
      }
    ]
  },
  {
    "generation": 8,
    "expected_score": 6.69,
    "lineup": [
      "황성빈",
      "레이예스",
      "박승욱",
      "전준우",
      "나승엽",
      "고승민",
      "정훈",
      "손호영",
      "윤동희"
    ],
    "player_stats": [
      {
        "name": "황성빈",
        "year": 24,
        "team": "롯데",
        "pa": 406,
        "ops": 0.812,
        "avg": 0.32,
        "obp": 0.375,
        "slg": 0.437,
        "rbi": 26,
        "sb": 51,
        "hr": 4
      },
      {
        "name": "레이예스",
        "year": 24,
        "team": "롯데",
        "pa": 632,
        "ops": 0.904,
        "avg": 0.352,
        "obp": 0.394,
        "slg": 0.51,
        "rbi": 111,
        "sb": 5,
        "hr": 15
      },
      {
        "name": "박승욱",
        "year": 24,
        "team": "롯데",
        "pa": 468,
        "ops": 0.716,
        "avg": 0.262,
        "obp": 0.351,
        "slg": 0.365,
        "rbi": 53,
        "sb": 4,
        "hr": 7
      },
      {
        "name": "전준우",
        "year": 24,
        "team": "롯데",
        "pa": 483,
        "ops": 0.854,
        "avg": 0.293,
        "obp": 0.369,
        "slg": 0.485,
        "rbi": 82,
        "sb": 3,
        "hr": 17
      },
      {
        "name": "나승엽",
        "year": 24,
        "team": "롯데",
        "pa": 489,
        "ops": 0.88,
        "avg": 0.312,
        "obp": 0.411,
        "slg": 0.469,
        "rbi": 66,
        "sb": 1,
        "hr": 7
      },
      {
        "name": "고승민",
        "year": 24,
        "team": "롯데",
        "pa": 532,
        "ops": 0.834,
        "avg": 0.308,
        "obp": 0.358,
        "slg": 0.476,
        "rbi": 87,
        "sb": 5,
        "hr": 14
      },
      {
        "name": "정훈",
        "year": 24,
        "team": "롯데",
        "pa": 325,
        "ops": 0.775,
        "avg": 0.267,
        "obp": 0.343,
        "slg": 0.432,
        "rbi": 47,
        "sb": 1,
        "hr": 9
      },
      {
        "name": "손호영",
        "year": 24,
        "team": "롯데",
        "pa": 428,
        "ops": 0.896,
        "avg": 0.318,
        "obp": 0.356,
        "slg": 0.54,
        "rbi": 78,
        "sb": 7,
        "hr": 18
      },
      {
        "name": "윤동희",
        "year": 24,
        "team": "롯데",
        "pa": 613,
        "ops": 0.829,
        "avg": 0.293,
        "obp": 0.376,
        "slg": 0.453,
        "rbi": 85,
        "sb": 7,
        "hr": 14
      }
    ]
  },
  {
    "generation": 9,
    "expected_score": 6.76,
    "lineup": [
      "황성빈",
      "레이예스",
      "박승욱",
      "나승엽",
      "고승민",
      "전준우",
      "윤동희",
      "정훈",
      "손호영"
    ],
    "player_stats": [
      {
        "name": "황성빈",
        "year": 24,
        "team": "롯데",
        "pa": 406,
        "ops": 0.812,
        "avg": 0.32,
        "obp": 0.375,
        "slg": 0.437,
        "rbi": 26,
        "sb": 51,
        "hr": 4
      },
      {
        "name": "레이예스",
        "year": 24,
        "team": "롯데",
        "pa": 632,
        "ops": 0.904,
        "avg": 0.352,
        "obp": 0.394,
        "slg": 0.51,
        "rbi": 111,
        "sb": 5,
        "hr": 15
      },
      {
        "name": "박승욱",
        "year": 24,
        "team": "롯데",
        "pa": 468,
        "ops": 0.716,
        "avg": 0.262,
        "obp": 0.351,
        "slg": 0.365,
        "rbi": 53,
        "sb": 4,
        "hr": 7
      },
      {
        "name": "나승엽",
        "year": 24,
        "team": "롯데",
        "pa": 489,
        "ops": 0.88,
        "avg": 0.312,
        "obp": 0.411,
        "slg": 0.469,
        "rbi": 66,
        "sb": 1,
        "hr": 7
      },
      {
        "name": "고승민",
        "year": 24,
        "team": "롯데",
        "pa": 532,
        "ops": 0.834,
        "avg": 0.308,
        "obp": 0.358,
        "slg": 0.476,
        "rbi": 87,
        "sb": 5,
        "hr": 14
      },
      {
        "name": "전준우",
        "year": 24,
        "team": "롯데",
        "pa": 483,
        "ops": 0.854,
        "avg": 0.293,
        "obp": 0.369,
        "slg": 0.485,
        "rbi": 82,
        "sb": 3,
        "hr": 17
      },
      {
        "name": "윤동희",
        "year": 24,
        "team": "롯데",
        "pa": 613,
        "ops": 0.829,
        "avg": 0.293,
        "obp": 0.376,
        "slg": 0.453,
        "rbi": 85,
        "sb": 7,
        "hr": 14
      },
      {
        "name": "정훈",
        "year": 24,
        "team": "롯데",
        "pa": 325,
        "ops": 0.775,
        "avg": 0.267,
        "obp": 0.343,
        "slg": 0.432,
        "rbi": 47,
        "sb": 1,
        "hr": 9
      },
      {
        "name": "손호영",
        "year": 24,
        "team": "롯데",
        "pa": 428,
        "ops": 0.896,
        "avg": 0.318,
        "obp": 0.356,
        "slg": 0.54,
        "rbi": 78,
        "sb": 7,
        "hr": 18
      }
    ]
  },
  {
    "generation": 10,
    "expected_score": 6.485,
    "lineup": [
      "황성빈",
      "박승욱",
      "전준우",
      "고승민",
      "나승엽",
      "윤동희",
      "레이예스",
      "손호영",
      "정훈"
    ],
    "player_stats": [
      {
        "name": "황성빈",
        "year": 24,
        "team": "롯데",
        "pa": 406,
        "ops": 0.812,
        "avg": 0.32,
        "obp": 0.375,
        "slg": 0.437,
        "rbi": 26,
        "sb": 51,
        "hr": 4
      },
      {
        "name": "박승욱",
        "year": 24,
        "team": "롯데",
        "pa": 468,
        "ops": 0.716,
        "avg": 0.262,
        "obp": 0.351,
        "slg": 0.365,
        "rbi": 53,
        "sb": 4,
        "hr": 7
      },
      {
        "name": "전준우",
        "year": 24,
        "team": "롯데",
        "pa": 483,
        "ops": 0.854,
        "avg": 0.293,
        "obp": 0.369,
        "slg": 0.485,
        "rbi": 82,
        "sb": 3,
        "hr": 17
      },
      {
        "name": "고승민",
        "year": 24,
        "team": "롯데",
        "pa": 532,
        "ops": 0.834,
        "avg": 0.308,
        "obp": 0.358,
        "slg": 0.476,
        "rbi": 87,
        "sb": 5,
        "hr": 14
      },
      {
        "name": "나승엽",
        "year": 24,
        "team": "롯데",
        "pa": 489,
        "ops": 0.88,
        "avg": 0.312,
        "obp": 0.411,
        "slg": 0.469,
        "rbi": 66,
        "sb": 1,
        "hr": 7
      },
      {
        "name": "윤동희",
        "year": 24,
        "team": "롯데",
        "pa": 613,
        "ops": 0.829,
        "avg": 0.293,
        "obp": 0.376,
        "slg": 0.453,
        "rbi": 85,
        "sb": 7,
        "hr": 14
      },
      {
        "name": "레이예스",
        "year": 24,
        "team": "롯데",
        "pa": 632,
        "ops": 0.904,
        "avg": 0.352,
        "obp": 0.394,
        "slg": 0.51,
        "rbi": 111,
        "sb": 5,
        "hr": 15
      },
      {
        "name": "손호영",
        "year": 24,
        "team": "롯데",
        "pa": 428,
        "ops": 0.896,
        "avg": 0.318,
        "obp": 0.356,
        "slg": 0.54,
        "rbi": 78,
        "sb": 7,
        "hr": 18
      },
      {
        "name": "정훈",
        "year": 24,
        "team": "롯데",
        "pa": 325,
        "ops": 0.775,
        "avg": 0.267,
        "obp": 0.343,
        "slg": 0.432,
        "rbi": 47,
        "sb": 1,
        "hr": 9
      }
    ]
  },
  {
    "generation": 11,
    "expected_score": 7.03,
    "lineup": [
      "황성빈",
      "전준우",
      "박승욱",
      "고승민",
      "나승엽",
      "윤동희",
      "레이예스",
      "손호영",
      "정훈"
    ],
    "player_stats": [
      {
        "name": "황성빈",
        "year": 24,
        "team": "롯데",
        "pa": 406,
        "ops": 0.812,
        "avg": 0.32,
        "obp": 0.375,
        "slg": 0.437,
        "rbi": 26,
        "sb": 51,
        "hr": 4
      },
      {
        "name": "전준우",
        "year": 24,
        "team": "롯데",
        "pa": 483,
        "ops": 0.854,
        "avg": 0.293,
        "obp": 0.369,
        "slg": 0.485,
        "rbi": 82,
        "sb": 3,
        "hr": 17
      },
      {
        "name": "박승욱",
        "year": 24,
        "team": "롯데",
        "pa": 468,
        "ops": 0.716,
        "avg": 0.262,
        "obp": 0.351,
        "slg": 0.365,
        "rbi": 53,
        "sb": 4,
        "hr": 7
      },
      {
        "name": "고승민",
        "year": 24,
        "team": "롯데",
        "pa": 532,
        "ops": 0.834,
        "avg": 0.308,
        "obp": 0.358,
        "slg": 0.476,
        "rbi": 87,
        "sb": 5,
        "hr": 14
      },
      {
        "name": "나승엽",
        "year": 24,
        "team": "롯데",
        "pa": 489,
        "ops": 0.88,
        "avg": 0.312,
        "obp": 0.411,
        "slg": 0.469,
        "rbi": 66,
        "sb": 1,
        "hr": 7
      },
      {
        "name": "윤동희",
        "year": 24,
        "team": "롯데",
        "pa": 613,
        "ops": 0.829,
        "avg": 0.293,
        "obp": 0.376,
        "slg": 0.453,
        "rbi": 85,
        "sb": 7,
        "hr": 14
      },
      {
        "name": "레이예스",
        "year": 24,
        "team": "롯데",
        "pa": 632,
        "ops": 0.904,
        "avg": 0.352,
        "obp": 0.394,
        "slg": 0.51,
        "rbi": 111,
        "sb": 5,
        "hr": 15
      },
      {
        "name": "손호영",
        "year": 24,
        "team": "롯데",
        "pa": 428,
        "ops": 0.896,
        "avg": 0.318,
        "obp": 0.356,
        "slg": 0.54,
        "rbi": 78,
        "sb": 7,
        "hr": 18
      },
      {
        "name": "정훈",
        "year": 24,
        "team": "롯데",
        "pa": 325,
        "ops": 0.775,
        "avg": 0.267,
        "obp": 0.343,
        "slg": 0.432,
        "rbi": 47,
        "sb": 1,
        "hr": 9
      }
    ]
  },
  {
    "generation": 12,
    "expected_score": 6.62,
    "lineup": [
      "고승민",
      "황성빈",
      "박승욱",
      "전준우",
      "나승엽",
      "윤동희",
      "레이예스",
      "손호영",
      "정훈"
    ],
    "player_stats": [
      {
        "name": "고승민",
        "year": 24,
        "team": "롯데",
        "pa": 532,
        "ops": 0.834,
        "avg": 0.308,
        "obp": 0.358,
        "slg": 0.476,
        "rbi": 87,
        "sb": 5,
        "hr": 14
      },
      {
        "name": "황성빈",
        "year": 24,
        "team": "롯데",
        "pa": 406,
        "ops": 0.812,
        "avg": 0.32,
        "obp": 0.375,
        "slg": 0.437,
        "rbi": 26,
        "sb": 51,
        "hr": 4
      },
      {
        "name": "박승욱",
        "year": 24,
        "team": "롯데",
        "pa": 468,
        "ops": 0.716,
        "avg": 0.262,
        "obp": 0.351,
        "slg": 0.365,
        "rbi": 53,
        "sb": 4,
        "hr": 7
      },
      {
        "name": "전준우",
        "year": 24,
        "team": "롯데",
        "pa": 483,
        "ops": 0.854,
        "avg": 0.293,
        "obp": 0.369,
        "slg": 0.485,
        "rbi": 82,
        "sb": 3,
        "hr": 17
      },
      {
        "name": "나승엽",
        "year": 24,
        "team": "롯데",
        "pa": 489,
        "ops": 0.88,
        "avg": 0.312,
        "obp": 0.411,
        "slg": 0.469,
        "rbi": 66,
        "sb": 1,
        "hr": 7
      },
      {
        "name": "윤동희",
        "year": 24,
        "team": "롯데",
        "pa": 613,
        "ops": 0.829,
        "avg": 0.293,
        "obp": 0.376,
        "slg": 0.453,
        "rbi": 85,
        "sb": 7,
        "hr": 14
      },
      {
        "name": "레이예스",
        "year": 24,
        "team": "롯데",
        "pa": 632,
        "ops": 0.904,
        "avg": 0.352,
        "obp": 0.394,
        "slg": 0.51,
        "rbi": 111,
        "sb": 5,
        "hr": 15
      },
      {
        "name": "손호영",
        "year": 24,
        "team": "롯데",
        "pa": 428,
        "ops": 0.896,
        "avg": 0.318,
        "obp": 0.356,
        "slg": 0.54,
        "rbi": 78,
        "sb": 7,
        "hr": 18
      },
      {
        "name": "정훈",
        "year": 24,
        "team": "롯데",
        "pa": 325,
        "ops": 0.775,
        "avg": 0.267,
        "obp": 0.343,
        "slg": 0.432,
        "rbi": 47,
        "sb": 1,
        "hr": 9
      }
    ]
  },
  {
    "generation": 13,
    "expected_score": 6.705,
    "lineup": [
      "박승욱",
      "전준우",
      "황성빈",
      "나승엽",
      "윤동희",
      "레이예스",
      "정훈",
      "고승민",
      "손호영"
    ],
    "player_stats": [
      {
        "name": "박승욱",
        "year": 24,
        "team": "롯데",
        "pa": 468,
        "ops": 0.716,
        "avg": 0.262,
        "obp": 0.351,
        "slg": 0.365,
        "rbi": 53,
        "sb": 4,
        "hr": 7
      },
      {
        "name": "전준우",
        "year": 24,
        "team": "롯데",
        "pa": 483,
        "ops": 0.854,
        "avg": 0.293,
        "obp": 0.369,
        "slg": 0.485,
        "rbi": 82,
        "sb": 3,
        "hr": 17
      },
      {
        "name": "황성빈",
        "year": 24,
        "team": "롯데",
        "pa": 406,
        "ops": 0.812,
        "avg": 0.32,
        "obp": 0.375,
        "slg": 0.437,
        "rbi": 26,
        "sb": 51,
        "hr": 4
      },
      {
        "name": "나승엽",
        "year": 24,
        "team": "롯데",
        "pa": 489,
        "ops": 0.88,
        "avg": 0.312,
        "obp": 0.411,
        "slg": 0.469,
        "rbi": 66,
        "sb": 1,
        "hr": 7
      },
      {
        "name": "윤동희",
        "year": 24,
        "team": "롯데",
        "pa": 613,
        "ops": 0.829,
        "avg": 0.293,
        "obp": 0.376,
        "slg": 0.453,
        "rbi": 85,
        "sb": 7,
        "hr": 14
      },
      {
        "name": "레이예스",
        "year": 24,
        "team": "롯데",
        "pa": 632,
        "ops": 0.904,
        "avg": 0.352,
        "obp": 0.394,
        "slg": 0.51,
        "rbi": 111,
        "sb": 5,
        "hr": 15
      },
      {
        "name": "정훈",
        "year": 24,
        "team": "롯데",
        "pa": 325,
        "ops": 0.775,
        "avg": 0.267,
        "obp": 0.343,
        "slg": 0.432,
        "rbi": 47,
        "sb": 1,
        "hr": 9
      },
      {
        "name": "고승민",
        "year": 24,
        "team": "롯데",
        "pa": 532,
        "ops": 0.834,
        "avg": 0.308,
        "obp": 0.358,
        "slg": 0.476,
        "rbi": 87,
        "sb": 5,
        "hr": 14
      },
      {
        "name": "손호영",
        "year": 24,
        "team": "롯데",
        "pa": 428,
        "ops": 0.896,
        "avg": 0.318,
        "obp": 0.356,
        "slg": 0.54,
        "rbi": 78,
        "sb": 7,
        "hr": 18
      }
    ]
  },
  {
    "generation": 14,
    "expected_score": 6.675,
    "lineup": [
      "나승엽",
      "전준우",
      "박승욱",
      "황성빈",
      "레이예스",
      "고승민",
      "손호영",
      "윤동희",
      "정훈"
    ],
    "player_stats": [
      {
        "name": "나승엽",
        "year": 24,
        "team": "롯데",
        "pa": 489,
        "ops": 0.88,
        "avg": 0.312,
        "obp": 0.411,
        "slg": 0.469,
        "rbi": 66,
        "sb": 1,
        "hr": 7
      },
      {
        "name": "전준우",
        "year": 24,
        "team": "롯데",
        "pa": 483,
        "ops": 0.854,
        "avg": 0.293,
        "obp": 0.369,
        "slg": 0.485,
        "rbi": 82,
        "sb": 3,
        "hr": 17
      },
      {
        "name": "박승욱",
        "year": 24,
        "team": "롯데",
        "pa": 468,
        "ops": 0.716,
        "avg": 0.262,
        "obp": 0.351,
        "slg": 0.365,
        "rbi": 53,
        "sb": 4,
        "hr": 7
      },
      {
        "name": "황성빈",
        "year": 24,
        "team": "롯데",
        "pa": 406,
        "ops": 0.812,
        "avg": 0.32,
        "obp": 0.375,
        "slg": 0.437,
        "rbi": 26,
        "sb": 51,
        "hr": 4
      },
      {
        "name": "레이예스",
        "year": 24,
        "team": "롯데",
        "pa": 632,
        "ops": 0.904,
        "avg": 0.352,
        "obp": 0.394,
        "slg": 0.51,
        "rbi": 111,
        "sb": 5,
        "hr": 15
      },
      {
        "name": "고승민",
        "year": 24,
        "team": "롯데",
        "pa": 532,
        "ops": 0.834,
        "avg": 0.308,
        "obp": 0.358,
        "slg": 0.476,
        "rbi": 87,
        "sb": 5,
        "hr": 14
      },
      {
        "name": "손호영",
        "year": 24,
        "team": "롯데",
        "pa": 428,
        "ops": 0.896,
        "avg": 0.318,
        "obp": 0.356,
        "slg": 0.54,
        "rbi": 78,
        "sb": 7,
        "hr": 18
      },
      {
        "name": "윤동희",
        "year": 24,
        "team": "롯데",
        "pa": 613,
        "ops": 0.829,
        "avg": 0.293,
        "obp": 0.376,
        "slg": 0.453,
        "rbi": 85,
        "sb": 7,
        "hr": 14
      },
      {
        "name": "정훈",
        "year": 24,
        "team": "롯데",
        "pa": 325,
        "ops": 0.775,
        "avg": 0.267,
        "obp": 0.343,
        "slg": 0.432,
        "rbi": 47,
        "sb": 1,
        "hr": 9
      }
    ]
  },
  {
    "generation": 15,
    "expected_score": 6.74,
    "lineup": [
      "나승엽",
      "박승욱",
      "전준우",
      "레이예스",
      "고승민",
      "손호영",
      "황성빈",
      "윤동희",
      "정훈"
    ],
    "player_stats": [
      {
        "name": "나승엽",
        "year": 24,
        "team": "롯데",
        "pa": 489,
        "ops": 0.88,
        "avg": 0.312,
        "obp": 0.411,
        "slg": 0.469,
        "rbi": 66,
        "sb": 1,
        "hr": 7
      },
      {
        "name": "박승욱",
        "year": 24,
        "team": "롯데",
        "pa": 468,
        "ops": 0.716,
        "avg": 0.262,
        "obp": 0.351,
        "slg": 0.365,
        "rbi": 53,
        "sb": 4,
        "hr": 7
      },
      {
        "name": "전준우",
        "year": 24,
        "team": "롯데",
        "pa": 483,
        "ops": 0.854,
        "avg": 0.293,
        "obp": 0.369,
        "slg": 0.485,
        "rbi": 82,
        "sb": 3,
        "hr": 17
      },
      {
        "name": "레이예스",
        "year": 24,
        "team": "롯데",
        "pa": 632,
        "ops": 0.904,
        "avg": 0.352,
        "obp": 0.394,
        "slg": 0.51,
        "rbi": 111,
        "sb": 5,
        "hr": 15
      },
      {
        "name": "고승민",
        "year": 24,
        "team": "롯데",
        "pa": 532,
        "ops": 0.834,
        "avg": 0.308,
        "obp": 0.358,
        "slg": 0.476,
        "rbi": 87,
        "sb": 5,
        "hr": 14
      },
      {
        "name": "손호영",
        "year": 24,
        "team": "롯데",
        "pa": 428,
        "ops": 0.896,
        "avg": 0.318,
        "obp": 0.356,
        "slg": 0.54,
        "rbi": 78,
        "sb": 7,
        "hr": 18
      },
      {
        "name": "황성빈",
        "year": 24,
        "team": "롯데",
        "pa": 406,
        "ops": 0.812,
        "avg": 0.32,
        "obp": 0.375,
        "slg": 0.437,
        "rbi": 26,
        "sb": 51,
        "hr": 4
      },
      {
        "name": "윤동희",
        "year": 24,
        "team": "롯데",
        "pa": 613,
        "ops": 0.829,
        "avg": 0.293,
        "obp": 0.376,
        "slg": 0.453,
        "rbi": 85,
        "sb": 7,
        "hr": 14
      },
      {
        "name": "정훈",
        "year": 24,
        "team": "롯데",
        "pa": 325,
        "ops": 0.775,
        "avg": 0.267,
        "obp": 0.343,
        "slg": 0.432,
        "rbi": 47,
        "sb": 1,
        "hr": 9
      }
    ]
  },
  {
    "generation": 16,
    "expected_score": 6.75,
    "lineup": [
      "나승엽",
      "박승욱",
      "전준우",
      "레이예스",
      "고승민",
      "손호영",
      "황성빈",
      "윤동희",
      "정훈"
    ],
    "player_stats": [
      {
        "name": "나승엽",
        "year": 24,
        "team": "롯데",
        "pa": 489,
        "ops": 0.88,
        "avg": 0.312,
        "obp": 0.411,
        "slg": 0.469,
        "rbi": 66,
        "sb": 1,
        "hr": 7
      },
      {
        "name": "박승욱",
        "year": 24,
        "team": "롯데",
        "pa": 468,
        "ops": 0.716,
        "avg": 0.262,
        "obp": 0.351,
        "slg": 0.365,
        "rbi": 53,
        "sb": 4,
        "hr": 7
      },
      {
        "name": "전준우",
        "year": 24,
        "team": "롯데",
        "pa": 483,
        "ops": 0.854,
        "avg": 0.293,
        "obp": 0.369,
        "slg": 0.485,
        "rbi": 82,
        "sb": 3,
        "hr": 17
      },
      {
        "name": "레이예스",
        "year": 24,
        "team": "롯데",
        "pa": 632,
        "ops": 0.904,
        "avg": 0.352,
        "obp": 0.394,
        "slg": 0.51,
        "rbi": 111,
        "sb": 5,
        "hr": 15
      },
      {
        "name": "고승민",
        "year": 24,
        "team": "롯데",
        "pa": 532,
        "ops": 0.834,
        "avg": 0.308,
        "obp": 0.358,
        "slg": 0.476,
        "rbi": 87,
        "sb": 5,
        "hr": 14
      },
      {
        "name": "손호영",
        "year": 24,
        "team": "롯데",
        "pa": 428,
        "ops": 0.896,
        "avg": 0.318,
        "obp": 0.356,
        "slg": 0.54,
        "rbi": 78,
        "sb": 7,
        "hr": 18
      },
      {
        "name": "황성빈",
        "year": 24,
        "team": "롯데",
        "pa": 406,
        "ops": 0.812,
        "avg": 0.32,
        "obp": 0.375,
        "slg": 0.437,
        "rbi": 26,
        "sb": 51,
        "hr": 4
      },
      {
        "name": "윤동희",
        "year": 24,
        "team": "롯데",
        "pa": 613,
        "ops": 0.829,
        "avg": 0.293,
        "obp": 0.376,
        "slg": 0.453,
        "rbi": 85,
        "sb": 7,
        "hr": 14
      },
      {
        "name": "정훈",
        "year": 24,
        "team": "롯데",
        "pa": 325,
        "ops": 0.775,
        "avg": 0.267,
        "obp": 0.343,
        "slg": 0.432,
        "rbi": 47,
        "sb": 1,
        "hr": 9
      }
    ]
  },
  {
    "generation": 17,
    "expected_score": 6.745,
    "lineup": [
      "박승욱",
      "나승엽",
      "황성빈",
      "레이예스",
      "고승민",
      "전준우",
      "윤동희",
      "손호영",
      "정훈"
    ],
    "player_stats": [
      {
        "name": "박승욱",
        "year": 24,
        "team": "롯데",
        "pa": 468,
        "ops": 0.716,
        "avg": 0.262,
        "obp": 0.351,
        "slg": 0.365,
        "rbi": 53,
        "sb": 4,
        "hr": 7
      },
      {
        "name": "나승엽",
        "year": 24,
        "team": "롯데",
        "pa": 489,
        "ops": 0.88,
        "avg": 0.312,
        "obp": 0.411,
        "slg": 0.469,
        "rbi": 66,
        "sb": 1,
        "hr": 7
      },
      {
        "name": "황성빈",
        "year": 24,
        "team": "롯데",
        "pa": 406,
        "ops": 0.812,
        "avg": 0.32,
        "obp": 0.375,
        "slg": 0.437,
        "rbi": 26,
        "sb": 51,
        "hr": 4
      },
      {
        "name": "레이예스",
        "year": 24,
        "team": "롯데",
        "pa": 632,
        "ops": 0.904,
        "avg": 0.352,
        "obp": 0.394,
        "slg": 0.51,
        "rbi": 111,
        "sb": 5,
        "hr": 15
      },
      {
        "name": "고승민",
        "year": 24,
        "team": "롯데",
        "pa": 532,
        "ops": 0.834,
        "avg": 0.308,
        "obp": 0.358,
        "slg": 0.476,
        "rbi": 87,
        "sb": 5,
        "hr": 14
      },
      {
        "name": "전준우",
        "year": 24,
        "team": "롯데",
        "pa": 483,
        "ops": 0.854,
        "avg": 0.293,
        "obp": 0.369,
        "slg": 0.485,
        "rbi": 82,
        "sb": 3,
        "hr": 17
      },
      {
        "name": "윤동희",
        "year": 24,
        "team": "롯데",
        "pa": 613,
        "ops": 0.829,
        "avg": 0.293,
        "obp": 0.376,
        "slg": 0.453,
        "rbi": 85,
        "sb": 7,
        "hr": 14
      },
      {
        "name": "손호영",
        "year": 24,
        "team": "롯데",
        "pa": 428,
        "ops": 0.896,
        "avg": 0.318,
        "obp": 0.356,
        "slg": 0.54,
        "rbi": 78,
        "sb": 7,
        "hr": 18
      },
      {
        "name": "정훈",
        "year": 24,
        "team": "롯데",
        "pa": 325,
        "ops": 0.775,
        "avg": 0.267,
        "obp": 0.343,
        "slg": 0.432,
        "rbi": 47,
        "sb": 1,
        "hr": 9
      }
    ]
  },
  {
    "generation": 18,
    "expected_score": 6.64,
    "lineup": [
      "나승엽",
      "박승욱",
      "전준우",
      "고승민",
      "레이예스",
      "손호영",
      "황성빈",
      "윤동희",
      "정훈"
    ],
    "player_stats": [
      {
        "name": "나승엽",
        "year": 24,
        "team": "롯데",
        "pa": 489,
        "ops": 0.88,
        "avg": 0.312,
        "obp": 0.411,
        "slg": 0.469,
        "rbi": 66,
        "sb": 1,
        "hr": 7
      },
      {
        "name": "박승욱",
        "year": 24,
        "team": "롯데",
        "pa": 468,
        "ops": 0.716,
        "avg": 0.262,
        "obp": 0.351,
        "slg": 0.365,
        "rbi": 53,
        "sb": 4,
        "hr": 7
      },
      {
        "name": "전준우",
        "year": 24,
        "team": "롯데",
        "pa": 483,
        "ops": 0.854,
        "avg": 0.293,
        "obp": 0.369,
        "slg": 0.485,
        "rbi": 82,
        "sb": 3,
        "hr": 17
      },
      {
        "name": "고승민",
        "year": 24,
        "team": "롯데",
        "pa": 532,
        "ops": 0.834,
        "avg": 0.308,
        "obp": 0.358,
        "slg": 0.476,
        "rbi": 87,
        "sb": 5,
        "hr": 14
      },
      {
        "name": "레이예스",
        "year": 24,
        "team": "롯데",
        "pa": 632,
        "ops": 0.904,
        "avg": 0.352,
        "obp": 0.394,
        "slg": 0.51,
        "rbi": 111,
        "sb": 5,
        "hr": 15
      },
      {
        "name": "손호영",
        "year": 24,
        "team": "롯데",
        "pa": 428,
        "ops": 0.896,
        "avg": 0.318,
        "obp": 0.356,
        "slg": 0.54,
        "rbi": 78,
        "sb": 7,
        "hr": 18
      },
      {
        "name": "황성빈",
        "year": 24,
        "team": "롯데",
        "pa": 406,
        "ops": 0.812,
        "avg": 0.32,
        "obp": 0.375,
        "slg": 0.437,
        "rbi": 26,
        "sb": 51,
        "hr": 4
      },
      {
        "name": "윤동희",
        "year": 24,
        "team": "롯데",
        "pa": 613,
        "ops": 0.829,
        "avg": 0.293,
        "obp": 0.376,
        "slg": 0.453,
        "rbi": 85,
        "sb": 7,
        "hr": 14
      },
      {
        "name": "정훈",
        "year": 24,
        "team": "롯데",
        "pa": 325,
        "ops": 0.775,
        "avg": 0.267,
        "obp": 0.343,
        "slg": 0.432,
        "rbi": 47,
        "sb": 1,
        "hr": 9
      }
    ]
  },
  {
    "generation": 19,
    "expected_score": 6.735,
    "lineup": [
      "황성빈",
      "박승욱",
      "전준우",
      "고승민",
      "레이예스",
      "나승엽",
      "윤동희",
      "손호영",
      "정훈"
    ],
    "player_stats": [
      {
        "name": "황성빈",
        "year": 24,
        "team": "롯데",
        "pa": 406,
        "ops": 0.812,
        "avg": 0.32,
        "obp": 0.375,
        "slg": 0.437,
        "rbi": 26,
        "sb": 51,
        "hr": 4
      },
      {
        "name": "박승욱",
        "year": 24,
        "team": "롯데",
        "pa": 468,
        "ops": 0.716,
        "avg": 0.262,
        "obp": 0.351,
        "slg": 0.365,
        "rbi": 53,
        "sb": 4,
        "hr": 7
      },
      {
        "name": "전준우",
        "year": 24,
        "team": "롯데",
        "pa": 483,
        "ops": 0.854,
        "avg": 0.293,
        "obp": 0.369,
        "slg": 0.485,
        "rbi": 82,
        "sb": 3,
        "hr": 17
      },
      {
        "name": "고승민",
        "year": 24,
        "team": "롯데",
        "pa": 532,
        "ops": 0.834,
        "avg": 0.308,
        "obp": 0.358,
        "slg": 0.476,
        "rbi": 87,
        "sb": 5,
        "hr": 14
      },
      {
        "name": "레이예스",
        "year": 24,
        "team": "롯데",
        "pa": 632,
        "ops": 0.904,
        "avg": 0.352,
        "obp": 0.394,
        "slg": 0.51,
        "rbi": 111,
        "sb": 5,
        "hr": 15
      },
      {
        "name": "나승엽",
        "year": 24,
        "team": "롯데",
        "pa": 489,
        "ops": 0.88,
        "avg": 0.312,
        "obp": 0.411,
        "slg": 0.469,
        "rbi": 66,
        "sb": 1,
        "hr": 7
      },
      {
        "name": "윤동희",
        "year": 24,
        "team": "롯데",
        "pa": 613,
        "ops": 0.829,
        "avg": 0.293,
        "obp": 0.376,
        "slg": 0.453,
        "rbi": 85,
        "sb": 7,
        "hr": 14
      },
      {
        "name": "손호영",
        "year": 24,
        "team": "롯데",
        "pa": 428,
        "ops": 0.896,
        "avg": 0.318,
        "obp": 0.356,
        "slg": 0.54,
        "rbi": 78,
        "sb": 7,
        "hr": 18
      },
      {
        "name": "정훈",
        "year": 24,
        "team": "롯데",
        "pa": 325,
        "ops": 0.775,
        "avg": 0.267,
        "obp": 0.343,
        "slg": 0.432,
        "rbi": 47,
        "sb": 1,
        "hr": 9
      }
    ]
  },
  {
    "generation": 20,
    "expected_score": 6.905,
    "lineup": [
      "박승욱",
      "손호영",
      "전준우",
      "고승민",
      "레이예스",
      "나승엽",
      "황성빈",
      "윤동희",
      "정훈"
    ],
    "player_stats": [
      {
        "name": "박승욱",
        "year": 24,
        "team": "롯데",
        "pa": 468,
        "ops": 0.716,
        "avg": 0.262,
        "obp": 0.351,
        "slg": 0.365,
        "rbi": 53,
        "sb": 4,
        "hr": 7
      },
      {
        "name": "손호영",
        "year": 24,
        "team": "롯데",
        "pa": 428,
        "ops": 0.896,
        "avg": 0.318,
        "obp": 0.356,
        "slg": 0.54,
        "rbi": 78,
        "sb": 7,
        "hr": 18
      },
      {
        "name": "전준우",
        "year": 24,
        "team": "롯데",
        "pa": 483,
        "ops": 0.854,
        "avg": 0.293,
        "obp": 0.369,
        "slg": 0.485,
        "rbi": 82,
        "sb": 3,
        "hr": 17
      },
      {
        "name": "고승민",
        "year": 24,
        "team": "롯데",
        "pa": 532,
        "ops": 0.834,
        "avg": 0.308,
        "obp": 0.358,
        "slg": 0.476,
        "rbi": 87,
        "sb": 5,
        "hr": 14
      },
      {
        "name": "레이예스",
        "year": 24,
        "team": "롯데",
        "pa": 632,
        "ops": 0.904,
        "avg": 0.352,
        "obp": 0.394,
        "slg": 0.51,
        "rbi": 111,
        "sb": 5,
        "hr": 15
      },
      {
        "name": "나승엽",
        "year": 24,
        "team": "롯데",
        "pa": 489,
        "ops": 0.88,
        "avg": 0.312,
        "obp": 0.411,
        "slg": 0.469,
        "rbi": 66,
        "sb": 1,
        "hr": 7
      },
      {
        "name": "황성빈",
        "year": 24,
        "team": "롯데",
        "pa": 406,
        "ops": 0.812,
        "avg": 0.32,
        "obp": 0.375,
        "slg": 0.437,
        "rbi": 26,
        "sb": 51,
        "hr": 4
      },
      {
        "name": "윤동희",
        "year": 24,
        "team": "롯데",
        "pa": 613,
        "ops": 0.829,
        "avg": 0.293,
        "obp": 0.376,
        "slg": 0.453,
        "rbi": 85,
        "sb": 7,
        "hr": 14
      },
      {
        "name": "정훈",
        "year": 24,
        "team": "롯데",
        "pa": 325,
        "ops": 0.775,
        "avg": 0.267,
        "obp": 0.343,
        "slg": 0.432,
        "rbi": 47,
        "sb": 1,
        "hr": 9
      }
    ]
  },
  {
    "generation": 21,
    "expected_score": 7.07,
    "lineup": [
      "고승민",
      "전준우",
      "박승욱",
      "나승엽",
      "레이예스",
      "손호영",
      "황성빈",
      "윤동희",
      "정훈"
    ],
    "player_stats": [
      {
        "name": "고승민",
        "year": 24,
        "team": "롯데",
        "pa": 532,
        "ops": 0.834,
        "avg": 0.308,
        "obp": 0.358,
        "slg": 0.476,
        "rbi": 87,
        "sb": 5,
        "hr": 14
      },
      {
        "name": "전준우",
        "year": 24,
        "team": "롯데",
        "pa": 483,
        "ops": 0.854,
        "avg": 0.293,
        "obp": 0.369,
        "slg": 0.485,
        "rbi": 82,
        "sb": 3,
        "hr": 17
      },
      {
        "name": "박승욱",
        "year": 24,
        "team": "롯데",
        "pa": 468,
        "ops": 0.716,
        "avg": 0.262,
        "obp": 0.351,
        "slg": 0.365,
        "rbi": 53,
        "sb": 4,
        "hr": 7
      },
      {
        "name": "나승엽",
        "year": 24,
        "team": "롯데",
        "pa": 489,
        "ops": 0.88,
        "avg": 0.312,
        "obp": 0.411,
        "slg": 0.469,
        "rbi": 66,
        "sb": 1,
        "hr": 7
      },
      {
        "name": "레이예스",
        "year": 24,
        "team": "롯데",
        "pa": 632,
        "ops": 0.904,
        "avg": 0.352,
        "obp": 0.394,
        "slg": 0.51,
        "rbi": 111,
        "sb": 5,
        "hr": 15
      },
      {
        "name": "손호영",
        "year": 24,
        "team": "롯데",
        "pa": 428,
        "ops": 0.896,
        "avg": 0.318,
        "obp": 0.356,
        "slg": 0.54,
        "rbi": 78,
        "sb": 7,
        "hr": 18
      },
      {
        "name": "황성빈",
        "year": 24,
        "team": "롯데",
        "pa": 406,
        "ops": 0.812,
        "avg": 0.32,
        "obp": 0.375,
        "slg": 0.437,
        "rbi": 26,
        "sb": 51,
        "hr": 4
      },
      {
        "name": "윤동희",
        "year": 24,
        "team": "롯데",
        "pa": 613,
        "ops": 0.829,
        "avg": 0.293,
        "obp": 0.376,
        "slg": 0.453,
        "rbi": 85,
        "sb": 7,
        "hr": 14
      },
      {
        "name": "정훈",
        "year": 24,
        "team": "롯데",
        "pa": 325,
        "ops": 0.775,
        "avg": 0.267,
        "obp": 0.343,
        "slg": 0.432,
        "rbi": 47,
        "sb": 1,
        "hr": 9
      }
    ]
  },
  {
    "generation": 22,
    "expected_score": 6.57,
    "lineup": [
      "고승민",
      "전준우",
      "박승욱",
      "나승엽",
      "레이예스",
      "윤동희",
      "황성빈",
      "손호영",
      "정훈"
    ],
    "player_stats": [
      {
        "name": "고승민",
        "year": 24,
        "team": "롯데",
        "pa": 532,
        "ops": 0.834,
        "avg": 0.308,
        "obp": 0.358,
        "slg": 0.476,
        "rbi": 87,
        "sb": 5,
        "hr": 14
      },
      {
        "name": "전준우",
        "year": 24,
        "team": "롯데",
        "pa": 483,
        "ops": 0.854,
        "avg": 0.293,
        "obp": 0.369,
        "slg": 0.485,
        "rbi": 82,
        "sb": 3,
        "hr": 17
      },
      {
        "name": "박승욱",
        "year": 24,
        "team": "롯데",
        "pa": 468,
        "ops": 0.716,
        "avg": 0.262,
        "obp": 0.351,
        "slg": 0.365,
        "rbi": 53,
        "sb": 4,
        "hr": 7
      },
      {
        "name": "나승엽",
        "year": 24,
        "team": "롯데",
        "pa": 489,
        "ops": 0.88,
        "avg": 0.312,
        "obp": 0.411,
        "slg": 0.469,
        "rbi": 66,
        "sb": 1,
        "hr": 7
      },
      {
        "name": "레이예스",
        "year": 24,
        "team": "롯데",
        "pa": 632,
        "ops": 0.904,
        "avg": 0.352,
        "obp": 0.394,
        "slg": 0.51,
        "rbi": 111,
        "sb": 5,
        "hr": 15
      },
      {
        "name": "윤동희",
        "year": 24,
        "team": "롯데",
        "pa": 613,
        "ops": 0.829,
        "avg": 0.293,
        "obp": 0.376,
        "slg": 0.453,
        "rbi": 85,
        "sb": 7,
        "hr": 14
      },
      {
        "name": "황성빈",
        "year": 24,
        "team": "롯데",
        "pa": 406,
        "ops": 0.812,
        "avg": 0.32,
        "obp": 0.375,
        "slg": 0.437,
        "rbi": 26,
        "sb": 51,
        "hr": 4
      },
      {
        "name": "손호영",
        "year": 24,
        "team": "롯데",
        "pa": 428,
        "ops": 0.896,
        "avg": 0.318,
        "obp": 0.356,
        "slg": 0.54,
        "rbi": 78,
        "sb": 7,
        "hr": 18
      },
      {
        "name": "정훈",
        "year": 24,
        "team": "롯데",
        "pa": 325,
        "ops": 0.775,
        "avg": 0.267,
        "obp": 0.343,
        "slg": 0.432,
        "rbi": 47,
        "sb": 1,
        "hr": 9
      }
    ]
  },
  {
    "generation": 23,
    "expected_score": 6.68,
    "lineup": [
      "고승민",
      "전준우",
      "박승욱",
      "나승엽",
      "레이예스",
      "윤동희",
      "황성빈",
      "손호영",
      "정훈"
    ],
    "player_stats": [
      {
        "name": "고승민",
        "year": 24,
        "team": "롯데",
        "pa": 532,
        "ops": 0.834,
        "avg": 0.308,
        "obp": 0.358,
        "slg": 0.476,
        "rbi": 87,
        "sb": 5,
        "hr": 14
      },
      {
        "name": "전준우",
        "year": 24,
        "team": "롯데",
        "pa": 483,
        "ops": 0.854,
        "avg": 0.293,
        "obp": 0.369,
        "slg": 0.485,
        "rbi": 82,
        "sb": 3,
        "hr": 17
      },
      {
        "name": "박승욱",
        "year": 24,
        "team": "롯데",
        "pa": 468,
        "ops": 0.716,
        "avg": 0.262,
        "obp": 0.351,
        "slg": 0.365,
        "rbi": 53,
        "sb": 4,
        "hr": 7
      },
      {
        "name": "나승엽",
        "year": 24,
        "team": "롯데",
        "pa": 489,
        "ops": 0.88,
        "avg": 0.312,
        "obp": 0.411,
        "slg": 0.469,
        "rbi": 66,
        "sb": 1,
        "hr": 7
      },
      {
        "name": "레이예스",
        "year": 24,
        "team": "롯데",
        "pa": 632,
        "ops": 0.904,
        "avg": 0.352,
        "obp": 0.394,
        "slg": 0.51,
        "rbi": 111,
        "sb": 5,
        "hr": 15
      },
      {
        "name": "윤동희",
        "year": 24,
        "team": "롯데",
        "pa": 613,
        "ops": 0.829,
        "avg": 0.293,
        "obp": 0.376,
        "slg": 0.453,
        "rbi": 85,
        "sb": 7,
        "hr": 14
      },
      {
        "name": "황성빈",
        "year": 24,
        "team": "롯데",
        "pa": 406,
        "ops": 0.812,
        "avg": 0.32,
        "obp": 0.375,
        "slg": 0.437,
        "rbi": 26,
        "sb": 51,
        "hr": 4
      },
      {
        "name": "손호영",
        "year": 24,
        "team": "롯데",
        "pa": 428,
        "ops": 0.896,
        "avg": 0.318,
        "obp": 0.356,
        "slg": 0.54,
        "rbi": 78,
        "sb": 7,
        "hr": 18
      },
      {
        "name": "정훈",
        "year": 24,
        "team": "롯데",
        "pa": 325,
        "ops": 0.775,
        "avg": 0.267,
        "obp": 0.343,
        "slg": 0.432,
        "rbi": 47,
        "sb": 1,
        "hr": 9
      }
    ]
  },
  {
    "generation": 24,
    "expected_score": 6.725,
    "lineup": [
      "전준우",
      "박승욱",
      "고승민",
      "손호영",
      "레이예스",
      "나승엽",
      "황성빈",
      "윤동희",
      "정훈"
    ],
    "player_stats": [
      {
        "name": "전준우",
        "year": 24,
        "team": "롯데",
        "pa": 483,
        "ops": 0.854,
        "avg": 0.293,
        "obp": 0.369,
        "slg": 0.485,
        "rbi": 82,
        "sb": 3,
        "hr": 17
      },
      {
        "name": "박승욱",
        "year": 24,
        "team": "롯데",
        "pa": 468,
        "ops": 0.716,
        "avg": 0.262,
        "obp": 0.351,
        "slg": 0.365,
        "rbi": 53,
        "sb": 4,
        "hr": 7
      },
      {
        "name": "고승민",
        "year": 24,
        "team": "롯데",
        "pa": 532,
        "ops": 0.834,
        "avg": 0.308,
        "obp": 0.358,
        "slg": 0.476,
        "rbi": 87,
        "sb": 5,
        "hr": 14
      },
      {
        "name": "손호영",
        "year": 24,
        "team": "롯데",
        "pa": 428,
        "ops": 0.896,
        "avg": 0.318,
        "obp": 0.356,
        "slg": 0.54,
        "rbi": 78,
        "sb": 7,
        "hr": 18
      },
      {
        "name": "레이예스",
        "year": 24,
        "team": "롯데",
        "pa": 632,
        "ops": 0.904,
        "avg": 0.352,
        "obp": 0.394,
        "slg": 0.51,
        "rbi": 111,
        "sb": 5,
        "hr": 15
      },
      {
        "name": "나승엽",
        "year": 24,
        "team": "롯데",
        "pa": 489,
        "ops": 0.88,
        "avg": 0.312,
        "obp": 0.411,
        "slg": 0.469,
        "rbi": 66,
        "sb": 1,
        "hr": 7
      },
      {
        "name": "황성빈",
        "year": 24,
        "team": "롯데",
        "pa": 406,
        "ops": 0.812,
        "avg": 0.32,
        "obp": 0.375,
        "slg": 0.437,
        "rbi": 26,
        "sb": 51,
        "hr": 4
      },
      {
        "name": "윤동희",
        "year": 24,
        "team": "롯데",
        "pa": 613,
        "ops": 0.829,
        "avg": 0.293,
        "obp": 0.376,
        "slg": 0.453,
        "rbi": 85,
        "sb": 7,
        "hr": 14
      },
      {
        "name": "정훈",
        "year": 24,
        "team": "롯데",
        "pa": 325,
        "ops": 0.775,
        "avg": 0.267,
        "obp": 0.343,
        "slg": 0.432,
        "rbi": 47,
        "sb": 1,
        "hr": 9
      }
    ]
  },
  {
    "generation": 25,
    "expected_score": 6.79,
    "lineup": [
      "전준우",
      "박승욱",
      "나승엽",
      "레이예스",
      "황성빈",
      "고승민",
      "윤동희",
      "손호영",
      "정훈"
    ],
    "player_stats": [
      {
        "name": "전준우",
        "year": 24,
        "team": "롯데",
        "pa": 483,
        "ops": 0.854,
        "avg": 0.293,
        "obp": 0.369,
        "slg": 0.485,
        "rbi": 82,
        "sb": 3,
        "hr": 17
      },
      {
        "name": "박승욱",
        "year": 24,
        "team": "롯데",
        "pa": 468,
        "ops": 0.716,
        "avg": 0.262,
        "obp": 0.351,
        "slg": 0.365,
        "rbi": 53,
        "sb": 4,
        "hr": 7
      },
      {
        "name": "나승엽",
        "year": 24,
        "team": "롯데",
        "pa": 489,
        "ops": 0.88,
        "avg": 0.312,
        "obp": 0.411,
        "slg": 0.469,
        "rbi": 66,
        "sb": 1,
        "hr": 7
      },
      {
        "name": "레이예스",
        "year": 24,
        "team": "롯데",
        "pa": 632,
        "ops": 0.904,
        "avg": 0.352,
        "obp": 0.394,
        "slg": 0.51,
        "rbi": 111,
        "sb": 5,
        "hr": 15
      },
      {
        "name": "황성빈",
        "year": 24,
        "team": "롯데",
        "pa": 406,
        "ops": 0.812,
        "avg": 0.32,
        "obp": 0.375,
        "slg": 0.437,
        "rbi": 26,
        "sb": 51,
        "hr": 4
      },
      {
        "name": "고승민",
        "year": 24,
        "team": "롯데",
        "pa": 532,
        "ops": 0.834,
        "avg": 0.308,
        "obp": 0.358,
        "slg": 0.476,
        "rbi": 87,
        "sb": 5,
        "hr": 14
      },
      {
        "name": "윤동희",
        "year": 24,
        "team": "롯데",
        "pa": 613,
        "ops": 0.829,
        "avg": 0.293,
        "obp": 0.376,
        "slg": 0.453,
        "rbi": 85,
        "sb": 7,
        "hr": 14
      },
      {
        "name": "손호영",
        "year": 24,
        "team": "롯데",
        "pa": 428,
        "ops": 0.896,
        "avg": 0.318,
        "obp": 0.356,
        "slg": 0.54,
        "rbi": 78,
        "sb": 7,
        "hr": 18
      },
      {
        "name": "정훈",
        "year": 24,
        "team": "롯데",
        "pa": 325,
        "ops": 0.775,
        "avg": 0.267,
        "obp": 0.343,
        "slg": 0.432,
        "rbi": 47,
        "sb": 1,
        "hr": 9
      }
    ]
  },
  {
    "generation": 26,
    "expected_score": 6.73,
    "lineup": [
      "전준우",
      "박승욱",
      "나승엽",
      "레이예스",
      "고승민",
      "손호영",
      "황성빈",
      "윤동희",
      "정훈"
    ],
    "player_stats": [
      {
        "name": "전준우",
        "year": 24,
        "team": "롯데",
        "pa": 483,
        "ops": 0.854,
        "avg": 0.293,
        "obp": 0.369,
        "slg": 0.485,
        "rbi": 82,
        "sb": 3,
        "hr": 17
      },
      {
        "name": "박승욱",
        "year": 24,
        "team": "롯데",
        "pa": 468,
        "ops": 0.716,
        "avg": 0.262,
        "obp": 0.351,
        "slg": 0.365,
        "rbi": 53,
        "sb": 4,
        "hr": 7
      },
      {
        "name": "나승엽",
        "year": 24,
        "team": "롯데",
        "pa": 489,
        "ops": 0.88,
        "avg": 0.312,
        "obp": 0.411,
        "slg": 0.469,
        "rbi": 66,
        "sb": 1,
        "hr": 7
      },
      {
        "name": "레이예스",
        "year": 24,
        "team": "롯데",
        "pa": 632,
        "ops": 0.904,
        "avg": 0.352,
        "obp": 0.394,
        "slg": 0.51,
        "rbi": 111,
        "sb": 5,
        "hr": 15
      },
      {
        "name": "고승민",
        "year": 24,
        "team": "롯데",
        "pa": 532,
        "ops": 0.834,
        "avg": 0.308,
        "obp": 0.358,
        "slg": 0.476,
        "rbi": 87,
        "sb": 5,
        "hr": 14
      },
      {
        "name": "손호영",
        "year": 24,
        "team": "롯데",
        "pa": 428,
        "ops": 0.896,
        "avg": 0.318,
        "obp": 0.356,
        "slg": 0.54,
        "rbi": 78,
        "sb": 7,
        "hr": 18
      },
      {
        "name": "황성빈",
        "year": 24,
        "team": "롯데",
        "pa": 406,
        "ops": 0.812,
        "avg": 0.32,
        "obp": 0.375,
        "slg": 0.437,
        "rbi": 26,
        "sb": 51,
        "hr": 4
      },
      {
        "name": "윤동희",
        "year": 24,
        "team": "롯데",
        "pa": 613,
        "ops": 0.829,
        "avg": 0.293,
        "obp": 0.376,
        "slg": 0.453,
        "rbi": 85,
        "sb": 7,
        "hr": 14
      },
      {
        "name": "정훈",
        "year": 24,
        "team": "롯데",
        "pa": 325,
        "ops": 0.775,
        "avg": 0.267,
        "obp": 0.343,
        "slg": 0.432,
        "rbi": 47,
        "sb": 1,
        "hr": 9
      }
    ]
  },
  {
    "generation": 27,
    "expected_score": 6.965,
    "lineup": [
      "전준우",
      "고승민",
      "나승엽",
      "레이예스",
      "황성빈",
      "박승욱",
      "윤동희",
      "손호영",
      "정훈"
    ],
    "player_stats": [
      {
        "name": "전준우",
        "year": 24,
        "team": "롯데",
        "pa": 483,
        "ops": 0.854,
        "avg": 0.293,
        "obp": 0.369,
        "slg": 0.485,
        "rbi": 82,
        "sb": 3,
        "hr": 17
      },
      {
        "name": "고승민",
        "year": 24,
        "team": "롯데",
        "pa": 532,
        "ops": 0.834,
        "avg": 0.308,
        "obp": 0.358,
        "slg": 0.476,
        "rbi": 87,
        "sb": 5,
        "hr": 14
      },
      {
        "name": "나승엽",
        "year": 24,
        "team": "롯데",
        "pa": 489,
        "ops": 0.88,
        "avg": 0.312,
        "obp": 0.411,
        "slg": 0.469,
        "rbi": 66,
        "sb": 1,
        "hr": 7
      },
      {
        "name": "레이예스",
        "year": 24,
        "team": "롯데",
        "pa": 632,
        "ops": 0.904,
        "avg": 0.352,
        "obp": 0.394,
        "slg": 0.51,
        "rbi": 111,
        "sb": 5,
        "hr": 15
      },
      {
        "name": "황성빈",
        "year": 24,
        "team": "롯데",
        "pa": 406,
        "ops": 0.812,
        "avg": 0.32,
        "obp": 0.375,
        "slg": 0.437,
        "rbi": 26,
        "sb": 51,
        "hr": 4
      },
      {
        "name": "박승욱",
        "year": 24,
        "team": "롯데",
        "pa": 468,
        "ops": 0.716,
        "avg": 0.262,
        "obp": 0.351,
        "slg": 0.365,
        "rbi": 53,
        "sb": 4,
        "hr": 7
      },
      {
        "name": "윤동희",
        "year": 24,
        "team": "롯데",
        "pa": 613,
        "ops": 0.829,
        "avg": 0.293,
        "obp": 0.376,
        "slg": 0.453,
        "rbi": 85,
        "sb": 7,
        "hr": 14
      },
      {
        "name": "손호영",
        "year": 24,
        "team": "롯데",
        "pa": 428,
        "ops": 0.896,
        "avg": 0.318,
        "obp": 0.356,
        "slg": 0.54,
        "rbi": 78,
        "sb": 7,
        "hr": 18
      },
      {
        "name": "정훈",
        "year": 24,
        "team": "롯데",
        "pa": 325,
        "ops": 0.775,
        "avg": 0.267,
        "obp": 0.343,
        "slg": 0.432,
        "rbi": 47,
        "sb": 1,
        "hr": 9
      }
    ]
  },
  {
    "generation": 28,
    "expected_score": 6.715,
    "lineup": [
      "전준우",
      "나승엽",
      "황성빈",
      "레이예스",
      "고승민",
      "박승욱",
      "윤동희",
      "손호영",
      "정훈"
    ],
    "player_stats": [
      {
        "name": "전준우",
        "year": 24,
        "team": "롯데",
        "pa": 483,
        "ops": 0.854,
        "avg": 0.293,
        "obp": 0.369,
        "slg": 0.485,
        "rbi": 82,
        "sb": 3,
        "hr": 17
      },
      {
        "name": "나승엽",
        "year": 24,
        "team": "롯데",
        "pa": 489,
        "ops": 0.88,
        "avg": 0.312,
        "obp": 0.411,
        "slg": 0.469,
        "rbi": 66,
        "sb": 1,
        "hr": 7
      },
      {
        "name": "황성빈",
        "year": 24,
        "team": "롯데",
        "pa": 406,
        "ops": 0.812,
        "avg": 0.32,
        "obp": 0.375,
        "slg": 0.437,
        "rbi": 26,
        "sb": 51,
        "hr": 4
      },
      {
        "name": "레이예스",
        "year": 24,
        "team": "롯데",
        "pa": 632,
        "ops": 0.904,
        "avg": 0.352,
        "obp": 0.394,
        "slg": 0.51,
        "rbi": 111,
        "sb": 5,
        "hr": 15
      },
      {
        "name": "고승민",
        "year": 24,
        "team": "롯데",
        "pa": 532,
        "ops": 0.834,
        "avg": 0.308,
        "obp": 0.358,
        "slg": 0.476,
        "rbi": 87,
        "sb": 5,
        "hr": 14
      },
      {
        "name": "박승욱",
        "year": 24,
        "team": "롯데",
        "pa": 468,
        "ops": 0.716,
        "avg": 0.262,
        "obp": 0.351,
        "slg": 0.365,
        "rbi": 53,
        "sb": 4,
        "hr": 7
      },
      {
        "name": "윤동희",
        "year": 24,
        "team": "롯데",
        "pa": 613,
        "ops": 0.829,
        "avg": 0.293,
        "obp": 0.376,
        "slg": 0.453,
        "rbi": 85,
        "sb": 7,
        "hr": 14
      },
      {
        "name": "손호영",
        "year": 24,
        "team": "롯데",
        "pa": 428,
        "ops": 0.896,
        "avg": 0.318,
        "obp": 0.356,
        "slg": 0.54,
        "rbi": 78,
        "sb": 7,
        "hr": 18
      },
      {
        "name": "정훈",
        "year": 24,
        "team": "롯데",
        "pa": 325,
        "ops": 0.775,
        "avg": 0.267,
        "obp": 0.343,
        "slg": 0.432,
        "rbi": 47,
        "sb": 1,
        "hr": 9
      }
    ]
  },
  {
    "generation": 29,
    "expected_score": 6.86,
    "lineup": [
      "전준우",
      "나승엽",
      "황성빈",
      "레이예스",
      "고승민",
      "박승욱",
      "윤동희",
      "손호영",
      "정훈"
    ],
    "player_stats": [
      {
        "name": "전준우",
        "year": 24,
        "team": "롯데",
        "pa": 483,
        "ops": 0.854,
        "avg": 0.293,
        "obp": 0.369,
        "slg": 0.485,
        "rbi": 82,
        "sb": 3,
        "hr": 17
      },
      {
        "name": "나승엽",
        "year": 24,
        "team": "롯데",
        "pa": 489,
        "ops": 0.88,
        "avg": 0.312,
        "obp": 0.411,
        "slg": 0.469,
        "rbi": 66,
        "sb": 1,
        "hr": 7
      },
      {
        "name": "황성빈",
        "year": 24,
        "team": "롯데",
        "pa": 406,
        "ops": 0.812,
        "avg": 0.32,
        "obp": 0.375,
        "slg": 0.437,
        "rbi": 26,
        "sb": 51,
        "hr": 4
      },
      {
        "name": "레이예스",
        "year": 24,
        "team": "롯데",
        "pa": 632,
        "ops": 0.904,
        "avg": 0.352,
        "obp": 0.394,
        "slg": 0.51,
        "rbi": 111,
        "sb": 5,
        "hr": 15
      },
      {
        "name": "고승민",
        "year": 24,
        "team": "롯데",
        "pa": 532,
        "ops": 0.834,
        "avg": 0.308,
        "obp": 0.358,
        "slg": 0.476,
        "rbi": 87,
        "sb": 5,
        "hr": 14
      },
      {
        "name": "박승욱",
        "year": 24,
        "team": "롯데",
        "pa": 468,
        "ops": 0.716,
        "avg": 0.262,
        "obp": 0.351,
        "slg": 0.365,
        "rbi": 53,
        "sb": 4,
        "hr": 7
      },
      {
        "name": "윤동희",
        "year": 24,
        "team": "롯데",
        "pa": 613,
        "ops": 0.829,
        "avg": 0.293,
        "obp": 0.376,
        "slg": 0.453,
        "rbi": 85,
        "sb": 7,
        "hr": 14
      },
      {
        "name": "손호영",
        "year": 24,
        "team": "롯데",
        "pa": 428,
        "ops": 0.896,
        "avg": 0.318,
        "obp": 0.356,
        "slg": 0.54,
        "rbi": 78,
        "sb": 7,
        "hr": 18
      },
      {
        "name": "정훈",
        "year": 24,
        "team": "롯데",
        "pa": 325,
        "ops": 0.775,
        "avg": 0.267,
        "obp": 0.343,
        "slg": 0.432,
        "rbi": 47,
        "sb": 1,
        "hr": 9
      }
    ]
  },
  {
    "generation": 30,
    "expected_score": 6.845,
    "lineup": [
      "전준우",
      "박승욱",
      "나승엽",
      "레이예스",
      "고승민",
      "윤동희",
      "황성빈",
      "손호영",
      "정훈"
    ],
    "player_stats": [
      {
        "name": "전준우",
        "year": 24,
        "team": "롯데",
        "pa": 483,
        "ops": 0.854,
        "avg": 0.293,
        "obp": 0.369,
        "slg": 0.485,
        "rbi": 82,
        "sb": 3,
        "hr": 17
      },
      {
        "name": "박승욱",
        "year": 24,
        "team": "롯데",
        "pa": 468,
        "ops": 0.716,
        "avg": 0.262,
        "obp": 0.351,
        "slg": 0.365,
        "rbi": 53,
        "sb": 4,
        "hr": 7
      },
      {
        "name": "나승엽",
        "year": 24,
        "team": "롯데",
        "pa": 489,
        "ops": 0.88,
        "avg": 0.312,
        "obp": 0.411,
        "slg": 0.469,
        "rbi": 66,
        "sb": 1,
        "hr": 7
      },
      {
        "name": "레이예스",
        "year": 24,
        "team": "롯데",
        "pa": 632,
        "ops": 0.904,
        "avg": 0.352,
        "obp": 0.394,
        "slg": 0.51,
        "rbi": 111,
        "sb": 5,
        "hr": 15
      },
      {
        "name": "고승민",
        "year": 24,
        "team": "롯데",
        "pa": 532,
        "ops": 0.834,
        "avg": 0.308,
        "obp": 0.358,
        "slg": 0.476,
        "rbi": 87,
        "sb": 5,
        "hr": 14
      },
      {
        "name": "윤동희",
        "year": 24,
        "team": "롯데",
        "pa": 613,
        "ops": 0.829,
        "avg": 0.293,
        "obp": 0.376,
        "slg": 0.453,
        "rbi": 85,
        "sb": 7,
        "hr": 14
      },
      {
        "name": "황성빈",
        "year": 24,
        "team": "롯데",
        "pa": 406,
        "ops": 0.812,
        "avg": 0.32,
        "obp": 0.375,
        "slg": 0.437,
        "rbi": 26,
        "sb": 51,
        "hr": 4
      },
      {
        "name": "손호영",
        "year": 24,
        "team": "롯데",
        "pa": 428,
        "ops": 0.896,
        "avg": 0.318,
        "obp": 0.356,
        "slg": 0.54,
        "rbi": 78,
        "sb": 7,
        "hr": 18
      },
      {
        "name": "정훈",
        "year": 24,
        "team": "롯데",
        "pa": 325,
        "ops": 0.775,
        "avg": 0.267,
        "obp": 0.343,
        "slg": 0.432,
        "rbi": 47,
        "sb": 1,
        "hr": 9
      }
    ]
  }
]