[
  {
    "generation": 1,
    "expected_score": 6.0,
    "lineup": [
      "양석환",
      "김재환",
      "허경민",
      "김기연",
      "조수행",
      "강승호",
      "정수빈",
      "양의지",
      "라모스"
    ],
    "player_stats": [
      {
        "name": "양석환",
        "year": 24,
        "team": "두산",
        "pa": 593,
        "ops": 0.804,
        "avg": 0.246,
        "obp": 0.316,
        "slg": 0.488,
        "rbi": 107,
        "sb": 5,
        "hr": 34
      },
      {
        "name": "김재환",
        "year": 24,
        "team": "두산",
        "pa": 552,
        "ops": 0.893,
        "avg": 0.283,
        "obp": 0.368,
        "slg": 0.525,
        "rbi": 92,
        "sb": 1,
        "hr": 29
      },
      {
        "name": "허경민",
        "year": 24,
        "team": "두산",
        "pa": 477,
        "ops": 0.811,
        "avg": 0.309,
        "obp": 0.384,
        "slg": 0.427,
        "rbi": 61,
        "sb": 5,
        "hr": 7
      },
      {
        "name": "김기연",
        "year": 24,
        "team": "두산",
        "pa": 283,
        "ops": 0.714,
        "avg": 0.278,
        "obp": 0.337,
        "slg": 0.377,
        "rbi": 31,
        "sb": 0,
        "hr": 5
      },
      {
        "name": "조수행",
        "year": 24,
        "team": "두산",
        "pa": 382,
        "ops": 0.627,
        "avg": 0.265,
        "obp": 0.334,
        "slg": 0.293,
        "rbi": 30,
        "sb": 64,
        "hr": 0
      },
      {
        "name": "강승호",
        "year": 24,
        "team": "두산",
        "pa": 566,
        "ops": 0.804,
        "avg": 0.28,
        "obp": 0.328,
        "slg": 0.476,
        "rbi": 81,
        "sb": 16,
        "hr": 18
      },
      {
        "name": "정수빈",
        "year": 24,
        "team": "두산",
        "pa": 608,
        "ops": 0.737,
        "avg": 0.284,
        "obp": 0.376,
        "slg": 0.361,
        "rbi": 47,
        "sb": 52,
        "hr": 4
      },
      {
        "name": "양의지",
        "year": 24,
        "team": "두산",
        "pa": 485,
        "ops": 0.858,
        "avg": 0.314,
        "obp": 0.379,
        "slg": 0.479,
        "rbi": 94,
        "sb": 2,
        "hr": 17
      },
      {
        "name": "라모스",
        "year": 24,
        "team": "두산",
        "pa": 348,
        "ops": 0.842,
        "avg": 0.305,
        "obp": 0.36,
        "slg": 0.482,
        "rbi": 48,
        "sb": 3,
        "hr": 10
      }
    ]
  },
  {
    "generation": 2,
    "expected_score": 6.12,
    "lineup": [
      "정수빈",
      "김재환",
      "허경민",
      "조수행",
      "양의지",
      "라모스",
      "김기연",
      "강승호",
      "양석환"
    ],
    "player_stats": [
      {
        "name": "정수빈",
        "year": 24,
        "team": "두산",
        "pa": 608,
        "ops": 0.737,
        "avg": 0.284,
        "obp": 0.376,
        "slg": 0.361,
        "rbi": 47,
        "sb": 52,
        "hr": 4
      },
      {
        "name": "김재환",
        "year": 24,
        "team": "두산",
        "pa": 552,
        "ops": 0.893,
        "avg": 0.283,
        "obp": 0.368,
        "slg": 0.525,
        "rbi": 92,
        "sb": 1,
        "hr": 29
      },
      {
        "name": "허경민",
        "year": 24,
        "team": "두산",
        "pa": 477,
        "ops": 0.811,
        "avg": 0.309,
        "obp": 0.384,
        "slg": 0.427,
        "rbi": 61,
        "sb": 5,
        "hr": 7
      },
      {
        "name": "조수행",
        "year": 24,
        "team": "두산",
        "pa": 382,
        "ops": 0.627,
        "avg": 0.265,
        "obp": 0.334,
        "slg": 0.293,
        "rbi": 30,
        "sb": 64,
        "hr": 0
      },
      {
        "name": "양의지",
        "year": 24,
        "team": "두산",
        "pa": 485,
        "ops": 0.858,
        "avg": 0.314,
        "obp": 0.379,
        "slg": 0.479,
        "rbi": 94,
        "sb": 2,
        "hr": 17
      },
      {
        "name": "라모스",
        "year": 24,
        "team": "두산",
        "pa": 348,
        "ops": 0.842,
        "avg": 0.305,
        "obp": 0.36,
        "slg": 0.482,
        "rbi": 48,
        "sb": 3,
        "hr": 10
      },
      {
        "name": "김기연",
        "year": 24,
        "team": "두산",
        "pa": 283,
        "ops": 0.714,
        "avg": 0.278,
        "obp": 0.337,
        "slg": 0.377,
        "rbi": 31,
        "sb": 0,
        "hr": 5
      },
      {
        "name": "강승호",
        "year": 24,
        "team": "두산",
        "pa": 566,
        "ops": 0.804,
        "avg": 0.28,
        "obp": 0.328,
        "slg": 0.476,
        "rbi": 81,
        "sb": 16,
        "hr": 18
      },
      {
        "name": "양석환",
        "year": 24,
        "team": "두산",
        "pa": 593,
        "ops": 0.804,
        "avg": 0.246,
        "obp": 0.316,
        "slg": 0.488,
        "rbi": 107,
        "sb": 5,
        "hr": 34
      }
    ]
  },
  {
    "generation": 3,
    "expected_score": 5.945,
    "lineup": [
      "김재환",
      "허경민",
      "강승호",
      "김기연",
      "조수행",
      "양석환",
      "라모스",
      "정수빈",
      "양의지"
    ],
    "player_stats": [
      {
        "name": "김재환",
        "year": 24,
        "team": "두산",
        "pa": 552,
        "ops": 0.893,
        "avg": 0.283,
        "obp": 0.368,
        "slg": 0.525,
        "rbi": 92,
        "sb": 1,
        "hr": 29
      },
      {
        "name": "허경민",
        "year": 24,
        "team": "두산",
        "pa": 477,
        "ops": 0.811,
        "avg": 0.309,
        "obp": 0.384,
        "slg": 0.427,
        "rbi": 61,
        "sb": 5,
        "hr": 7
      },
      {
        "name": "강승호",
        "year": 24,
        "team": "두산",
        "pa": 566,
        "ops": 0.804,
        "avg": 0.28,
        "obp": 0.328,
        "slg": 0.476,
        "rbi": 81,
        "sb": 16,
        "hr": 18
      },
      {
        "name": "김기연",
        "year": 24,
        "team": "두산",
        "pa": 283,
        "ops": 0.714,
        "avg": 0.278,
        "obp": 0.337,
        "slg": 0.377,
        "rbi": 31,
        "sb": 0,
        "hr": 5
      },
      {
        "name": "조수행",
        "year": 24,
        "team": "두산",
        "pa": 382,
        "ops": 0.627,
        "avg": 0.265,
        "obp": 0.334,
        "slg": 0.293,
        "rbi": 30,
        "sb": 64,
        "hr": 0
      },
      {
        "name": "양석환",
        "year": 24,
        "team": "두산",
        "pa": 593,
        "ops": 0.804,
        "avg": 0.246,
        "obp": 0.316,
        "slg": 0.488,
        "rbi": 107,
        "sb": 5,
        "hr": 34
      },
      {
        "name": "라모스",
        "year": 24,
        "team": "두산",
        "pa": 348,
        "ops": 0.842,
        "avg": 0.305,
        "obp": 0.36,
        "slg": 0.482,
        "rbi": 48,
        "sb": 3,
        "hr": 10
      },
      {
        "name": "정수빈",
        "year": 24,
        "team": "두산",
        "pa": 608,
        "ops": 0.737,
        "avg": 0.284,
        "obp": 0.376,
        "slg": 0.361,
        "rbi": 47,
        "sb": 52,
        "hr": 4
      },
      {
        "name": "양의지",
        "year": 24,
        "team": "두산",
        "pa": 485,
        "ops": 0.858,
        "avg": 0.314,
        "obp": 0.379,
        "slg": 0.479,
        "rbi": 94,
        "sb": 2,
        "hr": 17
      }
    ]
  },
  {
    "generation": 4,
    "expected_score": 6.055,
    "lineup": [
      "라모스",
      "양석환",
      "양의지",
      "김재환",
      "강승호",
      "정수빈",
      "조수행",
      "허경민",
      "김기연"
    ],
    "player_stats": [
      {
        "name": "라모스",
        "year": 24,
        "team": "두산",
        "pa": 348,
        "ops": 0.842,
        "avg": 0.305,
        "obp": 0.36,
        "slg": 0.482,
        "rbi": 48,
        "sb": 3,
        "hr": 10
      },
      {
        "name": "양석환",
        "year": 24,
        "team": "두산",
        "pa": 593,
        "ops": 0.804,
        "avg": 0.246,
        "obp": 0.316,
        "slg": 0.488,
        "rbi": 107,
        "sb": 5,
        "hr": 34
      },
      {
        "name": "양의지",
        "year": 24,
        "team": "두산",
        "pa": 485,
        "ops": 0.858,
        "avg": 0.314,
        "obp": 0.379,
        "slg": 0.479,
        "rbi": 94,
        "sb": 2,
        "hr": 17
      },
      {
        "name": "김재환",
        "year": 24,
        "team": "두산",
        "pa": 552,
        "ops": 0.893,
        "avg": 0.283,
        "obp": 0.368,
        "slg": 0.525,
        "rbi": 92,
        "sb": 1,
        "hr": 29
      },
      {
        "name": "강승호",
        "year": 24,
        "team": "두산",
        "pa": 566,
        "ops": 0.804,
        "avg": 0.28,
        "obp": 0.328,
        "slg": 0.476,
        "rbi": 81,
        "sb": 16,
        "hr": 18
      },
      {
        "name": "정수빈",
        "year": 24,
        "team": "두산",
        "pa": 608,
        "ops": 0.737,
        "avg": 0.284,
        "obp": 0.376,
        "slg": 0.361,
        "rbi": 47,
        "sb": 52,
        "hr": 4
      },
      {
        "name": "조수행",
        "year": 24,
        "team": "두산",
        "pa": 382,
        "ops": 0.627,
        "avg": 0.265,
        "obp": 0.334,
        "slg": 0.293,
        "rbi": 30,
        "sb": 64,
        "hr": 0
      },
      {
        "name": "허경민",
        "year": 24,
        "team": "두산",
        "pa": 477,
        "ops": 0.811,
        "avg": 0.309,
        "obp": 0.384,
        "slg": 0.427,
        "rbi": 61,
        "sb": 5,
        "hr": 7
      },
      {
        "name": "김기연",
        "year": 24,
        "team": "두산",
        "pa": 283,
        "ops": 0.714,
        "avg": 0.278,
        "obp": 0.337,
        "slg": 0.377,
        "rbi": 31,
        "sb": 0,
        "hr": 5
      }
    ]
  },
  {
    "generation": 5,
    "expected_score": 6.15,
    "lineup": [
      "정수빈",
      "허경민",
      "김재환",
      "강승호",
      "조수행",
      "양의지",
      "김기연",
      "라모스",
      "양석환"
    ],
    "player_stats": [
      {
        "name": "정수빈",
        "year": 24,
        "team": "두산",
        "pa": 608,
        "ops": 0.737,
        "avg": 0.284,
        "obp": 0.376,
        "slg": 0.361,
        "rbi": 47,
        "sb": 52,
        "hr": 4
      },
      {
        "name": "허경민",
        "year": 24,
        "team": "두산",
        "pa": 477,
        "ops": 0.811,
        "avg": 0.309,
        "obp": 0.384,
        "slg": 0.427,
        "rbi": 61,
        "sb": 5,
        "hr": 7
      },
      {
        "name": "김재환",
        "year": 24,
        "team": "두산",
        "pa": 552,
        "ops": 0.893,
        "avg": 0.283,
        "obp": 0.368,
        "slg": 0.525,
        "rbi": 92,
        "sb": 1,
        "hr": 29
      },
      {
        "name": "강승호",
        "year": 24,
        "team": "두산",
        "pa": 566,
        "ops": 0.804,
        "avg": 0.28,
        "obp": 0.328,
        "slg": 0.476,
        "rbi": 81,
        "sb": 16,
        "hr": 18
      },
      {
        "name": "조수행",
        "year": 24,
        "team": "두산",
        "pa": 382,
        "ops": 0.627,
        "avg": 0.265,
        "obp": 0.334,
        "slg": 0.293,
        "rbi": 30,
        "sb": 64,
        "hr": 0
      },
      {
        "name": "양의지",
        "year": 24,
        "team": "두산",
        "pa": 485,
        "ops": 0.858,
        "avg": 0.314,
        "obp": 0.379,
        "slg": 0.479,
        "rbi": 94,
        "sb": 2,
        "hr": 17
      },
      {
        "name": "김기연",
        "year": 24,
        "team": "두산",
        "pa": 283,
        "ops": 0.714,
        "avg": 0.278,
        "obp": 0.337,
        "slg": 0.377,
        "rbi": 31,
        "sb": 0,
        "hr": 5
      },
      {
        "name": "라모스",
        "year": 24,
        "team": "두산",
        "pa": 348,
        "ops": 0.842,
        "avg": 0.305,
        "obp": 0.36,
        "slg": 0.482,
        "rbi": 48,
        "sb": 3,
        "hr": 10
      },
      {
        "name": "양석환",
        "year": 24,
        "team": "두산",
        "pa": 593,
        "ops": 0.804,
        "avg": 0.246,
        "obp": 0.316,
        "slg": 0.488,
        "rbi": 107,
        "sb": 5,
        "hr": 34
      }
    ]
  },
  {
    "generation": 6,
    "expected_score": 5.93,
    "lineup": [
      "허경민",
      "양의지",
      "김재환",
      "정수빈",
      "조수행",
      "김기연",
      "라모스",
      "강승호",
      "양석환"
    ],
    "player_stats": [
      {
        "name": "허경민",
        "year": 24,
        "team": "두산",
        "pa": 477,
        "ops": 0.811,
        "avg": 0.309,
        "obp": 0.384,
        "slg": 0.427,
        "rbi": 61,
        "sb": 5,
        "hr": 7
      },
      {
        "name": "양의지",
        "year": 24,
        "team": "두산",
        "pa": 485,
        "ops": 0.858,
        "avg": 0.314,
        "obp": 0.379,
        "slg": 0.479,
        "rbi": 94,
        "sb": 2,
        "hr": 17
      },
      {
        "name": "김재환",
        "year": 24,
        "team": "두산",
        "pa": 552,
        "ops": 0.893,
        "avg": 0.283,
        "obp": 0.368,
        "slg": 0.525,
        "rbi": 92,
        "sb": 1,
        "hr": 29
      },
      {
        "name": "정수빈",
        "year": 24,
        "team": "두산",
        "pa": 608,
        "ops": 0.737,
        "avg": 0.284,
        "obp": 0.376,
        "slg": 0.361,
        "rbi": 47,
        "sb": 52,
        "hr": 4
      },
      {
        "name": "조수행",
        "year": 24,
        "team": "두산",
        "pa": 382,
        "ops": 0.627,
        "avg": 0.265,
        "obp": 0.334,
        "slg": 0.293,
        "rbi": 30,
        "sb": 64,
        "hr": 0
      },
      {
        "name": "김기연",
        "year": 24,
        "team": "두산",
        "pa": 283,
        "ops": 0.714,
        "avg": 0.278,
        "obp": 0.337,
        "slg": 0.377,
        "rbi": 31,
        "sb": 0,
        "hr": 5
      },
      {
        "name": "라모스",
        "year": 24,
        "team": "두산",
        "pa": 348,
        "ops": 0.842,
        "avg": 0.305,
        "obp": 0.36,
        "slg": 0.482,
        "rbi": 48,
        "sb": 3,
        "hr": 10
      },
      {
        "name": "강승호",
        "year": 24,
        "team": "두산",
        "pa": 566,
        "ops": 0.804,
        "avg": 0.28,
        "obp": 0.328,
        "slg": 0.476,
        "rbi": 81,
        "sb": 16,
        "hr": 18
      },
      {
        "name": "양석환",
        "year": 24,
        "team": "두산",
        "pa": 593,
        "ops": 0.804,
        "avg": 0.246,
        "obp": 0.316,
        "slg": 0.488,
        "rbi": 107,
        "sb": 5,
        "hr": 34
      }
    ]
  },
  {
    "generation": 7,
    "expected_score": 6.39,
    "lineup": [
      "허경민",
      "양의지",
      "김재환",
      "정수빈",
      "조수행",
      "김기연",
      "라모스",
      "강승호",
      "양석환"
    ],
    "player_stats": [
      {
        "name": "허경민",
        "year": 24,
        "team": "두산",
        "pa": 477,
        "ops": 0.811,
        "avg": 0.309,
        "obp": 0.384,
        "slg": 0.427,
        "rbi": 61,
        "sb": 5,
        "hr": 7
      },
      {
        "name": "양의지",
        "year": 24,
        "team": "두산",
        "pa": 485,
        "ops": 0.858,
        "avg": 0.314,
        "obp": 0.379,
        "slg": 0.479,
        "rbi": 94,
        "sb": 2,
        "hr": 17
      },
      {
        "name": "김재환",
        "year": 24,
        "team": "두산",
        "pa": 552,
        "ops": 0.893,
        "avg": 0.283,
        "obp": 0.368,
        "slg": 0.525,
        "rbi": 92,
        "sb": 1,
        "hr": 29
      },
      {
        "name": "정수빈",
        "year": 24,
        "team": "두산",
        "pa": 608,
        "ops": 0.737,
        "avg": 0.284,
        "obp": 0.376,
        "slg": 0.361,
        "rbi": 47,
        "sb": 52,
        "hr": 4
      },
      {
        "name": "조수행",
        "year": 24,
        "team": "두산",
        "pa": 382,
        "ops": 0.627,
        "avg": 0.265,
        "obp": 0.334,
        "slg": 0.293,
        "rbi": 30,
        "sb": 64,
        "hr": 0
      },
      {
        "name": "김기연",
        "year": 24,
        "team": "두산",
        "pa": 283,
        "ops": 0.714,
        "avg": 0.278,
        "obp": 0.337,
        "slg": 0.377,
        "rbi": 31,
        "sb": 0,
        "hr": 5
      },
      {
        "name": "라모스",
        "year": 24,
        "team": "두산",
        "pa": 348,
        "ops": 0.842,
        "avg": 0.305,
        "obp": 0.36,
        "slg": 0.482,
        "rbi": 48,
        "sb": 3,
        "hr": 10
      },
      {
        "name": "강승호",
        "year": 24,
        "team": "두산",
        "pa": 566,
        "ops": 0.804,
        "avg": 0.28,
        "obp": 0.328,
        "slg": 0.476,
        "rbi": 81,
        "sb": 16,
        "hr": 18
      },
      {
        "name": "양석환",
        "year": 24,
        "team": "두산",
        "pa": 593,
        "ops": 0.804,
        "avg": 0.246,
        "obp": 0.316,
        "slg": 0.488,
        "rbi": 107,
        "sb": 5,
        "hr": 34
      }
    ]
  },
  {
    "generation": 8,
    "expected_score": 6.0,
    "lineup": [
      "강승호",
      "김기연",
      "김재환",
      "정수빈",
      "허경민",
      "라모스",
      "조수행",
      "양의지",
      "양석환"
    ],
    "player_stats": [
      {
        "name": "강승호",
        "year": 24,
        "team": "두산",
        "pa": 566,
        "ops": 0.804,
        "avg": 0.28,
        "obp": 0.328,
        "slg": 0.476,
        "rbi": 81,
        "sb": 16,
        "hr": 18
      },
      {
        "name": "김기연",
        "year": 24,
        "team": "두산",
        "pa": 283,
        "ops": 0.714,
        "avg": 0.278,
        "obp": 0.337,
        "slg": 0.377,
        "rbi": 31,
        "sb": 0,
        "hr": 5
      },
      {
        "name": "김재환",
        "year": 24,
        "team": "두산",
        "pa": 552,
        "ops": 0.893,
        "avg": 0.283,
        "obp": 0.368,
        "slg": 0.525,
        "rbi": 92,
        "sb": 1,
        "hr": 29
      },
      {
        "name": "정수빈",
        "year": 24,
        "team": "두산",
        "pa": 608,
        "ops": 0.737,
        "avg": 0.284,
        "obp": 0.376,
        "slg": 0.361,
        "rbi": 47,
        "sb": 52,
        "hr": 4
      },
      {
        "name": "허경민",
        "year": 24,
        "team": "두산",
        "pa": 477,
        "ops": 0.811,
        "avg": 0.309,
        "obp": 0.384,
        "slg": 0.427,
        "rbi": 61,
        "sb": 5,
        "hr": 7
      },
      {
        "name": "라모스",
        "year": 24,
        "team": "두산",
        "pa": 348,
        "ops": 0.842,
        "avg": 0.305,
        "obp": 0.36,
        "slg": 0.482,
        "rbi": 48,
        "sb": 3,
        "hr": 10
      },
      {
        "name": "조수행",
        "year": 24,
        "team": "두산",
        "pa": 382,
        "ops": 0.627,
        "avg": 0.265,
        "obp": 0.334,
        "slg": 0.293,
        "rbi": 30,
        "sb": 64,
        "hr": 0
      },
      {
        "name": "양의지",
        "year": 24,
        "team": "두산",
        "pa": 485,
        "ops": 0.858,
        "avg": 0.314,
        "obp": 0.379,
        "slg": 0.479,
        "rbi": 94,
        "sb": 2,
        "hr": 17
      },
      {
        "name": "양석환",
        "year": 24,
        "team": "두산",
        "pa": 593,
        "ops": 0.804,
        "avg": 0.246,
        "obp": 0.316,
        "slg": 0.488,
        "rbi": 107,
        "sb": 5,
        "hr": 34
      }
    ]
  },
  {
    "generation": 9,
    "expected_score": 5.805,
    "lineup": [
      "양석환",
      "김기연",
      "김재환",
      "정수빈",
      "허경민",
      "라모스",
      "강승호",
      "양의지",
      "조수행"
    ],
    "player_stats": [
      {
        "name": "양석환",
        "year": 24,
        "team": "두산",
        "pa": 593,
        "ops": 0.804,
        "avg": 0.246,
        "obp": 0.316,
        "slg": 0.488,
        "rbi": 107,
        "sb": 5,
        "hr": 34
      },
      {
        "name": "김기연",
        "year": 24,
        "team": "두산",
        "pa": 283,
        "ops": 0.714,
        "avg": 0.278,
        "obp": 0.337,
        "slg": 0.377,
        "rbi": 31,
        "sb": 0,
        "hr": 5
      },
      {
        "name": "김재환",
        "year": 24,
        "team": "두산",
        "pa": 552,
        "ops": 0.893,
        "avg": 0.283,
        "obp": 0.368,
        "slg": 0.525,
        "rbi": 92,
        "sb": 1,
        "hr": 29
      },
      {
        "name": "정수빈",
        "year": 24,
        "team": "두산",
        "pa": 608,
        "ops": 0.737,
        "avg": 0.284,
        "obp": 0.376,
        "slg": 0.361,
        "rbi": 47,
        "sb": 52,
        "hr": 4
      },
      {
        "name": "허경민",
        "year": 24,
        "team": "두산",
        "pa": 477,
        "ops": 0.811,
        "avg": 0.309,
        "obp": 0.384,
        "slg": 0.427,
        "rbi": 61,
        "sb": 5,
        "hr": 7
      },
      {
        "name": "라모스",
        "year": 24,
        "team": "두산",
        "pa": 348,
        "ops": 0.842,
        "avg": 0.305,
        "obp": 0.36,
        "slg": 0.482,
        "rbi": 48,
        "sb": 3,
        "hr": 10
      },
      {
        "name": "강승호",
        "year": 24,
        "team": "두산",
        "pa": 566,
        "ops": 0.804,
        "avg": 0.28,
        "obp": 0.328,
        "slg": 0.476,
        "rbi": 81,
        "sb": 16,
        "hr": 18
      },
      {
        "name": "양의지",
        "year": 24,
        "team": "두산",
        "pa": 485,
        "ops": 0.858,
        "avg": 0.314,
        "obp": 0.379,
        "slg": 0.479,
        "rbi": 94,
        "sb": 2,
        "hr": 17
      },
      {
        "name": "조수행",
        "year": 24,
        "team": "두산",
        "pa": 382,
        "ops": 0.627,
        "avg": 0.265,
        "obp": 0.334,
        "slg": 0.293,
        "rbi": 30,
        "sb": 64,
        "hr": 0
      }
    ]
  },
  {
    "generation": 10,
    "expected_score": 5.99,
    "lineup": [
      "양석환",
      "김기연",
      "김재환",
      "정수빈",
      "허경민",
      "라모스",
      "양의지",
      "강승호",
      "조수행"
    ],
    "player_stats": [
      {
        "name": "양석환",
        "year": 24,
        "team": "두산",
        "pa": 593,
        "ops": 0.804,
        "avg": 0.246,
        "obp": 0.316,
        "slg": 0.488,
        "rbi": 107,
        "sb": 5,
        "hr": 34
      },
      {
        "name": "김기연",
        "year": 24,
        "team": "두산",
        "pa": 283,
        "ops": 0.714,
        "avg": 0.278,
        "obp": 0.337,
        "slg": 0.377,
        "rbi": 31,
        "sb": 0,
        "hr": 5
      },
      {
        "name": "김재환",
        "year": 24,
        "team": "두산",
        "pa": 552,
        "ops": 0.893,
        "avg": 0.283,
        "obp": 0.368,
        "slg": 0.525,
        "rbi": 92,
        "sb": 1,
        "hr": 29
      },
      {
        "name": "정수빈",
        "year": 24,
        "team": "두산",
        "pa": 608,
        "ops": 0.737,
        "avg": 0.284,
        "obp": 0.376,
        "slg": 0.361,
        "rbi": 47,
        "sb": 52,
        "hr": 4
      },
      {
        "name": "허경민",
        "year": 24,
        "team": "두산",
        "pa": 477,
        "ops": 0.811,
        "avg": 0.309,
        "obp": 0.384,
        "slg": 0.427,
        "rbi": 61,
        "sb": 5,
        "hr": 7
      },
      {
        "name": "라모스",
        "year": 24,
        "team": "두산",
        "pa": 348,
        "ops": 0.842,
        "avg": 0.305,
        "obp": 0.36,
        "slg": 0.482,
        "rbi": 48,
        "sb": 3,
        "hr": 10
      },
      {
        "name": "양의지",
        "year": 24,
        "team": "두산",
        "pa": 485,
        "ops": 0.858,
        "avg": 0.314,
        "obp": 0.379,
        "slg": 0.479,
        "rbi": 94,
        "sb": 2,
        "hr": 17
      },
      {
        "name": "강승호",
        "year": 24,
        "team": "두산",
        "pa": 566,
        "ops": 0.804,
        "avg": 0.28,
        "obp": 0.328,
        "slg": 0.476,
        "rbi": 81,
        "sb": 16,
        "hr": 18
      },
      {
        "name": "조수행",
        "year": 24,
        "team": "두산",
        "pa": 382,
        "ops": 0.627,
        "avg": 0.265,
        "obp": 0.334,
        "slg": 0.293,
        "rbi": 30,
        "sb": 64,
        "hr": 0
      }
    ]
  },
  {
    "generation": 11,
    "expected_score": 6.095,
    "lineup": [
      "양석환",
      "김기연",
      "김재환",
      "강승호",
      "라모스",
      "정수빈",
      "허경민",
      "양의지",
      "조수행"
    ],
    "player_stats": [
      {
        "name": "양석환",
        "year": 24,
        "team": "두산",
        "pa": 593,
        "ops": 0.804,
        "avg": 0.246,
        "obp": 0.316,
        "slg": 0.488,
        "rbi": 107,
        "sb": 5,
        "hr": 34
      },
      {
        "name": "김기연",
        "year": 24,
        "team": "두산",
        "pa": 283,
        "ops": 0.714,
        "avg": 0.278,
        "obp": 0.337,
        "slg": 0.377,
        "rbi": 31,
        "sb": 0,
        "hr": 5
      },
      {
        "name": "김재환",
        "year": 24,
        "team": "두산",
        "pa": 552,
        "ops": 0.893,
        "avg": 0.283,
        "obp": 0.368,
        "slg": 0.525,
        "rbi": 92,
        "sb": 1,
        "hr": 29
      },
      {
        "name": "강승호",
        "year": 24,
        "team": "두산",
        "pa": 566,
        "ops": 0.804,
        "avg": 0.28,
        "obp": 0.328,
        "slg": 0.476,
        "rbi": 81,
        "sb": 16,
        "hr": 18
      },
      {
        "name": "라모스",
        "year": 24,
        "team": "두산",
        "pa": 348,
        "ops": 0.842,
        "avg": 0.305,
        "obp": 0.36,
        "slg": 0.482,
        "rbi": 48,
        "sb": 3,
        "hr": 10
      },
      {
        "name": "정수빈",
        "year": 24,
        "team": "두산",
        "pa": 608,
        "ops": 0.737,
        "avg": 0.284,
        "obp": 0.376,
        "slg": 0.361,
        "rbi": 47,
        "sb": 52,
        "hr": 4
      },
      {
        "name": "허경민",
        "year": 24,
        "team": "두산",
        "pa": 477,
        "ops": 0.811,
        "avg": 0.309,
        "obp": 0.384,
        "slg": 0.427,
        "rbi": 61,
        "sb": 5,
        "hr": 7
      },
      {
        "name": "양의지",
        "year": 24,
        "team": "두산",
        "pa": 485,
        "ops": 0.858,
        "avg": 0.314,
        "obp": 0.379,
        "slg": 0.479,
        "rbi": 94,
        "sb": 2,
        "hr": 17
      },
      {
        "name": "조수행",
        "year": 24,
        "team": "두산",
        "pa": 382,
        "ops": 0.627,
        "avg": 0.265,
        "obp": 0.334,
        "slg": 0.293,
        "rbi": 30,
        "sb": 64,
        "hr": 0
      }
    ]
  },
  {
    "generation": 12,
    "expected_score": 5.925,
    "lineup": [
      "강승호",
      "김기연",
      "김재환",
      "정수빈",
      "허경민",
      "라모스",
      "양의지",
      "조수행",
      "양석환"
    ],
    "player_stats": [
      {
        "name": "강승호",
        "year": 24,
        "team": "두산",
        "pa": 566,
        "ops": 0.804,
        "avg": 0.28,
        "obp": 0.328,
        "slg": 0.476,
        "rbi": 81,
        "sb": 16,
        "hr": 18
      },
      {
        "name": "김기연",
        "year": 24,
        "team": "두산",
        "pa": 283,
        "ops": 0.714,
        "avg": 0.278,
        "obp": 0.337,
        "slg": 0.377,
        "rbi": 31,
        "sb": 0,
        "hr": 5
      },
      {
        "name": "김재환",
        "year": 24,
        "team": "두산",
        "pa": 552,
        "ops": 0.893,
        "avg": 0.283,
        "obp": 0.368,
        "slg": 0.525,
        "rbi": 92,
        "sb": 1,
        "hr": 29
      },
      {
        "name": "정수빈",
        "year": 24,
        "team": "두산",
        "pa": 608,
        "ops": 0.737,
        "avg": 0.284,
        "obp": 0.376,
        "slg": 0.361,
        "rbi": 47,
        "sb": 52,
        "hr": 4
      },
      {
        "name": "허경민",
        "year": 24,
        "team": "두산",
        "pa": 477,
        "ops": 0.811,
        "avg": 0.309,
        "obp": 0.384,
        "slg": 0.427,
        "rbi": 61,
        "sb": 5,
        "hr": 7
      },
      {
        "name": "라모스",
        "year": 24,
        "team": "두산",
        "pa": 348,
        "ops": 0.842,
        "avg": 0.305,
        "obp": 0.36,
        "slg": 0.482,
        "rbi": 48,
        "sb": 3,
        "hr": 10
      },
      {
        "name": "양의지",
        "year": 24,
        "team": "두산",
        "pa": 485,
        "ops": 0.858,
        "avg": 0.314,
        "obp": 0.379,
        "slg": 0.479,
        "rbi": 94,
        "sb": 2,
        "hr": 17
      },
      {
        "name": "조수행",
        "year": 24,
        "team": "두산",
        "pa": 382,
        "ops": 0.627,
        "avg": 0.265,
        "obp": 0.334,
        "slg": 0.293,
        "rbi": 30,
        "sb": 64,
        "hr": 0
      },
      {
        "name": "양석환",
        "year": 24,
        "team": "두산",
        "pa": 593,
        "ops": 0.804,
        "avg": 0.246,
        "obp": 0.316,
        "slg": 0.488,
        "rbi": 107,
        "sb": 5,
        "hr": 34
      }
    ]
  },
  {
    "generation": 13,
    "expected_score": 6.11,
    "lineup": [
      "강승호",
      "김재환",
      "허경민",
      "조수행",
      "라모스",
      "정수빈",
      "김기연",
      "양의지",
      "양석환"
    ],
    "player_stats": [
      {
        "name": "강승호",
        "year": 24,
        "team": "두산",
        "pa": 566,
        "ops": 0.804,
        "avg": 0.28,
        "obp": 0.328,
        "slg": 0.476,
        "rbi": 81,
        "sb": 16,
        "hr": 18
      },
      {
        "name": "김재환",
        "year": 24,
        "team": "두산",
        "pa": 552,
        "ops": 0.893,
        "avg": 0.283,
        "obp": 0.368,
        "slg": 0.525,
        "rbi": 92,
        "sb": 1,
        "hr": 29
      },
      {
        "name": "허경민",
        "year": 24,
        "team": "두산",
        "pa": 477,
        "ops": 0.811,
        "avg": 0.309,
        "obp": 0.384,
        "slg": 0.427,
        "rbi": 61,
        "sb": 5,
        "hr": 7
      },
      {
        "name": "조수행",
        "year": 24,
        "team": "두산",
        "pa": 382,
        "ops": 0.627,
        "avg": 0.265,
        "obp": 0.334,
        "slg": 0.293,
        "rbi": 30,
        "sb": 64,
        "hr": 0
      },
      {
        "name": "라모스",
        "year": 24,
        "team": "두산",
        "pa": 348,
        "ops": 0.842,
        "avg": 0.305,
        "obp": 0.36,
        "slg": 0.482,
        "rbi": 48,
        "sb": 3,
        "hr": 10
      },
      {
        "name": "정수빈",
        "year": 24,
        "team": "두산",
        "pa": 608,
        "ops": 0.737,
        "avg": 0.284,
        "obp": 0.376,
        "slg": 0.361,
        "rbi": 47,
        "sb": 52,
        "hr": 4
      },
      {
        "name": "김기연",
        "year": 24,
        "team": "두산",
        "pa": 283,
        "ops": 0.714,
        "avg": 0.278,
        "obp": 0.337,
        "slg": 0.377,
        "rbi": 31,
        "sb": 0,
        "hr": 5
      },
      {
        "name": "양의지",
        "year": 24,
        "team": "두산",
        "pa": 485,
        "ops": 0.858,
        "avg": 0.314,
        "obp": 0.379,
        "slg": 0.479,
        "rbi": 94,
        "sb": 2,
        "hr": 17
      },
      {
        "name": "양석환",
        "year": 24,
        "team": "두산",
        "pa": 593,
        "ops": 0.804,
        "avg": 0.246,
        "obp": 0.316,
        "slg": 0.488,
        "rbi": 107,
        "sb": 5,
        "hr": 34
      }
    ]
  },
  {
    "generation": 14,
    "expected_score": 6.005,
    "lineup": [
      "김재환",
      "조수행",
      "허경민",
      "강승호",
      "양석환",
      "김기연",
      "정수빈",
      "라모스",
      "양의지"
    ],
    "player_stats": [
      {
        "name": "김재환",
        "year": 24,
        "team": "두산",
        "pa": 552,
        "ops": 0.893,
        "avg": 0.283,
        "obp": 0.368,
        "slg": 0.525,
        "rbi": 92,
        "sb": 1,
        "hr": 29
      },
      {
        "name": "조수행",
        "year": 24,
        "team": "두산",
        "pa": 382,
        "ops": 0.627,
        "avg": 0.265,
        "obp": 0.334,
        "slg": 0.293,
        "rbi": 30,
        "sb": 64,
        "hr": 0
      },
      {
        "name": "허경민",
        "year": 24,
        "team": "두산",
        "pa": 477,
        "ops": 0.811,
        "avg": 0.309,
        "obp": 0.384,
        "slg": 0.427,
        "rbi": 61,
        "sb": 5,
        "hr": 7
      },
      {
        "name": "강승호",
        "year": 24,
        "team": "두산",
        "pa": 566,
        "ops": 0.804,
        "avg": 0.28,
        "obp": 0.328,
        "slg": 0.476,
        "rbi": 81,
        "sb": 16,
        "hr": 18
      },
      {
        "name": "양석환",
        "year": 24,
        "team": "두산",
        "pa": 593,
        "ops": 0.804,
        "avg": 0.246,
        "obp": 0.316,
        "slg": 0.488,
        "rbi": 107,
        "sb": 5,
        "hr": 34
      },
      {
        "name": "김기연",
        "year": 24,
        "team": "두산",
        "pa": 283,
        "ops": 0.714,
        "avg": 0.278,
        "obp": 0.337,
        "slg": 0.377,
        "rbi": 31,
        "sb": 0,
        "hr": 5
      },
      {
        "name": "정수빈",
        "year": 24,
        "team": "두산",
        "pa": 608,
        "ops": 0.737,
        "avg": 0.284,
        "obp": 0.376,
        "slg": 0.361,
        "rbi": 47,
        "sb": 52,
        "hr": 4
      },
      {
        "name": "라모스",
        "year": 24,
        "team": "두산",
        "pa": 348,
        "ops": 0.842,
        "avg": 0.305,
        "obp": 0.36,
        "slg": 0.482,
        "rbi": 48,
        "sb": 3,
        "hr": 10
      },
      {
        "name": "양의지",
        "year": 24,
        "team": "두산",
        "pa": 485,
        "ops": 0.858,
        "avg": 0.314,
        "obp": 0.379,
        "slg": 0.479,
        "rbi": 94,
        "sb": 2,
        "hr": 17
      }
    ]
  },
  {
    "generation": 15,
    "expected_score": 6.13,
    "lineup": [
      "김재환",
      "정수빈",
      "강승호",
      "조수행",
      "양의지",
      "김기연",
      "허경민",
      "라모스",
      "양석환"
    ],
    "player_stats": [
      {
        "name": "김재환",
        "year": 24,
        "team": "두산",
        "pa": 552,
        "ops": 0.893,
        "avg": 0.283,
        "obp": 0.368,
        "slg": 0.525,
        "rbi": 92,
        "sb": 1,
        "hr": 29
      },
      {
        "name": "정수빈",
        "year": 24,
        "team": "두산",
        "pa": 608,
        "ops": 0.737,
        "avg": 0.284,
        "obp": 0.376,
        "slg": 0.361,
        "rbi": 47,
        "sb": 52,
        "hr": 4
      },
      {
        "name": "강승호",
        "year": 24,
        "team": "두산",
        "pa": 566,
        "ops": 0.804,
        "avg": 0.28,
        "obp": 0.328,
        "slg": 0.476,
        "rbi": 81,
        "sb": 16,
        "hr": 18
      },
      {
        "name": "조수행",
        "year": 24,
        "team": "두산",
        "pa": 382,
        "ops": 0.627,
        "avg": 0.265,
        "obp": 0.334,
        "slg": 0.293,
        "rbi": 30,
        "sb": 64,
        "hr": 0
      },
      {
        "name": "양의지",
        "year": 24,
        "team": "두산",
        "pa": 485,
        "ops": 0.858,
        "avg": 0.314,
        "obp": 0.379,
        "slg": 0.479,
        "rbi": 94,
        "sb": 2,
        "hr": 17
      },
      {
        "name": "김기연",
        "year": 24,
        "team": "두산",
        "pa": 283,
        "ops": 0.714,
        "avg": 0.278,
        "obp": 0.337,
        "slg": 0.377,
        "rbi": 31,
        "sb": 0,
        "hr": 5
      },
      {
        "name": "허경민",
        "year": 24,
        "team": "두산",
        "pa": 477,
        "ops": 0.811,
        "avg": 0.309,
        "obp": 0.384,
        "slg": 0.427,
        "rbi": 61,
        "sb": 5,
        "hr": 7
      },
      {
        "name": "라모스",
        "year": 24,
        "team": "두산",
        "pa": 348,
        "ops": 0.842,
        "avg": 0.305,
        "obp": 0.36,
        "slg": 0.482,
        "rbi": 48,
        "sb": 3,
        "hr": 10
      },
      {
        "name": "양석환",
        "year": 24,
        "team": "두산",
        "pa": 593,
        "ops": 0.804,
        "avg": 0.246,
        "obp": 0.316,
        "slg": 0.488,
        "rbi": 107,
        "sb": 5,
        "hr": 34
      }
    ]
  },
  {
    "generation": 16,
    "expected_score": 5.82,
    "lineup": [
      "강승호",
      "김재환",
      "양석환",
      "조수행",
      "라모스",
      "정수빈",
      "김기연",
      "양의지",
      "허경민"
    ],
    "player_stats": [
      {
        "name": "강승호",
        "year": 24,
        "team": "두산",
        "pa": 566,
        "ops": 0.804,
        "avg": 0.28,
        "obp": 0.328,
        "slg": 0.476,
        "rbi": 81,
        "sb": 16,
        "hr": 18
      },
      {
        "name": "김재환",
        "year": 24,
        "team": "두산",
        "pa": 552,
        "ops": 0.893,
        "avg": 0.283,
        "obp": 0.368,
        "slg": 0.525,
        "rbi": 92,
        "sb": 1,
        "hr": 29
      },
      {
        "name": "양석환",
        "year": 24,
        "team": "두산",
        "pa": 593,
        "ops": 0.804,
        "avg": 0.246,
        "obp": 0.316,
        "slg": 0.488,
        "rbi": 107,
        "sb": 5,
        "hr": 34
      },
      {
        "name": "조수행",
        "year": 24,
        "team": "두산",
        "pa": 382,
        "ops": 0.627,
        "avg": 0.265,
        "obp": 0.334,
        "slg": 0.293,
        "rbi": 30,
        "sb": 64,
        "hr": 0
      },
      {
        "name": "라모스",
        "year": 24,
        "team": "두산",
        "pa": 348,
        "ops": 0.842,
        "avg": 0.305,
        "obp": 0.36,
        "slg": 0.482,
        "rbi": 48,
        "sb": 3,
        "hr": 10
      },
      {
        "name": "정수빈",
        "year": 24,
        "team": "두산",
        "pa": 608,
        "ops": 0.737,
        "avg": 0.284,
        "obp": 0.376,
        "slg": 0.361,
        "rbi": 47,
        "sb": 52,
        "hr": 4
      },
      {
        "name": "김기연",
        "year": 24,
        "team": "두산",
        "pa": 283,
        "ops": 0.714,
        "avg": 0.278,
        "obp": 0.337,
        "slg": 0.377,
        "rbi": 31,
        "sb": 0,
        "hr": 5
      },
      {
        "name": "양의지",
        "year": 24,
        "team": "두산",
        "pa": 485,
        "ops": 0.858,
        "avg": 0.314,
        "obp": 0.379,
        "slg": 0.479,
        "rbi": 94,
        "sb": 2,
        "hr": 17
      },
      {
        "name": "허경민",
        "year": 24,
        "team": "두산",
        "pa": 477,
        "ops": 0.811,
        "avg": 0.309,
        "obp": 0.384,
        "slg": 0.427,
        "rbi": 61,
        "sb": 5,
        "hr": 7
      }
    ]
  },
  {
    "generation": 17,
    "expected_score": 6.015,
    "lineup": [
      "김재환",
      "양석환",
      "조수행",
      "라모스",
      "양의지",
      "김기연",
      "정수빈",
      "강승호",
      "허경민"
    ],
    "player_stats": [
      {
        "name": "김재환",
        "year": 24,
        "team": "두산",
        "pa": 552,
        "ops": 0.893,
        "avg": 0.283,
        "obp": 0.368,
        "slg": 0.525,
        "rbi": 92,
        "sb": 1,
        "hr": 29
      },
      {
        "name": "양석환",
        "year": 24,
        "team": "두산",
        "pa": 593,
        "ops": 0.804,
        "avg": 0.246,
        "obp": 0.316,
        "slg": 0.488,
        "rbi": 107,
        "sb": 5,
        "hr": 34
      },
      {
        "name": "조수행",
        "year": 24,
        "team": "두산",
        "pa": 382,
        "ops": 0.627,
        "avg": 0.265,
        "obp": 0.334,
        "slg": 0.293,
        "rbi": 30,
        "sb": 64,
        "hr": 0
      },
      {
        "name": "라모스",
        "year": 24,
        "team": "두산",
        "pa": 348,
        "ops": 0.842,
        "avg": 0.305,
        "obp": 0.36,
        "slg": 0.482,
        "rbi": 48,
        "sb": 3,
        "hr": 10
      },
      {
        "name": "양의지",
        "year": 24,
        "team": "두산",
        "pa": 485,
        "ops": 0.858,
        "avg": 0.314,
        "obp": 0.379,
        "slg": 0.479,
        "rbi": 94,
        "sb": 2,
        "hr": 17
      },
      {
        "name": "김기연",
        "year": 24,
        "team": "두산",
        "pa": 283,
        "ops": 0.714,
        "avg": 0.278,
        "obp": 0.337,
        "slg": 0.377,
        "rbi": 31,
        "sb": 0,
        "hr": 5
      },
      {
        "name": "정수빈",
        "year": 24,
        "team": "두산",
        "pa": 608,
        "ops": 0.737,
        "avg": 0.284,
        "obp": 0.376,
        "slg": 0.361,
        "rbi": 47,
        "sb": 52,
        "hr": 4
      },
      {
        "name": "강승호",
        "year": 24,
        "team": "두산",
        "pa": 566,
        "ops": 0.804,
        "avg": 0.28,
        "obp": 0.328,
        "slg": 0.476,
        "rbi": 81,
        "sb": 16,
        "hr": 18
      },
      {
        "name": "허경민",
        "year": 24,
        "team": "두산",
        "pa": 477,
        "ops": 0.811,
        "avg": 0.309,
        "obp": 0.384,
        "slg": 0.427,
        "rbi": 61,
        "sb": 5,
        "hr": 7
      }
    ]
  },
  {
    "generation": 18,
    "expected_score": 5.885,
    "lineup": [
      "김재환",
      "양석환",
      "허경민",
      "강승호",
      "김기연",
      "라모스",
      "양의지",
      "정수빈",
      "조수행"
    ],
    "player_stats": [
      {
        "name": "김재환",
        "year": 24,
        "team": "두산",
        "pa": 552,
        "ops": 0.893,
        "avg": 0.283,
        "obp": 0.368,
        "slg": 0.525,
        "rbi": 92,
        "sb": 1,
        "hr": 29
      },
      {
        "name": "양석환",
        "year": 24,
        "team": "두산",
        "pa": 593,
        "ops": 0.804,
        "avg": 0.246,
        "obp": 0.316,
        "slg": 0.488,
        "rbi": 107,
        "sb": 5,
        "hr": 34
      },
      {
        "name": "허경민",
        "year": 24,
        "team": "두산",
        "pa": 477,
        "ops": 0.811,
        "avg": 0.309,
        "obp": 0.384,
        "slg": 0.427,
        "rbi": 61,
        "sb": 5,
        "hr": 7
      },
      {
        "name": "강승호",
        "year": 24,
        "team": "두산",
        "pa": 566,
        "ops": 0.804,
        "avg": 0.28,
        "obp": 0.328,
        "slg": 0.476,
        "rbi": 81,
        "sb": 16,
        "hr": 18
      },
      {
        "name": "김기연",
        "year": 24,
        "team": "두산",
        "pa": 283,
        "ops": 0.714,
        "avg": 0.278,
        "obp": 0.337,
        "slg": 0.377,
        "rbi": 31,
        "sb": 0,
        "hr": 5
      },
      {
        "name": "라모스",
        "year": 24,
        "team": "두산",
        "pa": 348,
        "ops": 0.842,
        "avg": 0.305,
        "obp": 0.36,
        "slg": 0.482,
        "rbi": 48,
        "sb": 3,
        "hr": 10
      },
      {
        "name": "양의지",
        "year": 24,
        "team": "두산",
        "pa": 485,
        "ops": 0.858,
        "avg": 0.314,
        "obp": 0.379,
        "slg": 0.479,
        "rbi": 94,
        "sb": 2,
        "hr": 17
      },
      {
        "name": "정수빈",
        "year": 24,
        "team": "두산",
        "pa": 608,
        "ops": 0.737,
        "avg": 0.284,
        "obp": 0.376,
        "slg": 0.361,
        "rbi": 47,
        "sb": 52,
        "hr": 4
      },
      {
        "name": "조수행",
        "year": 24,
        "team": "두산",
        "pa": 382,
        "ops": 0.627,
        "avg": 0.265,
        "obp": 0.334,
        "slg": 0.293,
        "rbi": 30,
        "sb": 64,
        "hr": 0
      }
    ]
  },
  {
    "generation": 19,
    "expected_score": 6.06,
    "lineup": [
      "김재환",
      "허경민",
      "라모스",
      "정수빈",
      "김기연",
      "강승호",
      "양의지",
      "조수행",
      "양석환"
    ],
    "player_stats": [
      {
        "name": "김재환",
        "year": 24,
        "team": "두산",
        "pa": 552,
        "ops": 0.893,
        "avg": 0.283,
        "obp": 0.368,
        "slg": 0.525,
        "rbi": 92,
        "sb": 1,
        "hr": 29
      },
      {
        "name": "허경민",
        "year": 24,
        "team": "두산",
        "pa": 477,
        "ops": 0.811,
        "avg": 0.309,
        "obp": 0.384,
        "slg": 0.427,
        "rbi": 61,
        "sb": 5,
        "hr": 7
      },
      {
        "name": "라모스",
        "year": 24,
        "team": "두산",
        "pa": 348,
        "ops": 0.842,
        "avg": 0.305,
        "obp": 0.36,
        "slg": 0.482,
        "rbi": 48,
        "sb": 3,
        "hr": 10
      },
      {
        "name": "정수빈",
        "year": 24,
        "team": "두산",
        "pa": 608,
        "ops": 0.737,
        "avg": 0.284,
        "obp": 0.376,
        "slg": 0.361,
        "rbi": 47,
        "sb": 52,
        "hr": 4
      },
      {
        "name": "김기연",
        "year": 24,
        "team": "두산",
        "pa": 283,
        "ops": 0.714,
        "avg": 0.278,
        "obp": 0.337,
        "slg": 0.377,
        "rbi": 31,
        "sb": 0,
        "hr": 5
      },
      {
        "name": "강승호",
        "year": 24,
        "team": "두산",
        "pa": 566,
        "ops": 0.804,
        "avg": 0.28,
        "obp": 0.328,
        "slg": 0.476,
        "rbi": 81,
        "sb": 16,
        "hr": 18
      },
      {
        "name": "양의지",
        "year": 24,
        "team": "두산",
        "pa": 485,
        "ops": 0.858,
        "avg": 0.314,
        "obp": 0.379,
        "slg": 0.479,
        "rbi": 94,
        "sb": 2,
        "hr": 17
      },
      {
        "name": "조수행",
        "year": 24,
        "team": "두산",
        "pa": 382,
        "ops": 0.627,
        "avg": 0.265,
        "obp": 0.334,
        "slg": 0.293,
        "rbi": 30,
        "sb": 64,
        "hr": 0
      },
      {
        "name": "양석환",
        "year": 24,
        "team": "두산",
        "pa": 593,
        "ops": 0.804,
        "avg": 0.246,
        "obp": 0.316,
        "slg": 0.488,
        "rbi": 107,
        "sb": 5,
        "hr": 34
      }
    ]
  },
  {
    "generation": 20,
    "expected_score": 5.85,
    "lineup": [
      "양의지",
      "조수행",
      "양석환",
      "김기연",
      "김재환",
      "허경민",
      "강승호",
      "라모스",
      "정수빈"
    ],
    "player_stats": [
      {
        "name": "양의지",
        "year": 24,
        "team": "두산",
        "pa": 485,
        "ops": 0.858,
        "avg": 0.314,
        "obp": 0.379,
        "slg": 0.479,
        "rbi": 94,
        "sb": 2,
        "hr": 17
      },
      {
        "name": "조수행",
        "year": 24,
        "team": "두산",
        "pa": 382,
        "ops": 0.627,
        "avg": 0.265,
        "obp": 0.334,
        "slg": 0.293,
        "rbi": 30,
        "sb": 64,
        "hr": 0
      },
      {
        "name": "양석환",
        "year": 24,
        "team": "두산",
        "pa": 593,
        "ops": 0.804,
        "avg": 0.246,
        "obp": 0.316,
        "slg": 0.488,
        "rbi": 107,
        "sb": 5,
        "hr": 34
      },
      {
        "name": "김기연",
        "year": 24,
        "team": "두산",
        "pa": 283,
        "ops": 0.714,
        "avg": 0.278,
        "obp": 0.337,
        "slg": 0.377,
        "rbi": 31,
        "sb": 0,
        "hr": 5
      },
      {
        "name": "김재환",
        "year": 24,
        "team": "두산",
        "pa": 552,
        "ops": 0.893,
        "avg": 0.283,
        "obp": 0.368,
        "slg": 0.525,
        "rbi": 92,
        "sb": 1,
        "hr": 29
      },
      {
        "name": "허경민",
        "year": 24,
        "team": "두산",
        "pa": 477,
        "ops": 0.811,
        "avg": 0.309,
        "obp": 0.384,
        "slg": 0.427,
        "rbi": 61,
        "sb": 5,
        "hr": 7
      },
      {
        "name": "강승호",
        "year": 24,
        "team": "두산",
        "pa": 566,
        "ops": 0.804,
        "avg": 0.28,
        "obp": 0.328,
        "slg": 0.476,
        "rbi": 81,
        "sb": 16,
        "hr": 18
      },
      {
        "name": "라모스",
        "year": 24,
        "team": "두산",
        "pa": 348,
        "ops": 0.842,
        "avg": 0.305,
        "obp": 0.36,
        "slg": 0.482,
        "rbi": 48,
        "sb": 3,
        "hr": 10
      },
      {
        "name": "정수빈",
        "year": 24,
        "team": "두산",
        "pa": 608,
        "ops": 0.737,
        "avg": 0.284,
        "obp": 0.376,
        "slg": 0.361,
        "rbi": 47,
        "sb": 52,
        "hr": 4
      }
    ]
  },
  {
    "generation": 21,
    "expected_score": 6.11,
    "lineup": [
      "김재환",
      "조수행",
      "라모스",
      "정수빈",
      "김기연",
      "강승호",
      "양의지",
      "허경민",
      "양석환"
    ],
    "player_stats": [
      {
        "name": "김재환",
        "year": 24,
        "team": "두산",
        "pa": 552,
        "ops": 0.893,
        "avg": 0.283,
        "obp": 0.368,
        "slg": 0.525,
        "rbi": 92,
        "sb": 1,
        "hr": 29
      },
      {
        "name": "조수행",
        "year": 24,
        "team": "두산",
        "pa": 382,
        "ops": 0.627,
        "avg": 0.265,
        "obp": 0.334,
        "slg": 0.293,
        "rbi": 30,
        "sb": 64,
        "hr": 0
      },
      {
        "name": "라모스",
        "year": 24,
        "team": "두산",
        "pa": 348,
        "ops": 0.842,
        "avg": 0.305,
        "obp": 0.36,
        "slg": 0.482,
        "rbi": 48,
        "sb": 3,
        "hr": 10
      },
      {
        "name": "정수빈",
        "year": 24,
        "team": "두산",
        "pa": 608,
        "ops": 0.737,
        "avg": 0.284,
        "obp": 0.376,
        "slg": 0.361,
        "rbi": 47,
        "sb": 52,
        "hr": 4
      },
      {
        "name": "김기연",
        "year": 24,
        "team": "두산",
        "pa": 283,
        "ops": 0.714,
        "avg": 0.278,
        "obp": 0.337,
        "slg": 0.377,
        "rbi": 31,
        "sb": 0,
        "hr": 5
      },
      {
        "name": "강승호",
        "year": 24,
        "team": "두산",
        "pa": 566,
        "ops": 0.804,
        "avg": 0.28,
        "obp": 0.328,
        "slg": 0.476,
        "rbi": 81,
        "sb": 16,
        "hr": 18
      },
      {
        "name": "양의지",
        "year": 24,
        "team": "두산",
        "pa": 485,
        "ops": 0.858,
        "avg": 0.314,
        "obp": 0.379,
        "slg": 0.479,
        "rbi": 94,
        "sb": 2,
        "hr": 17
      },
      {
        "name": "허경민",
        "year": 24,
        "team": "두산",
        "pa": 477,
        "ops": 0.811,
        "avg": 0.309,
        "obp": 0.384,
        "slg": 0.427,
        "rbi": 61,
        "sb": 5,
        "hr": 7
      },
      {
        "name": "양석환",
        "year": 24,
        "team": "두산",
        "pa": 593,
        "ops": 0.804,
        "avg": 0.246,
        "obp": 0.316,
        "slg": 0.488,
        "rbi": 107,
        "sb": 5,
        "hr": 34
      }
    ]
  },
  {
    "generation": 22,
    "expected_score": 6.16,
    "lineup": [
      "김재환",
      "양석환",
      "라모스",
      "양의지",
      "김기연",
      "허경민",
      "조수행",
      "정수빈",
      "강승호"
    ],
    "player_stats": [
      {
        "name": "김재환",
        "year": 24,
        "team": "두산",
        "pa": 552,
        "ops": 0.893,
        "avg": 0.283,
        "obp": 0.368,
        "slg": 0.525,
        "rbi": 92,
        "sb": 1,
        "hr": 29
      },
      {
        "name": "양석환",
        "year": 24,
        "team": "두산",
        "pa": 593,
        "ops": 0.804,
        "avg": 0.246,
        "obp": 0.316,
        "slg": 0.488,
        "rbi": 107,
        "sb": 5,
        "hr": 34
      },
      {
        "name": "라모스",
        "year": 24,
        "team": "두산",
        "pa": 348,
        "ops": 0.842,
        "avg": 0.305,
        "obp": 0.36,
        "slg": 0.482,
        "rbi": 48,
        "sb": 3,
        "hr": 10
      },
      {
        "name": "양의지",
        "year": 24,
        "team": "두산",
        "pa": 485,
        "ops": 0.858,
        "avg": 0.314,
        "obp": 0.379,
        "slg": 0.479,
        "rbi": 94,
        "sb": 2,
        "hr": 17
      },
      {
        "name": "김기연",
        "year": 24,
        "team": "두산",
        "pa": 283,
        "ops": 0.714,
        "avg": 0.278,
        "obp": 0.337,
        "slg": 0.377,
        "rbi": 31,
        "sb": 0,
        "hr": 5
      },
      {
        "name": "허경민",
        "year": 24,
        "team": "두산",
        "pa": 477,
        "ops": 0.811,
        "avg": 0.309,
        "obp": 0.384,
        "slg": 0.427,
        "rbi": 61,
        "sb": 5,
        "hr": 7
      },
      {
        "name": "조수행",
        "year": 24,
        "team": "두산",
        "pa": 382,
        "ops": 0.627,
        "avg": 0.265,
        "obp": 0.334,
        "slg": 0.293,
        "rbi": 30,
        "sb": 64,
        "hr": 0
      },
      {
        "name": "정수빈",
        "year": 24,
        "team": "두산",
        "pa": 608,
        "ops": 0.737,
        "avg": 0.284,
        "obp": 0.376,
        "slg": 0.361,
        "rbi": 47,
        "sb": 52,
        "hr": 4
      },
      {
        "name": "강승호",
        "year": 24,
        "team": "두산",
        "pa": 566,
        "ops": 0.804,
        "avg": 0.28,
        "obp": 0.328,
        "slg": 0.476,
        "rbi": 81,
        "sb": 16,
        "hr": 18
      }
    ]
  },
  {
    "generation": 23,
    "expected_score": 5.93,
    "lineup": [
      "김재환",
      "허경민",
      "김기연",
      "강승호",
      "양석환",
      "정수빈",
      "양의지",
      "조수행",
      "라모스"
    ],
    "player_stats": [
      {
        "name": "김재환",
        "year": 24,
        "team": "두산",
        "pa": 552,
        "ops": 0.893,
        "avg": 0.283,
        "obp": 0.368,
        "slg": 0.525,
        "rbi": 92,
        "sb": 1,
        "hr": 29
      },
      {
        "name": "허경민",
        "year": 24,
        "team": "두산",
        "pa": 477,
        "ops": 0.811,
        "avg": 0.309,
        "obp": 0.384,
        "slg": 0.427,
        "rbi": 61,
        "sb": 5,
        "hr": 7
      },
      {
        "name": "김기연",
        "year": 24,
        "team": "두산",
        "pa": 283,
        "ops": 0.714,
        "avg": 0.278,
        "obp": 0.337,
        "slg": 0.377,
        "rbi": 31,
        "sb": 0,
        "hr": 5
      },
      {
        "name": "강승호",
        "year": 24,
        "team": "두산",
        "pa": 566,
        "ops": 0.804,
        "avg": 0.28,
        "obp": 0.328,
        "slg": 0.476,
        "rbi": 81,
        "sb": 16,
        "hr": 18
      },
      {
        "name": "양석환",
        "year": 24,
        "team": "두산",
        "pa": 593,
        "ops": 0.804,
        "avg": 0.246,
        "obp": 0.316,
        "slg": 0.488,
        "rbi": 107,
        "sb": 5,
        "hr": 34
      },
      {
        "name": "정수빈",
        "year": 24,
        "team": "두산",
        "pa": 608,
        "ops": 0.737,
        "avg": 0.284,
        "obp": 0.376,
        "slg": 0.361,
        "rbi": 47,
        "sb": 52,
        "hr": 4
      },
      {
        "name": "양의지",
        "year": 24,
        "team": "두산",
        "pa": 485,
        "ops": 0.858,
        "avg": 0.314,
        "obp": 0.379,
        "slg": 0.479,
        "rbi": 94,
        "sb": 2,
        "hr": 17
      },
      {
        "name": "조수행",
        "year": 24,
        "team": "두산",
        "pa": 382,
        "ops": 0.627,
        "avg": 0.265,
        "obp": 0.334,
        "slg": 0.293,
        "rbi": 30,
        "sb": 64,
        "hr": 0
      },
      {
        "name": "라모스",
        "year": 24,
        "team": "두산",
        "pa": 348,
        "ops": 0.842,
        "avg": 0.305,
        "obp": 0.36,
        "slg": 0.482,
        "rbi": 48,
        "sb": 3,
        "hr": 10
      }
    ]
  },
  {
    "generation": 24,
    "expected_score": 5.94,
    "lineup": [
      "김재환",
      "양석환",
      "양의지",
      "허경민",
      "라모스",
      "김기연",
      "조수행",
      "정수빈",
      "강승호"
    ],
    "player_stats": [
      {
        "name": "김재환",
        "year": 24,
        "team": "두산",
        "pa": 552,
        "ops": 0.893,
        "avg": 0.283,
        "obp": 0.368,
        "slg": 0.525,
        "rbi": 92,
        "sb": 1,
        "hr": 29
      },
      {
        "name": "양석환",
        "year": 24,
        "team": "두산",
        "pa": 593,
        "ops": 0.804,
        "avg": 0.246,
        "obp": 0.316,
        "slg": 0.488,
        "rbi": 107,
        "sb": 5,
        "hr": 34
      },
      {
        "name": "양의지",
        "year": 24,
        "team": "두산",
        "pa": 485,
        "ops": 0.858,
        "avg": 0.314,
        "obp": 0.379,
        "slg": 0.479,
        "rbi": 94,
        "sb": 2,
        "hr": 17
      },
      {
        "name": "허경민",
        "year": 24,
        "team": "두산",
        "pa": 477,
        "ops": 0.811,
        "avg": 0.309,
        "obp": 0.384,
        "slg": 0.427,
        "rbi": 61,
        "sb": 5,
        "hr": 7
      },
      {
        "name": "라모스",
        "year": 24,
        "team": "두산",
        "pa": 348,
        "ops": 0.842,
        "avg": 0.305,
        "obp": 0.36,
        "slg": 0.482,
        "rbi": 48,
        "sb": 3,
        "hr": 10
      },
      {
        "name": "김기연",
        "year": 24,
        "team": "두산",
        "pa": 283,
        "ops": 0.714,
        "avg": 0.278,
        "obp": 0.337,
        "slg": 0.377,
        "rbi": 31,
        "sb": 0,
        "hr": 5
      },
      {
        "name": "조수행",
        "year": 24,
        "team": "두산",
        "pa": 382,
        "ops": 0.627,
        "avg": 0.265,
        "obp": 0.334,
        "slg": 0.293,
        "rbi": 30,
        "sb": 64,
        "hr": 0
      },
      {
        "name": "정수빈",
        "year": 24,
        "team": "두산",
        "pa": 608,
        "ops": 0.737,
        "avg": 0.284,
        "obp": 0.376,
        "slg": 0.361,
        "rbi": 47,
        "sb": 52,
        "hr": 4
      },
      {
        "name": "강승호",
        "year": 24,
        "team": "두산",
        "pa": 566,
        "ops": 0.804,
        "avg": 0.28,
        "obp": 0.328,
        "slg": 0.476,
        "rbi": 81,
        "sb": 16,
        "hr": 18
      }
    ]
  },
  {
    "generation": 25,
    "expected_score": 5.95,
    "lineup": [
      "김재환",
      "양석환",
      "라모스",
      "양의지",
      "조수행",
      "김기연",
      "강승호",
      "허경민",
      "정수빈"
    ],
    "player_stats": [
      {
        "name": "김재환",
        "year": 24,
        "team": "두산",
        "pa": 552,
        "ops": 0.893,
        "avg": 0.283,
        "obp": 0.368,
        "slg": 0.525,
        "rbi": 92,
        "sb": 1,
        "hr": 29
      },
      {
        "name": "양석환",
        "year": 24,
        "team": "두산",
        "pa": 593,
        "ops": 0.804,
        "avg": 0.246,
        "obp": 0.316,
        "slg": 0.488,
        "rbi": 107,
        "sb": 5,
        "hr": 34
      },
      {
        "name": "라모스",
        "year": 24,
        "team": "두산",
        "pa": 348,
        "ops": 0.842,
        "avg": 0.305,
        "obp": 0.36,
        "slg": 0.482,
        "rbi": 48,
        "sb": 3,
        "hr": 10
      },
      {
        "name": "양의지",
        "year": 24,
        "team": "두산",
        "pa": 485,
        "ops": 0.858,
        "avg": 0.314,
        "obp": 0.379,
        "slg": 0.479,
        "rbi": 94,
        "sb": 2,
        "hr": 17
      },
      {
        "name": "조수행",
        "year": 24,
        "team": "두산",
        "pa": 382,
        "ops": 0.627,
        "avg": 0.265,
        "obp": 0.334,
        "slg": 0.293,
        "rbi": 30,
        "sb": 64,
        "hr": 0
      },
      {
        "name": "김기연",
        "year": 24,
        "team": "두산",
        "pa": 283,
        "ops": 0.714,
        "avg": 0.278,
        "obp": 0.337,
        "slg": 0.377,
        "rbi": 31,
        "sb": 0,
        "hr": 5
      },
      {
        "name": "강승호",
        "year": 24,
        "team": "두산",
        "pa": 566,
        "ops": 0.804,
        "avg": 0.28,
        "obp": 0.328,
        "slg": 0.476,
        "rbi": 81,
        "sb": 16,
        "hr": 18
      },
      {
        "name": "허경민",
        "year": 24,
        "team": "두산",
        "pa": 477,
        "ops": 0.811,
        "avg": 0.309,
        "obp": 0.384,
        "slg": 0.427,
        "rbi": 61,
        "sb": 5,
        "hr": 7
      },
      {
        "name": "정수빈",
        "year": 24,
        "team": "두산",
        "pa": 608,
        "ops": 0.737,
        "avg": 0.284,
        "obp": 0.376,
        "slg": 0.361,
        "rbi": 47,
        "sb": 52,
        "hr": 4
      }
    ]
  },
  {
    "generation": 26,
    "expected_score": 6.36,
    "lineup": [
      "김재환",
      "양석환",
      "정수빈",
      "김기연",
      "양의지",
      "허경민",
      "조수행",
      "라모스",
      "강승호"
    ],
    "player_stats": [
      {
        "name": "김재환",
        "year": 24,
        "team": "두산",
        "pa": 552,
        "ops": 0.893,
        "avg": 0.283,
        "obp": 0.368,
        "slg": 0.525,
        "rbi": 92,
        "sb": 1,
        "hr": 29
      },
      {
        "name": "양석환",
        "year": 24,
        "team": "두산",
        "pa": 593,
        "ops": 0.804,
        "avg": 0.246,
        "obp": 0.316,
        "slg": 0.488,
        "rbi": 107,
        "sb": 5,
        "hr": 34
      },
      {
        "name": "정수빈",
        "year": 24,
        "team": "두산",
        "pa": 608,
        "ops": 0.737,
        "avg": 0.284,
        "obp": 0.376,
        "slg": 0.361,
        "rbi": 47,
        "sb": 52,
        "hr": 4
      },
      {
        "name": "김기연",
        "year": 24,
        "team": "두산",
        "pa": 283,
        "ops": 0.714,
        "avg": 0.278,
        "obp": 0.337,
        "slg": 0.377,
        "rbi": 31,
        "sb": 0,
        "hr": 5
      },
      {
        "name": "양의지",
        "year": 24,
        "team": "두산",
        "pa": 485,
        "ops": 0.858,
        "avg": 0.314,
        "obp": 0.379,
        "slg": 0.479,
        "rbi": 94,
        "sb": 2,
        "hr": 17
      },
      {
        "name": "허경민",
        "year": 24,
        "team": "두산",
        "pa": 477,
        "ops": 0.811,
        "avg": 0.309,
        "obp": 0.384,
        "slg": 0.427,
        "rbi": 61,
        "sb": 5,
        "hr": 7
      },
      {
        "name": "조수행",
        "year": 24,
        "team": "두산",
        "pa": 382,
        "ops": 0.627,
        "avg": 0.265,
        "obp": 0.334,
        "slg": 0.293,
        "rbi": 30,
        "sb": 64,
        "hr": 0
      },
      {
        "name": "라모스",
        "year": 24,
        "team": "두산",
        "pa": 348,
        "ops": 0.842,
        "avg": 0.305,
        "obp": 0.36,
        "slg": 0.482,
        "rbi": 48,
        "sb": 3,
        "hr": 10
      },
      {
        "name": "강승호",
        "year": 24,
        "team": "두산",
        "pa": 566,
        "ops": 0.804,
        "avg": 0.28,
        "obp": 0.328,
        "slg": 0.476,
        "rbi": 81,
        "sb": 16,
        "hr": 18
      }
    ]
  },
  {
    "generation": 27,
    "expected_score": 6.175,
    "lineup": [
      "김재환",
      "양석환",
      "라모스",
      "양의지",
      "허경민",
      "정수빈",
      "김기연",
      "강승호",
      "조수행"
    ],
    "player_stats": [
      {
        "name": "김재환",
        "year": 24,
        "team": "두산",
        "pa": 552,
        "ops": 0.893,
        "avg": 0.283,
        "obp": 0.368,
        "slg": 0.525,
        "rbi": 92,
        "sb": 1,
        "hr": 29
      },
      {
        "name": "양석환",
        "year": 24,
        "team": "두산",
        "pa": 593,
        "ops": 0.804,
        "avg": 0.246,
        "obp": 0.316,
        "slg": 0.488,
        "rbi": 107,
        "sb": 5,
        "hr": 34
      },
      {
        "name": "라모스",
        "year": 24,
        "team": "두산",
        "pa": 348,
        "ops": 0.842,
        "avg": 0.305,
        "obp": 0.36,
        "slg": 0.482,
        "rbi": 48,
        "sb": 3,
        "hr": 10
      },
      {
        "name": "양의지",
        "year": 24,
        "team": "두산",
        "pa": 485,
        "ops": 0.858,
        "avg": 0.314,
        "obp": 0.379,
        "slg": 0.479,
        "rbi": 94,
        "sb": 2,
        "hr": 17
      },
      {
        "name": "허경민",
        "year": 24,
        "team": "두산",
        "pa": 477,
        "ops": 0.811,
        "avg": 0.309,
        "obp": 0.384,
        "slg": 0.427,
        "rbi": 61,
        "sb": 5,
        "hr": 7
      },
      {
        "name": "정수빈",
        "year": 24,
        "team": "두산",
        "pa": 608,
        "ops": 0.737,
        "avg": 0.284,
        "obp": 0.376,
        "slg": 0.361,
        "rbi": 47,
        "sb": 52,
        "hr": 4
      },
      {
        "name": "김기연",
        "year": 24,
        "team": "두산",
        "pa": 283,
        "ops": 0.714,
        "avg": 0.278,
        "obp": 0.337,
        "slg": 0.377,
        "rbi": 31,
        "sb": 0,
        "hr": 5
      },
      {
        "name": "강승호",
        "year": 24,
        "team": "두산",
        "pa": 566,
        "ops": 0.804,
        "avg": 0.28,
        "obp": 0.328,
        "slg": 0.476,
        "rbi": 81,
        "sb": 16,
        "hr": 18
      },
      {
        "name": "조수행",
        "year": 24,
        "team": "두산",
        "pa": 382,
        "ops": 0.627,
        "avg": 0.265,
        "obp": 0.334,
        "slg": 0.293,
        "rbi": 30,
        "sb": 64,
        "hr": 0
      }
    ]
  },
  {
    "generation": 28,
    "expected_score": 6.28,
    "lineup": [
      "김재환",
      "김기연",
      "정수빈",
      "양의지",
      "양석환",
      "라모스",
      "조수행",
      "강승호",
      "허경민"
    ],
    "player_stats": [
      {
        "name": "김재환",
        "year": 24,
        "team": "두산",
        "pa": 552,
        "ops": 0.893,
        "avg": 0.283,
        "obp": 0.368,
        "slg": 0.525,
        "rbi": 92,
        "sb": 1,
        "hr": 29
      },
      {
        "name": "김기연",
        "year": 24,
        "team": "두산",
        "pa": 283,
        "ops": 0.714,
        "avg": 0.278,
        "obp": 0.337,
        "slg": 0.377,
        "rbi": 31,
        "sb": 0,
        "hr": 5
      },
      {
        "name": "정수빈",
        "year": 24,
        "team": "두산",
        "pa": 608,
        "ops": 0.737,
        "avg": 0.284,
        "obp": 0.376,
        "slg": 0.361,
        "rbi": 47,
        "sb": 52,
        "hr": 4
      },
      {
        "name": "양의지",
        "year": 24,
        "team": "두산",
        "pa": 485,
        "ops": 0.858,
        "avg": 0.314,
        "obp": 0.379,
        "slg": 0.479,
        "rbi": 94,
        "sb": 2,
        "hr": 17
      },
      {
        "name": "양석환",
        "year": 24,
        "team": "두산",
        "pa": 593,
        "ops": 0.804,
        "avg": 0.246,
        "obp": 0.316,
        "slg": 0.488,
        "rbi": 107,
        "sb": 5,
        "hr": 34
      },
      {
        "name": "라모스",
        "year": 24,
        "team": "두산",
        "pa": 348,
        "ops": 0.842,
        "avg": 0.305,
        "obp": 0.36,
        "slg": 0.482,
        "rbi": 48,
        "sb": 3,
        "hr": 10
      },
      {
        "name": "조수행",
        "year": 24,
        "team": "두산",
        "pa": 382,
        "ops": 0.627,
        "avg": 0.265,
        "obp": 0.334,
        "slg": 0.293,
        "rbi": 30,
        "sb": 64,
        "hr": 0
      },
      {
        "name": "강승호",
        "year": 24,
        "team": "두산",
        "pa": 566,
        "ops": 0.804,
        "avg": 0.28,
        "obp": 0.328,
        "slg": 0.476,
        "rbi": 81,
        "sb": 16,
        "hr": 18
      },
      {
        "name": "허경민",
        "year": 24,
        "team": "두산",
        "pa": 477,
        "ops": 0.811,
        "avg": 0.309,
        "obp": 0.384,
        "slg": 0.427,
        "rbi": 61,
        "sb": 5,
        "hr": 7
      }
    ]
  },
  {
    "generation": 29,
    "expected_score": 5.815,
    "lineup": [
      "김재환",
      "정수빈",
      "양석환",
      "라모스",
      "양의지",
      "허경민",
      "조수행",
      "김기연",
      "강승호"
    ],
    "player_stats": [
      {
        "name": "김재환",
        "year": 24,
        "team": "두산",
        "pa": 552,
        "ops": 0.893,
        "avg": 0.283,
        "obp": 0.368,
        "slg": 0.525,
        "rbi": 92,
        "sb": 1,
        "hr": 29
      },
      {
        "name": "정수빈",
        "year": 24,
        "team": "두산",
        "pa": 608,
        "ops": 0.737,
        "avg": 0.284,
        "obp": 0.376,
        "slg": 0.361,
        "rbi": 47,
        "sb": 52,
        "hr": 4
      },
      {
        "name": "양석환",
        "year": 24,
        "team": "두산",
        "pa": 593,
        "ops": 0.804,
        "avg": 0.246,
        "obp": 0.316,
        "slg": 0.488,
        "rbi": 107,
        "sb": 5,
        "hr": 34
      },
      {
        "name": "라모스",
        "year": 24,
        "team": "두산",
        "pa": 348,
        "ops": 0.842,
        "avg": 0.305,
        "obp": 0.36,
        "slg": 0.482,
        "rbi": 48,
        "sb": 3,
        "hr": 10
      },
      {
        "name": "양의지",
        "year": 24,
        "team": "두산",
        "pa": 485,
        "ops": 0.858,
        "avg": 0.314,
        "obp": 0.379,
        "slg": 0.479,
        "rbi": 94,
        "sb": 2,
        "hr": 17
      },
      {
        "name": "허경민",
        "year": 24,
        "team": "두산",
        "pa": 477,
        "ops": 0.811,
        "avg": 0.309,
        "obp": 0.384,
        "slg": 0.427,
        "rbi": 61,
        "sb": 5,
        "hr": 7
      },
      {
        "name": "조수행",
        "year": 24,
        "team": "두산",
        "pa": 382,
        "ops": 0.627,
        "avg": 0.265,
        "obp": 0.334,
        "slg": 0.293,
        "rbi": 30,
        "sb": 64,
        "hr": 0
      },
      {
        "name": "김기연",
        "year": 24,
        "team": "두산",
        "pa": 283,
        "ops": 0.714,
        "avg": 0.278,
        "obp": 0.337,
        "slg": 0.377,
        "rbi": 31,
        "sb": 0,
        "hr": 5
      },
      {
        "name": "강승호",
        "year": 24,
        "team": "두산",
        "pa": 566,
        "ops": 0.804,
        "avg": 0.28,
        "obp": 0.328,
        "slg": 0.476,
        "rbi": 81,
        "sb": 16,
        "hr": 18
      }
    ]
  },
  {
    "generation": 30,
    "expected_score": 5.83,
    "lineup": [
      "김재환",
      "김기연",
      "정수빈",
      "양의지",
      "양석환",
      "강승호",
      "라모스",
      "조수행",
      "허경민"
    ],
    "player_stats": [
      {
        "name": "김재환",
        "year": 24,
        "team": "두산",
        "pa": 552,
        "ops": 0.893,
        "avg": 0.283,
        "obp": 0.368,
        "slg": 0.525,
        "rbi": 92,
        "sb": 1,
        "hr": 29
      },
      {
        "name": "김기연",
        "year": 24,
        "team": "두산",
        "pa": 283,
        "ops": 0.714,
        "avg": 0.278,
        "obp": 0.337,
        "slg": 0.377,
        "rbi": 31,
        "sb": 0,
        "hr": 5
      },
      {
        "name": "정수빈",
        "year": 24,
        "team": "두산",
        "pa": 608,
        "ops": 0.737,
        "avg": 0.284,
        "obp": 0.376,
        "slg": 0.361,
        "rbi": 47,
        "sb": 52,
        "hr": 4
      },
      {
        "name": "양의지",
        "year": 24,
        "team": "두산",
        "pa": 485,
        "ops": 0.858,
        "avg": 0.314,
        "obp": 0.379,
        "slg": 0.479,
        "rbi": 94,
        "sb": 2,
        "hr": 17
      },
      {
        "name": "양석환",
        "year": 24,
        "team": "두산",
        "pa": 593,
        "ops": 0.804,
        "avg": 0.246,
        "obp": 0.316,
        "slg": 0.488,
        "rbi": 107,
        "sb": 5,
        "hr": 34
      },
      {
        "name": "강승호",
        "year": 24,
        "team": "두산",
        "pa": 566,
        "ops": 0.804,
        "avg": 0.28,
        "obp": 0.328,
        "slg": 0.476,
        "rbi": 81,
        "sb": 16,
        "hr": 18
      },
      {
        "name": "라모스",
        "year": 24,
        "team": "두산",
        "pa": 348,
        "ops": 0.842,
        "avg": 0.305,
        "obp": 0.36,
        "slg": 0.482,
        "rbi": 48,
        "sb": 3,
        "hr": 10
      },
      {
        "name": "조수행",
        "year": 24,
        "team": "두산",
        "pa": 382,
        "ops": 0.627,
        "avg": 0.265,
        "obp": 0.334,
        "slg": 0.293,
        "rbi": 30,
        "sb": 64,
        "hr": 0
      },
      {
        "name": "허경민",
        "year": 24,
        "team": "두산",
        "pa": 477,
        "ops": 0.811,
        "avg": 0.309,
        "obp": 0.384,
        "slg": 0.427,
        "rbi": 61,
        "sb": 5,
        "hr": 7
      }
    ]
  }
]