[
  {
    "generation": 1,
    "expected_score": 6.435,
    "lineup": [
      "이성규",
      "구자욱",
      "맥키넌",
      "김헌곤",
      "김영웅",
      "이재현",
      "류지혁",
      "김지찬",
      "강민호"
    ],
    "player_stats": [
      {
        "name": "이성규",
        "year": 24,
        "team": "삼성",
        "pa": 355,
        "ops": 0.839,
        "avg": 0.242,
        "obp": 0.339,
        "slg": 0.5,
        "rbi": 57,
        "sb": 9,
        "hr": 22
      },
      {
        "name": "구자욱",
        "year": 24,
        "team": "삼성",
        "pa": 568,
        "ops": 1.044,
        "avg": 0.343,
        "obp": 0.417,
        "slg": 0.627,
        "rbi": 115,
        "sb": 13,
        "hr": 33
      },
      {
        "name": "맥키넌",
        "year": 24,
        "team": "삼성",
        "pa": 315,
        "ops": 0.767,
        "avg": 0.294,
        "obp": 0.381,
        "slg": 0.386,
        "rbi": 36,
        "sb": 1,
        "hr": 4
      },
      {
        "name": "김헌곤",
        "year": 24,
        "team": "삼성",
        "pa": 311,
        "ops": 0.792,
        "avg": 0.302,
        "obp": 0.358,
        "slg": 0.434,
        "rbi": 34,
        "sb": 4,
        "hr": 9
      },
      {
        "name": "김영웅",
        "year": 24,
        "team": "삼성",
        "pa": 509,
        "ops": 0.806,
        "avg": 0.252,
        "obp": 0.321,
        "slg": 0.485,
        "rbi": 79,
        "sb": 9,
        "hr": 28
      },
      {
        "name": "이재현",
        "year": 24,
        "team": "삼성",
        "pa": 458,
        "ops": 0.784,
        "avg": 0.26,
        "obp": 0.365,
        "slg": 0.419,
        "rbi": 66,
        "sb": 2,
        "hr": 14
      },
      {
        "name": "류지혁",
        "year": 24,
        "team": "삼성",
        "pa": 348,
        "ops": 0.666,
        "avg": 0.258,
        "obp": 0.341,
        "slg": 0.325,
        "rbi": 36,
        "sb": 11,
        "hr": 3
      },
      {
        "name": "김지찬",
        "year": 24,
        "team": "삼성",
        "pa": 535,
        "ops": 0.789,
        "avg": 0.316,
        "obp": 0.405,
        "slg": 0.384,
        "rbi": 36,
        "sb": 42,
        "hr": 3
      },
      {
        "name": "강민호",
        "year": 24,
        "team": "삼성",
        "pa": 452,
        "ops": 0.861,
        "avg": 0.303,
        "obp": 0.365,
        "slg": 0.496,
        "rbi": 77,
        "sb": 3,
        "hr": 19
      }
    ]
  },
  {
    "generation": 2,
    "expected_score": 6.365,
    "lineup": [
      "류지혁",
      "김지찬",
      "이성규",
      "강민호",
      "김헌곤",
      "구자욱",
      "이재현",
      "김영웅",
      "맥키넌"
    ],
    "player_stats": [
      {
        "name": "류지혁",
        "year": 24,
        "team": "삼성",
        "pa": 348,
        "ops": 0.666,
        "avg": 0.258,
        "obp": 0.341,
        "slg": 0.325,
        "rbi": 36,
        "sb": 11,
        "hr": 3
      },
      {
        "name": "김지찬",
        "year": 24,
        "team": "삼성",
        "pa": 535,
        "ops": 0.789,
        "avg": 0.316,
        "obp": 0.405,
        "slg": 0.384,
        "rbi": 36,
        "sb": 42,
        "hr": 3
      },
      {
        "name": "이성규",
        "year": 24,
        "team": "삼성",
        "pa": 355,
        "ops": 0.839,
        "avg": 0.242,
        "obp": 0.339,
        "slg": 0.5,
        "rbi": 57,
        "sb": 9,
        "hr": 22
      },
      {
        "name": "강민호",
        "year": 24,
        "team": "삼성",
        "pa": 452,
        "ops": 0.861,
        "avg": 0.303,
        "obp": 0.365,
        "slg": 0.496,
        "rbi": 77,
        "sb": 3,
        "hr": 19
      },
      {
        "name": "김헌곤",
        "year": 24,
        "team": "삼성",
        "pa": 311,
        "ops": 0.792,
        "avg": 0.302,
        "obp": 0.358,
        "slg": 0.434,
        "rbi": 34,
        "sb": 4,
        "hr": 9
      },
      {
        "name": "구자욱",
        "year": 24,
        "team": "삼성",
        "pa": 568,
        "ops": 1.044,
        "avg": 0.343,
        "obp": 0.417,
        "slg": 0.627,
        "rbi": 115,
        "sb": 13,
        "hr": 33
      },
      {
        "name": "이재현",
        "year": 24,
        "team": "삼성",
        "pa": 458,
        "ops": 0.784,
        "avg": 0.26,
        "obp": 0.365,
        "slg": 0.419,
        "rbi": 66,
        "sb": 2,
        "hr": 14
      },
      {
        "name": "김영웅",
        "year": 24,
        "team": "삼성",
        "pa": 509,
        "ops": 0.806,
        "avg": 0.252,
        "obp": 0.321,
        "slg": 0.485,
        "rbi": 79,
        "sb": 9,
        "hr": 28
      },
      {
        "name": "맥키넌",
        "year": 24,
        "team": "삼성",
        "pa": 315,
        "ops": 0.767,
        "avg": 0.294,
        "obp": 0.381,
        "slg": 0.386,
        "rbi": 36,
        "sb": 1,
        "hr": 4
      }
    ]
  },
  {
    "generation": 3,
    "expected_score": 6.64,
    "lineup": [
      "맥키넌",
      "이재현",
      "류지혁",
      "김지찬",
      "이성규",
      "김헌곤",
      "구자욱",
      "김영웅",
      "강민호"
    ],
    "player_stats": [
      {
        "name": "맥키넌",
        "year": 24,
        "team": "삼성",
        "pa": 315,
        "ops": 0.767,
        "avg": 0.294,
        "obp": 0.381,
        "slg": 0.386,
        "rbi": 36,
        "sb": 1,
        "hr": 4
      },
      {
        "name": "이재현",
        "year": 24,
        "team": "삼성",
        "pa": 458,
        "ops": 0.784,
        "avg": 0.26,
        "obp": 0.365,
        "slg": 0.419,
        "rbi": 66,
        "sb": 2,
        "hr": 14
      },
      {
        "name": "류지혁",
        "year": 24,
        "team": "삼성",
        "pa": 348,
        "ops": 0.666,
        "avg": 0.258,
        "obp": 0.341,
        "slg": 0.325,
        "rbi": 36,
        "sb": 11,
        "hr": 3
      },
      {
        "name": "김지찬",
        "year": 24,
        "team": "삼성",
        "pa": 535,
        "ops": 0.789,
        "avg": 0.316,
        "obp": 0.405,
        "slg": 0.384,
        "rbi": 36,
        "sb": 42,
        "hr": 3
      },
      {
        "name": "이성규",
        "year": 24,
        "team": "삼성",
        "pa": 355,
        "ops": 0.839,
        "avg": 0.242,
        "obp": 0.339,
        "slg": 0.5,
        "rbi": 57,
        "sb": 9,
        "hr": 22
      },
      {
        "name": "김헌곤",
        "year": 24,
        "team": "삼성",
        "pa": 311,
        "ops": 0.792,
        "avg": 0.302,
        "obp": 0.358,
        "slg": 0.434,
        "rbi": 34,
        "sb": 4,
        "hr": 9
      },
      {
        "name": "구자욱",
        "year": 24,
        "team": "삼성",
        "pa": 568,
        "ops": 1.044,
        "avg": 0.343,
        "obp": 0.417,
        "slg": 0.627,
        "rbi": 115,
        "sb": 13,
        "hr": 33
      },
      {
        "name": "김영웅",
        "year": 24,
        "team": "삼성",
        "pa": 509,
        "ops": 0.806,
        "avg": 0.252,
        "obp": 0.321,
        "slg": 0.485,
        "rbi": 79,
        "sb": 9,
        "hr": 28
      },
      {
        "name": "강민호",
        "year": 24,
        "team": "삼성",
        "pa": 452,
        "ops": 0.861,
        "avg": 0.303,
        "obp": 0.365,
        "slg": 0.496,
        "rbi": 77,
        "sb": 3,
        "hr": 19
      }
    ]
  },
  {
    "generation": 4,
    "expected_score": 6.655,
    "lineup": [
      "강민호",
      "김지찬",
      "구자욱",
      "맥키넌",
      "김영웅",
      "이재현",
      "류지혁",
      "이성규",
      "김헌곤"
    ],
    "player_stats": [
      {
        "name": "강민호",
        "year": 24,
        "team": "삼성",
        "pa": 452,
        "ops": 0.861,
        "avg": 0.303,
        "obp": 0.365,
        "slg": 0.496,
        "rbi": 77,
        "sb": 3,
        "hr": 19
      },
      {
        "name": "김지찬",
        "year": 24,
        "team": "삼성",
        "pa": 535,
        "ops": 0.789,
        "avg": 0.316,
        "obp": 0.405,
        "slg": 0.384,
        "rbi": 36,
        "sb": 42,
        "hr": 3
      },
      {
        "name": "구자욱",
        "year": 24,
        "team": "삼성",
        "pa": 568,
        "ops": 1.044,
        "avg": 0.343,
        "obp": 0.417,
        "slg": 0.627,
        "rbi": 115,
        "sb": 13,
        "hr": 33
      },
      {
        "name": "맥키넌",
        "year": 24,
        "team": "삼성",
        "pa": 315,
        "ops": 0.767,
        "avg": 0.294,
        "obp": 0.381,
        "slg": 0.386,
        "rbi": 36,
        "sb": 1,
        "hr": 4
      },
      {
        "name": "김영웅",
        "year": 24,
        "team": "삼성",
        "pa": 509,
        "ops": 0.806,
        "avg": 0.252,
        "obp": 0.321,
        "slg": 0.485,
        "rbi": 79,
        "sb": 9,
        "hr": 28
      },
      {
        "name": "이재현",
        "year": 24,
        "team": "삼성",
        "pa": 458,
        "ops": 0.784,
        "avg": 0.26,
        "obp": 0.365,
        "slg": 0.419,
        "rbi": 66,
        "sb": 2,
        "hr": 14
      },
      {
        "name": "류지혁",
        "year": 24,
        "team": "삼성",
        "pa": 348,
        "ops": 0.666,
        "avg": 0.258,
        "obp": 0.341,
        "slg": 0.325,
        "rbi": 36,
        "sb": 11,
        "hr": 3
      },
      {
        "name": "이성규",
        "year": 24,
        "team": "삼성",
        "pa": 355,
        "ops": 0.839,
        "avg": 0.242,
        "obp": 0.339,
        "slg": 0.5,
        "rbi": 57,
        "sb": 9,
        "hr": 22
      },
      {
        "name": "김헌곤",
        "year": 24,
        "team": "삼성",
        "pa": 311,
        "ops": 0.792,
        "avg": 0.302,
        "obp": 0.358,
        "slg": 0.434,
        "rbi": 34,
        "sb": 4,
        "hr": 9
      }
    ]
  },
  {
    "generation": 5,
    "expected_score": 6.76,
    "lineup": [
      "김헌곤",
      "김지찬",
      "구자욱",
      "맥키넌",
      "김영웅",
      "이재현",
      "류지혁",
      "강민호",
      "이성규"
    ],
    "player_stats": [
      {
        "name": "김헌곤",
        "year": 24,
        "team": "삼성",
        "pa": 311,
        "ops": 0.792,
        "avg": 0.302,
        "obp": 0.358,
        "slg": 0.434,
        "rbi": 34,
        "sb": 4,
        "hr": 9
      },
      {
        "name": "김지찬",
        "year": 24,
        "team": "삼성",
        "pa": 535,
        "ops": 0.789,
        "avg": 0.316,
        "obp": 0.405,
        "slg": 0.384,
        "rbi": 36,
        "sb": 42,
        "hr": 3
      },
      {
        "name": "구자욱",
        "year": 24,
        "team": "삼성",
        "pa": 568,
        "ops": 1.044,
        "avg": 0.343,
        "obp": 0.417,
        "slg": 0.627,
        "rbi": 115,
        "sb": 13,
        "hr": 33
      },
      {
        "name": "맥키넌",
        "year": 24,
        "team": "삼성",
        "pa": 315,
        "ops": 0.767,
        "avg": 0.294,
        "obp": 0.381,
        "slg": 0.386,
        "rbi": 36,
        "sb": 1,
        "hr": 4
      },
      {
        "name": "김영웅",
        "year": 24,
        "team": "삼성",
        "pa": 509,
        "ops": 0.806,
        "avg": 0.252,
        "obp": 0.321,
        "slg": 0.485,
        "rbi": 79,
        "sb": 9,
        "hr": 28
      },
      {
        "name": "이재현",
        "year": 24,
        "team": "삼성",
        "pa": 458,
        "ops": 0.784,
        "avg": 0.26,
        "obp": 0.365,
        "slg": 0.419,
        "rbi": 66,
        "sb": 2,
        "hr": 14
      },
      {
        "name": "류지혁",
        "year": 24,
        "team": "삼성",
        "pa": 348,
        "ops": 0.666,
        "avg": 0.258,
        "obp": 0.341,
        "slg": 0.325,
        "rbi": 36,
        "sb": 11,
        "hr": 3
      },
      {
        "name": "강민호",
        "year": 24,
        "team": "삼성",
        "pa": 452,
        "ops": 0.861,
        "avg": 0.303,
        "obp": 0.365,
        "slg": 0.496,
        "rbi": 77,
        "sb": 3,
        "hr": 19
      },
      {
        "name": "이성규",
        "year": 24,
        "team": "삼성",
        "pa": 355,
        "ops": 0.839,
        "avg": 0.242,
        "obp": 0.339,
        "slg": 0.5,
        "rbi": 57,
        "sb": 9,
        "hr": 22
      }
    ]
  },
  {
    "generation": 6,
    "expected_score": 6.825,
    "lineup": [
      "김헌곤",
      "김지찬",
      "구자욱",
      "맥키넌",
      "김영웅",
      "이재현",
      "류지혁",
      "강민호",
      "이성규"
    ],
    "player_stats": [
      {
        "name": "김헌곤",
        "year": 24,
        "team": "삼성",
        "pa": 311,
        "ops": 0.792,
        "avg": 0.302,
        "obp": 0.358,
        "slg": 0.434,
        "rbi": 34,
        "sb": 4,
        "hr": 9
      },
      {
        "name": "김지찬",
        "year": 24,
        "team": "삼성",
        "pa": 535,
        "ops": 0.789,
        "avg": 0.316,
        "obp": 0.405,
        "slg": 0.384,
        "rbi": 36,
        "sb": 42,
        "hr": 3
      },
      {
        "name": "구자욱",
        "year": 24,
        "team": "삼성",
        "pa": 568,
        "ops": 1.044,
        "avg": 0.343,
        "obp": 0.417,
        "slg": 0.627,
        "rbi": 115,
        "sb": 13,
        "hr": 33
      },
      {
        "name": "맥키넌",
        "year": 24,
        "team": "삼성",
        "pa": 315,
        "ops": 0.767,
        "avg": 0.294,
        "obp": 0.381,
        "slg": 0.386,
        "rbi": 36,
        "sb": 1,
        "hr": 4
      },
      {
        "name": "김영웅",
        "year": 24,
        "team": "삼성",
        "pa": 509,
        "ops": 0.806,
        "avg": 0.252,
        "obp": 0.321,
        "slg": 0.485,
        "rbi": 79,
        "sb": 9,
        "hr": 28
      },
      {
        "name": "이재현",
        "year": 24,
        "team": "삼성",
        "pa": 458,
        "ops": 0.784,
        "avg": 0.26,
        "obp": 0.365,
        "slg": 0.419,
        "rbi": 66,
        "sb": 2,
        "hr": 14
      },
      {
        "name": "류지혁",
        "year": 24,
        "team": "삼성",
        "pa": 348,
        "ops": 0.666,
        "avg": 0.258,
        "obp": 0.341,
        "slg": 0.325,
        "rbi": 36,
        "sb": 11,
        "hr": 3
      },
      {
        "name": "강민호",
        "year": 24,
        "team": "삼성",
        "pa": 452,
        "ops": 0.861,
        "avg": 0.303,
        "obp": 0.365,
        "slg": 0.496,
        "rbi": 77,
        "sb": 3,
        "hr": 19
      },
      {
        "name": "이성규",
        "year": 24,
        "team": "삼성",
        "pa": 355,
        "ops": 0.839,
        "avg": 0.242,
        "obp": 0.339,
        "slg": 0.5,
        "rbi": 57,
        "sb": 9,
        "hr": 22
      }
    ]
  },
  {
    "generation": 7,
    "expected_score": 6.51,
    "lineup": [
      "이성규",
      "맥키넌",
      "류지혁",
      "김지찬",
      "김영웅",
      "구자욱",
      "강민호",
      "김헌곤",
      "이재현"
    ],
    "player_stats": [
      {
        "name": "이성규",
        "year": 24,
        "team": "삼성",
        "pa": 355,
        "ops": 0.839,
        "avg": 0.242,
        "obp": 0.339,
        "slg": 0.5,
        "rbi": 57,
        "sb": 9,
        "hr": 22
      },
      {
        "name": "맥키넌",
        "year": 24,
        "team": "삼성",
        "pa": 315,
        "ops": 0.767,
        "avg": 0.294,
        "obp": 0.381,
        "slg": 0.386,
        "rbi": 36,
        "sb": 1,
        "hr": 4
      },
      {
        "name": "류지혁",
        "year": 24,
        "team": "삼성",
        "pa": 348,
        "ops": 0.666,
        "avg": 0.258,
        "obp": 0.341,
        "slg": 0.325,
        "rbi": 36,
        "sb": 11,
        "hr": 3
      },
      {
        "name": "김지찬",
        "year": 24,
        "team": "삼성",
        "pa": 535,
        "ops": 0.789,
        "avg": 0.316,
        "obp": 0.405,
        "slg": 0.384,
        "rbi": 36,
        "sb": 42,
        "hr": 3
      },
      {
        "name": "김영웅",
        "year": 24,
        "team": "삼성",
        "pa": 509,
        "ops": 0.806,
        "avg": 0.252,
        "obp": 0.321,
        "slg": 0.485,
        "rbi": 79,
        "sb": 9,
        "hr": 28
      },
      {
        "name": "구자욱",
        "year": 24,
        "team": "삼성",
        "pa": 568,
        "ops": 1.044,
        "avg": 0.343,
        "obp": 0.417,
        "slg": 0.627,
        "rbi": 115,
        "sb": 13,
        "hr": 33
      },
      {
        "name": "강민호",
        "year": 24,
        "team": "삼성",
        "pa": 452,
        "ops": 0.861,
        "avg": 0.303,
        "obp": 0.365,
        "slg": 0.496,
        "rbi": 77,
        "sb": 3,
        "hr": 19
      },
      {
        "name": "김헌곤",
        "year": 24,
        "team": "삼성",
        "pa": 311,
        "ops": 0.792,
        "avg": 0.302,
        "obp": 0.358,
        "slg": 0.434,
        "rbi": 34,
        "sb": 4,
        "hr": 9
      },
      {
        "name": "이재현",
        "year": 24,
        "team": "삼성",
        "pa": 458,
        "ops": 0.784,
        "avg": 0.26,
        "obp": 0.365,
        "slg": 0.419,
        "rbi": 66,
        "sb": 2,
        "hr": 14
      }
    ]
  },
  {
    "generation": 8,
    "expected_score": 6.635,
    "lineup": [
      "맥키넌",
      "김헌곤",
      "강민호",
      "이재현",
      "류지혁",
      "김지찬",
      "구자욱",
      "김영웅",
      "이성규"
    ],
    "player_stats": [
      {
        "name": "맥키넌",
        "year": 24,
        "team": "삼성",
        "pa": 315,
        "ops": 0.767,
        "avg": 0.294,
        "obp": 0.381,
        "slg": 0.386,
        "rbi": 36,
        "sb": 1,
        "hr": 4
      },
      {
        "name": "김헌곤",
        "year": 24,
        "team": "삼성",
        "pa": 311,
        "ops": 0.792,
        "avg": 0.302,
        "obp": 0.358,
        "slg": 0.434,
        "rbi": 34,
        "sb": 4,
        "hr": 9
      },
      {
        "name": "강민호",
        "year": 24,
        "team": "삼성",
        "pa": 452,
        "ops": 0.861,
        "avg": 0.303,
        "obp": 0.365,
        "slg": 0.496,
        "rbi": 77,
        "sb": 3,
        "hr": 19
      },
      {
        "name": "이재현",
        "year": 24,
        "team": "삼성",
        "pa": 458,
        "ops": 0.784,
        "avg": 0.26,
        "obp": 0.365,
        "slg": 0.419,
        "rbi": 66,
        "sb": 2,
        "hr": 14
      },
      {
        "name": "류지혁",
        "year": 24,
        "team": "삼성",
        "pa": 348,
        "ops": 0.666,
        "avg": 0.258,
        "obp": 0.341,
        "slg": 0.325,
        "rbi": 36,
        "sb": 11,
        "hr": 3
      },
      {
        "name": "김지찬",
        "year": 24,
        "team": "삼성",
        "pa": 535,
        "ops": 0.789,
        "avg": 0.316,
        "obp": 0.405,
        "slg": 0.384,
        "rbi": 36,
        "sb": 42,
        "hr": 3
      },
      {
        "name": "구자욱",
        "year": 24,
        "team": "삼성",
        "pa": 568,
        "ops": 1.044,
        "avg": 0.343,
        "obp": 0.417,
        "slg": 0.627,
        "rbi": 115,
        "sb": 13,
        "hr": 33
      },
      {
        "name": "김영웅",
        "year": 24,
        "team": "삼성",
        "pa": 509,
        "ops": 0.806,
        "avg": 0.252,
        "obp": 0.321,
        "slg": 0.485,
        "rbi": 79,
        "sb": 9,
        "hr": 28
      },
      {
        "name": "이성규",
        "year": 24,
        "team": "삼성",
        "pa": 355,
        "ops": 0.839,
        "avg": 0.242,
        "obp": 0.339,
        "slg": 0.5,
        "rbi": 57,
        "sb": 9,
        "hr": 22
      }
    ]
  },
  {
    "generation": 9,
    "expected_score": 6.655,
    "lineup": [
      "김지찬",
      "구자욱",
      "류지혁",
      "맥키넌",
      "이성규",
      "김헌곤",
      "김영웅",
      "이재현",
      "강민호"
    ],
    "player_stats": [
      {
        "name": "김지찬",
        "year": 24,
        "team": "삼성",
        "pa": 535,
        "ops": 0.789,
        "avg": 0.316,
        "obp": 0.405,
        "slg": 0.384,
        "rbi": 36,
        "sb": 42,
        "hr": 3
      },
      {
        "name": "구자욱",
        "year": 24,
        "team": "삼성",
        "pa": 568,
        "ops": 1.044,
        "avg": 0.343,
        "obp": 0.417,
        "slg": 0.627,
        "rbi": 115,
        "sb": 13,
        "hr": 33
      },
      {
        "name": "류지혁",
        "year": 24,
        "team": "삼성",
        "pa": 348,
        "ops": 0.666,
        "avg": 0.258,
        "obp": 0.341,
        "slg": 0.325,
        "rbi": 36,
        "sb": 11,
        "hr": 3
      },
      {
        "name": "맥키넌",
        "year": 24,
        "team": "삼성",
        "pa": 315,
        "ops": 0.767,
        "avg": 0.294,
        "obp": 0.381,
        "slg": 0.386,
        "rbi": 36,
        "sb": 1,
        "hr": 4
      },
      {
        "name": "이성규",
        "year": 24,
        "team": "삼성",
        "pa": 355,
        "ops": 0.839,
        "avg": 0.242,
        "obp": 0.339,
        "slg": 0.5,
        "rbi": 57,
        "sb": 9,
        "hr": 22
      },
      {
        "name": "김헌곤",
        "year": 24,
        "team": "삼성",
        "pa": 311,
        "ops": 0.792,
        "avg": 0.302,
        "obp": 0.358,
        "slg": 0.434,
        "rbi": 34,
        "sb": 4,
        "hr": 9
      },
      {
        "name": "김영웅",
        "year": 24,
        "team": "삼성",
        "pa": 509,
        "ops": 0.806,
        "avg": 0.252,
        "obp": 0.321,
        "slg": 0.485,
        "rbi": 79,
        "sb": 9,
        "hr": 28
      },
      {
        "name": "이재현",
        "year": 24,
        "team": "삼성",
        "pa": 458,
        "ops": 0.784,
        "avg": 0.26,
        "obp": 0.365,
        "slg": 0.419,
        "rbi": 66,
        "sb": 2,
        "hr": 14
      },
      {
        "name": "강민호",
        "year": 24,
        "team": "삼성",
        "pa": 452,
        "ops": 0.861,
        "avg": 0.303,
        "obp": 0.365,
        "slg": 0.496,
        "rbi": 77,
        "sb": 3,
        "hr": 19
      }
    ]
  },
  {
    "generation": 10,
    "expected_score": 6.355,
    "lineup": [
      "맥키넌",
      "김지찬",
      "김헌곤",
      "구자욱",
      "김영웅",
      "이재현",
      "류지혁",
      "강민호",
      "이성규"
    ],
    "player_stats": [
      {
        "name": "맥키넌",
        "year": 24,
        "team": "삼성",
        "pa": 315,
        "ops": 0.767,
        "avg": 0.294,
        "obp": 0.381,
        "slg": 0.386,
        "rbi": 36,
        "sb": 1,
        "hr": 4
      },
      {
        "name": "김지찬",
        "year": 24,
        "team": "삼성",
        "pa": 535,
        "ops": 0.789,
        "avg": 0.316,
        "obp": 0.405,
        "slg": 0.384,
        "rbi": 36,
        "sb": 42,
        "hr": 3
      },
      {
        "name": "김헌곤",
        "year": 24,
        "team": "삼성",
        "pa": 311,
        "ops": 0.792,
        "avg": 0.302,
        "obp": 0.358,
        "slg": 0.434,
        "rbi": 34,
        "sb": 4,
        "hr": 9
      },
      {
        "name": "구자욱",
        "year": 24,
        "team": "삼성",
        "pa": 568,
        "ops": 1.044,
        "avg": 0.343,
        "obp": 0.417,
        "slg": 0.627,
        "rbi": 115,
        "sb": 13,
        "hr": 33
      },
      {
        "name": "김영웅",
        "year": 24,
        "team": "삼성",
        "pa": 509,
        "ops": 0.806,
        "avg": 0.252,
        "obp": 0.321,
        "slg": 0.485,
        "rbi": 79,
        "sb": 9,
        "hr": 28
      },
      {
        "name": "이재현",
        "year": 24,
        "team": "삼성",
        "pa": 458,
        "ops": 0.784,
        "avg": 0.26,
        "obp": 0.365,
        "slg": 0.419,
        "rbi": 66,
        "sb": 2,
        "hr": 14
      },
      {
        "name": "류지혁",
        "year": 24,
        "team": "삼성",
        "pa": 348,
        "ops": 0.666,
        "avg": 0.258,
        "obp": 0.341,
        "slg": 0.325,
        "rbi": 36,
        "sb": 11,
        "hr": 3
      },
      {
        "name": "강민호",
        "year": 24,
        "team": "삼성",
        "pa": 452,
        "ops": 0.861,
        "avg": 0.303,
        "obp": 0.365,
        "slg": 0.496,
        "rbi": 77,
        "sb": 3,
        "hr": 19
      },
      {
        "name": "이성규",
        "year": 24,
        "team": "삼성",
        "pa": 355,
        "ops": 0.839,
        "avg": 0.242,
        "obp": 0.339,
        "slg": 0.5,
        "rbi": 57,
        "sb": 9,
        "hr": 22
      }
    ]
  },
  {
    "generation": 11,
    "expected_score": 6.595,
    "lineup": [
      "구자욱",
      "맥키넌",
      "류지혁",
      "김영웅",
      "이재현",
      "이성규",
      "김헌곤",
      "강민호",
      "김지찬"
    ],
    "player_stats": [
      {
        "name": "구자욱",
        "year": 24,
        "team": "삼성",
        "pa": 568,
        "ops": 1.044,
        "avg": 0.343,
        "obp": 0.417,
        "slg": 0.627,
        "rbi": 115,
        "sb": 13,
        "hr": 33
      },
      {
        "name": "맥키넌",
        "year": 24,
        "team": "삼성",
        "pa": 315,
        "ops": 0.767,
        "avg": 0.294,
        "obp": 0.381,
        "slg": 0.386,
        "rbi": 36,
        "sb": 1,
        "hr": 4
      },
      {
        "name": "류지혁",
        "year": 24,
        "team": "삼성",
        "pa": 348,
        "ops": 0.666,
        "avg": 0.258,
        "obp": 0.341,
        "slg": 0.325,
        "rbi": 36,
        "sb": 11,
        "hr": 3
      },
      {
        "name": "김영웅",
        "year": 24,
        "team": "삼성",
        "pa": 509,
        "ops": 0.806,
        "avg": 0.252,
        "obp": 0.321,
        "slg": 0.485,
        "rbi": 79,
        "sb": 9,
        "hr": 28
      },
      {
        "name": "이재현",
        "year": 24,
        "team": "삼성",
        "pa": 458,
        "ops": 0.784,
        "avg": 0.26,
        "obp": 0.365,
        "slg": 0.419,
        "rbi": 66,
        "sb": 2,
        "hr": 14
      },
      {
        "name": "이성규",
        "year": 24,
        "team": "삼성",
        "pa": 355,
        "ops": 0.839,
        "avg": 0.242,
        "obp": 0.339,
        "slg": 0.5,
        "rbi": 57,
        "sb": 9,
        "hr": 22
      },
      {
        "name": "김헌곤",
        "year": 24,
        "team": "삼성",
        "pa": 311,
        "ops": 0.792,
        "avg": 0.302,
        "obp": 0.358,
        "slg": 0.434,
        "rbi": 34,
        "sb": 4,
        "hr": 9
      },
      {
        "name": "강민호",
        "year": 24,
        "team": "삼성",
        "pa": 452,
        "ops": 0.861,
        "avg": 0.303,
        "obp": 0.365,
        "slg": 0.496,
        "rbi": 77,
        "sb": 3,
        "hr": 19
      },
      {
        "name": "김지찬",
        "year": 24,
        "team": "삼성",
        "pa": 535,
        "ops": 0.789,
        "avg": 0.316,
        "obp": 0.405,
        "slg": 0.384,
        "rbi": 36,
        "sb": 42,
        "hr": 3
      }
    ]
  },
  {
    "generation": 12,
    "expected_score": 6.685,
    "lineup": [
      "이성규",
      "구자욱",
      "김헌곤",
      "맥키넌",
      "김영웅",
      "강민호",
      "이재현",
      "류지혁",
      "김지찬"
    ],
    "player_stats": [
      {
        "name": "이성규",
        "year": 24,
        "team": "삼성",
        "pa": 355,
        "ops": 0.839,
        "avg": 0.242,
        "obp": 0.339,
        "slg": 0.5,
        "rbi": 57,
        "sb": 9,
        "hr": 22
      },
      {
        "name": "구자욱",
        "year": 24,
        "team": "삼성",
        "pa": 568,
        "ops": 1.044,
        "avg": 0.343,
        "obp": 0.417,
        "slg": 0.627,
        "rbi": 115,
        "sb": 13,
        "hr": 33
      },
      {
        "name": "김헌곤",
        "year": 24,
        "team": "삼성",
        "pa": 311,
        "ops": 0.792,
        "avg": 0.302,
        "obp": 0.358,
        "slg": 0.434,
        "rbi": 34,
        "sb": 4,
        "hr": 9
      },
      {
        "name": "맥키넌",
        "year": 24,
        "team": "삼성",
        "pa": 315,
        "ops": 0.767,
        "avg": 0.294,
        "obp": 0.381,
        "slg": 0.386,
        "rbi": 36,
        "sb": 1,
        "hr": 4
      },
      {
        "name": "김영웅",
        "year": 24,
        "team": "삼성",
        "pa": 509,
        "ops": 0.806,
        "avg": 0.252,
        "obp": 0.321,
        "slg": 0.485,
        "rbi": 79,
        "sb": 9,
        "hr": 28
      },
      {
        "name": "강민호",
        "year": 24,
        "team": "삼성",
        "pa": 452,
        "ops": 0.861,
        "avg": 0.303,
        "obp": 0.365,
        "slg": 0.496,
        "rbi": 77,
        "sb": 3,
        "hr": 19
      },
      {
        "name": "이재현",
        "year": 24,
        "team": "삼성",
        "pa": 458,
        "ops": 0.784,
        "avg": 0.26,
        "obp": 0.365,
        "slg": 0.419,
        "rbi": 66,
        "sb": 2,
        "hr": 14
      },
      {
        "name": "류지혁",
        "year": 24,
        "team": "삼성",
        "pa": 348,
        "ops": 0.666,
        "avg": 0.258,
        "obp": 0.341,
        "slg": 0.325,
        "rbi": 36,
        "sb": 11,
        "hr": 3
      },
      {
        "name": "김지찬",
        "year": 24,
        "team": "삼성",
        "pa": 535,
        "ops": 0.789,
        "avg": 0.316,
        "obp": 0.405,
        "slg": 0.384,
        "rbi": 36,
        "sb": 42,
        "hr": 3
      }
    ]
  },
  {
    "generation": 13,
    "expected_score": 6.54,
    "lineup": [
      "맥키넌",
      "류지혁",
      "김영웅",
      "강민호",
      "김지찬",
      "이재현",
      "이성규",
      "구자욱",
      "김헌곤"
    ],
    "player_stats": [
      {
        "name": "맥키넌",
        "year": 24,
        "team": "삼성",
        "pa": 315,
        "ops": 0.767,
        "avg": 0.294,
        "obp": 0.381,
        "slg": 0.386,
        "rbi": 36,
        "sb": 1,
        "hr": 4
      },
      {
        "name": "류지혁",
        "year": 24,
        "team": "삼성",
        "pa": 348,
        "ops": 0.666,
        "avg": 0.258,
        "obp": 0.341,
        "slg": 0.325,
        "rbi": 36,
        "sb": 11,
        "hr": 3
      },
      {
        "name": "김영웅",
        "year": 24,
        "team": "삼성",
        "pa": 509,
        "ops": 0.806,
        "avg": 0.252,
        "obp": 0.321,
        "slg": 0.485,
        "rbi": 79,
        "sb": 9,
        "hr": 28
      },
      {
        "name": "강민호",
        "year": 24,
        "team": "삼성",
        "pa": 452,
        "ops": 0.861,
        "avg": 0.303,
        "obp": 0.365,
        "slg": 0.496,
        "rbi": 77,
        "sb": 3,
        "hr": 19
      },
      {
        "name": "김지찬",
        "year": 24,
        "team": "삼성",
        "pa": 535,
        "ops": 0.789,
        "avg": 0.316,
        "obp": 0.405,
        "slg": 0.384,
        "rbi": 36,
        "sb": 42,
        "hr": 3
      },
      {
        "name": "이재현",
        "year": 24,
        "team": "삼성",
        "pa": 458,
        "ops": 0.784,
        "avg": 0.26,
        "obp": 0.365,
        "slg": 0.419,
        "rbi": 66,
        "sb": 2,
        "hr": 14
      },
      {
        "name": "이성규",
        "year": 24,
        "team": "삼성",
        "pa": 355,
        "ops": 0.839,
        "avg": 0.242,
        "obp": 0.339,
        "slg": 0.5,
        "rbi": 57,
        "sb": 9,
        "hr": 22
      },
      {
        "name": "구자욱",
        "year": 24,
        "team": "삼성",
        "pa": 568,
        "ops": 1.044,
        "avg": 0.343,
        "obp": 0.417,
        "slg": 0.627,
        "rbi": 115,
        "sb": 13,
        "hr": 33
      },
      {
        "name": "김헌곤",
        "year": 24,
        "team": "삼성",
        "pa": 311,
        "ops": 0.792,
        "avg": 0.302,
        "obp": 0.358,
        "slg": 0.434,
        "rbi": 34,
        "sb": 4,
        "hr": 9
      }
    ]
  },
  {
    "generation": 14,
    "expected_score": 6.41,
    "lineup": [
      "맥키넌",
      "구자욱",
      "류지혁",
      "김영웅",
      "이재현",
      "이성규",
      "김헌곤",
      "강민호",
      "김지찬"
    ],
    "player_stats": [
      {
        "name": "맥키넌",
        "year": 24,
        "team": "삼성",
        "pa": 315,
        "ops": 0.767,
        "avg": 0.294,
        "obp": 0.381,
        "slg": 0.386,
        "rbi": 36,
        "sb": 1,
        "hr": 4
      },
      {
        "name": "구자욱",
        "year": 24,
        "team": "삼성",
        "pa": 568,
        "ops": 1.044,
        "avg": 0.343,
        "obp": 0.417,
        "slg": 0.627,
        "rbi": 115,
        "sb": 13,
        "hr": 33
      },
      {
        "name": "류지혁",
        "year": 24,
        "team": "삼성",
        "pa": 348,
        "ops": 0.666,
        "avg": 0.258,
        "obp": 0.341,
        "slg": 0.325,
        "rbi": 36,
        "sb": 11,
        "hr": 3
      },
      {
        "name": "김영웅",
        "year": 24,
        "team": "삼성",
        "pa": 509,
        "ops": 0.806,
        "avg": 0.252,
        "obp": 0.321,
        "slg": 0.485,
        "rbi": 79,
        "sb": 9,
        "hr": 28
      },
      {
        "name": "이재현",
        "year": 24,
        "team": "삼성",
        "pa": 458,
        "ops": 0.784,
        "avg": 0.26,
        "obp": 0.365,
        "slg": 0.419,
        "rbi": 66,
        "sb": 2,
        "hr": 14
      },
      {
        "name": "이성규",
        "year": 24,
        "team": "삼성",
        "pa": 355,
        "ops": 0.839,
        "avg": 0.242,
        "obp": 0.339,
        "slg": 0.5,
        "rbi": 57,
        "sb": 9,
        "hr": 22
      },
      {
        "name": "김헌곤",
        "year": 24,
        "team": "삼성",
        "pa": 311,
        "ops": 0.792,
        "avg": 0.302,
        "obp": 0.358,
        "slg": 0.434,
        "rbi": 34,
        "sb": 4,
        "hr": 9
      },
      {
        "name": "강민호",
        "year": 24,
        "team": "삼성",
        "pa": 452,
        "ops": 0.861,
        "avg": 0.303,
        "obp": 0.365,
        "slg": 0.496,
        "rbi": 77,
        "sb": 3,
        "hr": 19
      },
      {
        "name": "김지찬",
        "year": 24,
        "team": "삼성",
        "pa": 535,
        "ops": 0.789,
        "avg": 0.316,
        "obp": 0.405,
        "slg": 0.384,
        "rbi": 36,
        "sb": 42,
        "hr": 3
      }
    ]
  },
  {
    "generation": 15,
    "expected_score": 6.285,
    "lineup": [
      "맥키넌",
      "김지찬",
      "류지혁",
      "김영웅",
      "이재현",
      "강민호",
      "김헌곤",
      "이성규",
      "구자욱"
    ],
    "player_stats": [
      {
        "name": "맥키넌",
        "year": 24,
        "team": "삼성",
        "pa": 315,
        "ops": 0.767,
        "avg": 0.294,
        "obp": 0.381,
        "slg": 0.386,
        "rbi": 36,
        "sb": 1,
        "hr": 4
      },
      {
        "name": "김지찬",
        "year": 24,
        "team": "삼성",
        "pa": 535,
        "ops": 0.789,
        "avg": 0.316,
        "obp": 0.405,
        "slg": 0.384,
        "rbi": 36,
        "sb": 42,
        "hr": 3
      },
      {
        "name": "류지혁",
        "year": 24,
        "team": "삼성",
        "pa": 348,
        "ops": 0.666,
        "avg": 0.258,
        "obp": 0.341,
        "slg": 0.325,
        "rbi": 36,
        "sb": 11,
        "hr": 3
      },
      {
        "name": "김영웅",
        "year": 24,
        "team": "삼성",
        "pa": 509,
        "ops": 0.806,
        "avg": 0.252,
        "obp": 0.321,
        "slg": 0.485,
        "rbi": 79,
        "sb": 9,
        "hr": 28
      },
      {
        "name": "이재현",
        "year": 24,
        "team": "삼성",
        "pa": 458,
        "ops": 0.784,
        "avg": 0.26,
        "obp": 0.365,
        "slg": 0.419,
        "rbi": 66,
        "sb": 2,
        "hr": 14
      },
      {
        "name": "강민호",
        "year": 24,
        "team": "삼성",
        "pa": 452,
        "ops": 0.861,
        "avg": 0.303,
        "obp": 0.365,
        "slg": 0.496,
        "rbi": 77,
        "sb": 3,
        "hr": 19
      },
      {
        "name": "김헌곤",
        "year": 24,
        "team": "삼성",
        "pa": 311,
        "ops": 0.792,
        "avg": 0.302,
        "obp": 0.358,
        "slg": 0.434,
        "rbi": 34,
        "sb": 4,
        "hr": 9
      },
      {
        "name": "이성규",
        "year": 24,
        "team": "삼성",
        "pa": 355,
        "ops": 0.839,
        "avg": 0.242,
        "obp": 0.339,
        "slg": 0.5,
        "rbi": 57,
        "sb": 9,
        "hr": 22
      },
      {
        "name": "구자욱",
        "year": 24,
        "team": "삼성",
        "pa": 568,
        "ops": 1.044,
        "avg": 0.343,
        "obp": 0.417,
        "slg": 0.627,
        "rbi": 115,
        "sb": 13,
        "hr": 33
      }
    ]
  },
  {
    "generation": 16,
    "expected_score": 6.425,
    "lineup": [
      "김헌곤",
      "맥키넌",
      "김지찬",
      "이재현",
      "김영웅",
      "강민호",
      "이성규",
      "구자욱",
      "류지혁"
    ],
    "player_stats": [
      {
        "name": "김헌곤",
        "year": 24,
        "team": "삼성",
        "pa": 311,
        "ops": 0.792,
        "avg": 0.302,
        "obp": 0.358,
        "slg": 0.434,
        "rbi": 34,
        "sb": 4,
        "hr": 9
      },
      {
        "name": "맥키넌",
        "year": 24,
        "team": "삼성",
        "pa": 315,
        "ops": 0.767,
        "avg": 0.294,
        "obp": 0.381,
        "slg": 0.386,
        "rbi": 36,
        "sb": 1,
        "hr": 4
      },
      {
        "name": "김지찬",
        "year": 24,
        "team": "삼성",
        "pa": 535,
        "ops": 0.789,
        "avg": 0.316,
        "obp": 0.405,
        "slg": 0.384,
        "rbi": 36,
        "sb": 42,
        "hr": 3
      },
      {
        "name": "이재현",
        "year": 24,
        "team": "삼성",
        "pa": 458,
        "ops": 0.784,
        "avg": 0.26,
        "obp": 0.365,
        "slg": 0.419,
        "rbi": 66,
        "sb": 2,
        "hr": 14
      },
      {
        "name": "김영웅",
        "year": 24,
        "team": "삼성",
        "pa": 509,
        "ops": 0.806,
        "avg": 0.252,
        "obp": 0.321,
        "slg": 0.485,
        "rbi": 79,
        "sb": 9,
        "hr": 28
      },
      {
        "name": "강민호",
        "year": 24,
        "team": "삼성",
        "pa": 452,
        "ops": 0.861,
        "avg": 0.303,
        "obp": 0.365,
        "slg": 0.496,
        "rbi": 77,
        "sb": 3,
        "hr": 19
      },
      {
        "name": "이성규",
        "year": 24,
        "team": "삼성",
        "pa": 355,
        "ops": 0.839,
        "avg": 0.242,
        "obp": 0.339,
        "slg": 0.5,
        "rbi": 57,
        "sb": 9,
        "hr": 22
      },
      {
        "name": "구자욱",
        "year": 24,
        "team": "삼성",
        "pa": 568,
        "ops": 1.044,
        "avg": 0.343,
        "obp": 0.417,
        "slg": 0.627,
        "rbi": 115,
        "sb": 13,
        "hr": 33
      },
      {
        "name": "류지혁",
        "year": 24,
        "team": "삼성",
        "pa": 348,
        "ops": 0.666,
        "avg": 0.258,
        "obp": 0.341,
        "slg": 0.325,
        "rbi": 36,
        "sb": 11,
        "hr": 3
      }
    ]
  },
  {
    "generation": 17,
    "expected_score": 6.51,
    "lineup": [
      "김헌곤",
      "맥키넌",
      "김지찬",
      "이재현",
      "김영웅",
      "강민호",
      "이성규",
      "구자욱",
      "류지혁"
    ],
    "player_stats": [
      {
        "name": "김헌곤",
        "year": 24,
        "team": "삼성",
        "pa": 311,
        "ops": 0.792,
        "avg": 0.302,
        "obp": 0.358,
        "slg": 0.434,
        "rbi": 34,
        "sb": 4,
        "hr": 9
      },
      {
        "name": "맥키넌",
        "year": 24,
        "team": "삼성",
        "pa": 315,
        "ops": 0.767,
        "avg": 0.294,
        "obp": 0.381,
        "slg": 0.386,
        "rbi": 36,
        "sb": 1,
        "hr": 4
      },
      {
        "name": "김지찬",
        "year": 24,
        "team": "삼성",
        "pa": 535,
        "ops": 0.789,
        "avg": 0.316,
        "obp": 0.405,
        "slg": 0.384,
        "rbi": 36,
        "sb": 42,
        "hr": 3
      },
      {
        "name": "이재현",
        "year": 24,
        "team": "삼성",
        "pa": 458,
        "ops": 0.784,
        "avg": 0.26,
        "obp": 0.365,
        "slg": 0.419,
        "rbi": 66,
        "sb": 2,
        "hr": 14
      },
      {
        "name": "김영웅",
        "year": 24,
        "team": "삼성",
        "pa": 509,
        "ops": 0.806,
        "avg": 0.252,
        "obp": 0.321,
        "slg": 0.485,
        "rbi": 79,
        "sb": 9,
        "hr": 28
      },
      {
        "name": "강민호",
        "year": 24,
        "team": "삼성",
        "pa": 452,
        "ops": 0.861,
        "avg": 0.303,
        "obp": 0.365,
        "slg": 0.496,
        "rbi": 77,
        "sb": 3,
        "hr": 19
      },
      {
        "name": "이성규",
        "year": 24,
        "team": "삼성",
        "pa": 355,
        "ops": 0.839,
        "avg": 0.242,
        "obp": 0.339,
        "slg": 0.5,
        "rbi": 57,
        "sb": 9,
        "hr": 22
      },
      {
        "name": "구자욱",
        "year": 24,
        "team": "삼성",
        "pa": 568,
        "ops": 1.044,
        "avg": 0.343,
        "obp": 0.417,
        "slg": 0.627,
        "rbi": 115,
        "sb": 13,
        "hr": 33
      },
      {
        "name": "류지혁",
        "year": 24,
        "team": "삼성",
        "pa": 348,
        "ops": 0.666,
        "avg": 0.258,
        "obp": 0.341,
        "slg": 0.325,
        "rbi": 36,
        "sb": 11,
        "hr": 3
      }
    ]
  },
  {
    "generation": 18,
    "expected_score": 6.48,
    "lineup": [
      "이성규",
      "구자욱",
      "김영웅",
      "김지찬",
      "이재현",
      "맥키넌",
      "류지혁",
      "김헌곤",
      "강민호"
    ],
    "player_stats": [
      {
        "name": "이성규",
        "year": 24,
        "team": "삼성",
        "pa": 355,
        "ops": 0.839,
        "avg": 0.242,
        "obp": 0.339,
        "slg": 0.5,
        "rbi": 57,
        "sb": 9,
        "hr": 22
      },
      {
        "name": "구자욱",
        "year": 24,
        "team": "삼성",
        "pa": 568,
        "ops": 1.044,
        "avg": 0.343,
        "obp": 0.417,
        "slg": 0.627,
        "rbi": 115,
        "sb": 13,
        "hr": 33
      },
      {
        "name": "김영웅",
        "year": 24,
        "team": "삼성",
        "pa": 509,
        "ops": 0.806,
        "avg": 0.252,
        "obp": 0.321,
        "slg": 0.485,
        "rbi": 79,
        "sb": 9,
        "hr": 28
      },
      {
        "name": "김지찬",
        "year": 24,
        "team": "삼성",
        "pa": 535,
        "ops": 0.789,
        "avg": 0.316,
        "obp": 0.405,
        "slg": 0.384,
        "rbi": 36,
        "sb": 42,
        "hr": 3
      },
      {
        "name": "이재현",
        "year": 24,
        "team": "삼성",
        "pa": 458,
        "ops": 0.784,
        "avg": 0.26,
        "obp": 0.365,
        "slg": 0.419,
        "rbi": 66,
        "sb": 2,
        "hr": 14
      },
      {
        "name": "맥키넌",
        "year": 24,
        "team": "삼성",
        "pa": 315,
        "ops": 0.767,
        "avg": 0.294,
        "obp": 0.381,
        "slg": 0.386,
        "rbi": 36,
        "sb": 1,
        "hr": 4
      },
      {
        "name": "류지혁",
        "year": 24,
        "team": "삼성",
        "pa": 348,
        "ops": 0.666,
        "avg": 0.258,
        "obp": 0.341,
        "slg": 0.325,
        "rbi": 36,
        "sb": 11,
        "hr": 3
      },
      {
        "name": "김헌곤",
        "year": 24,
        "team": "삼성",
        "pa": 311,
        "ops": 0.792,
        "avg": 0.302,
        "obp": 0.358,
        "slg": 0.434,
        "rbi": 34,
        "sb": 4,
        "hr": 9
      },
      {
        "name": "강민호",
        "year": 24,
        "team": "삼성",
        "pa": 452,
        "ops": 0.861,
        "avg": 0.303,
        "obp": 0.365,
        "slg": 0.496,
        "rbi": 77,
        "sb": 3,
        "hr": 19
      }
    ]
  },
  {
    "generation": 19,
    "expected_score": 6.415,
    "lineup": [
      "김영웅",
      "김지찬",
      "이성규",
      "류지혁",
      "구자욱",
      "김헌곤",
      "맥키넌",
      "강민호",
      "이재현"
    ],
    "player_stats": [
      {
        "name": "김영웅",
        "year": 24,
        "team": "삼성",
        "pa": 509,
        "ops": 0.806,
        "avg": 0.252,
        "obp": 0.321,
        "slg": 0.485,
        "rbi": 79,
        "sb": 9,
        "hr": 28
      },
      {
        "name": "김지찬",
        "year": 24,
        "team": "삼성",
        "pa": 535,
        "ops": 0.789,
        "avg": 0.316,
        "obp": 0.405,
        "slg": 0.384,
        "rbi": 36,
        "sb": 42,
        "hr": 3
      },
      {
        "name": "이성규",
        "year": 24,
        "team": "삼성",
        "pa": 355,
        "ops": 0.839,
        "avg": 0.242,
        "obp": 0.339,
        "slg": 0.5,
        "rbi": 57,
        "sb": 9,
        "hr": 22
      },
      {
        "name": "류지혁",
        "year": 24,
        "team": "삼성",
        "pa": 348,
        "ops": 0.666,
        "avg": 0.258,
        "obp": 0.341,
        "slg": 0.325,
        "rbi": 36,
        "sb": 11,
        "hr": 3
      },
      {
        "name": "구자욱",
        "year": 24,
        "team": "삼성",
        "pa": 568,
        "ops": 1.044,
        "avg": 0.343,
        "obp": 0.417,
        "slg": 0.627,
        "rbi": 115,
        "sb": 13,
        "hr": 33
      },
      {
        "name": "김헌곤",
        "year": 24,
        "team": "삼성",
        "pa": 311,
        "ops": 0.792,
        "avg": 0.302,
        "obp": 0.358,
        "slg": 0.434,
        "rbi": 34,
        "sb": 4,
        "hr": 9
      },
      {
        "name": "맥키넌",
        "year": 24,
        "team": "삼성",
        "pa": 315,
        "ops": 0.767,
        "avg": 0.294,
        "obp": 0.381,
        "slg": 0.386,
        "rbi": 36,
        "sb": 1,
        "hr": 4
      },
      {
        "name": "강민호",
        "year": 24,
        "team": "삼성",
        "pa": 452,
        "ops": 0.861,
        "avg": 0.303,
        "obp": 0.365,
        "slg": 0.496,
        "rbi": 77,
        "sb": 3,
        "hr": 19
      },
      {
        "name": "이재현",
        "year": 24,
        "team": "삼성",
        "pa": 458,
        "ops": 0.784,
        "avg": 0.26,
        "obp": 0.365,
        "slg": 0.419,
        "rbi": 66,
        "sb": 2,
        "hr": 14
      }
    ]
  },
  {
    "generation": 20,
    "expected_score": 6.55,
    "lineup": [
      "맥키넌",
      "류지혁",
      "김영웅",
      "구자욱",
      "김지찬",
      "강민호",
      "이재현",
      "이성규",
      "김헌곤"
    ],
    "player_stats": [
      {
        "name": "맥키넌",
        "year": 24,
        "team": "삼성",
        "pa": 315,
        "ops": 0.767,
        "avg": 0.294,
        "obp": 0.381,
        "slg": 0.386,
        "rbi": 36,
        "sb": 1,
        "hr": 4
      },
      {
        "name": "류지혁",
        "year": 24,
        "team": "삼성",
        "pa": 348,
        "ops": 0.666,
        "avg": 0.258,
        "obp": 0.341,
        "slg": 0.325,
        "rbi": 36,
        "sb": 11,
        "hr": 3
      },
      {
        "name": "김영웅",
        "year": 24,
        "team": "삼성",
        "pa": 509,
        "ops": 0.806,
        "avg": 0.252,
        "obp": 0.321,
        "slg": 0.485,
        "rbi": 79,
        "sb": 9,
        "hr": 28
      },
      {
        "name": "구자욱",
        "year": 24,
        "team": "삼성",
        "pa": 568,
        "ops": 1.044,
        "avg": 0.343,
        "obp": 0.417,
        "slg": 0.627,
        "rbi": 115,
        "sb": 13,
        "hr": 33
      },
      {
        "name": "김지찬",
        "year": 24,
        "team": "삼성",
        "pa": 535,
        "ops": 0.789,
        "avg": 0.316,
        "obp": 0.405,
        "slg": 0.384,
        "rbi": 36,
        "sb": 42,
        "hr": 3
      },
      {
        "name": "강민호",
        "year": 24,
        "team": "삼성",
        "pa": 452,
        "ops": 0.861,
        "avg": 0.303,
        "obp": 0.365,
        "slg": 0.496,
        "rbi": 77,
        "sb": 3,
        "hr": 19
      },
      {
        "name": "이재현",
        "year": 24,
        "team": "삼성",
        "pa": 458,
        "ops": 0.784,
        "avg": 0.26,
        "obp": 0.365,
        "slg": 0.419,
        "rbi": 66,
        "sb": 2,
        "hr": 14
      },
      {
        "name": "이성규",
        "year": 24,
        "team": "삼성",
        "pa": 355,
        "ops": 0.839,
        "avg": 0.242,
        "obp": 0.339,
        "slg": 0.5,
        "rbi": 57,
        "sb": 9,
        "hr": 22
      },
      {
        "name": "김헌곤",
        "year": 24,
        "team": "삼성",
        "pa": 311,
        "ops": 0.792,
        "avg": 0.302,
        "obp": 0.358,
        "slg": 0.434,
        "rbi": 34,
        "sb": 4,
        "hr": 9
      }
    ]
  },
  {
    "generation": 21,
    "expected_score": 6.47,
    "lineup": [
      "맥키넌",
      "구자욱",
      "김영웅",
      "강민호",
      "김지찬",
      "류지혁",
      "이재현",
      "이성규",
      "김헌곤"
    ],
    "player_stats": [
      {
        "name": "맥키넌",
        "year": 24,
        "team": "삼성",
        "pa": 315,
        "ops": 0.767,
        "avg": 0.294,
        "obp": 0.381,
        "slg": 0.386,
        "rbi": 36,
        "sb": 1,
        "hr": 4
      },
      {
        "name": "구자욱",
        "year": 24,
        "team": "삼성",
        "pa": 568,
        "ops": 1.044,
        "avg": 0.343,
        "obp": 0.417,
        "slg": 0.627,
        "rbi": 115,
        "sb": 13,
        "hr": 33
      },
      {
        "name": "김영웅",
        "year": 24,
        "team": "삼성",
        "pa": 509,
        "ops": 0.806,
        "avg": 0.252,
        "obp": 0.321,
        "slg": 0.485,
        "rbi": 79,
        "sb": 9,
        "hr": 28
      },
      {
        "name": "강민호",
        "year": 24,
        "team": "삼성",
        "pa": 452,
        "ops": 0.861,
        "avg": 0.303,
        "obp": 0.365,
        "slg": 0.496,
        "rbi": 77,
        "sb": 3,
        "hr": 19
      },
      {
        "name": "김지찬",
        "year": 24,
        "team": "삼성",
        "pa": 535,
        "ops": 0.789,
        "avg": 0.316,
        "obp": 0.405,
        "slg": 0.384,
        "rbi": 36,
        "sb": 42,
        "hr": 3
      },
      {
        "name": "류지혁",
        "year": 24,
        "team": "삼성",
        "pa": 348,
        "ops": 0.666,
        "avg": 0.258,
        "obp": 0.341,
        "slg": 0.325,
        "rbi": 36,
        "sb": 11,
        "hr": 3
      },
      {
        "name": "이재현",
        "year": 24,
        "team": "삼성",
        "pa": 458,
        "ops": 0.784,
        "avg": 0.26,
        "obp": 0.365,
        "slg": 0.419,
        "rbi": 66,
        "sb": 2,
        "hr": 14
      },
      {
        "name": "이성규",
        "year": 24,
        "team": "삼성",
        "pa": 355,
        "ops": 0.839,
        "avg": 0.242,
        "obp": 0.339,
        "slg": 0.5,
        "rbi": 57,
        "sb": 9,
        "hr": 22
      },
      {
        "name": "김헌곤",
        "year": 24,
        "team": "삼성",
        "pa": 311,
        "ops": 0.792,
        "avg": 0.302,
        "obp": 0.358,
        "slg": 0.434,
        "rbi": 34,
        "sb": 4,
        "hr": 9
      }
    ]
  },
  {
    "generation": 22,
    "expected_score": 6.52,
    "lineup": [
      "김영웅",
      "구자욱",
      "김헌곤",
      "김지찬",
      "이재현",
      "이성규",
      "류지혁",
      "강민호",
      "맥키넌"
    ],
    "player_stats": [
      {
        "name": "김영웅",
        "year": 24,
        "team": "삼성",
        "pa": 509,
        "ops": 0.806,
        "avg": 0.252,
        "obp": 0.321,
        "slg": 0.485,
        "rbi": 79,
        "sb": 9,
        "hr": 28
      },
      {
        "name": "구자욱",
        "year": 24,
        "team": "삼성",
        "pa": 568,
        "ops": 1.044,
        "avg": 0.343,
        "obp": 0.417,
        "slg": 0.627,
        "rbi": 115,
        "sb": 13,
        "hr": 33
      },
      {
        "name": "김헌곤",
        "year": 24,
        "team": "삼성",
        "pa": 311,
        "ops": 0.792,
        "avg": 0.302,
        "obp": 0.358,
        "slg": 0.434,
        "rbi": 34,
        "sb": 4,
        "hr": 9
      },
      {
        "name": "김지찬",
        "year": 24,
        "team": "삼성",
        "pa": 535,
        "ops": 0.789,
        "avg": 0.316,
        "obp": 0.405,
        "slg": 0.384,
        "rbi": 36,
        "sb": 42,
        "hr": 3
      },
      {
        "name": "이재현",
        "year": 24,
        "team": "삼성",
        "pa": 458,
        "ops": 0.784,
        "avg": 0.26,
        "obp": 0.365,
        "slg": 0.419,
        "rbi": 66,
        "sb": 2,
        "hr": 14
      },
      {
        "name": "이성규",
        "year": 24,
        "team": "삼성",
        "pa": 355,
        "ops": 0.839,
        "avg": 0.242,
        "obp": 0.339,
        "slg": 0.5,
        "rbi": 57,
        "sb": 9,
        "hr": 22
      },
      {
        "name": "류지혁",
        "year": 24,
        "team": "삼성",
        "pa": 348,
        "ops": 0.666,
        "avg": 0.258,
        "obp": 0.341,
        "slg": 0.325,
        "rbi": 36,
        "sb": 11,
        "hr": 3
      },
      {
        "name": "강민호",
        "year": 24,
        "team": "삼성",
        "pa": 452,
        "ops": 0.861,
        "avg": 0.303,
        "obp": 0.365,
        "slg": 0.496,
        "rbi": 77,
        "sb": 3,
        "hr": 19
      },
      {
        "name": "맥키넌",
        "year": 24,
        "team": "삼성",
        "pa": 315,
        "ops": 0.767,
        "avg": 0.294,
        "obp": 0.381,
        "slg": 0.386,
        "rbi": 36,
        "sb": 1,
        "hr": 4
      }
    ]
  },
  {
    "generation": 23,
    "expected_score": 6.915,
    "lineup": [
      "김지찬",
      "류지혁",
      "이성규",
      "김영웅",
      "구자욱",
      "이재현",
      "맥키넌",
      "김헌곤",
      "강민호"
    ],
    "player_stats": [
      {
        "name": "김지찬",
        "year": 24,
        "team": "삼성",
        "pa": 535,
        "ops": 0.789,
        "avg": 0.316,
        "obp": 0.405,
        "slg": 0.384,
        "rbi": 36,
        "sb": 42,
        "hr": 3
      },
      {
        "name": "류지혁",
        "year": 24,
        "team": "삼성",
        "pa": 348,
        "ops": 0.666,
        "avg": 0.258,
        "obp": 0.341,
        "slg": 0.325,
        "rbi": 36,
        "sb": 11,
        "hr": 3
      },
      {
        "name": "이성규",
        "year": 24,
        "team": "삼성",
        "pa": 355,
        "ops": 0.839,
        "avg": 0.242,
        "obp": 0.339,
        "slg": 0.5,
        "rbi": 57,
        "sb": 9,
        "hr": 22
      },
      {
        "name": "김영웅",
        "year": 24,
        "team": "삼성",
        "pa": 509,
        "ops": 0.806,
        "avg": 0.252,
        "obp": 0.321,
        "slg": 0.485,
        "rbi": 79,
        "sb": 9,
        "hr": 28
      },
      {
        "name": "구자욱",
        "year": 24,
        "team": "삼성",
        "pa": 568,
        "ops": 1.044,
        "avg": 0.343,
        "obp": 0.417,
        "slg": 0.627,
        "rbi": 115,
        "sb": 13,
        "hr": 33
      },
      {
        "name": "이재현",
        "year": 24,
        "team": "삼성",
        "pa": 458,
        "ops": 0.784,
        "avg": 0.26,
        "obp": 0.365,
        "slg": 0.419,
        "rbi": 66,
        "sb": 2,
        "hr": 14
      },
      {
        "name": "맥키넌",
        "year": 24,
        "team": "삼성",
        "pa": 315,
        "ops": 0.767,
        "avg": 0.294,
        "obp": 0.381,
        "slg": 0.386,
        "rbi": 36,
        "sb": 1,
        "hr": 4
      },
      {
        "name": "김헌곤",
        "year": 24,
        "team": "삼성",
        "pa": 311,
        "ops": 0.792,
        "avg": 0.302,
        "obp": 0.358,
        "slg": 0.434,
        "rbi": 34,
        "sb": 4,
        "hr": 9
      },
      {
        "name": "강민호",
        "year": 24,
        "team": "삼성",
        "pa": 452,
        "ops": 0.861,
        "avg": 0.303,
        "obp": 0.365,
        "slg": 0.496,
        "rbi": 77,
        "sb": 3,
        "hr": 19
      }
    ]
  },
  {
    "generation": 24,
    "expected_score": 6.47,
    "lineup": [
      "김지찬",
      "류지혁",
      "이성규",
      "김영웅",
      "구자욱",
      "이재현",
      "맥키넌",
      "김헌곤",
      "강민호"
    ],
    "player_stats": [
      {
        "name": "김지찬",
        "year": 24,
        "team": "삼성",
        "pa": 535,
        "ops": 0.789,
        "avg": 0.316,
        "obp": 0.405,
        "slg": 0.384,
        "rbi": 36,
        "sb": 42,
        "hr": 3
      },
      {
        "name": "류지혁",
        "year": 24,
        "team": "삼성",
        "pa": 348,
        "ops": 0.666,
        "avg": 0.258,
        "obp": 0.341,
        "slg": 0.325,
        "rbi": 36,
        "sb": 11,
        "hr": 3
      },
      {
        "name": "이성규",
        "year": 24,
        "team": "삼성",
        "pa": 355,
        "ops": 0.839,
        "avg": 0.242,
        "obp": 0.339,
        "slg": 0.5,
        "rbi": 57,
        "sb": 9,
        "hr": 22
      },
      {
        "name": "김영웅",
        "year": 24,
        "team": "삼성",
        "pa": 509,
        "ops": 0.806,
        "avg": 0.252,
        "obp": 0.321,
        "slg": 0.485,
        "rbi": 79,
        "sb": 9,
        "hr": 28
      },
      {
        "name": "구자욱",
        "year": 24,
        "team": "삼성",
        "pa": 568,
        "ops": 1.044,
        "avg": 0.343,
        "obp": 0.417,
        "slg": 0.627,
        "rbi": 115,
        "sb": 13,
        "hr": 33
      },
      {
        "name": "이재현",
        "year": 24,
        "team": "삼성",
        "pa": 458,
        "ops": 0.784,
        "avg": 0.26,
        "obp": 0.365,
        "slg": 0.419,
        "rbi": 66,
        "sb": 2,
        "hr": 14
      },
      {
        "name": "맥키넌",
        "year": 24,
        "team": "삼성",
        "pa": 315,
        "ops": 0.767,
        "avg": 0.294,
        "obp": 0.381,
        "slg": 0.386,
        "rbi": 36,
        "sb": 1,
        "hr": 4
      },
      {
        "name": "김헌곤",
        "year": 24,
        "team": "삼성",
        "pa": 311,
        "ops": 0.792,
        "avg": 0.302,
        "obp": 0.358,
        "slg": 0.434,
        "rbi": 34,
        "sb": 4,
        "hr": 9
      },
      {
        "name": "강민호",
        "year": 24,
        "team": "삼성",
        "pa": 452,
        "ops": 0.861,
        "avg": 0.303,
        "obp": 0.365,
        "slg": 0.496,
        "rbi": 77,
        "sb": 3,
        "hr": 19
      }
    ]
  },
  {
    "generation": 25,
    "expected_score": 6.475,
    "lineup": [
      "김지찬",
      "구자욱",
      "류지혁",
      "김영웅",
      "맥키넌",
      "강민호",
      "이성규",
      "김헌곤",
      "이재현"
    ],
    "player_stats": [
      {
        "name": "김지찬",
        "year": 24,
        "team": "삼성",
        "pa": 535,
        "ops": 0.789,
        "avg": 0.316,
        "obp": 0.405,
        "slg": 0.384,
        "rbi": 36,
        "sb": 42,
        "hr": 3
      },
      {
        "name": "구자욱",
        "year": 24,
        "team": "삼성",
        "pa": 568,
        "ops": 1.044,
        "avg": 0.343,
        "obp": 0.417,
        "slg": 0.627,
        "rbi": 115,
        "sb": 13,
        "hr": 33
      },
      {
        "name": "류지혁",
        "year": 24,
        "team": "삼성",
        "pa": 348,
        "ops": 0.666,
        "avg": 0.258,
        "obp": 0.341,
        "slg": 0.325,
        "rbi": 36,
        "sb": 11,
        "hr": 3
      },
      {
        "name": "김영웅",
        "year": 24,
        "team": "삼성",
        "pa": 509,
        "ops": 0.806,
        "avg": 0.252,
        "obp": 0.321,
        "slg": 0.485,
        "rbi": 79,
        "sb": 9,
        "hr": 28
      },
      {
        "name": "맥키넌",
        "year": 24,
        "team": "삼성",
        "pa": 315,
        "ops": 0.767,
        "avg": 0.294,
        "obp": 0.381,
        "slg": 0.386,
        "rbi": 36,
        "sb": 1,
        "hr": 4
      },
      {
        "name": "강민호",
        "year": 24,
        "team": "삼성",
        "pa": 452,
        "ops": 0.861,
        "avg": 0.303,
        "obp": 0.365,
        "slg": 0.496,
        "rbi": 77,
        "sb": 3,
        "hr": 19
      },
      {
        "name": "이성규",
        "year": 24,
        "team": "삼성",
        "pa": 355,
        "ops": 0.839,
        "avg": 0.242,
        "obp": 0.339,
        "slg": 0.5,
        "rbi": 57,
        "sb": 9,
        "hr": 22
      },
      {
        "name": "김헌곤",
        "year": 24,
        "team": "삼성",
        "pa": 311,
        "ops": 0.792,
        "avg": 0.302,
        "obp": 0.358,
        "slg": 0.434,
        "rbi": 34,
        "sb": 4,
        "hr": 9
      },
      {
        "name": "이재현",
        "year": 24,
        "team": "삼성",
        "pa": 458,
        "ops": 0.784,
        "avg": 0.26,
        "obp": 0.365,
        "slg": 0.419,
        "rbi": 66,
        "sb": 2,
        "hr": 14
      }
    ]
  },
  {
    "generation": 26,
    "expected_score": 6.28,
    "lineup": [
      "이성규",
      "김영웅",
      "구자욱",
      "김헌곤",
      "김지찬",
      "이재현",
      "류지혁",
      "맥키넌",
      "강민호"
    ],
    "player_stats": [
      {
        "name": "이성규",
        "year": 24,
        "team": "삼성",
        "pa": 355,
        "ops": 0.839,
        "avg": 0.242,
        "obp": 0.339,
        "slg": 0.5,
        "rbi": 57,
        "sb": 9,
        "hr": 22
      },
      {
        "name": "김영웅",
        "year": 24,
        "team": "삼성",
        "pa": 509,
        "ops": 0.806,
        "avg": 0.252,
        "obp": 0.321,
        "slg": 0.485,
        "rbi": 79,
        "sb": 9,
        "hr": 28
      },
      {
        "name": "구자욱",
        "year": 24,
        "team": "삼성",
        "pa": 568,
        "ops": 1.044,
        "avg": 0.343,
        "obp": 0.417,
        "slg": 0.627,
        "rbi": 115,
        "sb": 13,
        "hr": 33
      },
      {
        "name": "김헌곤",
        "year": 24,
        "team": "삼성",
        "pa": 311,
        "ops": 0.792,
        "avg": 0.302,
        "obp": 0.358,
        "slg": 0.434,
        "rbi": 34,
        "sb": 4,
        "hr": 9
      },
      {
        "name": "김지찬",
        "year": 24,
        "team": "삼성",
        "pa": 535,
        "ops": 0.789,
        "avg": 0.316,
        "obp": 0.405,
        "slg": 0.384,
        "rbi": 36,
        "sb": 42,
        "hr": 3
      },
      {
        "name": "이재현",
        "year": 24,
        "team": "삼성",
        "pa": 458,
        "ops": 0.784,
        "avg": 0.26,
        "obp": 0.365,
        "slg": 0.419,
        "rbi": 66,
        "sb": 2,
        "hr": 14
      },
      {
        "name": "류지혁",
        "year": 24,
        "team": "삼성",
        "pa": 348,
        "ops": 0.666,
        "avg": 0.258,
        "obp": 0.341,
        "slg": 0.325,
        "rbi": 36,
        "sb": 11,
        "hr": 3
      },
      {
        "name": "맥키넌",
        "year": 24,
        "team": "삼성",
        "pa": 315,
        "ops": 0.767,
        "avg": 0.294,
        "obp": 0.381,
        "slg": 0.386,
        "rbi": 36,
        "sb": 1,
        "hr": 4
      },
      {
        "name": "강민호",
        "year": 24,
        "team": "삼성",
        "pa": 452,
        "ops": 0.861,
        "avg": 0.303,
        "obp": 0.365,
        "slg": 0.496,
        "rbi": 77,
        "sb": 3,
        "hr": 19
      }
    ]
  },
  {
    "generation": 27,
    "expected_score": 6.46,
    "lineup": [
      "김지찬",
      "맥키넌",
      "김헌곤",
      "구자욱",
      "류지혁",
      "김영웅",
      "이성규",
      "강민호",
      "이재현"
    ],
    "player_stats": [
      {
        "name": "김지찬",
        "year": 24,
        "team": "삼성",
        "pa": 535,
        "ops": 0.789,
        "avg": 0.316,
        "obp": 0.405,
        "slg": 0.384,
        "rbi": 36,
        "sb": 42,
        "hr": 3
      },
      {
        "name": "맥키넌",
        "year": 24,
        "team": "삼성",
        "pa": 315,
        "ops": 0.767,
        "avg": 0.294,
        "obp": 0.381,
        "slg": 0.386,
        "rbi": 36,
        "sb": 1,
        "hr": 4
      },
      {
        "name": "김헌곤",
        "year": 24,
        "team": "삼성",
        "pa": 311,
        "ops": 0.792,
        "avg": 0.302,
        "obp": 0.358,
        "slg": 0.434,
        "rbi": 34,
        "sb": 4,
        "hr": 9
      },
      {
        "name": "구자욱",
        "year": 24,
        "team": "삼성",
        "pa": 568,
        "ops": 1.044,
        "avg": 0.343,
        "obp": 0.417,
        "slg": 0.627,
        "rbi": 115,
        "sb": 13,
        "hr": 33
      },
      {
        "name": "류지혁",
        "year": 24,
        "team": "삼성",
        "pa": 348,
        "ops": 0.666,
        "avg": 0.258,
        "obp": 0.341,
        "slg": 0.325,
        "rbi": 36,
        "sb": 11,
        "hr": 3
      },
      {
        "name": "김영웅",
        "year": 24,
        "team": "삼성",
        "pa": 509,
        "ops": 0.806,
        "avg": 0.252,
        "obp": 0.321,
        "slg": 0.485,
        "rbi": 79,
        "sb": 9,
        "hr": 28
      },
      {
        "name": "이성규",
        "year": 24,
        "team": "삼성",
        "pa": 355,
        "ops": 0.839,
        "avg": 0.242,
        "obp": 0.339,
        "slg": 0.5,
        "rbi": 57,
        "sb": 9,
        "hr": 22
      },
      {
        "name": "강민호",
        "year": 24,
        "team": "삼성",
        "pa": 452,
        "ops": 0.861,
        "avg": 0.303,
        "obp": 0.365,
        "slg": 0.496,
        "rbi": 77,
        "sb": 3,
        "hr": 19
      },
      {
        "name": "이재현",
        "year": 24,
        "team": "삼성",
        "pa": 458,
        "ops": 0.784,
        "avg": 0.26,
        "obp": 0.365,
        "slg": 0.419,
        "rbi": 66,
        "sb": 2,
        "hr": 14
      }
    ]
  },
  {
    "generation": 28,
    "expected_score": 6.93,
    "lineup": [
      "김영웅",
      "맥키넌",
      "김헌곤",
      "구자욱",
      "강민호",
      "김지찬",
      "류지혁",
      "이성규",
      "이재현"
    ],
    "player_stats": [
      {
        "name": "김영웅",
        "year": 24,
        "team": "삼성",
        "pa": 509,
        "ops": 0.806,
        "avg": 0.252,
        "obp": 0.321,
        "slg": 0.485,
        "rbi": 79,
        "sb": 9,
        "hr": 28
      },
      {
        "name": "맥키넌",
        "year": 24,
        "team": "삼성",
        "pa": 315,
        "ops": 0.767,
        "avg": 0.294,
        "obp": 0.381,
        "slg": 0.386,
        "rbi": 36,
        "sb": 1,
        "hr": 4
      },
      {
        "name": "김헌곤",
        "year": 24,
        "team": "삼성",
        "pa": 311,
        "ops": 0.792,
        "avg": 0.302,
        "obp": 0.358,
        "slg": 0.434,
        "rbi": 34,
        "sb": 4,
        "hr": 9
      },
      {
        "name": "구자욱",
        "year": 24,
        "team": "삼성",
        "pa": 568,
        "ops": 1.044,
        "avg": 0.343,
        "obp": 0.417,
        "slg": 0.627,
        "rbi": 115,
        "sb": 13,
        "hr": 33
      },
      {
        "name": "강민호",
        "year": 24,
        "team": "삼성",
        "pa": 452,
        "ops": 0.861,
        "avg": 0.303,
        "obp": 0.365,
        "slg": 0.496,
        "rbi": 77,
        "sb": 3,
        "hr": 19
      },
      {
        "name": "김지찬",
        "year": 24,
        "team": "삼성",
        "pa": 535,
        "ops": 0.789,
        "avg": 0.316,
        "obp": 0.405,
        "slg": 0.384,
        "rbi": 36,
        "sb": 42,
        "hr": 3
      },
      {
        "name": "류지혁",
        "year": 24,
        "team": "삼성",
        "pa": 348,
        "ops": 0.666,
        "avg": 0.258,
        "obp": 0.341,
        "slg": 0.325,
        "rbi": 36,
        "sb": 11,
        "hr": 3
      },
      {
        "name": "이성규",
        "year": 24,
        "team": "삼성",
        "pa": 355,
        "ops": 0.839,
        "avg": 0.242,
        "obp": 0.339,
        "slg": 0.5,
        "rbi": 57,
        "sb": 9,
        "hr": 22
      },
      {
        "name": "이재현",
        "year": 24,
        "team": "삼성",
        "pa": 458,
        "ops": 0.784,
        "avg": 0.26,
        "obp": 0.365,
        "slg": 0.419,
        "rbi": 66,
        "sb": 2,
        "hr": 14
      }
    ]
  },
  {
    "generation": 29,
    "expected_score": 6.525,
    "lineup": [
      "강민호",
      "김영웅",
      "구자욱",
      "맥키넌",
      "김지찬",
      "류지혁",
      "김헌곤",
      "이재현",
      "이성규"
    ],
    "player_stats": [
      {
        "name": "강민호",
        "year": 24,
        "team": "삼성",
        "pa": 452,
        "ops": 0.861,
        "avg": 0.303,
        "obp": 0.365,
        "slg": 0.496,
        "rbi": 77,
        "sb": 3,
        "hr": 19
      },
      {
        "name": "김영웅",
        "year": 24,
        "team": "삼성",
        "pa": 509,
        "ops": 0.806,
        "avg": 0.252,
        "obp": 0.321,
        "slg": 0.485,
        "rbi": 79,
        "sb": 9,
        "hr": 28
      },
      {
        "name": "구자욱",
        "year": 24,
        "team": "삼성",
        "pa": 568,
        "ops": 1.044,
        "avg": 0.343,
        "obp": 0.417,
        "slg": 0.627,
        "rbi": 115,
        "sb": 13,
        "hr": 33
      },
      {
        "name": "맥키넌",
        "year": 24,
        "team": "삼성",
        "pa": 315,
        "ops": 0.767,
        "avg": 0.294,
        "obp": 0.381,
        "slg": 0.386,
        "rbi": 36,
        "sb": 1,
        "hr": 4
      },
      {
        "name": "김지찬",
        "year": 24,
        "team": "삼성",
        "pa": 535,
        "ops": 0.789,
        "avg": 0.316,
        "obp": 0.405,
        "slg": 0.384,
        "rbi": 36,
        "sb": 42,
        "hr": 3
      },
      {
        "name": "류지혁",
        "year": 24,
        "team": "삼성",
        "pa": 348,
        "ops": 0.666,
        "avg": 0.258,
        "obp": 0.341,
        "slg": 0.325,
        "rbi": 36,
        "sb": 11,
        "hr": 3
      },
      {
        "name": "김헌곤",
        "year": 24,
        "team": "삼성",
        "pa": 311,
        "ops": 0.792,
        "avg": 0.302,
        "obp": 0.358,
        "slg": 0.434,
        "rbi": 34,
        "sb": 4,
        "hr": 9
      },
      {
        "name": "이재현",
        "year": 24,
        "team": "삼성",
        "pa": 458,
        "ops": 0.784,
        "avg": 0.26,
        "obp": 0.365,
        "slg": 0.419,
        "rbi": 66,
        "sb": 2,
        "hr": 14
      },
      {
        "name": "이성규",
        "year": 24,
        "team": "삼성",
        "pa": 355,
        "ops": 0.839,
        "avg": 0.242,
        "obp": 0.339,
        "slg": 0.5,
        "rbi": 57,
        "sb": 9,
        "hr": 22
      }
    ]
  },
  {
    "generation": 30,
    "expected_score": 6.605,
    "lineup": [
      "김영웅",
      "맥키넌",
      "구자욱",
      "김헌곤",
      "김지찬",
      "류지혁",
      "이성규",
      "이재현",
      "강민호"
    ],
    "player_stats": [
      {
        "name": "김영웅",
        "year": 24,
        "team": "삼성",
        "pa": 509,
        "ops": 0.806,
        "avg": 0.252,
        "obp": 0.321,
        "slg": 0.485,
        "rbi": 79,
        "sb": 9,
        "hr": 28
      },
      {
        "name": "맥키넌",
        "year": 24,
        "team": "삼성",
        "pa": 315,
        "ops": 0.767,
        "avg": 0.294,
        "obp": 0.381,
        "slg": 0.386,
        "rbi": 36,
        "sb": 1,
        "hr": 4
      },
      {
        "name": "구자욱",
        "year": 24,
        "team": "삼성",
        "pa": 568,
        "ops": 1.044,
        "avg": 0.343,
        "obp": 0.417,
        "slg": 0.627,
        "rbi": 115,
        "sb": 13,
        "hr": 33
      },
      {
        "name": "김헌곤",
        "year": 24,
        "team": "삼성",
        "pa": 311,
        "ops": 0.792,
        "avg": 0.302,
        "obp": 0.358,
        "slg": 0.434,
        "rbi": 34,
        "sb": 4,
        "hr": 9
      },
      {
        "name": "김지찬",
        "year": 24,
        "team": "삼성",
        "pa": 535,
        "ops": 0.789,
        "avg": 0.316,
        "obp": 0.405,
        "slg": 0.384,
        "rbi": 36,
        "sb": 42,
        "hr": 3
      },
      {
        "name": "류지혁",
        "year": 24,
        "team": "삼성",
        "pa": 348,
        "ops": 0.666,
        "avg": 0.258,
        "obp": 0.341,
        "slg": 0.325,
        "rbi": 36,
        "sb": 11,
        "hr": 3
      },
      {
        "name": "이성규",
        "year": 24,
        "team": "삼성",
        "pa": 355,
        "ops": 0.839,
        "avg": 0.242,
        "obp": 0.339,
        "slg": 0.5,
        "rbi": 57,
        "sb": 9,
        "hr": 22
      },
      {
        "name": "이재현",
        "year": 24,
        "team": "삼성",
        "pa": 458,
        "ops": 0.784,
        "avg": 0.26,
        "obp": 0.365,
        "slg": 0.419,
        "rbi": 66,
        "sb": 2,
        "hr": 14
      },
      {
        "name": "강민호",
        "year": 24,
        "team": "삼성",
        "pa": 452,
        "ops": 0.861,
        "avg": 0.303,
        "obp": 0.365,
        "slg": 0.496,
        "rbi": 77,
        "sb": 3,
        "hr": 19
      }
    ]
  }
]