[
  {
    "generation": 1,
    "expected_score": 6.05,
    "lineup": [
      "김태연",
      "장진혁",
      "이도윤",
      "최재훈",
      "황영묵",
      "안치홍",
      "노시환",
      "채은성",
      "페라자"
    ],
    "player_stats": [
      {
        "name": "김태연",
        "year": 24,
        "team": "한화",
        "pa": 472,
        "ops": 0.799,
        "avg": 0.291,
        "obp": 0.363,
        "slg": 0.436,
        "rbi": 61,
        "sb": 5,
        "hr": 12
      },
      {
        "name": "장진혁",
        "year": 24,
        "team": "한화",
        "pa": 327,
        "ops": 0.747,
        "avg": 0.263,
        "obp": 0.335,
        "slg": 0.412,
        "rbi": 44,
        "sb": 14,
        "hr": 9
      },
      {
        "name": "이도윤",
        "year": 24,
        "team": "한화",
        "pa": 374,
        "ops": 0.665,
        "avg": 0.277,
        "obp": 0.332,
        "slg": 0.333,
        "rbi": 46,
        "sb": 6,
        "hr": 1
      },
      {
        "name": "최재훈",
        "year": 24,
        "team": "한화",
        "pa": 348,
        "ops": 0.707,
        "avg": 0.257,
        "obp": 0.371,
        "slg": 0.336,
        "rbi": 37,
        "sb": 0,
        "hr": 4
      },
      {
        "name": "황영묵",
        "year": 24,
        "team": "한화",
        "pa": 389,
        "ops": 0.737,
        "avg": 0.301,
        "obp": 0.365,
        "slg": 0.372,
        "rbi": 35,
        "sb": 4,
        "hr": 3
      },
      {
        "name": "안치홍",
        "year": 24,
        "team": "한화",
        "pa": 533,
        "ops": 0.797,
        "avg": 0.3,
        "obp": 0.37,
        "slg": 0.427,
        "rbi": 66,
        "sb": 3,
        "hr": 13
      },
      {
        "name": "노시환",
        "year": 24,
        "team": "한화",
        "pa": 601,
        "ops": 0.81,
        "avg": 0.272,
        "obp": 0.356,
        "slg": 0.454,
        "rbi": 89,
        "sb": 6,
        "hr": 24
      },
      {
        "name": "채은성",
        "year": 24,
        "team": "한화",
        "pa": 498,
        "ops": 0.814,
        "avg": 0.271,
        "obp": 0.351,
        "slg": 0.463,
        "rbi": 83,
        "sb": 1,
        "hr": 20
      },
      {
        "name": "페라자",
        "year": 24,
        "team": "한화",
        "pa": 522,
        "ops": 0.85,
        "avg": 0.275,
        "obp": 0.364,
        "slg": 0.486,
        "rbi": 70,
        "sb": 7,
        "hr": 24
      }
    ]
  },
  {
    "generation": 2,
    "expected_score": 6.025,
    "lineup": [
      "황영묵",
      "최재훈",
      "노시환",
      "이도윤",
      "김태연",
      "장진혁",
      "페라자",
      "채은성",
      "안치홍"
    ],
    "player_stats": [
      {
        "name": "황영묵",
        "year": 24,
        "team": "한화",
        "pa": 389,
        "ops": 0.737,
        "avg": 0.301,
        "obp": 0.365,
        "slg": 0.372,
        "rbi": 35,
        "sb": 4,
        "hr": 3
      },
      {
        "name": "최재훈",
        "year": 24,
        "team": "한화",
        "pa": 348,
        "ops": 0.707,
        "avg": 0.257,
        "obp": 0.371,
        "slg": 0.336,
        "rbi": 37,
        "sb": 0,
        "hr": 4
      },
      {
        "name": "노시환",
        "year": 24,
        "team": "한화",
        "pa": 601,
        "ops": 0.81,
        "avg": 0.272,
        "obp": 0.356,
        "slg": 0.454,
        "rbi": 89,
        "sb": 6,
        "hr": 24
      },
      {
        "name": "이도윤",
        "year": 24,
        "team": "한화",
        "pa": 374,
        "ops": 0.665,
        "avg": 0.277,
        "obp": 0.332,
        "slg": 0.333,
        "rbi": 46,
        "sb": 6,
        "hr": 1
      },
      {
        "name": "김태연",
        "year": 24,
        "team": "한화",
        "pa": 472,
        "ops": 0.799,
        "avg": 0.291,
        "obp": 0.363,
        "slg": 0.436,
        "rbi": 61,
        "sb": 5,
        "hr": 12
      },
      {
        "name": "장진혁",
        "year": 24,
        "team": "한화",
        "pa": 327,
        "ops": 0.747,
        "avg": 0.263,
        "obp": 0.335,
        "slg": 0.412,
        "rbi": 44,
        "sb": 14,
        "hr": 9
      },
      {
        "name": "페라자",
        "year": 24,
        "team": "한화",
        "pa": 522,
        "ops": 0.85,
        "avg": 0.275,
        "obp": 0.364,
        "slg": 0.486,
        "rbi": 70,
        "sb": 7,
        "hr": 24
      },
      {
        "name": "채은성",
        "year": 24,
        "team": "한화",
        "pa": 498,
        "ops": 0.814,
        "avg": 0.271,
        "obp": 0.351,
        "slg": 0.463,
        "rbi": 83,
        "sb": 1,
        "hr": 20
      },
      {
        "name": "안치홍",
        "year": 24,
        "team": "한화",
        "pa": 533,
        "ops": 0.797,
        "avg": 0.3,
        "obp": 0.37,
        "slg": 0.427,
        "rbi": 66,
        "sb": 3,
        "hr": 13
      }
    ]
  },
  {
    "generation": 3,
    "expected_score": 6.24,
    "lineup": [
      "이도윤",
      "황영묵",
      "페라자",
      "채은성",
      "최재훈",
      "김태연",
      "장진혁",
      "안치홍",
      "노시환"
    ],
    "player_stats": [
      {
        "name": "이도윤",
        "year": 24,
        "team": "한화",
        "pa": 374,
        "ops": 0.665,
        "avg": 0.277,
        "obp": 0.332,
        "slg": 0.333,
        "rbi": 46,
        "sb": 6,
        "hr": 1
      },
      {
        "name": "황영묵",
        "year": 24,
        "team": "한화",
        "pa": 389,
        "ops": 0.737,
        "avg": 0.301,
        "obp": 0.365,
        "slg": 0.372,
        "rbi": 35,
        "sb": 4,
        "hr": 3
      },
      {
        "name": "페라자",
        "year": 24,
        "team": "한화",
        "pa": 522,
        "ops": 0.85,
        "avg": 0.275,
        "obp": 0.364,
        "slg": 0.486,
        "rbi": 70,
        "sb": 7,
        "hr": 24
      },
      {
        "name": "채은성",
        "year": 24,
        "team": "한화",
        "pa": 498,
        "ops": 0.814,
        "avg": 0.271,
        "obp": 0.351,
        "slg": 0.463,
        "rbi": 83,
        "sb": 1,
        "hr": 20
      },
      {
        "name": "최재훈",
        "year": 24,
        "team": "한화",
        "pa": 348,
        "ops": 0.707,
        "avg": 0.257,
        "obp": 0.371,
        "slg": 0.336,
        "rbi": 37,
        "sb": 0,
        "hr": 4
      },
      {
        "name": "김태연",
        "year": 24,
        "team": "한화",
        "pa": 472,
        "ops": 0.799,
        "avg": 0.291,
        "obp": 0.363,
        "slg": 0.436,
        "rbi": 61,
        "sb": 5,
        "hr": 12
      },
      {
        "name": "장진혁",
        "year": 24,
        "team": "한화",
        "pa": 327,
        "ops": 0.747,
        "avg": 0.263,
        "obp": 0.335,
        "slg": 0.412,
        "rbi": 44,
        "sb": 14,
        "hr": 9
      },
      {
        "name": "안치홍",
        "year": 24,
        "team": "한화",
        "pa": 533,
        "ops": 0.797,
        "avg": 0.3,
        "obp": 0.37,
        "slg": 0.427,
        "rbi": 66,
        "sb": 3,
        "hr": 13
      },
      {
        "name": "노시환",
        "year": 24,
        "team": "한화",
        "pa": 601,
        "ops": 0.81,
        "avg": 0.272,
        "obp": 0.356,
        "slg": 0.454,
        "rbi": 89,
        "sb": 6,
        "hr": 24
      }
    ]
  },
  {
    "generation": 4,
    "expected_score": 6.155,
    "lineup": [
      "장진혁",
      "이도윤",
      "최재훈",
      "안치홍",
      "김태연",
      "황영묵",
      "페라자",
      "노시환",
      "채은성"
    ],
    "player_stats": [
      {
        "name": "장진혁",
        "year": 24,
        "team": "한화",
        "pa": 327,
        "ops": 0.747,
        "avg": 0.263,
        "obp": 0.335,
        "slg": 0.412,
        "rbi": 44,
        "sb": 14,
        "hr": 9
      },
      {
        "name": "이도윤",
        "year": 24,
        "team": "한화",
        "pa": 374,
        "ops": 0.665,
        "avg": 0.277,
        "obp": 0.332,
        "slg": 0.333,
        "rbi": 46,
        "sb": 6,
        "hr": 1
      },
      {
        "name": "최재훈",
        "year": 24,
        "team": "한화",
        "pa": 348,
        "ops": 0.707,
        "avg": 0.257,
        "obp": 0.371,
        "slg": 0.336,
        "rbi": 37,
        "sb": 0,
        "hr": 4
      },
      {
        "name": "안치홍",
        "year": 24,
        "team": "한화",
        "pa": 533,
        "ops": 0.797,
        "avg": 0.3,
        "obp": 0.37,
        "slg": 0.427,
        "rbi": 66,
        "sb": 3,
        "hr": 13
      },
      {
        "name": "김태연",
        "year": 24,
        "team": "한화",
        "pa": 472,
        "ops": 0.799,
        "avg": 0.291,
        "obp": 0.363,
        "slg": 0.436,
        "rbi": 61,
        "sb": 5,
        "hr": 12
      },
      {
        "name": "황영묵",
        "year": 24,
        "team": "한화",
        "pa": 389,
        "ops": 0.737,
        "avg": 0.301,
        "obp": 0.365,
        "slg": 0.372,
        "rbi": 35,
        "sb": 4,
        "hr": 3
      },
      {
        "name": "페라자",
        "year": 24,
        "team": "한화",
        "pa": 522,
        "ops": 0.85,
        "avg": 0.275,
        "obp": 0.364,
        "slg": 0.486,
        "rbi": 70,
        "sb": 7,
        "hr": 24
      },
      {
        "name": "노시환",
        "year": 24,
        "team": "한화",
        "pa": 601,
        "ops": 0.81,
        "avg": 0.272,
        "obp": 0.356,
        "slg": 0.454,
        "rbi": 89,
        "sb": 6,
        "hr": 24
      },
      {
        "name": "채은성",
        "year": 24,
        "team": "한화",
        "pa": 498,
        "ops": 0.814,
        "avg": 0.271,
        "obp": 0.351,
        "slg": 0.463,
        "rbi": 83,
        "sb": 1,
        "hr": 20
      }
    ]
  },
  {
    "generation": 5,
    "expected_score": 6.14,
    "lineup": [
      "황영묵",
      "노시환",
      "이도윤",
      "최재훈",
      "김태연",
      "장진혁",
      "페라자",
      "안치홍",
      "채은성"
    ],
    "player_stats": [
      {
        "name": "황영묵",
        "year": 24,
        "team": "한화",
        "pa": 389,
        "ops": 0.737,
        "avg": 0.301,
        "obp": 0.365,
        "slg": 0.372,
        "rbi": 35,
        "sb": 4,
        "hr": 3
      },
      {
        "name": "노시환",
        "year": 24,
        "team": "한화",
        "pa": 601,
        "ops": 0.81,
        "avg": 0.272,
        "obp": 0.356,
        "slg": 0.454,
        "rbi": 89,
        "sb": 6,
        "hr": 24
      },
      {
        "name": "이도윤",
        "year": 24,
        "team": "한화",
        "pa": 374,
        "ops": 0.665,
        "avg": 0.277,
        "obp": 0.332,
        "slg": 0.333,
        "rbi": 46,
        "sb": 6,
        "hr": 1
      },
      {
        "name": "최재훈",
        "year": 24,
        "team": "한화",
        "pa": 348,
        "ops": 0.707,
        "avg": 0.257,
        "obp": 0.371,
        "slg": 0.336,
        "rbi": 37,
        "sb": 0,
        "hr": 4
      },
      {
        "name": "김태연",
        "year": 24,
        "team": "한화",
        "pa": 472,
        "ops": 0.799,
        "avg": 0.291,
        "obp": 0.363,
        "slg": 0.436,
        "rbi": 61,
        "sb": 5,
        "hr": 12
      },
      {
        "name": "장진혁",
        "year": 24,
        "team": "한화",
        "pa": 327,
        "ops": 0.747,
        "avg": 0.263,
        "obp": 0.335,
        "slg": 0.412,
        "rbi": 44,
        "sb": 14,
        "hr": 9
      },
      {
        "name": "페라자",
        "year": 24,
        "team": "한화",
        "pa": 522,
        "ops": 0.85,
        "avg": 0.275,
        "obp": 0.364,
        "slg": 0.486,
        "rbi": 70,
        "sb": 7,
        "hr": 24
      },
      {
        "name": "안치홍",
        "year": 24,
        "team": "한화",
        "pa": 533,
        "ops": 0.797,
        "avg": 0.3,
        "obp": 0.37,
        "slg": 0.427,
        "rbi": 66,
        "sb": 3,
        "hr": 13
      },
      {
        "name": "채은성",
        "year": 24,
        "team": "한화",
        "pa": 498,
        "ops": 0.814,
        "avg": 0.271,
        "obp": 0.351,
        "slg": 0.463,
        "rbi": 83,
        "sb": 1,
        "hr": 20
      }
    ]
  },
  {
    "generation": 6,
    "expected_score": 6.2,
    "lineup": [
      "페라자",
      "장진혁",
      "최재훈",
      "채은성",
      "안치홍",
      "이도윤",
      "김태연",
      "노시환",
      "황영묵"
    ],
    "player_stats": [
      {
        "name": "페라자",
        "year": 24,
        "team": "한화",
        "pa": 522,
        "ops": 0.85,
        "avg": 0.275,
        "obp": 0.364,
        "slg": 0.486,
        "rbi": 70,
        "sb": 7,
        "hr": 24
      },
      {
        "name": "장진혁",
        "year": 24,
        "team": "한화",
        "pa": 327,
        "ops": 0.747,
        "avg": 0.263,
        "obp": 0.335,
        "slg": 0.412,
        "rbi": 44,
        "sb": 14,
        "hr": 9
      },
      {
        "name": "최재훈",
        "year": 24,
        "team": "한화",
        "pa": 348,
        "ops": 0.707,
        "avg": 0.257,
        "obp": 0.371,
        "slg": 0.336,
        "rbi": 37,
        "sb": 0,
        "hr": 4
      },
      {
        "name": "채은성",
        "year": 24,
        "team": "한화",
        "pa": 498,
        "ops": 0.814,
        "avg": 0.271,
        "obp": 0.351,
        "slg": 0.463,
        "rbi": 83,
        "sb": 1,
        "hr": 20
      },
      {
        "name": "안치홍",
        "year": 24,
        "team": "한화",
        "pa": 533,
        "ops": 0.797,
        "avg": 0.3,
        "obp": 0.37,
        "slg": 0.427,
        "rbi": 66,
        "sb": 3,
        "hr": 13
      },
      {
        "name": "이도윤",
        "year": 24,
        "team": "한화",
        "pa": 374,
        "ops": 0.665,
        "avg": 0.277,
        "obp": 0.332,
        "slg": 0.333,
        "rbi": 46,
        "sb": 6,
        "hr": 1
      },
      {
        "name": "김태연",
        "year": 24,
        "team": "한화",
        "pa": 472,
        "ops": 0.799,
        "avg": 0.291,
        "obp": 0.363,
        "slg": 0.436,
        "rbi": 61,
        "sb": 5,
        "hr": 12
      },
      {
        "name": "노시환",
        "year": 24,
        "team": "한화",
        "pa": 601,
        "ops": 0.81,
        "avg": 0.272,
        "obp": 0.356,
        "slg": 0.454,
        "rbi": 89,
        "sb": 6,
        "hr": 24
      },
      {
        "name": "황영묵",
        "year": 24,
        "team": "한화",
        "pa": 389,
        "ops": 0.737,
        "avg": 0.301,
        "obp": 0.365,
        "slg": 0.372,
        "rbi": 35,
        "sb": 4,
        "hr": 3
      }
    ]
  },
  {
    "generation": 7,
    "expected_score": 6.04,
    "lineup": [
      "노시환",
      "황영묵",
      "채은성",
      "페라자",
      "최재훈",
      "이도윤",
      "장진혁",
      "안치홍",
      "김태연"
    ],
    "player_stats": [
      {
        "name": "노시환",
        "year": 24,
        "team": "한화",
        "pa": 601,
        "ops": 0.81,
        "avg": 0.272,
        "obp": 0.356,
        "slg": 0.454,
        "rbi": 89,
        "sb": 6,
        "hr": 24
      },
      {
        "name": "황영묵",
        "year": 24,
        "team": "한화",
        "pa": 389,
        "ops": 0.737,
        "avg": 0.301,
        "obp": 0.365,
        "slg": 0.372,
        "rbi": 35,
        "sb": 4,
        "hr": 3
      },
      {
        "name": "채은성",
        "year": 24,
        "team": "한화",
        "pa": 498,
        "ops": 0.814,
        "avg": 0.271,
        "obp": 0.351,
        "slg": 0.463,
        "rbi": 83,
        "sb": 1,
        "hr": 20
      },
      {
        "name": "페라자",
        "year": 24,
        "team": "한화",
        "pa": 522,
        "ops": 0.85,
        "avg": 0.275,
        "obp": 0.364,
        "slg": 0.486,
        "rbi": 70,
        "sb": 7,
        "hr": 24
      },
      {
        "name": "최재훈",
        "year": 24,
        "team": "한화",
        "pa": 348,
        "ops": 0.707,
        "avg": 0.257,
        "obp": 0.371,
        "slg": 0.336,
        "rbi": 37,
        "sb": 0,
        "hr": 4
      },
      {
        "name": "이도윤",
        "year": 24,
        "team": "한화",
        "pa": 374,
        "ops": 0.665,
        "avg": 0.277,
        "obp": 0.332,
        "slg": 0.333,
        "rbi": 46,
        "sb": 6,
        "hr": 1
      },
      {
        "name": "장진혁",
        "year": 24,
        "team": "한화",
        "pa": 327,
        "ops": 0.747,
        "avg": 0.263,
        "obp": 0.335,
        "slg": 0.412,
        "rbi": 44,
        "sb": 14,
        "hr": 9
      },
      {
        "name": "안치홍",
        "year": 24,
        "team": "한화",
        "pa": 533,
        "ops": 0.797,
        "avg": 0.3,
        "obp": 0.37,
        "slg": 0.427,
        "rbi": 66,
        "sb": 3,
        "hr": 13
      },
      {
        "name": "김태연",
        "year": 24,
        "team": "한화",
        "pa": 472,
        "ops": 0.799,
        "avg": 0.291,
        "obp": 0.363,
        "slg": 0.436,
        "rbi": 61,
        "sb": 5,
        "hr": 12
      }
    ]
  },
  {
    "generation": 8,
    "expected_score": 5.925,
    "lineup": [
      "노시환",
      "황영묵",
      "채은성",
      "페라자",
      "최재훈",
      "이도윤",
      "장진혁",
      "안치홍",
      "김태연"
    ],
    "player_stats": [
      {
        "name": "노시환",
        "year": 24,
        "team": "한화",
        "pa": 601,
        "ops": 0.81,
        "avg": 0.272,
        "obp": 0.356,
        "slg": 0.454,
        "rbi": 89,
        "sb": 6,
        "hr": 24
      },
      {
        "name": "황영묵",
        "year": 24,
        "team": "한화",
        "pa": 389,
        "ops": 0.737,
        "avg": 0.301,
        "obp": 0.365,
        "slg": 0.372,
        "rbi": 35,
        "sb": 4,
        "hr": 3
      },
      {
        "name": "채은성",
        "year": 24,
        "team": "한화",
        "pa": 498,
        "ops": 0.814,
        "avg": 0.271,
        "obp": 0.351,
        "slg": 0.463,
        "rbi": 83,
        "sb": 1,
        "hr": 20
      },
      {
        "name": "페라자",
        "year": 24,
        "team": "한화",
        "pa": 522,
        "ops": 0.85,
        "avg": 0.275,
        "obp": 0.364,
        "slg": 0.486,
        "rbi": 70,
        "sb": 7,
        "hr": 24
      },
      {
        "name": "최재훈",
        "year": 24,
        "team": "한화",
        "pa": 348,
        "ops": 0.707,
        "avg": 0.257,
        "obp": 0.371,
        "slg": 0.336,
        "rbi": 37,
        "sb": 0,
        "hr": 4
      },
      {
        "name": "이도윤",
        "year": 24,
        "team": "한화",
        "pa": 374,
        "ops": 0.665,
        "avg": 0.277,
        "obp": 0.332,
        "slg": 0.333,
        "rbi": 46,
        "sb": 6,
        "hr": 1
      },
      {
        "name": "장진혁",
        "year": 24,
        "team": "한화",
        "pa": 327,
        "ops": 0.747,
        "avg": 0.263,
        "obp": 0.335,
        "slg": 0.412,
        "rbi": 44,
        "sb": 14,
        "hr": 9
      },
      {
        "name": "안치홍",
        "year": 24,
        "team": "한화",
        "pa": 533,
        "ops": 0.797,
        "avg": 0.3,
        "obp": 0.37,
        "slg": 0.427,
        "rbi": 66,
        "sb": 3,
        "hr": 13
      },
      {
        "name": "김태연",
        "year": 24,
        "team": "한화",
        "pa": 472,
        "ops": 0.799,
        "avg": 0.291,
        "obp": 0.363,
        "slg": 0.436,
        "rbi": 61,
        "sb": 5,
        "hr": 12
      }
    ]
  },
  {
    "generation": 9,
    "expected_score": 6.075,
    "lineup": [
      "페라자",
      "장진혁",
      "최재훈",
      "채은성",
      "황영묵",
      "이도윤",
      "노시환",
      "안치홍",
      "김태연"
    ],
    "player_stats": [
      {
        "name": "페라자",
        "year": 24,
        "team": "한화",
        "pa": 522,
        "ops": 0.85,
        "avg": 0.275,
        "obp": 0.364,
        "slg": 0.486,
        "rbi": 70,
        "sb": 7,
        "hr": 24
      },
      {
        "name": "장진혁",
        "year": 24,
        "team": "한화",
        "pa": 327,
        "ops": 0.747,
        "avg": 0.263,
        "obp": 0.335,
        "slg": 0.412,
        "rbi": 44,
        "sb": 14,
        "hr": 9
      },
      {
        "name": "최재훈",
        "year": 24,
        "team": "한화",
        "pa": 348,
        "ops": 0.707,
        "avg": 0.257,
        "obp": 0.371,
        "slg": 0.336,
        "rbi": 37,
        "sb": 0,
        "hr": 4
      },
      {
        "name": "채은성",
        "year": 24,
        "team": "한화",
        "pa": 498,
        "ops": 0.814,
        "avg": 0.271,
        "obp": 0.351,
        "slg": 0.463,
        "rbi": 83,
        "sb": 1,
        "hr": 20
      },
      {
        "name": "황영묵",
        "year": 24,
        "team": "한화",
        "pa": 389,
        "ops": 0.737,
        "avg": 0.301,
        "obp": 0.365,
        "slg": 0.372,
        "rbi": 35,
        "sb": 4,
        "hr": 3
      },
      {
        "name": "이도윤",
        "year": 24,
        "team": "한화",
        "pa": 374,
        "ops": 0.665,
        "avg": 0.277,
        "obp": 0.332,
        "slg": 0.333,
        "rbi": 46,
        "sb": 6,
        "hr": 1
      },
      {
        "name": "노시환",
        "year": 24,
        "team": "한화",
        "pa": 601,
        "ops": 0.81,
        "avg": 0.272,
        "obp": 0.356,
        "slg": 0.454,
        "rbi": 89,
        "sb": 6,
        "hr": 24
      },
      {
        "name": "안치홍",
        "year": 24,
        "team": "한화",
        "pa": 533,
        "ops": 0.797,
        "avg": 0.3,
        "obp": 0.37,
        "slg": 0.427,
        "rbi": 66,
        "sb": 3,
        "hr": 13
      },
      {
        "name": "김태연",
        "year": 24,
        "team": "한화",
        "pa": 472,
        "ops": 0.799,
        "avg": 0.291,
        "obp": 0.363,
        "slg": 0.436,
        "rbi": 61,
        "sb": 5,
        "hr": 12
      }
    ]
  },
  {
    "generation": 10,
    "expected_score": 6.025,
    "lineup": [
      "노시환",
      "황영묵",
      "안치홍",
      "김태연",
      "채은성",
      "페라자",
      "이도윤",
      "최재훈",
      "장진혁"
    ],
    "player_stats": [
      {
        "name": "노시환",
        "year": 24,
        "team": "한화",
        "pa": 601,
        "ops": 0.81,
        "avg": 0.272,
        "obp": 0.356,
        "slg": 0.454,
        "rbi": 89,
        "sb": 6,
        "hr": 24
      },
      {
        "name": "황영묵",
        "year": 24,
        "team": "한화",
        "pa": 389,
        "ops": 0.737,
        "avg": 0.301,
        "obp": 0.365,
        "slg": 0.372,
        "rbi": 35,
        "sb": 4,
        "hr": 3
      },
      {
        "name": "안치홍",
        "year": 24,
        "team": "한화",
        "pa": 533,
        "ops": 0.797,
        "avg": 0.3,
        "obp": 0.37,
        "slg": 0.427,
        "rbi": 66,
        "sb": 3,
        "hr": 13
      },
      {
        "name": "김태연",
        "year": 24,
        "team": "한화",
        "pa": 472,
        "ops": 0.799,
        "avg": 0.291,
        "obp": 0.363,
        "slg": 0.436,
        "rbi": 61,
        "sb": 5,
        "hr": 12
      },
      {
        "name": "채은성",
        "year": 24,
        "team": "한화",
        "pa": 498,
        "ops": 0.814,
        "avg": 0.271,
        "obp": 0.351,
        "slg": 0.463,
        "rbi": 83,
        "sb": 1,
        "hr": 20
      },
      {
        "name": "페라자",
        "year": 24,
        "team": "한화",
        "pa": 522,
        "ops": 0.85,
        "avg": 0.275,
        "obp": 0.364,
        "slg": 0.486,
        "rbi": 70,
        "sb": 7,
        "hr": 24
      },
      {
        "name": "이도윤",
        "year": 24,
        "team": "한화",
        "pa": 374,
        "ops": 0.665,
        "avg": 0.277,
        "obp": 0.332,
        "slg": 0.333,
        "rbi": 46,
        "sb": 6,
        "hr": 1
      },
      {
        "name": "최재훈",
        "year": 24,
        "team": "한화",
        "pa": 348,
        "ops": 0.707,
        "avg": 0.257,
        "obp": 0.371,
        "slg": 0.336,
        "rbi": 37,
        "sb": 0,
        "hr": 4
      },
      {
        "name": "장진혁",
        "year": 24,
        "team": "한화",
        "pa": 327,
        "ops": 0.747,
        "avg": 0.263,
        "obp": 0.335,
        "slg": 0.412,
        "rbi": 44,
        "sb": 14,
        "hr": 9
      }
    ]
  },
  {
    "generation": 11,
    "expected_score": 6.155,
    "lineup": [
      "페라자",
      "노시환",
      "안치홍",
      "황영묵",
      "김태연",
      "채은성",
      "최재훈",
      "이도윤",
      "장진혁"
    ],
    "player_stats": [
      {
        "name": "페라자",
        "year": 24,
        "team": "한화",
        "pa": 522,
        "ops": 0.85,
        "avg": 0.275,
        "obp": 0.364,
        "slg": 0.486,
        "rbi": 70,
        "sb": 7,
        "hr": 24
      },
      {
        "name": "노시환",
        "year": 24,
        "team": "한화",
        "pa": 601,
        "ops": 0.81,
        "avg": 0.272,
        "obp": 0.356,
        "slg": 0.454,
        "rbi": 89,
        "sb": 6,
        "hr": 24
      },
      {
        "name": "안치홍",
        "year": 24,
        "team": "한화",
        "pa": 533,
        "ops": 0.797,
        "avg": 0.3,
        "obp": 0.37,
        "slg": 0.427,
        "rbi": 66,
        "sb": 3,
        "hr": 13
      },
      {
        "name": "황영묵",
        "year": 24,
        "team": "한화",
        "pa": 389,
        "ops": 0.737,
        "avg": 0.301,
        "obp": 0.365,
        "slg": 0.372,
        "rbi": 35,
        "sb": 4,
        "hr": 3
      },
      {
        "name": "김태연",
        "year": 24,
        "team": "한화",
        "pa": 472,
        "ops": 0.799,
        "avg": 0.291,
        "obp": 0.363,
        "slg": 0.436,
        "rbi": 61,
        "sb": 5,
        "hr": 12
      },
      {
        "name": "채은성",
        "year": 24,
        "team": "한화",
        "pa": 498,
        "ops": 0.814,
        "avg": 0.271,
        "obp": 0.351,
        "slg": 0.463,
        "rbi": 83,
        "sb": 1,
        "hr": 20
      },
      {
        "name": "최재훈",
        "year": 24,
        "team": "한화",
        "pa": 348,
        "ops": 0.707,
        "avg": 0.257,
        "obp": 0.371,
        "slg": 0.336,
        "rbi": 37,
        "sb": 0,
        "hr": 4
      },
      {
        "name": "이도윤",
        "year": 24,
        "team": "한화",
        "pa": 374,
        "ops": 0.665,
        "avg": 0.277,
        "obp": 0.332,
        "slg": 0.333,
        "rbi": 46,
        "sb": 6,
        "hr": 1
      },
      {
        "name": "장진혁",
        "year": 24,
        "team": "한화",
        "pa": 327,
        "ops": 0.747,
        "avg": 0.263,
        "obp": 0.335,
        "slg": 0.412,
        "rbi": 44,
        "sb": 14,
        "hr": 9
      }
    ]
  },
  {
    "generation": 12,
    "expected_score": 6.115,
    "lineup": [
      "노시환",
      "황영묵",
      "채은성",
      "페라자",
      "최재훈",
      "김태연",
      "안치홍",
      "장진혁",
      "이도윤"
    ],
    "player_stats": [
      {
        "name": "노시환",
        "year": 24,
        "team": "한화",
        "pa": 601,
        "ops": 0.81,
        "avg": 0.272,
        "obp": 0.356,
        "slg": 0.454,
        "rbi": 89,
        "sb": 6,
        "hr": 24
      },
      {
        "name": "황영묵",
        "year": 24,
        "team": "한화",
        "pa": 389,
        "ops": 0.737,
        "avg": 0.301,
        "obp": 0.365,
        "slg": 0.372,
        "rbi": 35,
        "sb": 4,
        "hr": 3
      },
      {
        "name": "채은성",
        "year": 24,
        "team": "한화",
        "pa": 498,
        "ops": 0.814,
        "avg": 0.271,
        "obp": 0.351,
        "slg": 0.463,
        "rbi": 83,
        "sb": 1,
        "hr": 20
      },
      {
        "name": "페라자",
        "year": 24,
        "team": "한화",
        "pa": 522,
        "ops": 0.85,
        "avg": 0.275,
        "obp": 0.364,
        "slg": 0.486,
        "rbi": 70,
        "sb": 7,
        "hr": 24
      },
      {
        "name": "최재훈",
        "year": 24,
        "team": "한화",
        "pa": 348,
        "ops": 0.707,
        "avg": 0.257,
        "obp": 0.371,
        "slg": 0.336,
        "rbi": 37,
        "sb": 0,
        "hr": 4
      },
      {
        "name": "김태연",
        "year": 24,
        "team": "한화",
        "pa": 472,
        "ops": 0.799,
        "avg": 0.291,
        "obp": 0.363,
        "slg": 0.436,
        "rbi": 61,
        "sb": 5,
        "hr": 12
      },
      {
        "name": "안치홍",
        "year": 24,
        "team": "한화",
        "pa": 533,
        "ops": 0.797,
        "avg": 0.3,
        "obp": 0.37,
        "slg": 0.427,
        "rbi": 66,
        "sb": 3,
        "hr": 13
      },
      {
        "name": "장진혁",
        "year": 24,
        "team": "한화",
        "pa": 327,
        "ops": 0.747,
        "avg": 0.263,
        "obp": 0.335,
        "slg": 0.412,
        "rbi": 44,
        "sb": 14,
        "hr": 9
      },
      {
        "name": "이도윤",
        "year": 24,
        "team": "한화",
        "pa": 374,
        "ops": 0.665,
        "avg": 0.277,
        "obp": 0.332,
        "slg": 0.333,
        "rbi": 46,
        "sb": 6,
        "hr": 1
      }
    ]
  },
  {
    "generation": 13,
    "expected_score": 6.205,
    "lineup": [
      "페라자",
      "장진혁",
      "채은성",
      "황영묵",
      "최재훈",
      "노시환",
      "김태연",
      "이도윤",
      "안치홍"
    ],
    "player_stats": [
      {
        "name": "페라자",
        "year": 24,
        "team": "한화",
        "pa": 522,
        "ops": 0.85,
        "avg": 0.275,
        "obp": 0.364,
        "slg": 0.486,
        "rbi": 70,
        "sb": 7,
        "hr": 24
      },
      {
        "name": "장진혁",
        "year": 24,
        "team": "한화",
        "pa": 327,
        "ops": 0.747,
        "avg": 0.263,
        "obp": 0.335,
        "slg": 0.412,
        "rbi": 44,
        "sb": 14,
        "hr": 9
      },
      {
        "name": "채은성",
        "year": 24,
        "team": "한화",
        "pa": 498,
        "ops": 0.814,
        "avg": 0.271,
        "obp": 0.351,
        "slg": 0.463,
        "rbi": 83,
        "sb": 1,
        "hr": 20
      },
      {
        "name": "황영묵",
        "year": 24,
        "team": "한화",
        "pa": 389,
        "ops": 0.737,
        "avg": 0.301,
        "obp": 0.365,
        "slg": 0.372,
        "rbi": 35,
        "sb": 4,
        "hr": 3
      },
      {
        "name": "최재훈",
        "year": 24,
        "team": "한화",
        "pa": 348,
        "ops": 0.707,
        "avg": 0.257,
        "obp": 0.371,
        "slg": 0.336,
        "rbi": 37,
        "sb": 0,
        "hr": 4
      },
      {
        "name": "노시환",
        "year": 24,
        "team": "한화",
        "pa": 601,
        "ops": 0.81,
        "avg": 0.272,
        "obp": 0.356,
        "slg": 0.454,
        "rbi": 89,
        "sb": 6,
        "hr": 24
      },
      {
        "name": "김태연",
        "year": 24,
        "team": "한화",
        "pa": 472,
        "ops": 0.799,
        "avg": 0.291,
        "obp": 0.363,
        "slg": 0.436,
        "rbi": 61,
        "sb": 5,
        "hr": 12
      },
      {
        "name": "이도윤",
        "year": 24,
        "team": "한화",
        "pa": 374,
        "ops": 0.665,
        "avg": 0.277,
        "obp": 0.332,
        "slg": 0.333,
        "rbi": 46,
        "sb": 6,
        "hr": 1
      },
      {
        "name": "안치홍",
        "year": 24,
        "team": "한화",
        "pa": 533,
        "ops": 0.797,
        "avg": 0.3,
        "obp": 0.37,
        "slg": 0.427,
        "rbi": 66,
        "sb": 3,
        "hr": 13
      }
    ]
  },
  {
    "generation": 14,
    "expected_score": 6.01,
    "lineup": [
      "최재훈",
      "김태연",
      "노시환",
      "장진혁",
      "황영묵",
      "안치홍",
      "페라자",
      "채은성",
      "이도윤"
    ],
    "player_stats": [
      {
        "name": "최재훈",
        "year": 24,
        "team": "한화",
        "pa": 348,
        "ops": 0.707,
        "avg": 0.257,
        "obp": 0.371,
        "slg": 0.336,
        "rbi": 37,
        "sb": 0,
        "hr": 4
      },
      {
        "name": "김태연",
        "year": 24,
        "team": "한화",
        "pa": 472,
        "ops": 0.799,
        "avg": 0.291,
        "obp": 0.363,
        "slg": 0.436,
        "rbi": 61,
        "sb": 5,
        "hr": 12
      },
      {
        "name": "노시환",
        "year": 24,
        "team": "한화",
        "pa": 601,
        "ops": 0.81,
        "avg": 0.272,
        "obp": 0.356,
        "slg": 0.454,
        "rbi": 89,
        "sb": 6,
        "hr": 24
      },
      {
        "name": "장진혁",
        "year": 24,
        "team": "한화",
        "pa": 327,
        "ops": 0.747,
        "avg": 0.263,
        "obp": 0.335,
        "slg": 0.412,
        "rbi": 44,
        "sb": 14,
        "hr": 9
      },
      {
        "name": "황영묵",
        "year": 24,
        "team": "한화",
        "pa": 389,
        "ops": 0.737,
        "avg": 0.301,
        "obp": 0.365,
        "slg": 0.372,
        "rbi": 35,
        "sb": 4,
        "hr": 3
      },
      {
        "name": "안치홍",
        "year": 24,
        "team": "한화",
        "pa": 533,
        "ops": 0.797,
        "avg": 0.3,
        "obp": 0.37,
        "slg": 0.427,
        "rbi": 66,
        "sb": 3,
        "hr": 13
      },
      {
        "name": "페라자",
        "year": 24,
        "team": "한화",
        "pa": 522,
        "ops": 0.85,
        "avg": 0.275,
        "obp": 0.364,
        "slg": 0.486,
        "rbi": 70,
        "sb": 7,
        "hr": 24
      },
      {
        "name": "채은성",
        "year": 24,
        "team": "한화",
        "pa": 498,
        "ops": 0.814,
        "avg": 0.271,
        "obp": 0.351,
        "slg": 0.463,
        "rbi": 83,
        "sb": 1,
        "hr": 20
      },
      {
        "name": "이도윤",
        "year": 24,
        "team": "한화",
        "pa": 374,
        "ops": 0.665,
        "avg": 0.277,
        "obp": 0.332,
        "slg": 0.333,
        "rbi": 46,
        "sb": 6,
        "hr": 1
      }
    ]
  },
  {
    "generation": 15,
    "expected_score": 6.16,
    "lineup": [
      "노시환",
      "황영묵",
      "김태연",
      "페라자",
      "최재훈",
      "이도윤",
      "안치홍",
      "채은성",
      "장진혁"
    ],
    "player_stats": [
      {
        "name": "노시환",
        "year": 24,
        "team": "한화",
        "pa": 601,
        "ops": 0.81,
        "avg": 0.272,
        "obp": 0.356,
        "slg": 0.454,
        "rbi": 89,
        "sb": 6,
        "hr": 24
      },
      {
        "name": "황영묵",
        "year": 24,
        "team": "한화",
        "pa": 389,
        "ops": 0.737,
        "avg": 0.301,
        "obp": 0.365,
        "slg": 0.372,
        "rbi": 35,
        "sb": 4,
        "hr": 3
      },
      {
        "name": "김태연",
        "year": 24,
        "team": "한화",
        "pa": 472,
        "ops": 0.799,
        "avg": 0.291,
        "obp": 0.363,
        "slg": 0.436,
        "rbi": 61,
        "sb": 5,
        "hr": 12
      },
      {
        "name": "페라자",
        "year": 24,
        "team": "한화",
        "pa": 522,
        "ops": 0.85,
        "avg": 0.275,
        "obp": 0.364,
        "slg": 0.486,
        "rbi": 70,
        "sb": 7,
        "hr": 24
      },
      {
        "name": "최재훈",
        "year": 24,
        "team": "한화",
        "pa": 348,
        "ops": 0.707,
        "avg": 0.257,
        "obp": 0.371,
        "slg": 0.336,
        "rbi": 37,
        "sb": 0,
        "hr": 4
      },
      {
        "name": "이도윤",
        "year": 24,
        "team": "한화",
        "pa": 374,
        "ops": 0.665,
        "avg": 0.277,
        "obp": 0.332,
        "slg": 0.333,
        "rbi": 46,
        "sb": 6,
        "hr": 1
      },
      {
        "name": "안치홍",
        "year": 24,
        "team": "한화",
        "pa": 533,
        "ops": 0.797,
        "avg": 0.3,
        "obp": 0.37,
        "slg": 0.427,
        "rbi": 66,
        "sb": 3,
        "hr": 13
      },
      {
        "name": "채은성",
        "year": 24,
        "team": "한화",
        "pa": 498,
        "ops": 0.814,
        "avg": 0.271,
        "obp": 0.351,
        "slg": 0.463,
        "rbi": 83,
        "sb": 1,
        "hr": 20
      },
      {
        "name": "장진혁",
        "year": 24,
        "team": "한화",
        "pa": 327,
        "ops": 0.747,
        "avg": 0.263,
        "obp": 0.335,
        "slg": 0.412,
        "rbi": 44,
        "sb": 14,
        "hr": 9
      }
    ]
  },
  {
    "generation": 16,
    "expected_score": 6.33,
    "lineup": [
      "최재훈",
      "노시환",
      "김태연",
      "장진혁",
      "황영묵",
      "안치홍",
      "이도윤",
      "페라자",
      "채은성"
    ],
    "player_stats": [
      {
        "name": "최재훈",
        "year": 24,
        "team": "한화",
        "pa": 348,
        "ops": 0.707,
        "avg": 0.257,
        "obp": 0.371,
        "slg": 0.336,
        "rbi": 37,
        "sb": 0,
        "hr": 4
      },
      {
        "name": "노시환",
        "year": 24,
        "team": "한화",
        "pa": 601,
        "ops": 0.81,
        "avg": 0.272,
        "obp": 0.356,
        "slg": 0.454,
        "rbi": 89,
        "sb": 6,
        "hr": 24
      },
      {
        "name": "김태연",
        "year": 24,
        "team": "한화",
        "pa": 472,
        "ops": 0.799,
        "avg": 0.291,
        "obp": 0.363,
        "slg": 0.436,
        "rbi": 61,
        "sb": 5,
        "hr": 12
      },
      {
        "name": "장진혁",
        "year": 24,
        "team": "한화",
        "pa": 327,
        "ops": 0.747,
        "avg": 0.263,
        "obp": 0.335,
        "slg": 0.412,
        "rbi": 44,
        "sb": 14,
        "hr": 9
      },
      {
        "name": "황영묵",
        "year": 24,
        "team": "한화",
        "pa": 389,
        "ops": 0.737,
        "avg": 0.301,
        "obp": 0.365,
        "slg": 0.372,
        "rbi": 35,
        "sb": 4,
        "hr": 3
      },
      {
        "name": "안치홍",
        "year": 24,
        "team": "한화",
        "pa": 533,
        "ops": 0.797,
        "avg": 0.3,
        "obp": 0.37,
        "slg": 0.427,
        "rbi": 66,
        "sb": 3,
        "hr": 13
      },
      {
        "name": "이도윤",
        "year": 24,
        "team": "한화",
        "pa": 374,
        "ops": 0.665,
        "avg": 0.277,
        "obp": 0.332,
        "slg": 0.333,
        "rbi": 46,
        "sb": 6,
        "hr": 1
      },
      {
        "name": "페라자",
        "year": 24,
        "team": "한화",
        "pa": 522,
        "ops": 0.85,
        "avg": 0.275,
        "obp": 0.364,
        "slg": 0.486,
        "rbi": 70,
        "sb": 7,
        "hr": 24
      },
      {
        "name": "채은성",
        "year": 24,
        "team": "한화",
        "pa": 498,
        "ops": 0.814,
        "avg": 0.271,
        "obp": 0.351,
        "slg": 0.463,
        "rbi": 83,
        "sb": 1,
        "hr": 20
      }
    ]
  },
  {
    "generation": 17,
    "expected_score": 6.015,
    "lineup": [
      "최재훈",
      "노시환",
      "김태연",
      "장진혁",
      "황영묵",
      "안치홍",
      "이도윤",
      "페라자",
      "채은성"
    ],
    "player_stats": [
      {
        "name": "최재훈",
        "year": 24,
        "team": "한화",
        "pa": 348,
        "ops": 0.707,
        "avg": 0.257,
        "obp": 0.371,
        "slg": 0.336,
        "rbi": 37,
        "sb": 0,
        "hr": 4
      },
      {
        "name": "노시환",
        "year": 24,
        "team": "한화",
        "pa": 601,
        "ops": 0.81,
        "avg": 0.272,
        "obp": 0.356,
        "slg": 0.454,
        "rbi": 89,
        "sb": 6,
        "hr": 24
      },
      {
        "name": "김태연",
        "year": 24,
        "team": "한화",
        "pa": 472,
        "ops": 0.799,
        "avg": 0.291,
        "obp": 0.363,
        "slg": 0.436,
        "rbi": 61,
        "sb": 5,
        "hr": 12
      },
      {
        "name": "장진혁",
        "year": 24,
        "team": "한화",
        "pa": 327,
        "ops": 0.747,
        "avg": 0.263,
        "obp": 0.335,
        "slg": 0.412,
        "rbi": 44,
        "sb": 14,
        "hr": 9
      },
      {
        "name": "황영묵",
        "year": 24,
        "team": "한화",
        "pa": 389,
        "ops": 0.737,
        "avg": 0.301,
        "obp": 0.365,
        "slg": 0.372,
        "rbi": 35,
        "sb": 4,
        "hr": 3
      },
      {
        "name": "안치홍",
        "year": 24,
        "team": "한화",
        "pa": 533,
        "ops": 0.797,
        "avg": 0.3,
        "obp": 0.37,
        "slg": 0.427,
        "rbi": 66,
        "sb": 3,
        "hr": 13
      },
      {
        "name": "이도윤",
        "year": 24,
        "team": "한화",
        "pa": 374,
        "ops": 0.665,
        "avg": 0.277,
        "obp": 0.332,
        "slg": 0.333,
        "rbi": 46,
        "sb": 6,
        "hr": 1
      },
      {
        "name": "페라자",
        "year": 24,
        "team": "한화",
        "pa": 522,
        "ops": 0.85,
        "avg": 0.275,
        "obp": 0.364,
        "slg": 0.486,
        "rbi": 70,
        "sb": 7,
        "hr": 24
      },
      {
        "name": "채은성",
        "year": 24,
        "team": "한화",
        "pa": 498,
        "ops": 0.814,
        "avg": 0.271,
        "obp": 0.351,
        "slg": 0.463,
        "rbi": 83,
        "sb": 1,
        "hr": 20
      }
    ]
  },
  {
    "generation": 18,
    "expected_score": 6.28,
    "lineup": [
      "최재훈",
      "노시환",
      "김태연",
      "장진혁",
      "황영묵",
      "안치홍",
      "이도윤",
      "페라자",
      "채은성"
    ],
    "player_stats": [
      {
        "name": "최재훈",
        "year": 24,
        "team": "한화",
        "pa": 348,
        "ops": 0.707,
        "avg": 0.257,
        "obp": 0.371,
        "slg": 0.336,
        "rbi": 37,
        "sb": 0,
        "hr": 4
      },
      {
        "name": "노시환",
        "year": 24,
        "team": "한화",
        "pa": 601,
        "ops": 0.81,
        "avg": 0.272,
        "obp": 0.356,
        "slg": 0.454,
        "rbi": 89,
        "sb": 6,
        "hr": 24
      },
      {
        "name": "김태연",
        "year": 24,
        "team": "한화",
        "pa": 472,
        "ops": 0.799,
        "avg": 0.291,
        "obp": 0.363,
        "slg": 0.436,
        "rbi": 61,
        "sb": 5,
        "hr": 12
      },
      {
        "name": "장진혁",
        "year": 24,
        "team": "한화",
        "pa": 327,
        "ops": 0.747,
        "avg": 0.263,
        "obp": 0.335,
        "slg": 0.412,
        "rbi": 44,
        "sb": 14,
        "hr": 9
      },
      {
        "name": "황영묵",
        "year": 24,
        "team": "한화",
        "pa": 389,
        "ops": 0.737,
        "avg": 0.301,
        "obp": 0.365,
        "slg": 0.372,
        "rbi": 35,
        "sb": 4,
        "hr": 3
      },
      {
        "name": "안치홍",
        "year": 24,
        "team": "한화",
        "pa": 533,
        "ops": 0.797,
        "avg": 0.3,
        "obp": 0.37,
        "slg": 0.427,
        "rbi": 66,
        "sb": 3,
        "hr": 13
      },
      {
        "name": "이도윤",
        "year": 24,
        "team": "한화",
        "pa": 374,
        "ops": 0.665,
        "avg": 0.277,
        "obp": 0.332,
        "slg": 0.333,
        "rbi": 46,
        "sb": 6,
        "hr": 1
      },
      {
        "name": "페라자",
        "year": 24,
        "team": "한화",
        "pa": 522,
        "ops": 0.85,
        "avg": 0.275,
        "obp": 0.364,
        "slg": 0.486,
        "rbi": 70,
        "sb": 7,
        "hr": 24
      },
      {
        "name": "채은성",
        "year": 24,
        "team": "한화",
        "pa": 498,
        "ops": 0.814,
        "avg": 0.271,
        "obp": 0.351,
        "slg": 0.463,
        "rbi": 83,
        "sb": 1,
        "hr": 20
      }
    ]
  },
  {
    "generation": 19,
    "expected_score": 6.335,
    "lineup": [
      "최재훈",
      "노시환",
      "채은성",
      "김태연",
      "황영묵",
      "안치홍",
      "페라자",
      "이도윤",
      "장진혁"
    ],
    "player_stats": [
      {
        "name": "최재훈",
        "year": 24,
        "team": "한화",
        "pa": 348,
        "ops": 0.707,
        "avg": 0.257,
        "obp": 0.371,
        "slg": 0.336,
        "rbi": 37,
        "sb": 0,
        "hr": 4
      },
      {
        "name": "노시환",
        "year": 24,
        "team": "한화",
        "pa": 601,
        "ops": 0.81,
        "avg": 0.272,
        "obp": 0.356,
        "slg": 0.454,
        "rbi": 89,
        "sb": 6,
        "hr": 24
      },
      {
        "name": "채은성",
        "year": 24,
        "team": "한화",
        "pa": 498,
        "ops": 0.814,
        "avg": 0.271,
        "obp": 0.351,
        "slg": 0.463,
        "rbi": 83,
        "sb": 1,
        "hr": 20
      },
      {
        "name": "김태연",
        "year": 24,
        "team": "한화",
        "pa": 472,
        "ops": 0.799,
        "avg": 0.291,
        "obp": 0.363,
        "slg": 0.436,
        "rbi": 61,
        "sb": 5,
        "hr": 12
      },
      {
        "name": "황영묵",
        "year": 24,
        "team": "한화",
        "pa": 389,
        "ops": 0.737,
        "avg": 0.301,
        "obp": 0.365,
        "slg": 0.372,
        "rbi": 35,
        "sb": 4,
        "hr": 3
      },
      {
        "name": "안치홍",
        "year": 24,
        "team": "한화",
        "pa": 533,
        "ops": 0.797,
        "avg": 0.3,
        "obp": 0.37,
        "slg": 0.427,
        "rbi": 66,
        "sb": 3,
        "hr": 13
      },
      {
        "name": "페라자",
        "year": 24,
        "team": "한화",
        "pa": 522,
        "ops": 0.85,
        "avg": 0.275,
        "obp": 0.364,
        "slg": 0.486,
        "rbi": 70,
        "sb": 7,
        "hr": 24
      },
      {
        "name": "이도윤",
        "year": 24,
        "team": "한화",
        "pa": 374,
        "ops": 0.665,
        "avg": 0.277,
        "obp": 0.332,
        "slg": 0.333,
        "rbi": 46,
        "sb": 6,
        "hr": 1
      },
      {
        "name": "장진혁",
        "year": 24,
        "team": "한화",
        "pa": 327,
        "ops": 0.747,
        "avg": 0.263,
        "obp": 0.335,
        "slg": 0.412,
        "rbi": 44,
        "sb": 14,
        "hr": 9
      }
    ]
  },
  {
    "generation": 20,
    "expected_score": 6.185,
    "lineup": [
      "노시환",
      "황영묵",
      "최재훈",
      "김태연",
      "장진혁",
      "안치홍",
      "채은성",
      "페라자",
      "이도윤"
    ],
    "player_stats": [
      {
        "name": "노시환",
        "year": 24,
        "team": "한화",
        "pa": 601,
        "ops": 0.81,
        "avg": 0.272,
        "obp": 0.356,
        "slg": 0.454,
        "rbi": 89,
        "sb": 6,
        "hr": 24
      },
      {
        "name": "황영묵",
        "year": 24,
        "team": "한화",
        "pa": 389,
        "ops": 0.737,
        "avg": 0.301,
        "obp": 0.365,
        "slg": 0.372,
        "rbi": 35,
        "sb": 4,
        "hr": 3
      },
      {
        "name": "최재훈",
        "year": 24,
        "team": "한화",
        "pa": 348,
        "ops": 0.707,
        "avg": 0.257,
        "obp": 0.371,
        "slg": 0.336,
        "rbi": 37,
        "sb": 0,
        "hr": 4
      },
      {
        "name": "김태연",
        "year": 24,
        "team": "한화",
        "pa": 472,
        "ops": 0.799,
        "avg": 0.291,
        "obp": 0.363,
        "slg": 0.436,
        "rbi": 61,
        "sb": 5,
        "hr": 12
      },
      {
        "name": "장진혁",
        "year": 24,
        "team": "한화",
        "pa": 327,
        "ops": 0.747,
        "avg": 0.263,
        "obp": 0.335,
        "slg": 0.412,
        "rbi": 44,
        "sb": 14,
        "hr": 9
      },
      {
        "name": "안치홍",
        "year": 24,
        "team": "한화",
        "pa": 533,
        "ops": 0.797,
        "avg": 0.3,
        "obp": 0.37,
        "slg": 0.427,
        "rbi": 66,
        "sb": 3,
        "hr": 13
      },
      {
        "name": "채은성",
        "year": 24,
        "team": "한화",
        "pa": 498,
        "ops": 0.814,
        "avg": 0.271,
        "obp": 0.351,
        "slg": 0.463,
        "rbi": 83,
        "sb": 1,
        "hr": 20
      },
      {
        "name": "페라자",
        "year": 24,
        "team": "한화",
        "pa": 522,
        "ops": 0.85,
        "avg": 0.275,
        "obp": 0.364,
        "slg": 0.486,
        "rbi": 70,
        "sb": 7,
        "hr": 24
      },
      {
        "name": "이도윤",
        "year": 24,
        "team": "한화",
        "pa": 374,
        "ops": 0.665,
        "avg": 0.277,
        "obp": 0.332,
        "slg": 0.333,
        "rbi": 46,
        "sb": 6,
        "hr": 1
      }
    ]
  },
  {
    "generation": 21,
    "expected_score": 6.13,
    "lineup": [
      "최재훈",
      "노시환",
      "안치홍",
      "김태연",
      "황영묵",
      "페라자",
      "장진혁",
      "이도윤",
      "채은성"
    ],
    "player_stats": [
      {
        "name": "최재훈",
        "year": 24,
        "team": "한화",
        "pa": 348,
        "ops": 0.707,
        "avg": 0.257,
        "obp": 0.371,
        "slg": 0.336,
        "rbi": 37,
        "sb": 0,
        "hr": 4
      },
      {
        "name": "노시환",
        "year": 24,
        "team": "한화",
        "pa": 601,
        "ops": 0.81,
        "avg": 0.272,
        "obp": 0.356,
        "slg": 0.454,
        "rbi": 89,
        "sb": 6,
        "hr": 24
      },
      {
        "name": "안치홍",
        "year": 24,
        "team": "한화",
        "pa": 533,
        "ops": 0.797,
        "avg": 0.3,
        "obp": 0.37,
        "slg": 0.427,
        "rbi": 66,
        "sb": 3,
        "hr": 13
      },
      {
        "name": "김태연",
        "year": 24,
        "team": "한화",
        "pa": 472,
        "ops": 0.799,
        "avg": 0.291,
        "obp": 0.363,
        "slg": 0.436,
        "rbi": 61,
        "sb": 5,
        "hr": 12
      },
      {
        "name": "황영묵",
        "year": 24,
        "team": "한화",
        "pa": 389,
        "ops": 0.737,
        "avg": 0.301,
        "obp": 0.365,
        "slg": 0.372,
        "rbi": 35,
        "sb": 4,
        "hr": 3
      },
      {
        "name": "페라자",
        "year": 24,
        "team": "한화",
        "pa": 522,
        "ops": 0.85,
        "avg": 0.275,
        "obp": 0.364,
        "slg": 0.486,
        "rbi": 70,
        "sb": 7,
        "hr": 24
      },
      {
        "name": "장진혁",
        "year": 24,
        "team": "한화",
        "pa": 327,
        "ops": 0.747,
        "avg": 0.263,
        "obp": 0.335,
        "slg": 0.412,
        "rbi": 44,
        "sb": 14,
        "hr": 9
      },
      {
        "name": "이도윤",
        "year": 24,
        "team": "한화",
        "pa": 374,
        "ops": 0.665,
        "avg": 0.277,
        "obp": 0.332,
        "slg": 0.333,
        "rbi": 46,
        "sb": 6,
        "hr": 1
      },
      {
        "name": "채은성",
        "year": 24,
        "team": "한화",
        "pa": 498,
        "ops": 0.814,
        "avg": 0.271,
        "obp": 0.351,
        "slg": 0.463,
        "rbi": 83,
        "sb": 1,
        "hr": 20
      }
    ]
  },
  {
    "generation": 22,
    "expected_score": 6.06,
    "lineup": [
      "최재훈",
      "노시환",
      "장진혁",
      "김태연",
      "황영묵",
      "채은성",
      "페라자",
      "이도윤",
      "안치홍"
    ],
    "player_stats": [
      {
        "name": "최재훈",
        "year": 24,
        "team": "한화",
        "pa": 348,
        "ops": 0.707,
        "avg": 0.257,
        "obp": 0.371,
        "slg": 0.336,
        "rbi": 37,
        "sb": 0,
        "hr": 4
      },
      {
        "name": "노시환",
        "year": 24,
        "team": "한화",
        "pa": 601,
        "ops": 0.81,
        "avg": 0.272,
        "obp": 0.356,
        "slg": 0.454,
        "rbi": 89,
        "sb": 6,
        "hr": 24
      },
      {
        "name": "장진혁",
        "year": 24,
        "team": "한화",
        "pa": 327,
        "ops": 0.747,
        "avg": 0.263,
        "obp": 0.335,
        "slg": 0.412,
        "rbi": 44,
        "sb": 14,
        "hr": 9
      },
      {
        "name": "김태연",
        "year": 24,
        "team": "한화",
        "pa": 472,
        "ops": 0.799,
        "avg": 0.291,
        "obp": 0.363,
        "slg": 0.436,
        "rbi": 61,
        "sb": 5,
        "hr": 12
      },
      {
        "name": "황영묵",
        "year": 24,
        "team": "한화",
        "pa": 389,
        "ops": 0.737,
        "avg": 0.301,
        "obp": 0.365,
        "slg": 0.372,
        "rbi": 35,
        "sb": 4,
        "hr": 3
      },
      {
        "name": "채은성",
        "year": 24,
        "team": "한화",
        "pa": 498,
        "ops": 0.814,
        "avg": 0.271,
        "obp": 0.351,
        "slg": 0.463,
        "rbi": 83,
        "sb": 1,
        "hr": 20
      },
      {
        "name": "페라자",
        "year": 24,
        "team": "한화",
        "pa": 522,
        "ops": 0.85,
        "avg": 0.275,
        "obp": 0.364,
        "slg": 0.486,
        "rbi": 70,
        "sb": 7,
        "hr": 24
      },
      {
        "name": "이도윤",
        "year": 24,
        "team": "한화",
        "pa": 374,
        "ops": 0.665,
        "avg": 0.277,
        "obp": 0.332,
        "slg": 0.333,
        "rbi": 46,
        "sb": 6,
        "hr": 1
      },
      {
        "name": "안치홍",
        "year": 24,
        "team": "한화",
        "pa": 533,
        "ops": 0.797,
        "avg": 0.3,
        "obp": 0.37,
        "slg": 0.427,
        "rbi": 66,
        "sb": 3,
        "hr": 13
      }
    ]
  },
  {
    "generation": 23,
    "expected_score": 6.085,
    "lineup": [
      "노시환",
      "안치홍",
      "김태연",
      "황영묵",
      "최재훈",
      "장진혁",
      "이도윤",
      "페라자",
      "채은성"
    ],
    "player_stats": [
      {
        "name": "노시환",
        "year": 24,
        "team": "한화",
        "pa": 601,
        "ops": 0.81,
        "avg": 0.272,
        "obp": 0.356,
        "slg": 0.454,
        "rbi": 89,
        "sb": 6,
        "hr": 24
      },
      {
        "name": "안치홍",
        "year": 24,
        "team": "한화",
        "pa": 533,
        "ops": 0.797,
        "avg": 0.3,
        "obp": 0.37,
        "slg": 0.427,
        "rbi": 66,
        "sb": 3,
        "hr": 13
      },
      {
        "name": "김태연",
        "year": 24,
        "team": "한화",
        "pa": 472,
        "ops": 0.799,
        "avg": 0.291,
        "obp": 0.363,
        "slg": 0.436,
        "rbi": 61,
        "sb": 5,
        "hr": 12
      },
      {
        "name": "황영묵",
        "year": 24,
        "team": "한화",
        "pa": 389,
        "ops": 0.737,
        "avg": 0.301,
        "obp": 0.365,
        "slg": 0.372,
        "rbi": 35,
        "sb": 4,
        "hr": 3
      },
      {
        "name": "최재훈",
        "year": 24,
        "team": "한화",
        "pa": 348,
        "ops": 0.707,
        "avg": 0.257,
        "obp": 0.371,
        "slg": 0.336,
        "rbi": 37,
        "sb": 0,
        "hr": 4
      },
      {
        "name": "장진혁",
        "year": 24,
        "team": "한화",
        "pa": 327,
        "ops": 0.747,
        "avg": 0.263,
        "obp": 0.335,
        "slg": 0.412,
        "rbi": 44,
        "sb": 14,
        "hr": 9
      },
      {
        "name": "이도윤",
        "year": 24,
        "team": "한화",
        "pa": 374,
        "ops": 0.665,
        "avg": 0.277,
        "obp": 0.332,
        "slg": 0.333,
        "rbi": 46,
        "sb": 6,
        "hr": 1
      },
      {
        "name": "페라자",
        "year": 24,
        "team": "한화",
        "pa": 522,
        "ops": 0.85,
        "avg": 0.275,
        "obp": 0.364,
        "slg": 0.486,
        "rbi": 70,
        "sb": 7,
        "hr": 24
      },
      {
        "name": "채은성",
        "year": 24,
        "team": "한화",
        "pa": 498,
        "ops": 0.814,
        "avg": 0.271,
        "obp": 0.351,
        "slg": 0.463,
        "rbi": 83,
        "sb": 1,
        "hr": 20
      }
    ]
  },
  {
    "generation": 24,
    "expected_score": 6.1,
    "lineup": [
      "최재훈",
      "김태연",
      "노시환",
      "황영묵",
      "채은성",
      "장진혁",
      "페라자",
      "안치홍",
      "이도윤"
    ],
    "player_stats": [
      {
        "name": "최재훈",
        "year": 24,
        "team": "한화",
        "pa": 348,
        "ops": 0.707,
        "avg": 0.257,
        "obp": 0.371,
        "slg": 0.336,
        "rbi": 37,
        "sb": 0,
        "hr": 4
      },
      {
        "name": "김태연",
        "year": 24,
        "team": "한화",
        "pa": 472,
        "ops": 0.799,
        "avg": 0.291,
        "obp": 0.363,
        "slg": 0.436,
        "rbi": 61,
        "sb": 5,
        "hr": 12
      },
      {
        "name": "노시환",
        "year": 24,
        "team": "한화",
        "pa": 601,
        "ops": 0.81,
        "avg": 0.272,
        "obp": 0.356,
        "slg": 0.454,
        "rbi": 89,
        "sb": 6,
        "hr": 24
      },
      {
        "name": "황영묵",
        "year": 24,
        "team": "한화",
        "pa": 389,
        "ops": 0.737,
        "avg": 0.301,
        "obp": 0.365,
        "slg": 0.372,
        "rbi": 35,
        "sb": 4,
        "hr": 3
      },
      {
        "name": "채은성",
        "year": 24,
        "team": "한화",
        "pa": 498,
        "ops": 0.814,
        "avg": 0.271,
        "obp": 0.351,
        "slg": 0.463,
        "rbi": 83,
        "sb": 1,
        "hr": 20
      },
      {
        "name": "장진혁",
        "year": 24,
        "team": "한화",
        "pa": 327,
        "ops": 0.747,
        "avg": 0.263,
        "obp": 0.335,
        "slg": 0.412,
        "rbi": 44,
        "sb": 14,
        "hr": 9
      },
      {
        "name": "페라자",
        "year": 24,
        "team": "한화",
        "pa": 522,
        "ops": 0.85,
        "avg": 0.275,
        "obp": 0.364,
        "slg": 0.486,
        "rbi": 70,
        "sb": 7,
        "hr": 24
      },
      {
        "name": "안치홍",
        "year": 24,
        "team": "한화",
        "pa": 533,
        "ops": 0.797,
        "avg": 0.3,
        "obp": 0.37,
        "slg": 0.427,
        "rbi": 66,
        "sb": 3,
        "hr": 13
      },
      {
        "name": "이도윤",
        "year": 24,
        "team": "한화",
        "pa": 374,
        "ops": 0.665,
        "avg": 0.277,
        "obp": 0.332,
        "slg": 0.333,
        "rbi": 46,
        "sb": 6,
        "hr": 1
      }
    ]
  },
  {
    "generation": 25,
    "expected_score": 6.015,
    "lineup": [
      "노시환",
      "최재훈",
      "황영묵",
      "안치홍",
      "김태연",
      "장진혁",
      "채은성",
      "페라자",
      "이도윤"
    ],
    "player_stats": [
      {
        "name": "노시환",
        "year": 24,
        "team": "한화",
        "pa": 601,
        "ops": 0.81,
        "avg": 0.272,
        "obp": 0.356,
        "slg": 0.454,
        "rbi": 89,
        "sb": 6,
        "hr": 24
      },
      {
        "name": "최재훈",
        "year": 24,
        "team": "한화",
        "pa": 348,
        "ops": 0.707,
        "avg": 0.257,
        "obp": 0.371,
        "slg": 0.336,
        "rbi": 37,
        "sb": 0,
        "hr": 4
      },
      {
        "name": "황영묵",
        "year": 24,
        "team": "한화",
        "pa": 389,
        "ops": 0.737,
        "avg": 0.301,
        "obp": 0.365,
        "slg": 0.372,
        "rbi": 35,
        "sb": 4,
        "hr": 3
      },
      {
        "name": "안치홍",
        "year": 24,
        "team": "한화",
        "pa": 533,
        "ops": 0.797,
        "avg": 0.3,
        "obp": 0.37,
        "slg": 0.427,
        "rbi": 66,
        "sb": 3,
        "hr": 13
      },
      {
        "name": "김태연",
        "year": 24,
        "team": "한화",
        "pa": 472,
        "ops": 0.799,
        "avg": 0.291,
        "obp": 0.363,
        "slg": 0.436,
        "rbi": 61,
        "sb": 5,
        "hr": 12
      },
      {
        "name": "장진혁",
        "year": 24,
        "team": "한화",
        "pa": 327,
        "ops": 0.747,
        "avg": 0.263,
        "obp": 0.335,
        "slg": 0.412,
        "rbi": 44,
        "sb": 14,
        "hr": 9
      },
      {
        "name": "채은성",
        "year": 24,
        "team": "한화",
        "pa": 498,
        "ops": 0.814,
        "avg": 0.271,
        "obp": 0.351,
        "slg": 0.463,
        "rbi": 83,
        "sb": 1,
        "hr": 20
      },
      {
        "name": "페라자",
        "year": 24,
        "team": "한화",
        "pa": 522,
        "ops": 0.85,
        "avg": 0.275,
        "obp": 0.364,
        "slg": 0.486,
        "rbi": 70,
        "sb": 7,
        "hr": 24
      },
      {
        "name": "이도윤",
        "year": 24,
        "team": "한화",
        "pa": 374,
        "ops": 0.665,
        "avg": 0.277,
        "obp": 0.332,
        "slg": 0.333,
        "rbi": 46,
        "sb": 6,
        "hr": 1
      }
    ]
  },
  {
    "generation": 26,
    "expected_score": 5.91,
    "lineup": [
      "노시환",
      "김태연",
      "최재훈",
      "장진혁",
      "황영묵",
      "이도윤",
      "안치홍",
      "채은성",
      "페라자"
    ],
    "player_stats": [
      {
        "name": "노시환",
        "year": 24,
        "team": "한화",
        "pa": 601,
        "ops": 0.81,
        "avg": 0.272,
        "obp": 0.356,
        "slg": 0.454,
        "rbi": 89,
        "sb": 6,
        "hr": 24
      },
      {
        "name": "김태연",
        "year": 24,
        "team": "한화",
        "pa": 472,
        "ops": 0.799,
        "avg": 0.291,
        "obp": 0.363,
        "slg": 0.436,
        "rbi": 61,
        "sb": 5,
        "hr": 12
      },
      {
        "name": "최재훈",
        "year": 24,
        "team": "한화",
        "pa": 348,
        "ops": 0.707,
        "avg": 0.257,
        "obp": 0.371,
        "slg": 0.336,
        "rbi": 37,
        "sb": 0,
        "hr": 4
      },
      {
        "name": "장진혁",
        "year": 24,
        "team": "한화",
        "pa": 327,
        "ops": 0.747,
        "avg": 0.263,
        "obp": 0.335,
        "slg": 0.412,
        "rbi": 44,
        "sb": 14,
        "hr": 9
      },
      {
        "name": "황영묵",
        "year": 24,
        "team": "한화",
        "pa": 389,
        "ops": 0.737,
        "avg": 0.301,
        "obp": 0.365,
        "slg": 0.372,
        "rbi": 35,
        "sb": 4,
        "hr": 3
      },
      {
        "name": "이도윤",
        "year": 24,
        "team": "한화",
        "pa": 374,
        "ops": 0.665,
        "avg": 0.277,
        "obp": 0.332,
        "slg": 0.333,
        "rbi": 46,
        "sb": 6,
        "hr": 1
      },
      {
        "name": "안치홍",
        "year": 24,
        "team": "한화",
        "pa": 533,
        "ops": 0.797,
        "avg": 0.3,
        "obp": 0.37,
        "slg": 0.427,
        "rbi": 66,
        "sb": 3,
        "hr": 13
      },
      {
        "name": "채은성",
        "year": 24,
        "team": "한화",
        "pa": 498,
        "ops": 0.814,
        "avg": 0.271,
        "obp": 0.351,
        "slg": 0.463,
        "rbi": 83,
        "sb": 1,
        "hr": 20
      },
      {
        "name": "페라자",
        "year": 24,
        "team": "한화",
        "pa": 522,
        "ops": 0.85,
        "avg": 0.275,
        "obp": 0.364,
        "slg": 0.486,
        "rbi": 70,
        "sb": 7,
        "hr": 24
      }
    ]
  },
  {
    "generation": 27,
    "expected_score": 6.12,
    "lineup": [
      "안치홍",
      "노시환",
      "김태연",
      "장진혁",
      "황영묵",
      "채은성",
      "이도윤",
      "최재훈",
      "페라자"
    ],
    "player_stats": [
      {
        "name": "안치홍",
        "year": 24,
        "team": "한화",
        "pa": 533,
        "ops": 0.797,
        "avg": 0.3,
        "obp": 0.37,
        "slg": 0.427,
        "rbi": 66,
        "sb": 3,
        "hr": 13
      },
      {
        "name": "노시환",
        "year": 24,
        "team": "한화",
        "pa": 601,
        "ops": 0.81,
        "avg": 0.272,
        "obp": 0.356,
        "slg": 0.454,
        "rbi": 89,
        "sb": 6,
        "hr": 24
      },
      {
        "name": "김태연",
        "year": 24,
        "team": "한화",
        "pa": 472,
        "ops": 0.799,
        "avg": 0.291,
        "obp": 0.363,
        "slg": 0.436,
        "rbi": 61,
        "sb": 5,
        "hr": 12
      },
      {
        "name": "장진혁",
        "year": 24,
        "team": "한화",
        "pa": 327,
        "ops": 0.747,
        "avg": 0.263,
        "obp": 0.335,
        "slg": 0.412,
        "rbi": 44,
        "sb": 14,
        "hr": 9
      },
      {
        "name": "황영묵",
        "year": 24,
        "team": "한화",
        "pa": 389,
        "ops": 0.737,
        "avg": 0.301,
        "obp": 0.365,
        "slg": 0.372,
        "rbi": 35,
        "sb": 4,
        "hr": 3
      },
      {
        "name": "채은성",
        "year": 24,
        "team": "한화",
        "pa": 498,
        "ops": 0.814,
        "avg": 0.271,
        "obp": 0.351,
        "slg": 0.463,
        "rbi": 83,
        "sb": 1,
        "hr": 20
      },
      {
        "name": "이도윤",
        "year": 24,
        "team": "한화",
        "pa": 374,
        "ops": 0.665,
        "avg": 0.277,
        "obp": 0.332,
        "slg": 0.333,
        "rbi": 46,
        "sb": 6,
        "hr": 1
      },
      {
        "name": "최재훈",
        "year": 24,
        "team": "한화",
        "pa": 348,
        "ops": 0.707,
        "avg": 0.257,
        "obp": 0.371,
        "slg": 0.336,
        "rbi": 37,
        "sb": 0,
        "hr": 4
      },
      {
        "name": "페라자",
        "year": 24,
        "team": "한화",
        "pa": 522,
        "ops": 0.85,
        "avg": 0.275,
        "obp": 0.364,
        "slg": 0.486,
        "rbi": 70,
        "sb": 7,
        "hr": 24
      }
    ]
  },
  {
    "generation": 28,
    "expected_score": 6.12,
    "lineup": [
      "노시환",
      "안치홍",
      "장진혁",
      "최재훈",
      "황영묵",
      "페라자",
      "김태연",
      "이도윤",
      "채은성"
    ],
    "player_stats": [
      {
        "name": "노시환",
        "year": 24,
        "team": "한화",
        "pa": 601,
        "ops": 0.81,
        "avg": 0.272,
        "obp": 0.356,
        "slg": 0.454,
        "rbi": 89,
        "sb": 6,
        "hr": 24
      },
      {
        "name": "안치홍",
        "year": 24,
        "team": "한화",
        "pa": 533,
        "ops": 0.797,
        "avg": 0.3,
        "obp": 0.37,
        "slg": 0.427,
        "rbi": 66,
        "sb": 3,
        "hr": 13
      },
      {
        "name": "장진혁",
        "year": 24,
        "team": "한화",
        "pa": 327,
        "ops": 0.747,
        "avg": 0.263,
        "obp": 0.335,
        "slg": 0.412,
        "rbi": 44,
        "sb": 14,
        "hr": 9
      },
      {
        "name": "최재훈",
        "year": 24,
        "team": "한화",
        "pa": 348,
        "ops": 0.707,
        "avg": 0.257,
        "obp": 0.371,
        "slg": 0.336,
        "rbi": 37,
        "sb": 0,
        "hr": 4
      },
      {
        "name": "황영묵",
        "year": 24,
        "team": "한화",
        "pa": 389,
        "ops": 0.737,
        "avg": 0.301,
        "obp": 0.365,
        "slg": 0.372,
        "rbi": 35,
        "sb": 4,
        "hr": 3
      },
      {
        "name": "페라자",
        "year": 24,
        "team": "한화",
        "pa": 522,
        "ops": 0.85,
        "avg": 0.275,
        "obp": 0.364,
        "slg": 0.486,
        "rbi": 70,
        "sb": 7,
        "hr": 24
      },
      {
        "name": "김태연",
        "year": 24,
        "team": "한화",
        "pa": 472,
        "ops": 0.799,
        "avg": 0.291,
        "obp": 0.363,
        "slg": 0.436,
        "rbi": 61,
        "sb": 5,
        "hr": 12
      },
      {
        "name": "이도윤",
        "year": 24,
        "team": "한화",
        "pa": 374,
        "ops": 0.665,
        "avg": 0.277,
        "obp": 0.332,
        "slg": 0.333,
        "rbi": 46,
        "sb": 6,
        "hr": 1
      },
      {
        "name": "채은성",
        "year": 24,
        "team": "한화",
        "pa": 498,
        "ops": 0.814,
        "avg": 0.271,
        "obp": 0.351,
        "slg": 0.463,
        "rbi": 83,
        "sb": 1,
        "hr": 20
      }
    ]
  },
  {
    "generation": 29,
    "expected_score": 6.17,
    "lineup": [
      "노시환",
      "최재훈",
      "김태연",
      "장진혁",
      "황영묵",
      "채은성",
      "이도윤",
      "페라자",
      "안치홍"
    ],
    "player_stats": [
      {
        "name": "노시환",
        "year": 24,
        "team": "한화",
        "pa": 601,
        "ops": 0.81,
        "avg": 0.272,
        "obp": 0.356,
        "slg": 0.454,
        "rbi": 89,
        "sb": 6,
        "hr": 24
      },
      {
        "name": "최재훈",
        "year": 24,
        "team": "한화",
        "pa": 348,
        "ops": 0.707,
        "avg": 0.257,
        "obp": 0.371,
        "slg": 0.336,
        "rbi": 37,
        "sb": 0,
        "hr": 4
      },
      {
        "name": "김태연",
        "year": 24,
        "team": "한화",
        "pa": 472,
        "ops": 0.799,
        "avg": 0.291,
        "obp": 0.363,
        "slg": 0.436,
        "rbi": 61,
        "sb": 5,
        "hr": 12
      },
      {
        "name": "장진혁",
        "year": 24,
        "team": "한화",
        "pa": 327,
        "ops": 0.747,
        "avg": 0.263,
        "obp": 0.335,
        "slg": 0.412,
        "rbi": 44,
        "sb": 14,
        "hr": 9
      },
      {
        "name": "황영묵",
        "year": 24,
        "team": "한화",
        "pa": 389,
        "ops": 0.737,
        "avg": 0.301,
        "obp": 0.365,
        "slg": 0.372,
        "rbi": 35,
        "sb": 4,
        "hr": 3
      },
      {
        "name": "채은성",
        "year": 24,
        "team": "한화",
        "pa": 498,
        "ops": 0.814,
        "avg": 0.271,
        "obp": 0.351,
        "slg": 0.463,
        "rbi": 83,
        "sb": 1,
        "hr": 20
      },
      {
        "name": "이도윤",
        "year": 24,
        "team": "한화",
        "pa": 374,
        "ops": 0.665,
        "avg": 0.277,
        "obp": 0.332,
        "slg": 0.333,
        "rbi": 46,
        "sb": 6,
        "hr": 1
      },
      {
        "name": "페라자",
        "year": 24,
        "team": "한화",
        "pa": 522,
        "ops": 0.85,
        "avg": 0.275,
        "obp": 0.364,
        "slg": 0.486,
        "rbi": 70,
        "sb": 7,
        "hr": 24
      },
      {
        "name": "안치홍",
        "year": 24,
        "team": "한화",
        "pa": 533,
        "ops": 0.797,
        "avg": 0.3,
        "obp": 0.37,
        "slg": 0.427,
        "rbi": 66,
        "sb": 3,
        "hr": 13
      }
    ]
  },
  {
    "generation": 30,
    "expected_score": 6.14,
    "lineup": [
      "김태연",
      "장진혁",
      "황영묵",
      "페라자",
      "노시환",
      "안치홍",
      "채은성",
      "이도윤",
      "최재훈"
    ],
    "player_stats": [
      {
        "name": "김태연",
        "year": 24,
        "team": "한화",
        "pa": 472,
        "ops": 0.799,
        "avg": 0.291,
        "obp": 0.363,
        "slg": 0.436,
        "rbi": 61,
        "sb": 5,
        "hr": 12
      },
      {
        "name": "장진혁",
        "year": 24,
        "team": "한화",
        "pa": 327,
        "ops": 0.747,
        "avg": 0.263,
        "obp": 0.335,
        "slg": 0.412,
        "rbi": 44,
        "sb": 14,
        "hr": 9
      },
      {
        "name": "황영묵",
        "year": 24,
        "team": "한화",
        "pa": 389,
        "ops": 0.737,
        "avg": 0.301,
        "obp": 0.365,
        "slg": 0.372,
        "rbi": 35,
        "sb": 4,
        "hr": 3
      },
      {
        "name": "페라자",
        "year": 24,
        "team": "한화",
        "pa": 522,
        "ops": 0.85,
        "avg": 0.275,
        "obp": 0.364,
        "slg": 0.486,
        "rbi": 70,
        "sb": 7,
        "hr": 24
      },
      {
        "name": "노시환",
        "year": 24,
        "team": "한화",
        "pa": 601,
        "ops": 0.81,
        "avg": 0.272,
        "obp": 0.356,
        "slg": 0.454,
        "rbi": 89,
        "sb": 6,
        "hr": 24
      },
      {
        "name": "안치홍",
        "year": 24,
        "team": "한화",
        "pa": 533,
        "ops": 0.797,
        "avg": 0.3,
        "obp": 0.37,
        "slg": 0.427,
        "rbi": 66,
        "sb": 3,
        "hr": 13
      },
      {
        "name": "채은성",
        "year": 24,
        "team": "한화",
        "pa": 498,
        "ops": 0.814,
        "avg": 0.271,
        "obp": 0.351,
        "slg": 0.463,
        "rbi": 83,
        "sb": 1,
        "hr": 20
      },
      {
        "name": "이도윤",
        "year": 24,
        "team": "한화",
        "pa": 374,
        "ops": 0.665,
        "avg": 0.277,
        "obp": 0.332,
        "slg": 0.333,
        "rbi": 46,
        "sb": 6,
        "hr": 1
      },
      {
        "name": "최재훈",
        "year": 24,
        "team": "한화",
        "pa": 348,
        "ops": 0.707,
        "avg": 0.257,
        "obp": 0.371,
        "slg": 0.336,
        "rbi": 37,
        "sb": 0,
        "hr": 4
      }
    ]
  }
]