[
  {
    "generation": 1,
    "expected_score": 5.795,
    "lineup": [
      "오윤석",
      "배정대",
      "황재균",
      "조용호",
      "장성우",
      "김민혁",
      "심우준",
      "알포드",
      "박병호"
    ],
    "player_stats": [
      {
        "name": "오윤석",
        "year": 22,
        "team": "KT",
        "pa": 337,
        "ops": 0.665,
        "avg": 0.234,
        "obp": 0.322,
        "slg": 0.343,
        "rbi": 37,
        "sb": 2,
        "hr": 6
      },
      {
        "name": "배정대",
        "year": 22,
        "team": "KT",
        "pa": 575,
        "ops": 0.695,
        "avg": 0.266,
        "obp": 0.339,
        "slg": 0.356,
        "rbi": 56,
        "sb": 19,
        "hr": 6
      },
      {
        "name": "황재균",
        "year": 22,
        "team": "KT",
        "pa": 581,
        "ops": 0.715,
        "avg": 0.262,
        "obp": 0.335,
        "slg": 0.38,
        "rbi": 64,
        "sb": 6,
        "hr": 10
      },
      {
        "name": "조용호",
        "year": 22,
        "team": "KT",
        "pa": 531,
        "ops": 0.756,
        "avg": 0.308,
        "obp": 0.374,
        "slg": 0.382,
        "rbi": 44,
        "sb": 5,
        "hr": 3
      },
      {
        "name": "장성우",
        "year": 22,
        "team": "KT",
        "pa": 420,
        "ops": 0.792,
        "avg": 0.26,
        "obp": 0.353,
        "slg": 0.439,
        "rbi": 55,
        "sb": 1,
        "hr": 18
      },
      {
        "name": "김민혁",
        "year": 22,
        "team": "KT",
        "pa": 434,
        "ops": 0.671,
        "avg": 0.284,
        "obp": 0.349,
        "slg": 0.322,
        "rbi": 35,
        "sb": 6,
        "hr": 0
      },
      {
        "name": "심우준",
        "year": 22,
        "team": "KT",
        "pa": 449,
        "ops": 0.618,
        "avg": 0.24,
        "obp": 0.316,
        "slg": 0.302,
        "rbi": 34,
        "sb": 23,
        "hr": 4
      },
      {
        "name": "알포드",
        "year": 22,
        "team": "KT",
        "pa": 323,
        "ops": 0.871,
        "avg": 0.286,
        "obp": 0.362,
        "slg": 0.509,
        "rbi": 50,
        "sb": 5,
        "hr": 14
      },
      {
        "name": "박병호",
        "year": 22,
        "team": "KT",
        "pa": 487,
        "ops": 0.908,
        "avg": 0.275,
        "obp": 0.349,
        "slg": 0.559,
        "rbi": 98,
        "sb": 5,
        "hr": 35
      }
    ]
  },
  {
    "generation": 2,
    "expected_score": 5.385,
    "lineup": [
      "배정대",
      "김민혁",
      "황재균",
      "오윤석",
      "심우준",
      "알포드",
      "장성우",
      "박병호",
      "조용호"
    ],
    "player_stats": [
      {
        "name": "배정대",
        "year": 22,
        "team": "KT",
        "pa": 575,
        "ops": 0.695,
        "avg": 0.266,
        "obp": 0.339,
        "slg": 0.356,
        "rbi": 56,
        "sb": 19,
        "hr": 6
      },
      {
        "name": "김민혁",
        "year": 22,
        "team": "KT",
        "pa": 434,
        "ops": 0.671,
        "avg": 0.284,
        "obp": 0.349,
        "slg": 0.322,
        "rbi": 35,
        "sb": 6,
        "hr": 0
      },
      {
        "name": "황재균",
        "year": 22,
        "team": "KT",
        "pa": 581,
        "ops": 0.715,
        "avg": 0.262,
        "obp": 0.335,
        "slg": 0.38,
        "rbi": 64,
        "sb": 6,
        "hr": 10
      },
      {
        "name": "오윤석",
        "year": 22,
        "team": "KT",
        "pa": 337,
        "ops": 0.665,
        "avg": 0.234,
        "obp": 0.322,
        "slg": 0.343,
        "rbi": 37,
        "sb": 2,
        "hr": 6
      },
      {
        "name": "심우준",
        "year": 22,
        "team": "KT",
        "pa": 449,
        "ops": 0.618,
        "avg": 0.24,
        "obp": 0.316,
        "slg": 0.302,
        "rbi": 34,
        "sb": 23,
        "hr": 4
      },
      {
        "name": "알포드",
        "year": 22,
        "team": "KT",
        "pa": 323,
        "ops": 0.871,
        "avg": 0.286,
        "obp": 0.362,
        "slg": 0.509,
        "rbi": 50,
        "sb": 5,
        "hr": 14
      },
      {
        "name": "장성우",
        "year": 22,
        "team": "KT",
        "pa": 420,
        "ops": 0.792,
        "avg": 0.26,
        "obp": 0.353,
        "slg": 0.439,
        "rbi": 55,
        "sb": 1,
        "hr": 18
      },
      {
        "name": "박병호",
        "year": 22,
        "team": "KT",
        "pa": 487,
        "ops": 0.908,
        "avg": 0.275,
        "obp": 0.349,
        "slg": 0.559,
        "rbi": 98,
        "sb": 5,
        "hr": 35
      },
      {
        "name": "조용호",
        "year": 22,
        "team": "KT",
        "pa": 531,
        "ops": 0.756,
        "avg": 0.308,
        "obp": 0.374,
        "slg": 0.382,
        "rbi": 44,
        "sb": 5,
        "hr": 3
      }
    ]
  },
  {
    "generation": 3,
    "expected_score": 5.615,
    "lineup": [
      "배정대",
      "오윤석",
      "황재균",
      "조용호",
      "장성우",
      "김민혁",
      "박병호",
      "심우준",
      "알포드"
    ],
    "player_stats": [
      {
        "name": "배정대",
        "year": 22,
        "team": "KT",
        "pa": 575,
        "ops": 0.695,
        "avg": 0.266,
        "obp": 0.339,
        "slg": 0.356,
        "rbi": 56,
        "sb": 19,
        "hr": 6
      },
      {
        "name": "오윤석",
        "year": 22,
        "team": "KT",
        "pa": 337,
        "ops": 0.665,
        "avg": 0.234,
        "obp": 0.322,
        "slg": 0.343,
        "rbi": 37,
        "sb": 2,
        "hr": 6
      },
      {
        "name": "황재균",
        "year": 22,
        "team": "KT",
        "pa": 581,
        "ops": 0.715,
        "avg": 0.262,
        "obp": 0.335,
        "slg": 0.38,
        "rbi": 64,
        "sb": 6,
        "hr": 10
      },
      {
        "name": "조용호",
        "year": 22,
        "team": "KT",
        "pa": 531,
        "ops": 0.756,
        "avg": 0.308,
        "obp": 0.374,
        "slg": 0.382,
        "rbi": 44,
        "sb": 5,
        "hr": 3
      },
      {
        "name": "장성우",
        "year": 22,
        "team": "KT",
        "pa": 420,
        "ops": 0.792,
        "avg": 0.26,
        "obp": 0.353,
        "slg": 0.439,
        "rbi": 55,
        "sb": 1,
        "hr": 18
      },
      {
        "name": "김민혁",
        "year": 22,
        "team": "KT",
        "pa": 434,
        "ops": 0.671,
        "avg": 0.284,
        "obp": 0.349,
        "slg": 0.322,
        "rbi": 35,
        "sb": 6,
        "hr": 0
      },
      {
        "name": "박병호",
        "year": 22,
        "team": "KT",
        "pa": 487,
        "ops": 0.908,
        "avg": 0.275,
        "obp": 0.349,
        "slg": 0.559,
        "rbi": 98,
        "sb": 5,
        "hr": 35
      },
      {
        "name": "심우준",
        "year": 22,
        "team": "KT",
        "pa": 449,
        "ops": 0.618,
        "avg": 0.24,
        "obp": 0.316,
        "slg": 0.302,
        "rbi": 34,
        "sb": 23,
        "hr": 4
      },
      {
        "name": "알포드",
        "year": 22,
        "team": "KT",
        "pa": 323,
        "ops": 0.871,
        "avg": 0.286,
        "obp": 0.362,
        "slg": 0.509,
        "rbi": 50,
        "sb": 5,
        "hr": 14
      }
    ]
  },
  {
    "generation": 4,
    "expected_score": 5.525,
    "lineup": [
      "배정대",
      "오윤석",
      "심우준",
      "황재균",
      "조용호",
      "장성우",
      "김민혁",
      "박병호",
      "알포드"
    ],
    "player_stats": [
      {
        "name": "배정대",
        "year": 22,
        "team": "KT",
        "pa": 575,
        "ops": 0.695,
        "avg": 0.266,
        "obp": 0.339,
        "slg": 0.356,
        "rbi": 56,
        "sb": 19,
        "hr": 6
      },
      {
        "name": "오윤석",
        "year": 22,
        "team": "KT",
        "pa": 337,
        "ops": 0.665,
        "avg": 0.234,
        "obp": 0.322,
        "slg": 0.343,
        "rbi": 37,
        "sb": 2,
        "hr": 6
      },
      {
        "name": "심우준",
        "year": 22,
        "team": "KT",
        "pa": 449,
        "ops": 0.618,
        "avg": 0.24,
        "obp": 0.316,
        "slg": 0.302,
        "rbi": 34,
        "sb": 23,
        "hr": 4
      },
      {
        "name": "황재균",
        "year": 22,
        "team": "KT",
        "pa": 581,
        "ops": 0.715,
        "avg": 0.262,
        "obp": 0.335,
        "slg": 0.38,
        "rbi": 64,
        "sb": 6,
        "hr": 10
      },
      {
        "name": "조용호",
        "year": 22,
        "team": "KT",
        "pa": 531,
        "ops": 0.756,
        "avg": 0.308,
        "obp": 0.374,
        "slg": 0.382,
        "rbi": 44,
        "sb": 5,
        "hr": 3
      },
      {
        "name": "장성우",
        "year": 22,
        "team": "KT",
        "pa": 420,
        "ops": 0.792,
        "avg": 0.26,
        "obp": 0.353,
        "slg": 0.439,
        "rbi": 55,
        "sb": 1,
        "hr": 18
      },
      {
        "name": "김민혁",
        "year": 22,
        "team": "KT",
        "pa": 434,
        "ops": 0.671,
        "avg": 0.284,
        "obp": 0.349,
        "slg": 0.322,
        "rbi": 35,
        "sb": 6,
        "hr": 0
      },
      {
        "name": "박병호",
        "year": 22,
        "team": "KT",
        "pa": 487,
        "ops": 0.908,
        "avg": 0.275,
        "obp": 0.349,
        "slg": 0.559,
        "rbi": 98,
        "sb": 5,
        "hr": 35
      },
      {
        "name": "알포드",
        "year": 22,
        "team": "KT",
        "pa": 323,
        "ops": 0.871,
        "avg": 0.286,
        "obp": 0.362,
        "slg": 0.509,
        "rbi": 50,
        "sb": 5,
        "hr": 14
      }
    ]
  },
  {
    "generation": 5,
    "expected_score": 5.66,
    "lineup": [
      "배정대",
      "황재균",
      "오윤석",
      "조용호",
      "김민혁",
      "장성우",
      "박병호",
      "심우준",
      "알포드"
    ],
    "player_stats": [
      {
        "name": "배정대",
        "year": 22,
        "team": "KT",
        "pa": 575,
        "ops": 0.695,
        "avg": 0.266,
        "obp": 0.339,
        "slg": 0.356,
        "rbi": 56,
        "sb": 19,
        "hr": 6
      },
      {
        "name": "황재균",
        "year": 22,
        "team": "KT",
        "pa": 581,
        "ops": 0.715,
        "avg": 0.262,
        "obp": 0.335,
        "slg": 0.38,
        "rbi": 64,
        "sb": 6,
        "hr": 10
      },
      {
        "name": "오윤석",
        "year": 22,
        "team": "KT",
        "pa": 337,
        "ops": 0.665,
        "avg": 0.234,
        "obp": 0.322,
        "slg": 0.343,
        "rbi": 37,
        "sb": 2,
        "hr": 6
      },
      {
        "name": "조용호",
        "year": 22,
        "team": "KT",
        "pa": 531,
        "ops": 0.756,
        "avg": 0.308,
        "obp": 0.374,
        "slg": 0.382,
        "rbi": 44,
        "sb": 5,
        "hr": 3
      },
      {
        "name": "김민혁",
        "year": 22,
        "team": "KT",
        "pa": 434,
        "ops": 0.671,
        "avg": 0.284,
        "obp": 0.349,
        "slg": 0.322,
        "rbi": 35,
        "sb": 6,
        "hr": 0
      },
      {
        "name": "장성우",
        "year": 22,
        "team": "KT",
        "pa": 420,
        "ops": 0.792,
        "avg": 0.26,
        "obp": 0.353,
        "slg": 0.439,
        "rbi": 55,
        "sb": 1,
        "hr": 18
      },
      {
        "name": "박병호",
        "year": 22,
        "team": "KT",
        "pa": 487,
        "ops": 0.908,
        "avg": 0.275,
        "obp": 0.349,
        "slg": 0.559,
        "rbi": 98,
        "sb": 5,
        "hr": 35
      },
      {
        "name": "심우준",
        "year": 22,
        "team": "KT",
        "pa": 449,
        "ops": 0.618,
        "avg": 0.24,
        "obp": 0.316,
        "slg": 0.302,
        "rbi": 34,
        "sb": 23,
        "hr": 4
      },
      {
        "name": "알포드",
        "year": 22,
        "team": "KT",
        "pa": 323,
        "ops": 0.871,
        "avg": 0.286,
        "obp": 0.362,
        "slg": 0.509,
        "rbi": 50,
        "sb": 5,
        "hr": 14
      }
    ]
  },
  {
    "generation": 6,
    "expected_score": 5.54,
    "lineup": [
      "배정대",
      "조용호",
      "오윤석",
      "김민혁",
      "장성우",
      "황재균",
      "알포드",
      "박병호",
      "심우준"
    ],
    "player_stats": [
      {
        "name": "배정대",
        "year": 22,
        "team": "KT",
        "pa": 575,
        "ops": 0.695,
        "avg": 0.266,
        "obp": 0.339,
        "slg": 0.356,
        "rbi": 56,
        "sb": 19,
        "hr": 6
      },
      {
        "name": "조용호",
        "year": 22,
        "team": "KT",
        "pa": 531,
        "ops": 0.756,
        "avg": 0.308,
        "obp": 0.374,
        "slg": 0.382,
        "rbi": 44,
        "sb": 5,
        "hr": 3
      },
      {
        "name": "오윤석",
        "year": 22,
        "team": "KT",
        "pa": 337,
        "ops": 0.665,
        "avg": 0.234,
        "obp": 0.322,
        "slg": 0.343,
        "rbi": 37,
        "sb": 2,
        "hr": 6
      },
      {
        "name": "김민혁",
        "year": 22,
        "team": "KT",
        "pa": 434,
        "ops": 0.671,
        "avg": 0.284,
        "obp": 0.349,
        "slg": 0.322,
        "rbi": 35,
        "sb": 6,
        "hr": 0
      },
      {
        "name": "장성우",
        "year": 22,
        "team": "KT",
        "pa": 420,
        "ops": 0.792,
        "avg": 0.26,
        "obp": 0.353,
        "slg": 0.439,
        "rbi": 55,
        "sb": 1,
        "hr": 18
      },
      {
        "name": "황재균",
        "year": 22,
        "team": "KT",
        "pa": 581,
        "ops": 0.715,
        "avg": 0.262,
        "obp": 0.335,
        "slg": 0.38,
        "rbi": 64,
        "sb": 6,
        "hr": 10
      },
      {
        "name": "알포드",
        "year": 22,
        "team": "KT",
        "pa": 323,
        "ops": 0.871,
        "avg": 0.286,
        "obp": 0.362,
        "slg": 0.509,
        "rbi": 50,
        "sb": 5,
        "hr": 14
      },
      {
        "name": "박병호",
        "year": 22,
        "team": "KT",
        "pa": 487,
        "ops": 0.908,
        "avg": 0.275,
        "obp": 0.349,
        "slg": 0.559,
        "rbi": 98,
        "sb": 5,
        "hr": 35
      },
      {
        "name": "심우준",
        "year": 22,
        "team": "KT",
        "pa": 449,
        "ops": 0.618,
        "avg": 0.24,
        "obp": 0.316,
        "slg": 0.302,
        "rbi": 34,
        "sb": 23,
        "hr": 4
      }
    ]
  },
  {
    "generation": 7,
    "expected_score": 5.495,
    "lineup": [
      "황재균",
      "배정대",
      "김민혁",
      "심우준",
      "알포드",
      "장성우",
      "오윤석",
      "박병호",
      "조용호"
    ],
    "player_stats": [
      {
        "name": "황재균",
        "year": 22,
        "team": "KT",
        "pa": 581,
        "ops": 0.715,
        "avg": 0.262,
        "obp": 0.335,
        "slg": 0.38,
        "rbi": 64,
        "sb": 6,
        "hr": 10
      },
      {
        "name": "배정대",
        "year": 22,
        "team": "KT",
        "pa": 575,
        "ops": 0.695,
        "avg": 0.266,
        "obp": 0.339,
        "slg": 0.356,
        "rbi": 56,
        "sb": 19,
        "hr": 6
      },
      {
        "name": "김민혁",
        "year": 22,
        "team": "KT",
        "pa": 434,
        "ops": 0.671,
        "avg": 0.284,
        "obp": 0.349,
        "slg": 0.322,
        "rbi": 35,
        "sb": 6,
        "hr": 0
      },
      {
        "name": "심우준",
        "year": 22,
        "team": "KT",
        "pa": 449,
        "ops": 0.618,
        "avg": 0.24,
        "obp": 0.316,
        "slg": 0.302,
        "rbi": 34,
        "sb": 23,
        "hr": 4
      },
      {
        "name": "알포드",
        "year": 22,
        "team": "KT",
        "pa": 323,
        "ops": 0.871,
        "avg": 0.286,
        "obp": 0.362,
        "slg": 0.509,
        "rbi": 50,
        "sb": 5,
        "hr": 14
      },
      {
        "name": "장성우",
        "year": 22,
        "team": "KT",
        "pa": 420,
        "ops": 0.792,
        "avg": 0.26,
        "obp": 0.353,
        "slg": 0.439,
        "rbi": 55,
        "sb": 1,
        "hr": 18
      },
      {
        "name": "오윤석",
        "year": 22,
        "team": "KT",
        "pa": 337,
        "ops": 0.665,
        "avg": 0.234,
        "obp": 0.322,
        "slg": 0.343,
        "rbi": 37,
        "sb": 2,
        "hr": 6
      },
      {
        "name": "박병호",
        "year": 22,
        "team": "KT",
        "pa": 487,
        "ops": 0.908,
        "avg": 0.275,
        "obp": 0.349,
        "slg": 0.559,
        "rbi": 98,
        "sb": 5,
        "hr": 35
      },
      {
        "name": "조용호",
        "year": 22,
        "team": "KT",
        "pa": 531,
        "ops": 0.756,
        "avg": 0.308,
        "obp": 0.374,
        "slg": 0.382,
        "rbi": 44,
        "sb": 5,
        "hr": 3
      }
    ]
  },
  {
    "generation": 8,
    "expected_score": 5.515,
    "lineup": [
      "배정대",
      "오윤석",
      "황재균",
      "김민혁",
      "심우준",
      "조용호",
      "박병호",
      "장성우",
      "알포드"
    ],
    "player_stats": [
      {
        "name": "배정대",
        "year": 22,
        "team": "KT",
        "pa": 575,
        "ops": 0.695,
        "avg": 0.266,
        "obp": 0.339,
        "slg": 0.356,
        "rbi": 56,
        "sb": 19,
        "hr": 6
      },
      {
        "name": "오윤석",
        "year": 22,
        "team": "KT",
        "pa": 337,
        "ops": 0.665,
        "avg": 0.234,
        "obp": 0.322,
        "slg": 0.343,
        "rbi": 37,
        "sb": 2,
        "hr": 6
      },
      {
        "name": "황재균",
        "year": 22,
        "team": "KT",
        "pa": 581,
        "ops": 0.715,
        "avg": 0.262,
        "obp": 0.335,
        "slg": 0.38,
        "rbi": 64,
        "sb": 6,
        "hr": 10
      },
      {
        "name": "김민혁",
        "year": 22,
        "team": "KT",
        "pa": 434,
        "ops": 0.671,
        "avg": 0.284,
        "obp": 0.349,
        "slg": 0.322,
        "rbi": 35,
        "sb": 6,
        "hr": 0
      },
      {
        "name": "심우준",
        "year": 22,
        "team": "KT",
        "pa": 449,
        "ops": 0.618,
        "avg": 0.24,
        "obp": 0.316,
        "slg": 0.302,
        "rbi": 34,
        "sb": 23,
        "hr": 4
      },
      {
        "name": "조용호",
        "year": 22,
        "team": "KT",
        "pa": 531,
        "ops": 0.756,
        "avg": 0.308,
        "obp": 0.374,
        "slg": 0.382,
        "rbi": 44,
        "sb": 5,
        "hr": 3
      },
      {
        "name": "박병호",
        "year": 22,
        "team": "KT",
        "pa": 487,
        "ops": 0.908,
        "avg": 0.275,
        "obp": 0.349,
        "slg": 0.559,
        "rbi": 98,
        "sb": 5,
        "hr": 35
      },
      {
        "name": "장성우",
        "year": 22,
        "team": "KT",
        "pa": 420,
        "ops": 0.792,
        "avg": 0.26,
        "obp": 0.353,
        "slg": 0.439,
        "rbi": 55,
        "sb": 1,
        "hr": 18
      },
      {
        "name": "알포드",
        "year": 22,
        "team": "KT",
        "pa": 323,
        "ops": 0.871,
        "avg": 0.286,
        "obp": 0.362,
        "slg": 0.509,
        "rbi": 50,
        "sb": 5,
        "hr": 14
      }
    ]
  },
  {
    "generation": 9,
    "expected_score": 5.44,
    "lineup": [
      "배정대",
      "오윤석",
      "황재균",
      "김민혁",
      "심우준",
      "조용호",
      "박병호",
      "장성우",
      "알포드"
    ],
    "player_stats": [
      {
        "name": "배정대",
        "year": 22,
        "team": "KT",
        "pa": 575,
        "ops": 0.695,
        "avg": 0.266,
        "obp": 0.339,
        "slg": 0.356,
        "rbi": 56,
        "sb": 19,
        "hr": 6
      },
      {
        "name": "오윤석",
        "year": 22,
        "team": "KT",
        "pa": 337,
        "ops": 0.665,
        "avg": 0.234,
        "obp": 0.322,
        "slg": 0.343,
        "rbi": 37,
        "sb": 2,
        "hr": 6
      },
      {
        "name": "황재균",
        "year": 22,
        "team": "KT",
        "pa": 581,
        "ops": 0.715,
        "avg": 0.262,
        "obp": 0.335,
        "slg": 0.38,
        "rbi": 64,
        "sb": 6,
        "hr": 10
      },
      {
        "name": "김민혁",
        "year": 22,
        "team": "KT",
        "pa": 434,
        "ops": 0.671,
        "avg": 0.284,
        "obp": 0.349,
        "slg": 0.322,
        "rbi": 35,
        "sb": 6,
        "hr": 0
      },
      {
        "name": "심우준",
        "year": 22,
        "team": "KT",
        "pa": 449,
        "ops": 0.618,
        "avg": 0.24,
        "obp": 0.316,
        "slg": 0.302,
        "rbi": 34,
        "sb": 23,
        "hr": 4
      },
      {
        "name": "조용호",
        "year": 22,
        "team": "KT",
        "pa": 531,
        "ops": 0.756,
        "avg": 0.308,
        "obp": 0.374,
        "slg": 0.382,
        "rbi": 44,
        "sb": 5,
        "hr": 3
      },
      {
        "name": "박병호",
        "year": 22,
        "team": "KT",
        "pa": 487,
        "ops": 0.908,
        "avg": 0.275,
        "obp": 0.349,
        "slg": 0.559,
        "rbi": 98,
        "sb": 5,
        "hr": 35
      },
      {
        "name": "장성우",
        "year": 22,
        "team": "KT",
        "pa": 420,
        "ops": 0.792,
        "avg": 0.26,
        "obp": 0.353,
        "slg": 0.439,
        "rbi": 55,
        "sb": 1,
        "hr": 18
      },
      {
        "name": "알포드",
        "year": 22,
        "team": "KT",
        "pa": 323,
        "ops": 0.871,
        "avg": 0.286,
        "obp": 0.362,
        "slg": 0.509,
        "rbi": 50,
        "sb": 5,
        "hr": 14
      }
    ]
  },
  {
    "generation": 10,
    "expected_score": 5.735,
    "lineup": [
      "배정대",
      "오윤석",
      "심우준",
      "알포드",
      "조용호",
      "김민혁",
      "황재균",
      "장성우",
      "박병호"
    ],
    "player_stats": [
      {
        "name": "배정대",
        "year": 22,
        "team": "KT",
        "pa": 575,
        "ops": 0.695,
        "avg": 0.266,
        "obp": 0.339,
        "slg": 0.356,
        "rbi": 56,
        "sb": 19,
        "hr": 6
      },
      {
        "name": "오윤석",
        "year": 22,
        "team": "KT",
        "pa": 337,
        "ops": 0.665,
        "avg": 0.234,
        "obp": 0.322,
        "slg": 0.343,
        "rbi": 37,
        "sb": 2,
        "hr": 6
      },
      {
        "name": "심우준",
        "year": 22,
        "team": "KT",
        "pa": 449,
        "ops": 0.618,
        "avg": 0.24,
        "obp": 0.316,
        "slg": 0.302,
        "rbi": 34,
        "sb": 23,
        "hr": 4
      },
      {
        "name": "알포드",
        "year": 22,
        "team": "KT",
        "pa": 323,
        "ops": 0.871,
        "avg": 0.286,
        "obp": 0.362,
        "slg": 0.509,
        "rbi": 50,
        "sb": 5,
        "hr": 14
      },
      {
        "name": "조용호",
        "year": 22,
        "team": "KT",
        "pa": 531,
        "ops": 0.756,
        "avg": 0.308,
        "obp": 0.374,
        "slg": 0.382,
        "rbi": 44,
        "sb": 5,
        "hr": 3
      },
      {
        "name": "김민혁",
        "year": 22,
        "team": "KT",
        "pa": 434,
        "ops": 0.671,
        "avg": 0.284,
        "obp": 0.349,
        "slg": 0.322,
        "rbi": 35,
        "sb": 6,
        "hr": 0
      },
      {
        "name": "황재균",
        "year": 22,
        "team": "KT",
        "pa": 581,
        "ops": 0.715,
        "avg": 0.262,
        "obp": 0.335,
        "slg": 0.38,
        "rbi": 64,
        "sb": 6,
        "hr": 10
      },
      {
        "name": "장성우",
        "year": 22,
        "team": "KT",
        "pa": 420,
        "ops": 0.792,
        "avg": 0.26,
        "obp": 0.353,
        "slg": 0.439,
        "rbi": 55,
        "sb": 1,
        "hr": 18
      },
      {
        "name": "박병호",
        "year": 22,
        "team": "KT",
        "pa": 487,
        "ops": 0.908,
        "avg": 0.275,
        "obp": 0.349,
        "slg": 0.559,
        "rbi": 98,
        "sb": 5,
        "hr": 35
      }
    ]
  },
  {
    "generation": 11,
    "expected_score": 5.805,
    "lineup": [
      "배정대",
      "오윤석",
      "황재균",
      "김민혁",
      "심우준",
      "조용호",
      "알포드",
      "장성우",
      "박병호"
    ],
    "player_stats": [
      {
        "name": "배정대",
        "year": 22,
        "team": "KT",
        "pa": 575,
        "ops": 0.695,
        "avg": 0.266,
        "obp": 0.339,
        "slg": 0.356,
        "rbi": 56,
        "sb": 19,
        "hr": 6
      },
      {
        "name": "오윤석",
        "year": 22,
        "team": "KT",
        "pa": 337,
        "ops": 0.665,
        "avg": 0.234,
        "obp": 0.322,
        "slg": 0.343,
        "rbi": 37,
        "sb": 2,
        "hr": 6
      },
      {
        "name": "황재균",
        "year": 22,
        "team": "KT",
        "pa": 581,
        "ops": 0.715,
        "avg": 0.262,
        "obp": 0.335,
        "slg": 0.38,
        "rbi": 64,
        "sb": 6,
        "hr": 10
      },
      {
        "name": "김민혁",
        "year": 22,
        "team": "KT",
        "pa": 434,
        "ops": 0.671,
        "avg": 0.284,
        "obp": 0.349,
        "slg": 0.322,
        "rbi": 35,
        "sb": 6,
        "hr": 0
      },
      {
        "name": "심우준",
        "year": 22,
        "team": "KT",
        "pa": 449,
        "ops": 0.618,
        "avg": 0.24,
        "obp": 0.316,
        "slg": 0.302,
        "rbi": 34,
        "sb": 23,
        "hr": 4
      },
      {
        "name": "조용호",
        "year": 22,
        "team": "KT",
        "pa": 531,
        "ops": 0.756,
        "avg": 0.308,
        "obp": 0.374,
        "slg": 0.382,
        "rbi": 44,
        "sb": 5,
        "hr": 3
      },
      {
        "name": "알포드",
        "year": 22,
        "team": "KT",
        "pa": 323,
        "ops": 0.871,
        "avg": 0.286,
        "obp": 0.362,
        "slg": 0.509,
        "rbi": 50,
        "sb": 5,
        "hr": 14
      },
      {
        "name": "장성우",
        "year": 22,
        "team": "KT",
        "pa": 420,
        "ops": 0.792,
        "avg": 0.26,
        "obp": 0.353,
        "slg": 0.439,
        "rbi": 55,
        "sb": 1,
        "hr": 18
      },
      {
        "name": "박병호",
        "year": 22,
        "team": "KT",
        "pa": 487,
        "ops": 0.908,
        "avg": 0.275,
        "obp": 0.349,
        "slg": 0.559,
        "rbi": 98,
        "sb": 5,
        "hr": 35
      }
    ]
  },
  {
    "generation": 12,
    "expected_score": 5.59,
    "lineup": [
      "배정대",
      "김민혁",
      "황재균",
      "알포드",
      "조용호",
      "심우준",
      "장성우",
      "오윤석",
      "박병호"
    ],
    "player_stats": [
      {
        "name": "배정대",
        "year": 22,
        "team": "KT",
        "pa": 575,
        "ops": 0.695,
        "avg": 0.266,
        "obp": 0.339,
        "slg": 0.356,
        "rbi": 56,
        "sb": 19,
        "hr": 6
      },
      {
        "name": "김민혁",
        "year": 22,
        "team": "KT",
        "pa": 434,
        "ops": 0.671,
        "avg": 0.284,
        "obp": 0.349,
        "slg": 0.322,
        "rbi": 35,
        "sb": 6,
        "hr": 0
      },
      {
        "name": "황재균",
        "year": 22,
        "team": "KT",
        "pa": 581,
        "ops": 0.715,
        "avg": 0.262,
        "obp": 0.335,
        "slg": 0.38,
        "rbi": 64,
        "sb": 6,
        "hr": 10
      },
      {
        "name": "알포드",
        "year": 22,
        "team": "KT",
        "pa": 323,
        "ops": 0.871,
        "avg": 0.286,
        "obp": 0.362,
        "slg": 0.509,
        "rbi": 50,
        "sb": 5,
        "hr": 14
      },
      {
        "name": "조용호",
        "year": 22,
        "team": "KT",
        "pa": 531,
        "ops": 0.756,
        "avg": 0.308,
        "obp": 0.374,
        "slg": 0.382,
        "rbi": 44,
        "sb": 5,
        "hr": 3
      },
      {
        "name": "심우준",
        "year": 22,
        "team": "KT",
        "pa": 449,
        "ops": 0.618,
        "avg": 0.24,
        "obp": 0.316,
        "slg": 0.302,
        "rbi": 34,
        "sb": 23,
        "hr": 4
      },
      {
        "name": "장성우",
        "year": 22,
        "team": "KT",
        "pa": 420,
        "ops": 0.792,
        "avg": 0.26,
        "obp": 0.353,
        "slg": 0.439,
        "rbi": 55,
        "sb": 1,
        "hr": 18
      },
      {
        "name": "오윤석",
        "year": 22,
        "team": "KT",
        "pa": 337,
        "ops": 0.665,
        "avg": 0.234,
        "obp": 0.322,
        "slg": 0.343,
        "rbi": 37,
        "sb": 2,
        "hr": 6
      },
      {
        "name": "박병호",
        "year": 22,
        "team": "KT",
        "pa": 487,
        "ops": 0.908,
        "avg": 0.275,
        "obp": 0.349,
        "slg": 0.559,
        "rbi": 98,
        "sb": 5,
        "hr": 35
      }
    ]
  },
  {
    "generation": 13,
    "expected_score": 5.55,
    "lineup": [
      "배정대",
      "김민혁",
      "황재균",
      "알포드",
      "조용호",
      "심우준",
      "장성우",
      "오윤석",
      "박병호"
    ],
    "player_stats": [
      {
        "name": "배정대",
        "year": 22,
        "team": "KT",
        "pa": 575,
        "ops": 0.695,
        "avg": 0.266,
        "obp": 0.339,
        "slg": 0.356,
        "rbi": 56,
        "sb": 19,
        "hr": 6
      },
      {
        "name": "김민혁",
        "year": 22,
        "team": "KT",
        "pa": 434,
        "ops": 0.671,
        "avg": 0.284,
        "obp": 0.349,
        "slg": 0.322,
        "rbi": 35,
        "sb": 6,
        "hr": 0
      },
      {
        "name": "황재균",
        "year": 22,
        "team": "KT",
        "pa": 581,
        "ops": 0.715,
        "avg": 0.262,
        "obp": 0.335,
        "slg": 0.38,
        "rbi": 64,
        "sb": 6,
        "hr": 10
      },
      {
        "name": "알포드",
        "year": 22,
        "team": "KT",
        "pa": 323,
        "ops": 0.871,
        "avg": 0.286,
        "obp": 0.362,
        "slg": 0.509,
        "rbi": 50,
        "sb": 5,
        "hr": 14
      },
      {
        "name": "조용호",
        "year": 22,
        "team": "KT",
        "pa": 531,
        "ops": 0.756,
        "avg": 0.308,
        "obp": 0.374,
        "slg": 0.382,
        "rbi": 44,
        "sb": 5,
        "hr": 3
      },
      {
        "name": "심우준",
        "year": 22,
        "team": "KT",
        "pa": 449,
        "ops": 0.618,
        "avg": 0.24,
        "obp": 0.316,
        "slg": 0.302,
        "rbi": 34,
        "sb": 23,
        "hr": 4
      },
      {
        "name": "장성우",
        "year": 22,
        "team": "KT",
        "pa": 420,
        "ops": 0.792,
        "avg": 0.26,
        "obp": 0.353,
        "slg": 0.439,
        "rbi": 55,
        "sb": 1,
        "hr": 18
      },
      {
        "name": "오윤석",
        "year": 22,
        "team": "KT",
        "pa": 337,
        "ops": 0.665,
        "avg": 0.234,
        "obp": 0.322,
        "slg": 0.343,
        "rbi": 37,
        "sb": 2,
        "hr": 6
      },
      {
        "name": "박병호",
        "year": 22,
        "team": "KT",
        "pa": 487,
        "ops": 0.908,
        "avg": 0.275,
        "obp": 0.349,
        "slg": 0.559,
        "rbi": 98,
        "sb": 5,
        "hr": 35
      }
    ]
  },
  {
    "generation": 14,
    "expected_score": 5.58,
    "lineup": [
      "배정대",
      "오윤석",
      "김민혁",
      "황재균",
      "알포드",
      "조용호",
      "장성우",
      "박병호",
      "심우준"
    ],
    "player_stats": [
      {
        "name": "배정대",
        "year": 22,
        "team": "KT",
        "pa": 575,
        "ops": 0.695,
        "avg": 0.266,
        "obp": 0.339,
        "slg": 0.356,
        "rbi": 56,
        "sb": 19,
        "hr": 6
      },
      {
        "name": "오윤석",
        "year": 22,
        "team": "KT",
        "pa": 337,
        "ops": 0.665,
        "avg": 0.234,
        "obp": 0.322,
        "slg": 0.343,
        "rbi": 37,
        "sb": 2,
        "hr": 6
      },
      {
        "name": "김민혁",
        "year": 22,
        "team": "KT",
        "pa": 434,
        "ops": 0.671,
        "avg": 0.284,
        "obp": 0.349,
        "slg": 0.322,
        "rbi": 35,
        "sb": 6,
        "hr": 0
      },
      {
        "name": "황재균",
        "year": 22,
        "team": "KT",
        "pa": 581,
        "ops": 0.715,
        "avg": 0.262,
        "obp": 0.335,
        "slg": 0.38,
        "rbi": 64,
        "sb": 6,
        "hr": 10
      },
      {
        "name": "알포드",
        "year": 22,
        "team": "KT",
        "pa": 323,
        "ops": 0.871,
        "avg": 0.286,
        "obp": 0.362,
        "slg": 0.509,
        "rbi": 50,
        "sb": 5,
        "hr": 14
      },
      {
        "name": "조용호",
        "year": 22,
        "team": "KT",
        "pa": 531,
        "ops": 0.756,
        "avg": 0.308,
        "obp": 0.374,
        "slg": 0.382,
        "rbi": 44,
        "sb": 5,
        "hr": 3
      },
      {
        "name": "장성우",
        "year": 22,
        "team": "KT",
        "pa": 420,
        "ops": 0.792,
        "avg": 0.26,
        "obp": 0.353,
        "slg": 0.439,
        "rbi": 55,
        "sb": 1,
        "hr": 18
      },
      {
        "name": "박병호",
        "year": 22,
        "team": "KT",
        "pa": 487,
        "ops": 0.908,
        "avg": 0.275,
        "obp": 0.349,
        "slg": 0.559,
        "rbi": 98,
        "sb": 5,
        "hr": 35
      },
      {
        "name": "심우준",
        "year": 22,
        "team": "KT",
        "pa": 449,
        "ops": 0.618,
        "avg": 0.24,
        "obp": 0.316,
        "slg": 0.302,
        "rbi": 34,
        "sb": 23,
        "hr": 4
      }
    ]
  },
  {
    "generation": 15,
    "expected_score": 5.605,
    "lineup": [
      "배정대",
      "김민혁",
      "황재균",
      "오윤석",
      "조용호",
      "알포드",
      "박병호",
      "심우준",
      "장성우"
    ],
    "player_stats": [
      {
        "name": "배정대",
        "year": 22,
        "team": "KT",
        "pa": 575,
        "ops": 0.695,
        "avg": 0.266,
        "obp": 0.339,
        "slg": 0.356,
        "rbi": 56,
        "sb": 19,
        "hr": 6
      },
      {
        "name": "김민혁",
        "year": 22,
        "team": "KT",
        "pa": 434,
        "ops": 0.671,
        "avg": 0.284,
        "obp": 0.349,
        "slg": 0.322,
        "rbi": 35,
        "sb": 6,
        "hr": 0
      },
      {
        "name": "황재균",
        "year": 22,
        "team": "KT",
        "pa": 581,
        "ops": 0.715,
        "avg": 0.262,
        "obp": 0.335,
        "slg": 0.38,
        "rbi": 64,
        "sb": 6,
        "hr": 10
      },
      {
        "name": "오윤석",
        "year": 22,
        "team": "KT",
        "pa": 337,
        "ops": 0.665,
        "avg": 0.234,
        "obp": 0.322,
        "slg": 0.343,
        "rbi": 37,
        "sb": 2,
        "hr": 6
      },
      {
        "name": "조용호",
        "year": 22,
        "team": "KT",
        "pa": 531,
        "ops": 0.756,
        "avg": 0.308,
        "obp": 0.374,
        "slg": 0.382,
        "rbi": 44,
        "sb": 5,
        "hr": 3
      },
      {
        "name": "알포드",
        "year": 22,
        "team": "KT",
        "pa": 323,
        "ops": 0.871,
        "avg": 0.286,
        "obp": 0.362,
        "slg": 0.509,
        "rbi": 50,
        "sb": 5,
        "hr": 14
      },
      {
        "name": "박병호",
        "year": 22,
        "team": "KT",
        "pa": 487,
        "ops": 0.908,
        "avg": 0.275,
        "obp": 0.349,
        "slg": 0.559,
        "rbi": 98,
        "sb": 5,
        "hr": 35
      },
      {
        "name": "심우준",
        "year": 22,
        "team": "KT",
        "pa": 449,
        "ops": 0.618,
        "avg": 0.24,
        "obp": 0.316,
        "slg": 0.302,
        "rbi": 34,
        "sb": 23,
        "hr": 4
      },
      {
        "name": "장성우",
        "year": 22,
        "team": "KT",
        "pa": 420,
        "ops": 0.792,
        "avg": 0.26,
        "obp": 0.353,
        "slg": 0.439,
        "rbi": 55,
        "sb": 1,
        "hr": 18
      }
    ]
  },
  {
    "generation": 16,
    "expected_score": 5.59,
    "lineup": [
      "배정대",
      "김민혁",
      "황재균",
      "알포드",
      "조용호",
      "심우준",
      "오윤석",
      "박병호",
      "장성우"
    ],
    "player_stats": [
      {
        "name": "배정대",
        "year": 22,
        "team": "KT",
        "pa": 575,
        "ops": 0.695,
        "avg": 0.266,
        "obp": 0.339,
        "slg": 0.356,
        "rbi": 56,
        "sb": 19,
        "hr": 6
      },
      {
        "name": "김민혁",
        "year": 22,
        "team": "KT",
        "pa": 434,
        "ops": 0.671,
        "avg": 0.284,
        "obp": 0.349,
        "slg": 0.322,
        "rbi": 35,
        "sb": 6,
        "hr": 0
      },
      {
        "name": "황재균",
        "year": 22,
        "team": "KT",
        "pa": 581,
        "ops": 0.715,
        "avg": 0.262,
        "obp": 0.335,
        "slg": 0.38,
        "rbi": 64,
        "sb": 6,
        "hr": 10
      },
      {
        "name": "알포드",
        "year": 22,
        "team": "KT",
        "pa": 323,
        "ops": 0.871,
        "avg": 0.286,
        "obp": 0.362,
        "slg": 0.509,
        "rbi": 50,
        "sb": 5,
        "hr": 14
      },
      {
        "name": "조용호",
        "year": 22,
        "team": "KT",
        "pa": 531,
        "ops": 0.756,
        "avg": 0.308,
        "obp": 0.374,
        "slg": 0.382,
        "rbi": 44,
        "sb": 5,
        "hr": 3
      },
      {
        "name": "심우준",
        "year": 22,
        "team": "KT",
        "pa": 449,
        "ops": 0.618,
        "avg": 0.24,
        "obp": 0.316,
        "slg": 0.302,
        "rbi": 34,
        "sb": 23,
        "hr": 4
      },
      {
        "name": "오윤석",
        "year": 22,
        "team": "KT",
        "pa": 337,
        "ops": 0.665,
        "avg": 0.234,
        "obp": 0.322,
        "slg": 0.343,
        "rbi": 37,
        "sb": 2,
        "hr": 6
      },
      {
        "name": "박병호",
        "year": 22,
        "team": "KT",
        "pa": 487,
        "ops": 0.908,
        "avg": 0.275,
        "obp": 0.349,
        "slg": 0.559,
        "rbi": 98,
        "sb": 5,
        "hr": 35
      },
      {
        "name": "장성우",
        "year": 22,
        "team": "KT",
        "pa": 420,
        "ops": 0.792,
        "avg": 0.26,
        "obp": 0.353,
        "slg": 0.439,
        "rbi": 55,
        "sb": 1,
        "hr": 18
      }
    ]
  },
  {
    "generation": 17,
    "expected_score": 5.665,
    "lineup": [
      "배정대",
      "김민혁",
      "황재균",
      "조용호",
      "장성우",
      "심우준",
      "오윤석",
      "알포드",
      "박병호"
    ],
    "player_stats": [
      {
        "name": "배정대",
        "year": 22,
        "team": "KT",
        "pa": 575,
        "ops": 0.695,
        "avg": 0.266,
        "obp": 0.339,
        "slg": 0.356,
        "rbi": 56,
        "sb": 19,
        "hr": 6
      },
      {
        "name": "김민혁",
        "year": 22,
        "team": "KT",
        "pa": 434,
        "ops": 0.671,
        "avg": 0.284,
        "obp": 0.349,
        "slg": 0.322,
        "rbi": 35,
        "sb": 6,
        "hr": 0
      },
      {
        "name": "황재균",
        "year": 22,
        "team": "KT",
        "pa": 581,
        "ops": 0.715,
        "avg": 0.262,
        "obp": 0.335,
        "slg": 0.38,
        "rbi": 64,
        "sb": 6,
        "hr": 10
      },
      {
        "name": "조용호",
        "year": 22,
        "team": "KT",
        "pa": 531,
        "ops": 0.756,
        "avg": 0.308,
        "obp": 0.374,
        "slg": 0.382,
        "rbi": 44,
        "sb": 5,
        "hr": 3
      },
      {
        "name": "장성우",
        "year": 22,
        "team": "KT",
        "pa": 420,
        "ops": 0.792,
        "avg": 0.26,
        "obp": 0.353,
        "slg": 0.439,
        "rbi": 55,
        "sb": 1,
        "hr": 18
      },
      {
        "name": "심우준",
        "year": 22,
        "team": "KT",
        "pa": 449,
        "ops": 0.618,
        "avg": 0.24,
        "obp": 0.316,
        "slg": 0.302,
        "rbi": 34,
        "sb": 23,
        "hr": 4
      },
      {
        "name": "오윤석",
        "year": 22,
        "team": "KT",
        "pa": 337,
        "ops": 0.665,
        "avg": 0.234,
        "obp": 0.322,
        "slg": 0.343,
        "rbi": 37,
        "sb": 2,
        "hr": 6
      },
      {
        "name": "알포드",
        "year": 22,
        "team": "KT",
        "pa": 323,
        "ops": 0.871,
        "avg": 0.286,
        "obp": 0.362,
        "slg": 0.509,
        "rbi": 50,
        "sb": 5,
        "hr": 14
      },
      {
        "name": "박병호",
        "year": 22,
        "team": "KT",
        "pa": 487,
        "ops": 0.908,
        "avg": 0.275,
        "obp": 0.349,
        "slg": 0.559,
        "rbi": 98,
        "sb": 5,
        "hr": 35
      }
    ]
  },
  {
    "generation": 18,
    "expected_score": 5.625,
    "lineup": [
      "배정대",
      "심우준",
      "오윤석",
      "박병호",
      "김민혁",
      "황재균",
      "조용호",
      "알포드",
      "장성우"
    ],
    "player_stats": [
      {
        "name": "배정대",
        "year": 22,
        "team": "KT",
        "pa": 575,
        "ops": 0.695,
        "avg": 0.266,
        "obp": 0.339,
        "slg": 0.356,
        "rbi": 56,
        "sb": 19,
        "hr": 6
      },
      {
        "name": "심우준",
        "year": 22,
        "team": "KT",
        "pa": 449,
        "ops": 0.618,
        "avg": 0.24,
        "obp": 0.316,
        "slg": 0.302,
        "rbi": 34,
        "sb": 23,
        "hr": 4
      },
      {
        "name": "오윤석",
        "year": 22,
        "team": "KT",
        "pa": 337,
        "ops": 0.665,
        "avg": 0.234,
        "obp": 0.322,
        "slg": 0.343,
        "rbi": 37,
        "sb": 2,
        "hr": 6
      },
      {
        "name": "박병호",
        "year": 22,
        "team": "KT",
        "pa": 487,
        "ops": 0.908,
        "avg": 0.275,
        "obp": 0.349,
        "slg": 0.559,
        "rbi": 98,
        "sb": 5,
        "hr": 35
      },
      {
        "name": "김민혁",
        "year": 22,
        "team": "KT",
        "pa": 434,
        "ops": 0.671,
        "avg": 0.284,
        "obp": 0.349,
        "slg": 0.322,
        "rbi": 35,
        "sb": 6,
        "hr": 0
      },
      {
        "name": "황재균",
        "year": 22,
        "team": "KT",
        "pa": 581,
        "ops": 0.715,
        "avg": 0.262,
        "obp": 0.335,
        "slg": 0.38,
        "rbi": 64,
        "sb": 6,
        "hr": 10
      },
      {
        "name": "조용호",
        "year": 22,
        "team": "KT",
        "pa": 531,
        "ops": 0.756,
        "avg": 0.308,
        "obp": 0.374,
        "slg": 0.382,
        "rbi": 44,
        "sb": 5,
        "hr": 3
      },
      {
        "name": "알포드",
        "year": 22,
        "team": "KT",
        "pa": 323,
        "ops": 0.871,
        "avg": 0.286,
        "obp": 0.362,
        "slg": 0.509,
        "rbi": 50,
        "sb": 5,
        "hr": 14
      },
      {
        "name": "장성우",
        "year": 22,
        "team": "KT",
        "pa": 420,
        "ops": 0.792,
        "avg": 0.26,
        "obp": 0.353,
        "slg": 0.439,
        "rbi": 55,
        "sb": 1,
        "hr": 18
      }
    ]
  },
  {
    "generation": 19,
    "expected_score": 5.55,
    "lineup": [
      "배정대",
      "심우준",
      "황재균",
      "조용호",
      "장성우",
      "김민혁",
      "알포드",
      "오윤석",
      "박병호"
    ],
    "player_stats": [
      {
        "name": "배정대",
        "year": 22,
        "team": "KT",
        "pa": 575,
        "ops": 0.695,
        "avg": 0.266,
        "obp": 0.339,
        "slg": 0.356,
        "rbi": 56,
        "sb": 19,
        "hr": 6
      },
      {
        "name": "심우준",
        "year": 22,
        "team": "KT",
        "pa": 449,
        "ops": 0.618,
        "avg": 0.24,
        "obp": 0.316,
        "slg": 0.302,
        "rbi": 34,
        "sb": 23,
        "hr": 4
      },
      {
        "name": "황재균",
        "year": 22,
        "team": "KT",
        "pa": 581,
        "ops": 0.715,
        "avg": 0.262,
        "obp": 0.335,
        "slg": 0.38,
        "rbi": 64,
        "sb": 6,
        "hr": 10
      },
      {
        "name": "조용호",
        "year": 22,
        "team": "KT",
        "pa": 531,
        "ops": 0.756,
        "avg": 0.308,
        "obp": 0.374,
        "slg": 0.382,
        "rbi": 44,
        "sb": 5,
        "hr": 3
      },
      {
        "name": "장성우",
        "year": 22,
        "team": "KT",
        "pa": 420,
        "ops": 0.792,
        "avg": 0.26,
        "obp": 0.353,
        "slg": 0.439,
        "rbi": 55,
        "sb": 1,
        "hr": 18
      },
      {
        "name": "김민혁",
        "year": 22,
        "team": "KT",
        "pa": 434,
        "ops": 0.671,
        "avg": 0.284,
        "obp": 0.349,
        "slg": 0.322,
        "rbi": 35,
        "sb": 6,
        "hr": 0
      },
      {
        "name": "알포드",
        "year": 22,
        "team": "KT",
        "pa": 323,
        "ops": 0.871,
        "avg": 0.286,
        "obp": 0.362,
        "slg": 0.509,
        "rbi": 50,
        "sb": 5,
        "hr": 14
      },
      {
        "name": "오윤석",
        "year": 22,
        "team": "KT",
        "pa": 337,
        "ops": 0.665,
        "avg": 0.234,
        "obp": 0.322,
        "slg": 0.343,
        "rbi": 37,
        "sb": 2,
        "hr": 6
      },
      {
        "name": "박병호",
        "year": 22,
        "team": "KT",
        "pa": 487,
        "ops": 0.908,
        "avg": 0.275,
        "obp": 0.349,
        "slg": 0.559,
        "rbi": 98,
        "sb": 5,
        "hr": 35
      }
    ]
  },
  {
    "generation": 20,
    "expected_score": 5.5,
    "lineup": [
      "배정대",
      "황재균",
      "김민혁",
      "심우준",
      "조용호",
      "장성우",
      "오윤석",
      "알포드",
      "박병호"
    ],
    "player_stats": [
      {
        "name": "배정대",
        "year": 22,
        "team": "KT",
        "pa": 575,
        "ops": 0.695,
        "avg": 0.266,
        "obp": 0.339,
        "slg": 0.356,
        "rbi": 56,
        "sb": 19,
        "hr": 6
      },
      {
        "name": "황재균",
        "year": 22,
        "team": "KT",
        "pa": 581,
        "ops": 0.715,
        "avg": 0.262,
        "obp": 0.335,
        "slg": 0.38,
        "rbi": 64,
        "sb": 6,
        "hr": 10
      },
      {
        "name": "김민혁",
        "year": 22,
        "team": "KT",
        "pa": 434,
        "ops": 0.671,
        "avg": 0.284,
        "obp": 0.349,
        "slg": 0.322,
        "rbi": 35,
        "sb": 6,
        "hr": 0
      },
      {
        "name": "심우준",
        "year": 22,
        "team": "KT",
        "pa": 449,
        "ops": 0.618,
        "avg": 0.24,
        "obp": 0.316,
        "slg": 0.302,
        "rbi": 34,
        "sb": 23,
        "hr": 4
      },
      {
        "name": "조용호",
        "year": 22,
        "team": "KT",
        "pa": 531,
        "ops": 0.756,
        "avg": 0.308,
        "obp": 0.374,
        "slg": 0.382,
        "rbi": 44,
        "sb": 5,
        "hr": 3
      },
      {
        "name": "장성우",
        "year": 22,
        "team": "KT",
        "pa": 420,
        "ops": 0.792,
        "avg": 0.26,
        "obp": 0.353,
        "slg": 0.439,
        "rbi": 55,
        "sb": 1,
        "hr": 18
      },
      {
        "name": "오윤석",
        "year": 22,
        "team": "KT",
        "pa": 337,
        "ops": 0.665,
        "avg": 0.234,
        "obp": 0.322,
        "slg": 0.343,
        "rbi": 37,
        "sb": 2,
        "hr": 6
      },
      {
        "name": "알포드",
        "year": 22,
        "team": "KT",
        "pa": 323,
        "ops": 0.871,
        "avg": 0.286,
        "obp": 0.362,
        "slg": 0.509,
        "rbi": 50,
        "sb": 5,
        "hr": 14
      },
      {
        "name": "박병호",
        "year": 22,
        "team": "KT",
        "pa": 487,
        "ops": 0.908,
        "avg": 0.275,
        "obp": 0.349,
        "slg": 0.559,
        "rbi": 98,
        "sb": 5,
        "hr": 35
      }
    ]
  },
  {
    "generation": 21,
    "expected_score": 5.655,
    "lineup": [
      "배정대",
      "황재균",
      "장성우",
      "오윤석",
      "김민혁",
      "심우준",
      "조용호",
      "박병호",
      "알포드"
    ],
    "player_stats": [
      {
        "name": "배정대",
        "year": 22,
        "team": "KT",
        "pa": 575,
        "ops": 0.695,
        "avg": 0.266,
        "obp": 0.339,
        "slg": 0.356,
        "rbi": 56,
        "sb": 19,
        "hr": 6
      },
      {
        "name": "황재균",
        "year": 22,
        "team": "KT",
        "pa": 581,
        "ops": 0.715,
        "avg": 0.262,
        "obp": 0.335,
        "slg": 0.38,
        "rbi": 64,
        "sb": 6,
        "hr": 10
      },
      {
        "name": "장성우",
        "year": 22,
        "team": "KT",
        "pa": 420,
        "ops": 0.792,
        "avg": 0.26,
        "obp": 0.353,
        "slg": 0.439,
        "rbi": 55,
        "sb": 1,
        "hr": 18
      },
      {
        "name": "오윤석",
        "year": 22,
        "team": "KT",
        "pa": 337,
        "ops": 0.665,
        "avg": 0.234,
        "obp": 0.322,
        "slg": 0.343,
        "rbi": 37,
        "sb": 2,
        "hr": 6
      },
      {
        "name": "김민혁",
        "year": 22,
        "team": "KT",
        "pa": 434,
        "ops": 0.671,
        "avg": 0.284,
        "obp": 0.349,
        "slg": 0.322,
        "rbi": 35,
        "sb": 6,
        "hr": 0
      },
      {
        "name": "심우준",
        "year": 22,
        "team": "KT",
        "pa": 449,
        "ops": 0.618,
        "avg": 0.24,
        "obp": 0.316,
        "slg": 0.302,
        "rbi": 34,
        "sb": 23,
        "hr": 4
      },
      {
        "name": "조용호",
        "year": 22,
        "team": "KT",
        "pa": 531,
        "ops": 0.756,
        "avg": 0.308,
        "obp": 0.374,
        "slg": 0.382,
        "rbi": 44,
        "sb": 5,
        "hr": 3
      },
      {
        "name": "박병호",
        "year": 22,
        "team": "KT",
        "pa": 487,
        "ops": 0.908,
        "avg": 0.275,
        "obp": 0.349,
        "slg": 0.559,
        "rbi": 98,
        "sb": 5,
        "hr": 35
      },
      {
        "name": "알포드",
        "year": 22,
        "team": "KT",
        "pa": 323,
        "ops": 0.871,
        "avg": 0.286,
        "obp": 0.362,
        "slg": 0.509,
        "rbi": 50,
        "sb": 5,
        "hr": 14
      }
    ]
  },
  {
    "generation": 22,
    "expected_score": 5.87,
    "lineup": [
      "배정대",
      "황재균",
      "김민혁",
      "조용호",
      "오윤석",
      "심우준",
      "장성우",
      "알포드",
      "박병호"
    ],
    "player_stats": [
      {
        "name": "배정대",
        "year": 22,
        "team": "KT",
        "pa": 575,
        "ops": 0.695,
        "avg": 0.266,
        "obp": 0.339,
        "slg": 0.356,
        "rbi": 56,
        "sb": 19,
        "hr": 6
      },
      {
        "name": "황재균",
        "year": 22,
        "team": "KT",
        "pa": 581,
        "ops": 0.715,
        "avg": 0.262,
        "obp": 0.335,
        "slg": 0.38,
        "rbi": 64,
        "sb": 6,
        "hr": 10
      },
      {
        "name": "김민혁",
        "year": 22,
        "team": "KT",
        "pa": 434,
        "ops": 0.671,
        "avg": 0.284,
        "obp": 0.349,
        "slg": 0.322,
        "rbi": 35,
        "sb": 6,
        "hr": 0
      },
      {
        "name": "조용호",
        "year": 22,
        "team": "KT",
        "pa": 531,
        "ops": 0.756,
        "avg": 0.308,
        "obp": 0.374,
        "slg": 0.382,
        "rbi": 44,
        "sb": 5,
        "hr": 3
      },
      {
        "name": "오윤석",
        "year": 22,
        "team": "KT",
        "pa": 337,
        "ops": 0.665,
        "avg": 0.234,
        "obp": 0.322,
        "slg": 0.343,
        "rbi": 37,
        "sb": 2,
        "hr": 6
      },
      {
        "name": "심우준",
        "year": 22,
        "team": "KT",
        "pa": 449,
        "ops": 0.618,
        "avg": 0.24,
        "obp": 0.316,
        "slg": 0.302,
        "rbi": 34,
        "sb": 23,
        "hr": 4
      },
      {
        "name": "장성우",
        "year": 22,
        "team": "KT",
        "pa": 420,
        "ops": 0.792,
        "avg": 0.26,
        "obp": 0.353,
        "slg": 0.439,
        "rbi": 55,
        "sb": 1,
        "hr": 18
      },
      {
        "name": "알포드",
        "year": 22,
        "team": "KT",
        "pa": 323,
        "ops": 0.871,
        "avg": 0.286,
        "obp": 0.362,
        "slg": 0.509,
        "rbi": 50,
        "sb": 5,
        "hr": 14
      },
      {
        "name": "박병호",
        "year": 22,
        "team": "KT",
        "pa": 487,
        "ops": 0.908,
        "avg": 0.275,
        "obp": 0.349,
        "slg": 0.559,
        "rbi": 98,
        "sb": 5,
        "hr": 35
      }
    ]
  },
  {
    "generation": 23,
    "expected_score": 5.555,
    "lineup": [
      "배정대",
      "김민혁",
      "황재균",
      "알포드",
      "장성우",
      "심우준",
      "조용호",
      "오윤석",
      "박병호"
    ],
    "player_stats": [
      {
        "name": "배정대",
        "year": 22,
        "team": "KT",
        "pa": 575,
        "ops": 0.695,
        "avg": 0.266,
        "obp": 0.339,
        "slg": 0.356,
        "rbi": 56,
        "sb": 19,
        "hr": 6
      },
      {
        "name": "김민혁",
        "year": 22,
        "team": "KT",
        "pa": 434,
        "ops": 0.671,
        "avg": 0.284,
        "obp": 0.349,
        "slg": 0.322,
        "rbi": 35,
        "sb": 6,
        "hr": 0
      },
      {
        "name": "황재균",
        "year": 22,
        "team": "KT",
        "pa": 581,
        "ops": 0.715,
        "avg": 0.262,
        "obp": 0.335,
        "slg": 0.38,
        "rbi": 64,
        "sb": 6,
        "hr": 10
      },
      {
        "name": "알포드",
        "year": 22,
        "team": "KT",
        "pa": 323,
        "ops": 0.871,
        "avg": 0.286,
        "obp": 0.362,
        "slg": 0.509,
        "rbi": 50,
        "sb": 5,
        "hr": 14
      },
      {
        "name": "장성우",
        "year": 22,
        "team": "KT",
        "pa": 420,
        "ops": 0.792,
        "avg": 0.26,
        "obp": 0.353,
        "slg": 0.439,
        "rbi": 55,
        "sb": 1,
        "hr": 18
      },
      {
        "name": "심우준",
        "year": 22,
        "team": "KT",
        "pa": 449,
        "ops": 0.618,
        "avg": 0.24,
        "obp": 0.316,
        "slg": 0.302,
        "rbi": 34,
        "sb": 23,
        "hr": 4
      },
      {
        "name": "조용호",
        "year": 22,
        "team": "KT",
        "pa": 531,
        "ops": 0.756,
        "avg": 0.308,
        "obp": 0.374,
        "slg": 0.382,
        "rbi": 44,
        "sb": 5,
        "hr": 3
      },
      {
        "name": "오윤석",
        "year": 22,
        "team": "KT",
        "pa": 337,
        "ops": 0.665,
        "avg": 0.234,
        "obp": 0.322,
        "slg": 0.343,
        "rbi": 37,
        "sb": 2,
        "hr": 6
      },
      {
        "name": "박병호",
        "year": 22,
        "team": "KT",
        "pa": 487,
        "ops": 0.908,
        "avg": 0.275,
        "obp": 0.349,
        "slg": 0.559,
        "rbi": 98,
        "sb": 5,
        "hr": 35
      }
    ]
  },
  {
    "generation": 24,
    "expected_score": 5.505,
    "lineup": [
      "배정대",
      "황재균",
      "장성우",
      "알포드",
      "조용호",
      "김민혁",
      "오윤석",
      "심우준",
      "박병호"
    ],
    "player_stats": [
      {
        "name": "배정대",
        "year": 22,
        "team": "KT",
        "pa": 575,
        "ops": 0.695,
        "avg": 0.266,
        "obp": 0.339,
        "slg": 0.356,
        "rbi": 56,
        "sb": 19,
        "hr": 6
      },
      {
        "name": "황재균",
        "year": 22,
        "team": "KT",
        "pa": 581,
        "ops": 0.715,
        "avg": 0.262,
        "obp": 0.335,
        "slg": 0.38,
        "rbi": 64,
        "sb": 6,
        "hr": 10
      },
      {
        "name": "장성우",
        "year": 22,
        "team": "KT",
        "pa": 420,
        "ops": 0.792,
        "avg": 0.26,
        "obp": 0.353,
        "slg": 0.439,
        "rbi": 55,
        "sb": 1,
        "hr": 18
      },
      {
        "name": "알포드",
        "year": 22,
        "team": "KT",
        "pa": 323,
        "ops": 0.871,
        "avg": 0.286,
        "obp": 0.362,
        "slg": 0.509,
        "rbi": 50,
        "sb": 5,
        "hr": 14
      },
      {
        "name": "조용호",
        "year": 22,
        "team": "KT",
        "pa": 531,
        "ops": 0.756,
        "avg": 0.308,
        "obp": 0.374,
        "slg": 0.382,
        "rbi": 44,
        "sb": 5,
        "hr": 3
      },
      {
        "name": "김민혁",
        "year": 22,
        "team": "KT",
        "pa": 434,
        "ops": 0.671,
        "avg": 0.284,
        "obp": 0.349,
        "slg": 0.322,
        "rbi": 35,
        "sb": 6,
        "hr": 0
      },
      {
        "name": "오윤석",
        "year": 22,
        "team": "KT",
        "pa": 337,
        "ops": 0.665,
        "avg": 0.234,
        "obp": 0.322,
        "slg": 0.343,
        "rbi": 37,
        "sb": 2,
        "hr": 6
      },
      {
        "name": "심우준",
        "year": 22,
        "team": "KT",
        "pa": 449,
        "ops": 0.618,
        "avg": 0.24,
        "obp": 0.316,
        "slg": 0.302,
        "rbi": 34,
        "sb": 23,
        "hr": 4
      },
      {
        "name": "박병호",
        "year": 22,
        "team": "KT",
        "pa": 487,
        "ops": 0.908,
        "avg": 0.275,
        "obp": 0.349,
        "slg": 0.559,
        "rbi": 98,
        "sb": 5,
        "hr": 35
      }
    ]
  },
  {
    "generation": 25,
    "expected_score": 5.595,
    "lineup": [
      "배정대",
      "황재균",
      "오윤석",
      "알포드",
      "장성우",
      "심우준",
      "조용호",
      "김민혁",
      "박병호"
    ],
    "player_stats": [
      {
        "name": "배정대",
        "year": 22,
        "team": "KT",
        "pa": 575,
        "ops": 0.695,
        "avg": 0.266,
        "obp": 0.339,
        "slg": 0.356,
        "rbi": 56,
        "sb": 19,
        "hr": 6
      },
      {
        "name": "황재균",
        "year": 22,
        "team": "KT",
        "pa": 581,
        "ops": 0.715,
        "avg": 0.262,
        "obp": 0.335,
        "slg": 0.38,
        "rbi": 64,
        "sb": 6,
        "hr": 10
      },
      {
        "name": "오윤석",
        "year": 22,
        "team": "KT",
        "pa": 337,
        "ops": 0.665,
        "avg": 0.234,
        "obp": 0.322,
        "slg": 0.343,
        "rbi": 37,
        "sb": 2,
        "hr": 6
      },
      {
        "name": "알포드",
        "year": 22,
        "team": "KT",
        "pa": 323,
        "ops": 0.871,
        "avg": 0.286,
        "obp": 0.362,
        "slg": 0.509,
        "rbi": 50,
        "sb": 5,
        "hr": 14
      },
      {
        "name": "장성우",
        "year": 22,
        "team": "KT",
        "pa": 420,
        "ops": 0.792,
        "avg": 0.26,
        "obp": 0.353,
        "slg": 0.439,
        "rbi": 55,
        "sb": 1,
        "hr": 18
      },
      {
        "name": "심우준",
        "year": 22,
        "team": "KT",
        "pa": 449,
        "ops": 0.618,
        "avg": 0.24,
        "obp": 0.316,
        "slg": 0.302,
        "rbi": 34,
        "sb": 23,
        "hr": 4
      },
      {
        "name": "조용호",
        "year": 22,
        "team": "KT",
        "pa": 531,
        "ops": 0.756,
        "avg": 0.308,
        "obp": 0.374,
        "slg": 0.382,
        "rbi": 44,
        "sb": 5,
        "hr": 3
      },
      {
        "name": "김민혁",
        "year": 22,
        "team": "KT",
        "pa": 434,
        "ops": 0.671,
        "avg": 0.284,
        "obp": 0.349,
        "slg": 0.322,
        "rbi": 35,
        "sb": 6,
        "hr": 0
      },
      {
        "name": "박병호",
        "year": 22,
        "team": "KT",
        "pa": 487,
        "ops": 0.908,
        "avg": 0.275,
        "obp": 0.349,
        "slg": 0.559,
        "rbi": 98,
        "sb": 5,
        "hr": 35
      }
    ]
  },
  {
    "generation": 26,
    "expected_score": 5.46,
    "lineup": [
      "배정대",
      "김민혁",
      "심우준",
      "장성우",
      "알포드",
      "조용호",
      "오윤석",
      "박병호",
      "황재균"
    ],
    "player_stats": [
      {
        "name": "배정대",
        "year": 22,
        "team": "KT",
        "pa": 575,
        "ops": 0.695,
        "avg": 0.266,
        "obp": 0.339,
        "slg": 0.356,
        "rbi": 56,
        "sb": 19,
        "hr": 6
      },
      {
        "name": "김민혁",
        "year": 22,
        "team": "KT",
        "pa": 434,
        "ops": 0.671,
        "avg": 0.284,
        "obp": 0.349,
        "slg": 0.322,
        "rbi": 35,
        "sb": 6,
        "hr": 0
      },
      {
        "name": "심우준",
        "year": 22,
        "team": "KT",
        "pa": 449,
        "ops": 0.618,
        "avg": 0.24,
        "obp": 0.316,
        "slg": 0.302,
        "rbi": 34,
        "sb": 23,
        "hr": 4
      },
      {
        "name": "장성우",
        "year": 22,
        "team": "KT",
        "pa": 420,
        "ops": 0.792,
        "avg": 0.26,
        "obp": 0.353,
        "slg": 0.439,
        "rbi": 55,
        "sb": 1,
        "hr": 18
      },
      {
        "name": "알포드",
        "year": 22,
        "team": "KT",
        "pa": 323,
        "ops": 0.871,
        "avg": 0.286,
        "obp": 0.362,
        "slg": 0.509,
        "rbi": 50,
        "sb": 5,
        "hr": 14
      },
      {
        "name": "조용호",
        "year": 22,
        "team": "KT",
        "pa": 531,
        "ops": 0.756,
        "avg": 0.308,
        "obp": 0.374,
        "slg": 0.382,
        "rbi": 44,
        "sb": 5,
        "hr": 3
      },
      {
        "name": "오윤석",
        "year": 22,
        "team": "KT",
        "pa": 337,
        "ops": 0.665,
        "avg": 0.234,
        "obp": 0.322,
        "slg": 0.343,
        "rbi": 37,
        "sb": 2,
        "hr": 6
      },
      {
        "name": "박병호",
        "year": 22,
        "team": "KT",
        "pa": 487,
        "ops": 0.908,
        "avg": 0.275,
        "obp": 0.349,
        "slg": 0.559,
        "rbi": 98,
        "sb": 5,
        "hr": 35
      },
      {
        "name": "황재균",
        "year": 22,
        "team": "KT",
        "pa": 581,
        "ops": 0.715,
        "avg": 0.262,
        "obp": 0.335,
        "slg": 0.38,
        "rbi": 64,
        "sb": 6,
        "hr": 10
      }
    ]
  },
  {
    "generation": 27,
    "expected_score": 5.56,
    "lineup": [
      "배정대",
      "황재균",
      "오윤석",
      "알포드",
      "장성우",
      "심우준",
      "조용호",
      "김민혁",
      "박병호"
    ],
    "player_stats": [
      {
        "name": "배정대",
        "year": 22,
        "team": "KT",
        "pa": 575,
        "ops": 0.695,
        "avg": 0.266,
        "obp": 0.339,
        "slg": 0.356,
        "rbi": 56,
        "sb": 19,
        "hr": 6
      },
      {
        "name": "황재균",
        "year": 22,
        "team": "KT",
        "pa": 581,
        "ops": 0.715,
        "avg": 0.262,
        "obp": 0.335,
        "slg": 0.38,
        "rbi": 64,
        "sb": 6,
        "hr": 10
      },
      {
        "name": "오윤석",
        "year": 22,
        "team": "KT",
        "pa": 337,
        "ops": 0.665,
        "avg": 0.234,
        "obp": 0.322,
        "slg": 0.343,
        "rbi": 37,
        "sb": 2,
        "hr": 6
      },
      {
        "name": "알포드",
        "year": 22,
        "team": "KT",
        "pa": 323,
        "ops": 0.871,
        "avg": 0.286,
        "obp": 0.362,
        "slg": 0.509,
        "rbi": 50,
        "sb": 5,
        "hr": 14
      },
      {
        "name": "장성우",
        "year": 22,
        "team": "KT",
        "pa": 420,
        "ops": 0.792,
        "avg": 0.26,
        "obp": 0.353,
        "slg": 0.439,
        "rbi": 55,
        "sb": 1,
        "hr": 18
      },
      {
        "name": "심우준",
        "year": 22,
        "team": "KT",
        "pa": 449,
        "ops": 0.618,
        "avg": 0.24,
        "obp": 0.316,
        "slg": 0.302,
        "rbi": 34,
        "sb": 23,
        "hr": 4
      },
      {
        "name": "조용호",
        "year": 22,
        "team": "KT",
        "pa": 531,
        "ops": 0.756,
        "avg": 0.308,
        "obp": 0.374,
        "slg": 0.382,
        "rbi": 44,
        "sb": 5,
        "hr": 3
      },
      {
        "name": "김민혁",
        "year": 22,
        "team": "KT",
        "pa": 434,
        "ops": 0.671,
        "avg": 0.284,
        "obp": 0.349,
        "slg": 0.322,
        "rbi": 35,
        "sb": 6,
        "hr": 0
      },
      {
        "name": "박병호",
        "year": 22,
        "team": "KT",
        "pa": 487,
        "ops": 0.908,
        "avg": 0.275,
        "obp": 0.349,
        "slg": 0.559,
        "rbi": 98,
        "sb": 5,
        "hr": 35
      }
    ]
  },
  {
    "generation": 28,
    "expected_score": 5.655,
    "lineup": [
      "배정대",
      "김민혁",
      "심우준",
      "알포드",
      "장성우",
      "조용호",
      "오윤석",
      "박병호",
      "황재균"
    ],
    "player_stats": [
      {
        "name": "배정대",
        "year": 22,
        "team": "KT",
        "pa": 575,
        "ops": 0.695,
        "avg": 0.266,
        "obp": 0.339,
        "slg": 0.356,
        "rbi": 56,
        "sb": 19,
        "hr": 6
      },
      {
        "name": "김민혁",
        "year": 22,
        "team": "KT",
        "pa": 434,
        "ops": 0.671,
        "avg": 0.284,
        "obp": 0.349,
        "slg": 0.322,
        "rbi": 35,
        "sb": 6,
        "hr": 0
      },
      {
        "name": "심우준",
        "year": 22,
        "team": "KT",
        "pa": 449,
        "ops": 0.618,
        "avg": 0.24,
        "obp": 0.316,
        "slg": 0.302,
        "rbi": 34,
        "sb": 23,
        "hr": 4
      },
      {
        "name": "알포드",
        "year": 22,
        "team": "KT",
        "pa": 323,
        "ops": 0.871,
        "avg": 0.286,
        "obp": 0.362,
        "slg": 0.509,
        "rbi": 50,
        "sb": 5,
        "hr": 14
      },
      {
        "name": "장성우",
        "year": 22,
        "team": "KT",
        "pa": 420,
        "ops": 0.792,
        "avg": 0.26,
        "obp": 0.353,
        "slg": 0.439,
        "rbi": 55,
        "sb": 1,
        "hr": 18
      },
      {
        "name": "조용호",
        "year": 22,
        "team": "KT",
        "pa": 531,
        "ops": 0.756,
        "avg": 0.308,
        "obp": 0.374,
        "slg": 0.382,
        "rbi": 44,
        "sb": 5,
        "hr": 3
      },
      {
        "name": "오윤석",
        "year": 22,
        "team": "KT",
        "pa": 337,
        "ops": 0.665,
        "avg": 0.234,
        "obp": 0.322,
        "slg": 0.343,
        "rbi": 37,
        "sb": 2,
        "hr": 6
      },
      {
        "name": "박병호",
        "year": 22,
        "team": "KT",
        "pa": 487,
        "ops": 0.908,
        "avg": 0.275,
        "obp": 0.349,
        "slg": 0.559,
        "rbi": 98,
        "sb": 5,
        "hr": 35
      },
      {
        "name": "황재균",
        "year": 22,
        "team": "KT",
        "pa": 581,
        "ops": 0.715,
        "avg": 0.262,
        "obp": 0.335,
        "slg": 0.38,
        "rbi": 64,
        "sb": 6,
        "hr": 10
      }
    ]
  },
  {
    "generation": 29,
    "expected_score": 5.51,
    "lineup": [
      "배정대",
      "황재균",
      "오윤석",
      "김민혁",
      "조용호",
      "장성우",
      "심우준",
      "알포드",
      "박병호"
    ],
    "player_stats": [
      {
        "name": "배정대",
        "year": 22,
        "team": "KT",
        "pa": 575,
        "ops": 0.695,
        "avg": 0.266,
        "obp": 0.339,
        "slg": 0.356,
        "rbi": 56,
        "sb": 19,
        "hr": 6
      },
      {
        "name": "황재균",
        "year": 22,
        "team": "KT",
        "pa": 581,
        "ops": 0.715,
        "avg": 0.262,
        "obp": 0.335,
        "slg": 0.38,
        "rbi": 64,
        "sb": 6,
        "hr": 10
      },
      {
        "name": "오윤석",
        "year": 22,
        "team": "KT",
        "pa": 337,
        "ops": 0.665,
        "avg": 0.234,
        "obp": 0.322,
        "slg": 0.343,
        "rbi": 37,
        "sb": 2,
        "hr": 6
      },
      {
        "name": "김민혁",
        "year": 22,
        "team": "KT",
        "pa": 434,
        "ops": 0.671,
        "avg": 0.284,
        "obp": 0.349,
        "slg": 0.322,
        "rbi": 35,
        "sb": 6,
        "hr": 0
      },
      {
        "name": "조용호",
        "year": 22,
        "team": "KT",
        "pa": 531,
        "ops": 0.756,
        "avg": 0.308,
        "obp": 0.374,
        "slg": 0.382,
        "rbi": 44,
        "sb": 5,
        "hr": 3
      },
      {
        "name": "장성우",
        "year": 22,
        "team": "KT",
        "pa": 420,
        "ops": 0.792,
        "avg": 0.26,
        "obp": 0.353,
        "slg": 0.439,
        "rbi": 55,
        "sb": 1,
        "hr": 18
      },
      {
        "name": "심우준",
        "year": 22,
        "team": "KT",
        "pa": 449,
        "ops": 0.618,
        "avg": 0.24,
        "obp": 0.316,
        "slg": 0.302,
        "rbi": 34,
        "sb": 23,
        "hr": 4
      },
      {
        "name": "알포드",
        "year": 22,
        "team": "KT",
        "pa": 323,
        "ops": 0.871,
        "avg": 0.286,
        "obp": 0.362,
        "slg": 0.509,
        "rbi": 50,
        "sb": 5,
        "hr": 14
      },
      {
        "name": "박병호",
        "year": 22,
        "team": "KT",
        "pa": 487,
        "ops": 0.908,
        "avg": 0.275,
        "obp": 0.349,
        "slg": 0.559,
        "rbi": 98,
        "sb": 5,
        "hr": 35
      }
    ]
  },
  {
    "generation": 30,
    "expected_score": 5.665,
    "lineup": [
      "배정대",
      "황재균",
      "장성우",
      "심우준",
      "오윤석",
      "알포드",
      "김민혁",
      "조용호",
      "박병호"
    ],
    "player_stats": [
      {
        "name": "배정대",
        "year": 22,
        "team": "KT",
        "pa": 575,
        "ops": 0.695,
        "avg": 0.266,
        "obp": 0.339,
        "slg": 0.356,
        "rbi": 56,
        "sb": 19,
        "hr": 6
      },
      {
        "name": "황재균",
        "year": 22,
        "team": "KT",
        "pa": 581,
        "ops": 0.715,
        "avg": 0.262,
        "obp": 0.335,
        "slg": 0.38,
        "rbi": 64,
        "sb": 6,
        "hr": 10
      },
      {
        "name": "장성우",
        "year": 22,
        "team": "KT",
        "pa": 420,
        "ops": 0.792,
        "avg": 0.26,
        "obp": 0.353,
        "slg": 0.439,
        "rbi": 55,
        "sb": 1,
        "hr": 18
      },
      {
        "name": "심우준",
        "year": 22,
        "team": "KT",
        "pa": 449,
        "ops": 0.618,
        "avg": 0.24,
        "obp": 0.316,
        "slg": 0.302,
        "rbi": 34,
        "sb": 23,
        "hr": 4
      },
      {
        "name": "오윤석",
        "year": 22,
        "team": "KT",
        "pa": 337,
        "ops": 0.665,
        "avg": 0.234,
        "obp": 0.322,
        "slg": 0.343,
        "rbi": 37,
        "sb": 2,
        "hr": 6
      },
      {
        "name": "알포드",
        "year": 22,
        "team": "KT",
        "pa": 323,
        "ops": 0.871,
        "avg": 0.286,
        "obp": 0.362,
        "slg": 0.509,
        "rbi": 50,
        "sb": 5,
        "hr": 14
      },
      {
        "name": "김민혁",
        "year": 22,
        "team": "KT",
        "pa": 434,
        "ops": 0.671,
        "avg": 0.284,
        "obp": 0.349,
        "slg": 0.322,
        "rbi": 35,
        "sb": 6,
        "hr": 0
      },
      {
        "name": "조용호",
        "year": 22,
        "team": "KT",
        "pa": 531,
        "ops": 0.756,
        "avg": 0.308,
        "obp": 0.374,
        "slg": 0.382,
        "rbi": 44,
        "sb": 5,
        "hr": 3
      },
      {
        "name": "박병호",
        "year": 22,
        "team": "KT",
        "pa": 487,
        "ops": 0.908,
        "avg": 0.275,
        "obp": 0.349,
        "slg": 0.559,
        "rbi": 98,
        "sb": 5,
        "hr": 35
      }
    ]
  }
]