[
  {
    "generation": 1,
    "expected_score": 6.17,
    "lineup": [
      "이창진",
      "최형우",
      "김선빈",
      "소크라테스",
      "황대인",
      "류지혁",
      "박동원",
      "나성범",
      "박찬호"
    ],
    "player_stats": [
      {
        "name": "이창진",
        "year": 22,
        "team": "KIA",
        "pa": 404,
        "ops": 0.776,
        "avg": 0.301,
        "obp": 0.374,
        "slg": 0.402,
        "rbi": 48,
        "sb": 3,
        "hr": 7
      },
      {
        "name": "최형우",
        "year": 22,
        "team": "KIA",
        "pa": 530,
        "ops": 0.787,
        "avg": 0.264,
        "obp": 0.366,
        "slg": 0.421,
        "rbi": 71,
        "sb": 1,
        "hr": 14
      },
      {
        "name": "김선빈",
        "year": 22,
        "team": "KIA",
        "pa": 587,
        "ops": 0.723,
        "avg": 0.287,
        "obp": 0.373,
        "slg": 0.35,
        "rbi": 61,
        "sb": 13,
        "hr": 3
      },
      {
        "name": "소크라테스",
        "year": 22,
        "team": "KIA",
        "pa": 554,
        "ops": 0.848,
        "avg": 0.311,
        "obp": 0.354,
        "slg": 0.494,
        "rbi": 77,
        "sb": 12,
        "hr": 17
      },
      {
        "name": "황대인",
        "year": 22,
        "team": "KIA",
        "pa": 524,
        "ops": 0.716,
        "avg": 0.256,
        "obp": 0.315,
        "slg": 0.401,
        "rbi": 91,
        "sb": 0,
        "hr": 14
      },
      {
        "name": "류지혁",
        "year": 22,
        "team": "KIA",
        "pa": 477,
        "ops": 0.715,
        "avg": 0.274,
        "obp": 0.369,
        "slg": 0.346,
        "rbi": 48,
        "sb": 8,
        "hr": 2
      },
      {
        "name": "박동원",
        "year": 22,
        "team": "KIA",
        "pa": 407,
        "ops": 0.773,
        "avg": 0.244,
        "obp": 0.333,
        "slg": 0.44,
        "rbi": 53,
        "sb": 1,
        "hr": 17
      },
      {
        "name": "나성범",
        "year": 22,
        "team": "KIA",
        "pa": 649,
        "ops": 0.91,
        "avg": 0.32,
        "obp": 0.402,
        "slg": 0.508,
        "rbi": 97,
        "sb": 6,
        "hr": 21
      },
      {
        "name": "박찬호",
        "year": 22,
        "team": "KIA",
        "pa": 566,
        "ops": 0.685,
        "avg": 0.272,
        "obp": 0.344,
        "slg": 0.341,
        "rbi": 45,
        "sb": 42,
        "hr": 4
      }
    ]
  },
  {
    "generation": 2,
    "expected_score": 6.26,
    "lineup": [
      "나성범",
      "이창진",
      "박동원",
      "류지혁",
      "박찬호",
      "김선빈",
      "최형우",
      "소크라테스",
      "황대인"
    ],
    "player_stats": [
      {
        "name": "나성범",
        "year": 22,
        "team": "KIA",
        "pa": 649,
        "ops": 0.91,
        "avg": 0.32,
        "obp": 0.402,
        "slg": 0.508,
        "rbi": 97,
        "sb": 6,
        "hr": 21
      },
      {
        "name": "이창진",
        "year": 22,
        "team": "KIA",
        "pa": 404,
        "ops": 0.776,
        "avg": 0.301,
        "obp": 0.374,
        "slg": 0.402,
        "rbi": 48,
        "sb": 3,
        "hr": 7
      },
      {
        "name": "박동원",
        "year": 22,
        "team": "KIA",
        "pa": 407,
        "ops": 0.773,
        "avg": 0.244,
        "obp": 0.333,
        "slg": 0.44,
        "rbi": 53,
        "sb": 1,
        "hr": 17
      },
      {
        "name": "류지혁",
        "year": 22,
        "team": "KIA",
        "pa": 477,
        "ops": 0.715,
        "avg": 0.274,
        "obp": 0.369,
        "slg": 0.346,
        "rbi": 48,
        "sb": 8,
        "hr": 2
      },
      {
        "name": "박찬호",
        "year": 22,
        "team": "KIA",
        "pa": 566,
        "ops": 0.685,
        "avg": 0.272,
        "obp": 0.344,
        "slg": 0.341,
        "rbi": 45,
        "sb": 42,
        "hr": 4
      },
      {
        "name": "김선빈",
        "year": 22,
        "team": "KIA",
        "pa": 587,
        "ops": 0.723,
        "avg": 0.287,
        "obp": 0.373,
        "slg": 0.35,
        "rbi": 61,
        "sb": 13,
        "hr": 3
      },
      {
        "name": "최형우",
        "year": 22,
        "team": "KIA",
        "pa": 530,
        "ops": 0.787,
        "avg": 0.264,
        "obp": 0.366,
        "slg": 0.421,
        "rbi": 71,
        "sb": 1,
        "hr": 14
      },
      {
        "name": "소크라테스",
        "year": 22,
        "team": "KIA",
        "pa": 554,
        "ops": 0.848,
        "avg": 0.311,
        "obp": 0.354,
        "slg": 0.494,
        "rbi": 77,
        "sb": 12,
        "hr": 17
      },
      {
        "name": "황대인",
        "year": 22,
        "team": "KIA",
        "pa": 524,
        "ops": 0.716,
        "avg": 0.256,
        "obp": 0.315,
        "slg": 0.401,
        "rbi": 91,
        "sb": 0,
        "hr": 14
      }
    ]
  },
  {
    "generation": 3,
    "expected_score": 6.265,
    "lineup": [
      "나성범",
      "소크라테스",
      "류지혁",
      "박동원",
      "이창진",
      "박찬호",
      "김선빈",
      "최형우",
      "황대인"
    ],
    "player_stats": [
      {
        "name": "나성범",
        "year": 22,
        "team": "KIA",
        "pa": 649,
        "ops": 0.91,
        "avg": 0.32,
        "obp": 0.402,
        "slg": 0.508,
        "rbi": 97,
        "sb": 6,
        "hr": 21
      },
      {
        "name": "소크라테스",
        "year": 22,
        "team": "KIA",
        "pa": 554,
        "ops": 0.848,
        "avg": 0.311,
        "obp": 0.354,
        "slg": 0.494,
        "rbi": 77,
        "sb": 12,
        "hr": 17
      },
      {
        "name": "류지혁",
        "year": 22,
        "team": "KIA",
        "pa": 477,
        "ops": 0.715,
        "avg": 0.274,
        "obp": 0.369,
        "slg": 0.346,
        "rbi": 48,
        "sb": 8,
        "hr": 2
      },
      {
        "name": "박동원",
        "year": 22,
        "team": "KIA",
        "pa": 407,
        "ops": 0.773,
        "avg": 0.244,
        "obp": 0.333,
        "slg": 0.44,
        "rbi": 53,
        "sb": 1,
        "hr": 17
      },
      {
        "name": "이창진",
        "year": 22,
        "team": "KIA",
        "pa": 404,
        "ops": 0.776,
        "avg": 0.301,
        "obp": 0.374,
        "slg": 0.402,
        "rbi": 48,
        "sb": 3,
        "hr": 7
      },
      {
        "name": "박찬호",
        "year": 22,
        "team": "KIA",
        "pa": 566,
        "ops": 0.685,
        "avg": 0.272,
        "obp": 0.344,
        "slg": 0.341,
        "rbi": 45,
        "sb": 42,
        "hr": 4
      },
      {
        "name": "김선빈",
        "year": 22,
        "team": "KIA",
        "pa": 587,
        "ops": 0.723,
        "avg": 0.287,
        "obp": 0.373,
        "slg": 0.35,
        "rbi": 61,
        "sb": 13,
        "hr": 3
      },
      {
        "name": "최형우",
        "year": 22,
        "team": "KIA",
        "pa": 530,
        "ops": 0.787,
        "avg": 0.264,
        "obp": 0.366,
        "slg": 0.421,
        "rbi": 71,
        "sb": 1,
        "hr": 14
      },
      {
        "name": "황대인",
        "year": 22,
        "team": "KIA",
        "pa": 524,
        "ops": 0.716,
        "avg": 0.256,
        "obp": 0.315,
        "slg": 0.401,
        "rbi": 91,
        "sb": 0,
        "hr": 14
      }
    ]
  },
  {
    "generation": 4,
    "expected_score": 6.48,
    "lineup": [
      "나성범",
      "류지혁",
      "박찬호",
      "소크라테스",
      "김선빈",
      "최형우",
      "박동원",
      "이창진",
      "황대인"
    ],
    "player_stats": [
      {
        "name": "나성범",
        "year": 22,
        "team": "KIA",
        "pa": 649,
        "ops": 0.91,
        "avg": 0.32,
        "obp": 0.402,
        "slg": 0.508,
        "rbi": 97,
        "sb": 6,
        "hr": 21
      },
      {
        "name": "류지혁",
        "year": 22,
        "team": "KIA",
        "pa": 477,
        "ops": 0.715,
        "avg": 0.274,
        "obp": 0.369,
        "slg": 0.346,
        "rbi": 48,
        "sb": 8,
        "hr": 2
      },
      {
        "name": "박찬호",
        "year": 22,
        "team": "KIA",
        "pa": 566,
        "ops": 0.685,
        "avg": 0.272,
        "obp": 0.344,
        "slg": 0.341,
        "rbi": 45,
        "sb": 42,
        "hr": 4
      },
      {
        "name": "소크라테스",
        "year": 22,
        "team": "KIA",
        "pa": 554,
        "ops": 0.848,
        "avg": 0.311,
        "obp": 0.354,
        "slg": 0.494,
        "rbi": 77,
        "sb": 12,
        "hr": 17
      },
      {
        "name": "김선빈",
        "year": 22,
        "team": "KIA",
        "pa": 587,
        "ops": 0.723,
        "avg": 0.287,
        "obp": 0.373,
        "slg": 0.35,
        "rbi": 61,
        "sb": 13,
        "hr": 3
      },
      {
        "name": "최형우",
        "year": 22,
        "team": "KIA",
        "pa": 530,
        "ops": 0.787,
        "avg": 0.264,
        "obp": 0.366,
        "slg": 0.421,
        "rbi": 71,
        "sb": 1,
        "hr": 14
      },
      {
        "name": "박동원",
        "year": 22,
        "team": "KIA",
        "pa": 407,
        "ops": 0.773,
        "avg": 0.244,
        "obp": 0.333,
        "slg": 0.44,
        "rbi": 53,
        "sb": 1,
        "hr": 17
      },
      {
        "name": "이창진",
        "year": 22,
        "team": "KIA",
        "pa": 404,
        "ops": 0.776,
        "avg": 0.301,
        "obp": 0.374,
        "slg": 0.402,
        "rbi": 48,
        "sb": 3,
        "hr": 7
      },
      {
        "name": "황대인",
        "year": 22,
        "team": "KIA",
        "pa": 524,
        "ops": 0.716,
        "avg": 0.256,
        "obp": 0.315,
        "slg": 0.401,
        "rbi": 91,
        "sb": 0,
        "hr": 14
      }
    ]
  },
  {
    "generation": 5,
    "expected_score": 6.125,
    "lineup": [
      "나성범",
      "황대인",
      "박동원",
      "류지혁",
      "박찬호",
      "최형우",
      "이창진",
      "김선빈",
      "소크라테스"
    ],
    "player_stats": [
      {
        "name": "나성범",
        "year": 22,
        "team": "KIA",
        "pa": 649,
        "ops": 0.91,
        "avg": 0.32,
        "obp": 0.402,
        "slg": 0.508,
        "rbi": 97,
        "sb": 6,
        "hr": 21
      },
      {
        "name": "황대인",
        "year": 22,
        "team": "KIA",
        "pa": 524,
        "ops": 0.716,
        "avg": 0.256,
        "obp": 0.315,
        "slg": 0.401,
        "rbi": 91,
        "sb": 0,
        "hr": 14
      },
      {
        "name": "박동원",
        "year": 22,
        "team": "KIA",
        "pa": 407,
        "ops": 0.773,
        "avg": 0.244,
        "obp": 0.333,
        "slg": 0.44,
        "rbi": 53,
        "sb": 1,
        "hr": 17
      },
      {
        "name": "류지혁",
        "year": 22,
        "team": "KIA",
        "pa": 477,
        "ops": 0.715,
        "avg": 0.274,
        "obp": 0.369,
        "slg": 0.346,
        "rbi": 48,
        "sb": 8,
        "hr": 2
      },
      {
        "name": "박찬호",
        "year": 22,
        "team": "KIA",
        "pa": 566,
        "ops": 0.685,
        "avg": 0.272,
        "obp": 0.344,
        "slg": 0.341,
        "rbi": 45,
        "sb": 42,
        "hr": 4
      },
      {
        "name": "최형우",
        "year": 22,
        "team": "KIA",
        "pa": 530,
        "ops": 0.787,
        "avg": 0.264,
        "obp": 0.366,
        "slg": 0.421,
        "rbi": 71,
        "sb": 1,
        "hr": 14
      },
      {
        "name": "이창진",
        "year": 22,
        "team": "KIA",
        "pa": 404,
        "ops": 0.776,
        "avg": 0.301,
        "obp": 0.374,
        "slg": 0.402,
        "rbi": 48,
        "sb": 3,
        "hr": 7
      },
      {
        "name": "김선빈",
        "year": 22,
        "team": "KIA",
        "pa": 587,
        "ops": 0.723,
        "avg": 0.287,
        "obp": 0.373,
        "slg": 0.35,
        "rbi": 61,
        "sb": 13,
        "hr": 3
      },
      {
        "name": "소크라테스",
        "year": 22,
        "team": "KIA",
        "pa": 554,
        "ops": 0.848,
        "avg": 0.311,
        "obp": 0.354,
        "slg": 0.494,
        "rbi": 77,
        "sb": 12,
        "hr": 17
      }
    ]
  },
  {
    "generation": 6,
    "expected_score": 6.085,
    "lineup": [
      "나성범",
      "황대인",
      "박동원",
      "류지혁",
      "박찬호",
      "최형우",
      "이창진",
      "김선빈",
      "소크라테스"
    ],
    "player_stats": [
      {
        "name": "나성범",
        "year": 22,
        "team": "KIA",
        "pa": 649,
        "ops": 0.91,
        "avg": 0.32,
        "obp": 0.402,
        "slg": 0.508,
        "rbi": 97,
        "sb": 6,
        "hr": 21
      },
      {
        "name": "황대인",
        "year": 22,
        "team": "KIA",
        "pa": 524,
        "ops": 0.716,
        "avg": 0.256,
        "obp": 0.315,
        "slg": 0.401,
        "rbi": 91,
        "sb": 0,
        "hr": 14
      },
      {
        "name": "박동원",
        "year": 22,
        "team": "KIA",
        "pa": 407,
        "ops": 0.773,
        "avg": 0.244,
        "obp": 0.333,
        "slg": 0.44,
        "rbi": 53,
        "sb": 1,
        "hr": 17
      },
      {
        "name": "류지혁",
        "year": 22,
        "team": "KIA",
        "pa": 477,
        "ops": 0.715,
        "avg": 0.274,
        "obp": 0.369,
        "slg": 0.346,
        "rbi": 48,
        "sb": 8,
        "hr": 2
      },
      {
        "name": "박찬호",
        "year": 22,
        "team": "KIA",
        "pa": 566,
        "ops": 0.685,
        "avg": 0.272,
        "obp": 0.344,
        "slg": 0.341,
        "rbi": 45,
        "sb": 42,
        "hr": 4
      },
      {
        "name": "최형우",
        "year": 22,
        "team": "KIA",
        "pa": 530,
        "ops": 0.787,
        "avg": 0.264,
        "obp": 0.366,
        "slg": 0.421,
        "rbi": 71,
        "sb": 1,
        "hr": 14
      },
      {
        "name": "이창진",
        "year": 22,
        "team": "KIA",
        "pa": 404,
        "ops": 0.776,
        "avg": 0.301,
        "obp": 0.374,
        "slg": 0.402,
        "rbi": 48,
        "sb": 3,
        "hr": 7
      },
      {
        "name": "김선빈",
        "year": 22,
        "team": "KIA",
        "pa": 587,
        "ops": 0.723,
        "avg": 0.287,
        "obp": 0.373,
        "slg": 0.35,
        "rbi": 61,
        "sb": 13,
        "hr": 3
      },
      {
        "name": "소크라테스",
        "year": 22,
        "team": "KIA",
        "pa": 554,
        "ops": 0.848,
        "avg": 0.311,
        "obp": 0.354,
        "slg": 0.494,
        "rbi": 77,
        "sb": 12,
        "hr": 17
      }
    ]
  },
  {
    "generation": 7,
    "expected_score": 6.275,
    "lineup": [
      "이창진",
      "소크라테스",
      "박동원",
      "류지혁",
      "박찬호",
      "최형우",
      "김선빈",
      "나성범",
      "황대인"
    ],
    "player_stats": [
      {
        "name": "이창진",
        "year": 22,
        "team": "KIA",
        "pa": 404,
        "ops": 0.776,
        "avg": 0.301,
        "obp": 0.374,
        "slg": 0.402,
        "rbi": 48,
        "sb": 3,
        "hr": 7
      },
      {
        "name": "소크라테스",
        "year": 22,
        "team": "KIA",
        "pa": 554,
        "ops": 0.848,
        "avg": 0.311,
        "obp": 0.354,
        "slg": 0.494,
        "rbi": 77,
        "sb": 12,
        "hr": 17
      },
      {
        "name": "박동원",
        "year": 22,
        "team": "KIA",
        "pa": 407,
        "ops": 0.773,
        "avg": 0.244,
        "obp": 0.333,
        "slg": 0.44,
        "rbi": 53,
        "sb": 1,
        "hr": 17
      },
      {
        "name": "류지혁",
        "year": 22,
        "team": "KIA",
        "pa": 477,
        "ops": 0.715,
        "avg": 0.274,
        "obp": 0.369,
        "slg": 0.346,
        "rbi": 48,
        "sb": 8,
        "hr": 2
      },
      {
        "name": "박찬호",
        "year": 22,
        "team": "KIA",
        "pa": 566,
        "ops": 0.685,
        "avg": 0.272,
        "obp": 0.344,
        "slg": 0.341,
        "rbi": 45,
        "sb": 42,
        "hr": 4
      },
      {
        "name": "최형우",
        "year": 22,
        "team": "KIA",
        "pa": 530,
        "ops": 0.787,
        "avg": 0.264,
        "obp": 0.366,
        "slg": 0.421,
        "rbi": 71,
        "sb": 1,
        "hr": 14
      },
      {
        "name": "김선빈",
        "year": 22,
        "team": "KIA",
        "pa": 587,
        "ops": 0.723,
        "avg": 0.287,
        "obp": 0.373,
        "slg": 0.35,
        "rbi": 61,
        "sb": 13,
        "hr": 3
      },
      {
        "name": "나성범",
        "year": 22,
        "team": "KIA",
        "pa": 649,
        "ops": 0.91,
        "avg": 0.32,
        "obp": 0.402,
        "slg": 0.508,
        "rbi": 97,
        "sb": 6,
        "hr": 21
      },
      {
        "name": "황대인",
        "year": 22,
        "team": "KIA",
        "pa": 524,
        "ops": 0.716,
        "avg": 0.256,
        "obp": 0.315,
        "slg": 0.401,
        "rbi": 91,
        "sb": 0,
        "hr": 14
      }
    ]
  },
  {
    "generation": 8,
    "expected_score": 6.17,
    "lineup": [
      "황대인",
      "나성범",
      "최형우",
      "소크라테스",
      "박찬호",
      "류지혁",
      "이창진",
      "박동원",
      "김선빈"
    ],
    "player_stats": [
      {
        "name": "황대인",
        "year": 22,
        "team": "KIA",
        "pa": 524,
        "ops": 0.716,
        "avg": 0.256,
        "obp": 0.315,
        "slg": 0.401,
        "rbi": 91,
        "sb": 0,
        "hr": 14
      },
      {
        "name": "나성범",
        "year": 22,
        "team": "KIA",
        "pa": 649,
        "ops": 0.91,
        "avg": 0.32,
        "obp": 0.402,
        "slg": 0.508,
        "rbi": 97,
        "sb": 6,
        "hr": 21
      },
      {
        "name": "최형우",
        "year": 22,
        "team": "KIA",
        "pa": 530,
        "ops": 0.787,
        "avg": 0.264,
        "obp": 0.366,
        "slg": 0.421,
        "rbi": 71,
        "sb": 1,
        "hr": 14
      },
      {
        "name": "소크라테스",
        "year": 22,
        "team": "KIA",
        "pa": 554,
        "ops": 0.848,
        "avg": 0.311,
        "obp": 0.354,
        "slg": 0.494,
        "rbi": 77,
        "sb": 12,
        "hr": 17
      },
      {
        "name": "박찬호",
        "year": 22,
        "team": "KIA",
        "pa": 566,
        "ops": 0.685,
        "avg": 0.272,
        "obp": 0.344,
        "slg": 0.341,
        "rbi": 45,
        "sb": 42,
        "hr": 4
      },
      {
        "name": "류지혁",
        "year": 22,
        "team": "KIA",
        "pa": 477,
        "ops": 0.715,
        "avg": 0.274,
        "obp": 0.369,
        "slg": 0.346,
        "rbi": 48,
        "sb": 8,
        "hr": 2
      },
      {
        "name": "이창진",
        "year": 22,
        "team": "KIA",
        "pa": 404,
        "ops": 0.776,
        "avg": 0.301,
        "obp": 0.374,
        "slg": 0.402,
        "rbi": 48,
        "sb": 3,
        "hr": 7
      },
      {
        "name": "박동원",
        "year": 22,
        "team": "KIA",
        "pa": 407,
        "ops": 0.773,
        "avg": 0.244,
        "obp": 0.333,
        "slg": 0.44,
        "rbi": 53,
        "sb": 1,
        "hr": 17
      },
      {
        "name": "김선빈",
        "year": 22,
        "team": "KIA",
        "pa": 587,
        "ops": 0.723,
        "avg": 0.287,
        "obp": 0.373,
        "slg": 0.35,
        "rbi": 61,
        "sb": 13,
        "hr": 3
      }
    ]
  },
  {
    "generation": 9,
    "expected_score": 6.155,
    "lineup": [
      "이창진",
      "소크라테스",
      "박찬호",
      "나성범",
      "류지혁",
      "김선빈",
      "최형우",
      "박동원",
      "황대인"
    ],
    "player_stats": [
      {
        "name": "이창진",
        "year": 22,
        "team": "KIA",
        "pa": 404,
        "ops": 0.776,
        "avg": 0.301,
        "obp": 0.374,
        "slg": 0.402,
        "rbi": 48,
        "sb": 3,
        "hr": 7
      },
      {
        "name": "소크라테스",
        "year": 22,
        "team": "KIA",
        "pa": 554,
        "ops": 0.848,
        "avg": 0.311,
        "obp": 0.354,
        "slg": 0.494,
        "rbi": 77,
        "sb": 12,
        "hr": 17
      },
      {
        "name": "박찬호",
        "year": 22,
        "team": "KIA",
        "pa": 566,
        "ops": 0.685,
        "avg": 0.272,
        "obp": 0.344,
        "slg": 0.341,
        "rbi": 45,
        "sb": 42,
        "hr": 4
      },
      {
        "name": "나성범",
        "year": 22,
        "team": "KIA",
        "pa": 649,
        "ops": 0.91,
        "avg": 0.32,
        "obp": 0.402,
        "slg": 0.508,
        "rbi": 97,
        "sb": 6,
        "hr": 21
      },
      {
        "name": "류지혁",
        "year": 22,
        "team": "KIA",
        "pa": 477,
        "ops": 0.715,
        "avg": 0.274,
        "obp": 0.369,
        "slg": 0.346,
        "rbi": 48,
        "sb": 8,
        "hr": 2
      },
      {
        "name": "김선빈",
        "year": 22,
        "team": "KIA",
        "pa": 587,
        "ops": 0.723,
        "avg": 0.287,
        "obp": 0.373,
        "slg": 0.35,
        "rbi": 61,
        "sb": 13,
        "hr": 3
      },
      {
        "name": "최형우",
        "year": 22,
        "team": "KIA",
        "pa": 530,
        "ops": 0.787,
        "avg": 0.264,
        "obp": 0.366,
        "slg": 0.421,
        "rbi": 71,
        "sb": 1,
        "hr": 14
      },
      {
        "name": "박동원",
        "year": 22,
        "team": "KIA",
        "pa": 407,
        "ops": 0.773,
        "avg": 0.244,
        "obp": 0.333,
        "slg": 0.44,
        "rbi": 53,
        "sb": 1,
        "hr": 17
      },
      {
        "name": "황대인",
        "year": 22,
        "team": "KIA",
        "pa": 524,
        "ops": 0.716,
        "avg": 0.256,
        "obp": 0.315,
        "slg": 0.401,
        "rbi": 91,
        "sb": 0,
        "hr": 14
      }
    ]
  },
  {
    "generation": 10,
    "expected_score": 6.23,
    "lineup": [
      "이창진",
      "나성범",
      "박찬호",
      "류지혁",
      "김선빈",
      "소크라테스",
      "최형우",
      "박동원",
      "황대인"
    ],
    "player_stats": [
      {
        "name": "이창진",
        "year": 22,
        "team": "KIA",
        "pa": 404,
        "ops": 0.776,
        "avg": 0.301,
        "obp": 0.374,
        "slg": 0.402,
        "rbi": 48,
        "sb": 3,
        "hr": 7
      },
      {
        "name": "나성범",
        "year": 22,
        "team": "KIA",
        "pa": 649,
        "ops": 0.91,
        "avg": 0.32,
        "obp": 0.402,
        "slg": 0.508,
        "rbi": 97,
        "sb": 6,
        "hr": 21
      },
      {
        "name": "박찬호",
        "year": 22,
        "team": "KIA",
        "pa": 566,
        "ops": 0.685,
        "avg": 0.272,
        "obp": 0.344,
        "slg": 0.341,
        "rbi": 45,
        "sb": 42,
        "hr": 4
      },
      {
        "name": "류지혁",
        "year": 22,
        "team": "KIA",
        "pa": 477,
        "ops": 0.715,
        "avg": 0.274,
        "obp": 0.369,
        "slg": 0.346,
        "rbi": 48,
        "sb": 8,
        "hr": 2
      },
      {
        "name": "김선빈",
        "year": 22,
        "team": "KIA",
        "pa": 587,
        "ops": 0.723,
        "avg": 0.287,
        "obp": 0.373,
        "slg": 0.35,
        "rbi": 61,
        "sb": 13,
        "hr": 3
      },
      {
        "name": "소크라테스",
        "year": 22,
        "team": "KIA",
        "pa": 554,
        "ops": 0.848,
        "avg": 0.311,
        "obp": 0.354,
        "slg": 0.494,
        "rbi": 77,
        "sb": 12,
        "hr": 17
      },
      {
        "name": "최형우",
        "year": 22,
        "team": "KIA",
        "pa": 530,
        "ops": 0.787,
        "avg": 0.264,
        "obp": 0.366,
        "slg": 0.421,
        "rbi": 71,
        "sb": 1,
        "hr": 14
      },
      {
        "name": "박동원",
        "year": 22,
        "team": "KIA",
        "pa": 407,
        "ops": 0.773,
        "avg": 0.244,
        "obp": 0.333,
        "slg": 0.44,
        "rbi": 53,
        "sb": 1,
        "hr": 17
      },
      {
        "name": "황대인",
        "year": 22,
        "team": "KIA",
        "pa": 524,
        "ops": 0.716,
        "avg": 0.256,
        "obp": 0.315,
        "slg": 0.401,
        "rbi": 91,
        "sb": 0,
        "hr": 14
      }
    ]
  },
  {
    "generation": 11,
    "expected_score": 6.405,
    "lineup": [
      "이창진",
      "소크라테스",
      "박찬호",
      "류지혁",
      "최형우",
      "나성범",
      "박동원",
      "황대인",
      "김선빈"
    ],
    "player_stats": [
      {
        "name": "이창진",
        "year": 22,
        "team": "KIA",
        "pa": 404,
        "ops": 0.776,
        "avg": 0.301,
        "obp": 0.374,
        "slg": 0.402,
        "rbi": 48,
        "sb": 3,
        "hr": 7
      },
      {
        "name": "소크라테스",
        "year": 22,
        "team": "KIA",
        "pa": 554,
        "ops": 0.848,
        "avg": 0.311,
        "obp": 0.354,
        "slg": 0.494,
        "rbi": 77,
        "sb": 12,
        "hr": 17
      },
      {
        "name": "박찬호",
        "year": 22,
        "team": "KIA",
        "pa": 566,
        "ops": 0.685,
        "avg": 0.272,
        "obp": 0.344,
        "slg": 0.341,
        "rbi": 45,
        "sb": 42,
        "hr": 4
      },
      {
        "name": "류지혁",
        "year": 22,
        "team": "KIA",
        "pa": 477,
        "ops": 0.715,
        "avg": 0.274,
        "obp": 0.369,
        "slg": 0.346,
        "rbi": 48,
        "sb": 8,
        "hr": 2
      },
      {
        "name": "최형우",
        "year": 22,
        "team": "KIA",
        "pa": 530,
        "ops": 0.787,
        "avg": 0.264,
        "obp": 0.366,
        "slg": 0.421,
        "rbi": 71,
        "sb": 1,
        "hr": 14
      },
      {
        "name": "나성범",
        "year": 22,
        "team": "KIA",
        "pa": 649,
        "ops": 0.91,
        "avg": 0.32,
        "obp": 0.402,
        "slg": 0.508,
        "rbi": 97,
        "sb": 6,
        "hr": 21
      },
      {
        "name": "박동원",
        "year": 22,
        "team": "KIA",
        "pa": 407,
        "ops": 0.773,
        "avg": 0.244,
        "obp": 0.333,
        "slg": 0.44,
        "rbi": 53,
        "sb": 1,
        "hr": 17
      },
      {
        "name": "황대인",
        "year": 22,
        "team": "KIA",
        "pa": 524,
        "ops": 0.716,
        "avg": 0.256,
        "obp": 0.315,
        "slg": 0.401,
        "rbi": 91,
        "sb": 0,
        "hr": 14
      },
      {
        "name": "김선빈",
        "year": 22,
        "team": "KIA",
        "pa": 587,
        "ops": 0.723,
        "avg": 0.287,
        "obp": 0.373,
        "slg": 0.35,
        "rbi": 61,
        "sb": 13,
        "hr": 3
      }
    ]
  },
  {
    "generation": 12,
    "expected_score": 6.165,
    "lineup": [
      "이창진",
      "나성범",
      "박찬호",
      "류지혁",
      "김선빈",
      "소크라테스",
      "최형우",
      "박동원",
      "황대인"
    ],
    "player_stats": [
      {
        "name": "이창진",
        "year": 22,
        "team": "KIA",
        "pa": 404,
        "ops": 0.776,
        "avg": 0.301,
        "obp": 0.374,
        "slg": 0.402,
        "rbi": 48,
        "sb": 3,
        "hr": 7
      },
      {
        "name": "나성범",
        "year": 22,
        "team": "KIA",
        "pa": 649,
        "ops": 0.91,
        "avg": 0.32,
        "obp": 0.402,
        "slg": 0.508,
        "rbi": 97,
        "sb": 6,
        "hr": 21
      },
      {
        "name": "박찬호",
        "year": 22,
        "team": "KIA",
        "pa": 566,
        "ops": 0.685,
        "avg": 0.272,
        "obp": 0.344,
        "slg": 0.341,
        "rbi": 45,
        "sb": 42,
        "hr": 4
      },
      {
        "name": "류지혁",
        "year": 22,
        "team": "KIA",
        "pa": 477,
        "ops": 0.715,
        "avg": 0.274,
        "obp": 0.369,
        "slg": 0.346,
        "rbi": 48,
        "sb": 8,
        "hr": 2
      },
      {
        "name": "김선빈",
        "year": 22,
        "team": "KIA",
        "pa": 587,
        "ops": 0.723,
        "avg": 0.287,
        "obp": 0.373,
        "slg": 0.35,
        "rbi": 61,
        "sb": 13,
        "hr": 3
      },
      {
        "name": "소크라테스",
        "year": 22,
        "team": "KIA",
        "pa": 554,
        "ops": 0.848,
        "avg": 0.311,
        "obp": 0.354,
        "slg": 0.494,
        "rbi": 77,
        "sb": 12,
        "hr": 17
      },
      {
        "name": "최형우",
        "year": 22,
        "team": "KIA",
        "pa": 530,
        "ops": 0.787,
        "avg": 0.264,
        "obp": 0.366,
        "slg": 0.421,
        "rbi": 71,
        "sb": 1,
        "hr": 14
      },
      {
        "name": "박동원",
        "year": 22,
        "team": "KIA",
        "pa": 407,
        "ops": 0.773,
        "avg": 0.244,
        "obp": 0.333,
        "slg": 0.44,
        "rbi": 53,
        "sb": 1,
        "hr": 17
      },
      {
        "name": "황대인",
        "year": 22,
        "team": "KIA",
        "pa": 524,
        "ops": 0.716,
        "avg": 0.256,
        "obp": 0.315,
        "slg": 0.401,
        "rbi": 91,
        "sb": 0,
        "hr": 14
      }
    ]
  },
  {
    "generation": 13,
    "expected_score": 6.095,
    "lineup": [
      "이창진",
      "나성범",
      "소크라테스",
      "김선빈",
      "박찬호",
      "최형우",
      "박동원",
      "황대인",
      "류지혁"
    ],
    "player_stats": [
      {
        "name": "이창진",
        "year": 22,
        "team": "KIA",
        "pa": 404,
        "ops": 0.776,
        "avg": 0.301,
        "obp": 0.374,
        "slg": 0.402,
        "rbi": 48,
        "sb": 3,
        "hr": 7
      },
      {
        "name": "나성범",
        "year": 22,
        "team": "KIA",
        "pa": 649,
        "ops": 0.91,
        "avg": 0.32,
        "obp": 0.402,
        "slg": 0.508,
        "rbi": 97,
        "sb": 6,
        "hr": 21
      },
      {
        "name": "소크라테스",
        "year": 22,
        "team": "KIA",
        "pa": 554,
        "ops": 0.848,
        "avg": 0.311,
        "obp": 0.354,
        "slg": 0.494,
        "rbi": 77,
        "sb": 12,
        "hr": 17
      },
      {
        "name": "김선빈",
        "year": 22,
        "team": "KIA",
        "pa": 587,
        "ops": 0.723,
        "avg": 0.287,
        "obp": 0.373,
        "slg": 0.35,
        "rbi": 61,
        "sb": 13,
        "hr": 3
      },
      {
        "name": "박찬호",
        "year": 22,
        "team": "KIA",
        "pa": 566,
        "ops": 0.685,
        "avg": 0.272,
        "obp": 0.344,
        "slg": 0.341,
        "rbi": 45,
        "sb": 42,
        "hr": 4
      },
      {
        "name": "최형우",
        "year": 22,
        "team": "KIA",
        "pa": 530,
        "ops": 0.787,
        "avg": 0.264,
        "obp": 0.366,
        "slg": 0.421,
        "rbi": 71,
        "sb": 1,
        "hr": 14
      },
      {
        "name": "박동원",
        "year": 22,
        "team": "KIA",
        "pa": 407,
        "ops": 0.773,
        "avg": 0.244,
        "obp": 0.333,
        "slg": 0.44,
        "rbi": 53,
        "sb": 1,
        "hr": 17
      },
      {
        "name": "황대인",
        "year": 22,
        "team": "KIA",
        "pa": 524,
        "ops": 0.716,
        "avg": 0.256,
        "obp": 0.315,
        "slg": 0.401,
        "rbi": 91,
        "sb": 0,
        "hr": 14
      },
      {
        "name": "류지혁",
        "year": 22,
        "team": "KIA",
        "pa": 477,
        "ops": 0.715,
        "avg": 0.274,
        "obp": 0.369,
        "slg": 0.346,
        "rbi": 48,
        "sb": 8,
        "hr": 2
      }
    ]
  },
  {
    "generation": 14,
    "expected_score": 6.165,
    "lineup": [
      "류지혁",
      "이창진",
      "박찬호",
      "나성범",
      "김선빈",
      "소크라테스",
      "최형우",
      "박동원",
      "황대인"
    ],
    "player_stats": [
      {
        "name": "류지혁",
        "year": 22,
        "team": "KIA",
        "pa": 477,
        "ops": 0.715,
        "avg": 0.274,
        "obp": 0.369,
        "slg": 0.346,
        "rbi": 48,
        "sb": 8,
        "hr": 2
      },
      {
        "name": "이창진",
        "year": 22,
        "team": "KIA",
        "pa": 404,
        "ops": 0.776,
        "avg": 0.301,
        "obp": 0.374,
        "slg": 0.402,
        "rbi": 48,
        "sb": 3,
        "hr": 7
      },
      {
        "name": "박찬호",
        "year": 22,
        "team": "KIA",
        "pa": 566,
        "ops": 0.685,
        "avg": 0.272,
        "obp": 0.344,
        "slg": 0.341,
        "rbi": 45,
        "sb": 42,
        "hr": 4
      },
      {
        "name": "나성범",
        "year": 22,
        "team": "KIA",
        "pa": 649,
        "ops": 0.91,
        "avg": 0.32,
        "obp": 0.402,
        "slg": 0.508,
        "rbi": 97,
        "sb": 6,
        "hr": 21
      },
      {
        "name": "김선빈",
        "year": 22,
        "team": "KIA",
        "pa": 587,
        "ops": 0.723,
        "avg": 0.287,
        "obp": 0.373,
        "slg": 0.35,
        "rbi": 61,
        "sb": 13,
        "hr": 3
      },
      {
        "name": "소크라테스",
        "year": 22,
        "team": "KIA",
        "pa": 554,
        "ops": 0.848,
        "avg": 0.311,
        "obp": 0.354,
        "slg": 0.494,
        "rbi": 77,
        "sb": 12,
        "hr": 17
      },
      {
        "name": "최형우",
        "year": 22,
        "team": "KIA",
        "pa": 530,
        "ops": 0.787,
        "avg": 0.264,
        "obp": 0.366,
        "slg": 0.421,
        "rbi": 71,
        "sb": 1,
        "hr": 14
      },
      {
        "name": "박동원",
        "year": 22,
        "team": "KIA",
        "pa": 407,
        "ops": 0.773,
        "avg": 0.244,
        "obp": 0.333,
        "slg": 0.44,
        "rbi": 53,
        "sb": 1,
        "hr": 17
      },
      {
        "name": "황대인",
        "year": 22,
        "team": "KIA",
        "pa": 524,
        "ops": 0.716,
        "avg": 0.256,
        "obp": 0.315,
        "slg": 0.401,
        "rbi": 91,
        "sb": 0,
        "hr": 14
      }
    ]
  },
  {
    "generation": 15,
    "expected_score": 6.325,
    "lineup": [
      "이창진",
      "박동원",
      "나성범",
      "소크라테스",
      "최형우",
      "류지혁",
      "박찬호",
      "김선빈",
      "황대인"
    ],
    "player_stats": [
      {
        "name": "이창진",
        "year": 22,
        "team": "KIA",
        "pa": 404,
        "ops": 0.776,
        "avg": 0.301,
        "obp": 0.374,
        "slg": 0.402,
        "rbi": 48,
        "sb": 3,
        "hr": 7
      },
      {
        "name": "박동원",
        "year": 22,
        "team": "KIA",
        "pa": 407,
        "ops": 0.773,
        "avg": 0.244,
        "obp": 0.333,
        "slg": 0.44,
        "rbi": 53,
        "sb": 1,
        "hr": 17
      },
      {
        "name": "나성범",
        "year": 22,
        "team": "KIA",
        "pa": 649,
        "ops": 0.91,
        "avg": 0.32,
        "obp": 0.402,
        "slg": 0.508,
        "rbi": 97,
        "sb": 6,
        "hr": 21
      },
      {
        "name": "소크라테스",
        "year": 22,
        "team": "KIA",
        "pa": 554,
        "ops": 0.848,
        "avg": 0.311,
        "obp": 0.354,
        "slg": 0.494,
        "rbi": 77,
        "sb": 12,
        "hr": 17
      },
      {
        "name": "최형우",
        "year": 22,
        "team": "KIA",
        "pa": 530,
        "ops": 0.787,
        "avg": 0.264,
        "obp": 0.366,
        "slg": 0.421,
        "rbi": 71,
        "sb": 1,
        "hr": 14
      },
      {
        "name": "류지혁",
        "year": 22,
        "team": "KIA",
        "pa": 477,
        "ops": 0.715,
        "avg": 0.274,
        "obp": 0.369,
        "slg": 0.346,
        "rbi": 48,
        "sb": 8,
        "hr": 2
      },
      {
        "name": "박찬호",
        "year": 22,
        "team": "KIA",
        "pa": 566,
        "ops": 0.685,
        "avg": 0.272,
        "obp": 0.344,
        "slg": 0.341,
        "rbi": 45,
        "sb": 42,
        "hr": 4
      },
      {
        "name": "김선빈",
        "year": 22,
        "team": "KIA",
        "pa": 587,
        "ops": 0.723,
        "avg": 0.287,
        "obp": 0.373,
        "slg": 0.35,
        "rbi": 61,
        "sb": 13,
        "hr": 3
      },
      {
        "name": "황대인",
        "year": 22,
        "team": "KIA",
        "pa": 524,
        "ops": 0.716,
        "avg": 0.256,
        "obp": 0.315,
        "slg": 0.401,
        "rbi": 91,
        "sb": 0,
        "hr": 14
      }
    ]
  },
  {
    "generation": 16,
    "expected_score": 6.23,
    "lineup": [
      "이창진",
      "나성범",
      "소크라테스",
      "김선빈",
      "박찬호",
      "최형우",
      "류지혁",
      "박동원",
      "황대인"
    ],
    "player_stats": [
      {
        "name": "이창진",
        "year": 22,
        "team": "KIA",
        "pa": 404,
        "ops": 0.776,
        "avg": 0.301,
        "obp": 0.374,
        "slg": 0.402,
        "rbi": 48,
        "sb": 3,
        "hr": 7
      },
      {
        "name": "나성범",
        "year": 22,
        "team": "KIA",
        "pa": 649,
        "ops": 0.91,
        "avg": 0.32,
        "obp": 0.402,
        "slg": 0.508,
        "rbi": 97,
        "sb": 6,
        "hr": 21
      },
      {
        "name": "소크라테스",
        "year": 22,
        "team": "KIA",
        "pa": 554,
        "ops": 0.848,
        "avg": 0.311,
        "obp": 0.354,
        "slg": 0.494,
        "rbi": 77,
        "sb": 12,
        "hr": 17
      },
      {
        "name": "김선빈",
        "year": 22,
        "team": "KIA",
        "pa": 587,
        "ops": 0.723,
        "avg": 0.287,
        "obp": 0.373,
        "slg": 0.35,
        "rbi": 61,
        "sb": 13,
        "hr": 3
      },
      {
        "name": "박찬호",
        "year": 22,
        "team": "KIA",
        "pa": 566,
        "ops": 0.685,
        "avg": 0.272,
        "obp": 0.344,
        "slg": 0.341,
        "rbi": 45,
        "sb": 42,
        "hr": 4
      },
      {
        "name": "최형우",
        "year": 22,
        "team": "KIA",
        "pa": 530,
        "ops": 0.787,
        "avg": 0.264,
        "obp": 0.366,
        "slg": 0.421,
        "rbi": 71,
        "sb": 1,
        "hr": 14
      },
      {
        "name": "류지혁",
        "year": 22,
        "team": "KIA",
        "pa": 477,
        "ops": 0.715,
        "avg": 0.274,
        "obp": 0.369,
        "slg": 0.346,
        "rbi": 48,
        "sb": 8,
        "hr": 2
      },
      {
        "name": "박동원",
        "year": 22,
        "team": "KIA",
        "pa": 407,
        "ops": 0.773,
        "avg": 0.244,
        "obp": 0.333,
        "slg": 0.44,
        "rbi": 53,
        "sb": 1,
        "hr": 17
      },
      {
        "name": "황대인",
        "year": 22,
        "team": "KIA",
        "pa": 524,
        "ops": 0.716,
        "avg": 0.256,
        "obp": 0.315,
        "slg": 0.401,
        "rbi": 91,
        "sb": 0,
        "hr": 14
      }
    ]
  },
  {
    "generation": 17,
    "expected_score": 6.355,
    "lineup": [
      "이창진",
      "박동원",
      "류지혁",
      "박찬호",
      "김선빈",
      "소크라테스",
      "나성범",
      "최형우",
      "황대인"
    ],
    "player_stats": [
      {
        "name": "이창진",
        "year": 22,
        "team": "KIA",
        "pa": 404,
        "ops": 0.776,
        "avg": 0.301,
        "obp": 0.374,
        "slg": 0.402,
        "rbi": 48,
        "sb": 3,
        "hr": 7
      },
      {
        "name": "박동원",
        "year": 22,
        "team": "KIA",
        "pa": 407,
        "ops": 0.773,
        "avg": 0.244,
        "obp": 0.333,
        "slg": 0.44,
        "rbi": 53,
        "sb": 1,
        "hr": 17
      },
      {
        "name": "류지혁",
        "year": 22,
        "team": "KIA",
        "pa": 477,
        "ops": 0.715,
        "avg": 0.274,
        "obp": 0.369,
        "slg": 0.346,
        "rbi": 48,
        "sb": 8,
        "hr": 2
      },
      {
        "name": "박찬호",
        "year": 22,
        "team": "KIA",
        "pa": 566,
        "ops": 0.685,
        "avg": 0.272,
        "obp": 0.344,
        "slg": 0.341,
        "rbi": 45,
        "sb": 42,
        "hr": 4
      },
      {
        "name": "김선빈",
        "year": 22,
        "team": "KIA",
        "pa": 587,
        "ops": 0.723,
        "avg": 0.287,
        "obp": 0.373,
        "slg": 0.35,
        "rbi": 61,
        "sb": 13,
        "hr": 3
      },
      {
        "name": "소크라테스",
        "year": 22,
        "team": "KIA",
        "pa": 554,
        "ops": 0.848,
        "avg": 0.311,
        "obp": 0.354,
        "slg": 0.494,
        "rbi": 77,
        "sb": 12,
        "hr": 17
      },
      {
        "name": "나성범",
        "year": 22,
        "team": "KIA",
        "pa": 649,
        "ops": 0.91,
        "avg": 0.32,
        "obp": 0.402,
        "slg": 0.508,
        "rbi": 97,
        "sb": 6,
        "hr": 21
      },
      {
        "name": "최형우",
        "year": 22,
        "team": "KIA",
        "pa": 530,
        "ops": 0.787,
        "avg": 0.264,
        "obp": 0.366,
        "slg": 0.421,
        "rbi": 71,
        "sb": 1,
        "hr": 14
      },
      {
        "name": "황대인",
        "year": 22,
        "team": "KIA",
        "pa": 524,
        "ops": 0.716,
        "avg": 0.256,
        "obp": 0.315,
        "slg": 0.401,
        "rbi": 91,
        "sb": 0,
        "hr": 14
      }
    ]
  },
  {
    "generation": 18,
    "expected_score": 6.305,
    "lineup": [
      "이창진",
      "나성범",
      "소크라테스",
      "김선빈",
      "박찬호",
      "최형우",
      "류지혁",
      "박동원",
      "황대인"
    ],
    "player_stats": [
      {
        "name": "이창진",
        "year": 22,
        "team": "KIA",
        "pa": 404,
        "ops": 0.776,
        "avg": 0.301,
        "obp": 0.374,
        "slg": 0.402,
        "rbi": 48,
        "sb": 3,
        "hr": 7
      },
      {
        "name": "나성범",
        "year": 22,
        "team": "KIA",
        "pa": 649,
        "ops": 0.91,
        "avg": 0.32,
        "obp": 0.402,
        "slg": 0.508,
        "rbi": 97,
        "sb": 6,
        "hr": 21
      },
      {
        "name": "소크라테스",
        "year": 22,
        "team": "KIA",
        "pa": 554,
        "ops": 0.848,
        "avg": 0.311,
        "obp": 0.354,
        "slg": 0.494,
        "rbi": 77,
        "sb": 12,
        "hr": 17
      },
      {
        "name": "김선빈",
        "year": 22,
        "team": "KIA",
        "pa": 587,
        "ops": 0.723,
        "avg": 0.287,
        "obp": 0.373,
        "slg": 0.35,
        "rbi": 61,
        "sb": 13,
        "hr": 3
      },
      {
        "name": "박찬호",
        "year": 22,
        "team": "KIA",
        "pa": 566,
        "ops": 0.685,
        "avg": 0.272,
        "obp": 0.344,
        "slg": 0.341,
        "rbi": 45,
        "sb": 42,
        "hr": 4
      },
      {
        "name": "최형우",
        "year": 22,
        "team": "KIA",
        "pa": 530,
        "ops": 0.787,
        "avg": 0.264,
        "obp": 0.366,
        "slg": 0.421,
        "rbi": 71,
        "sb": 1,
        "hr": 14
      },
      {
        "name": "류지혁",
        "year": 22,
        "team": "KIA",
        "pa": 477,
        "ops": 0.715,
        "avg": 0.274,
        "obp": 0.369,
        "slg": 0.346,
        "rbi": 48,
        "sb": 8,
        "hr": 2
      },
      {
        "name": "박동원",
        "year": 22,
        "team": "KIA",
        "pa": 407,
        "ops": 0.773,
        "avg": 0.244,
        "obp": 0.333,
        "slg": 0.44,
        "rbi": 53,
        "sb": 1,
        "hr": 17
      },
      {
        "name": "황대인",
        "year": 22,
        "team": "KIA",
        "pa": 524,
        "ops": 0.716,
        "avg": 0.256,
        "obp": 0.315,
        "slg": 0.401,
        "rbi": 91,
        "sb": 0,
        "hr": 14
      }
    ]
  },
  {
    "generation": 19,
    "expected_score": 6.195,
    "lineup": [
      "이창진",
      "나성범",
      "류지혁",
      "박동원",
      "박찬호",
      "김선빈",
      "소크라테스",
      "최형우",
      "황대인"
    ],
    "player_stats": [
      {
        "name": "이창진",
        "year": 22,
        "team": "KIA",
        "pa": 404,
        "ops": 0.776,
        "avg": 0.301,
        "obp": 0.374,
        "slg": 0.402,
        "rbi": 48,
        "sb": 3,
        "hr": 7
      },
      {
        "name": "나성범",
        "year": 22,
        "team": "KIA",
        "pa": 649,
        "ops": 0.91,
        "avg": 0.32,
        "obp": 0.402,
        "slg": 0.508,
        "rbi": 97,
        "sb": 6,
        "hr": 21
      },
      {
        "name": "류지혁",
        "year": 22,
        "team": "KIA",
        "pa": 477,
        "ops": 0.715,
        "avg": 0.274,
        "obp": 0.369,
        "slg": 0.346,
        "rbi": 48,
        "sb": 8,
        "hr": 2
      },
      {
        "name": "박동원",
        "year": 22,
        "team": "KIA",
        "pa": 407,
        "ops": 0.773,
        "avg": 0.244,
        "obp": 0.333,
        "slg": 0.44,
        "rbi": 53,
        "sb": 1,
        "hr": 17
      },
      {
        "name": "박찬호",
        "year": 22,
        "team": "KIA",
        "pa": 566,
        "ops": 0.685,
        "avg": 0.272,
        "obp": 0.344,
        "slg": 0.341,
        "rbi": 45,
        "sb": 42,
        "hr": 4
      },
      {
        "name": "김선빈",
        "year": 22,
        "team": "KIA",
        "pa": 587,
        "ops": 0.723,
        "avg": 0.287,
        "obp": 0.373,
        "slg": 0.35,
        "rbi": 61,
        "sb": 13,
        "hr": 3
      },
      {
        "name": "소크라테스",
        "year": 22,
        "team": "KIA",
        "pa": 554,
        "ops": 0.848,
        "avg": 0.311,
        "obp": 0.354,
        "slg": 0.494,
        "rbi": 77,
        "sb": 12,
        "hr": 17
      },
      {
        "name": "최형우",
        "year": 22,
        "team": "KIA",
        "pa": 530,
        "ops": 0.787,
        "avg": 0.264,
        "obp": 0.366,
        "slg": 0.421,
        "rbi": 71,
        "sb": 1,
        "hr": 14
      },
      {
        "name": "황대인",
        "year": 22,
        "team": "KIA",
        "pa": 524,
        "ops": 0.716,
        "avg": 0.256,
        "obp": 0.315,
        "slg": 0.401,
        "rbi": 91,
        "sb": 0,
        "hr": 14
      }
    ]
  },
  {
    "generation": 20,
    "expected_score": 6.125,
    "lineup": [
      "이창진",
      "나성범",
      "최형우",
      "박찬호",
      "박동원",
      "김선빈",
      "소크라테스",
      "류지혁",
      "황대인"
    ],
    "player_stats": [
      {
        "name": "이창진",
        "year": 22,
        "team": "KIA",
        "pa": 404,
        "ops": 0.776,
        "avg": 0.301,
        "obp": 0.374,
        "slg": 0.402,
        "rbi": 48,
        "sb": 3,
        "hr": 7
      },
      {
        "name": "나성범",
        "year": 22,
        "team": "KIA",
        "pa": 649,
        "ops": 0.91,
        "avg": 0.32,
        "obp": 0.402,
        "slg": 0.508,
        "rbi": 97,
        "sb": 6,
        "hr": 21
      },
      {
        "name": "최형우",
        "year": 22,
        "team": "KIA",
        "pa": 530,
        "ops": 0.787,
        "avg": 0.264,
        "obp": 0.366,
        "slg": 0.421,
        "rbi": 71,
        "sb": 1,
        "hr": 14
      },
      {
        "name": "박찬호",
        "year": 22,
        "team": "KIA",
        "pa": 566,
        "ops": 0.685,
        "avg": 0.272,
        "obp": 0.344,
        "slg": 0.341,
        "rbi": 45,
        "sb": 42,
        "hr": 4
      },
      {
        "name": "박동원",
        "year": 22,
        "team": "KIA",
        "pa": 407,
        "ops": 0.773,
        "avg": 0.244,
        "obp": 0.333,
        "slg": 0.44,
        "rbi": 53,
        "sb": 1,
        "hr": 17
      },
      {
        "name": "김선빈",
        "year": 22,
        "team": "KIA",
        "pa": 587,
        "ops": 0.723,
        "avg": 0.287,
        "obp": 0.373,
        "slg": 0.35,
        "rbi": 61,
        "sb": 13,
        "hr": 3
      },
      {
        "name": "소크라테스",
        "year": 22,
        "team": "KIA",
        "pa": 554,
        "ops": 0.848,
        "avg": 0.311,
        "obp": 0.354,
        "slg": 0.494,
        "rbi": 77,
        "sb": 12,
        "hr": 17
      },
      {
        "name": "류지혁",
        "year": 22,
        "team": "KIA",
        "pa": 477,
        "ops": 0.715,
        "avg": 0.274,
        "obp": 0.369,
        "slg": 0.346,
        "rbi": 48,
        "sb": 8,
        "hr": 2
      },
      {
        "name": "황대인",
        "year": 22,
        "team": "KIA",
        "pa": 524,
        "ops": 0.716,
        "avg": 0.256,
        "obp": 0.315,
        "slg": 0.401,
        "rbi": 91,
        "sb": 0,
        "hr": 14
      }
    ]
  },
  {
    "generation": 21,
    "expected_score": 6.43,
    "lineup": [
      "이창진",
      "나성범",
      "류지혁",
      "김선빈",
      "박찬호",
      "최형우",
      "소크라테스",
      "박동원",
      "황대인"
    ],
    "player_stats": [
      {
        "name": "이창진",
        "year": 22,
        "team": "KIA",
        "pa": 404,
        "ops": 0.776,
        "avg": 0.301,
        "obp": 0.374,
        "slg": 0.402,
        "rbi": 48,
        "sb": 3,
        "hr": 7
      },
      {
        "name": "나성범",
        "year": 22,
        "team": "KIA",
        "pa": 649,
        "ops": 0.91,
        "avg": 0.32,
        "obp": 0.402,
        "slg": 0.508,
        "rbi": 97,
        "sb": 6,
        "hr": 21
      },
      {
        "name": "류지혁",
        "year": 22,
        "team": "KIA",
        "pa": 477,
        "ops": 0.715,
        "avg": 0.274,
        "obp": 0.369,
        "slg": 0.346,
        "rbi": 48,
        "sb": 8,
        "hr": 2
      },
      {
        "name": "김선빈",
        "year": 22,
        "team": "KIA",
        "pa": 587,
        "ops": 0.723,
        "avg": 0.287,
        "obp": 0.373,
        "slg": 0.35,
        "rbi": 61,
        "sb": 13,
        "hr": 3
      },
      {
        "name": "박찬호",
        "year": 22,
        "team": "KIA",
        "pa": 566,
        "ops": 0.685,
        "avg": 0.272,
        "obp": 0.344,
        "slg": 0.341,
        "rbi": 45,
        "sb": 42,
        "hr": 4
      },
      {
        "name": "최형우",
        "year": 22,
        "team": "KIA",
        "pa": 530,
        "ops": 0.787,
        "avg": 0.264,
        "obp": 0.366,
        "slg": 0.421,
        "rbi": 71,
        "sb": 1,
        "hr": 14
      },
      {
        "name": "소크라테스",
        "year": 22,
        "team": "KIA",
        "pa": 554,
        "ops": 0.848,
        "avg": 0.311,
        "obp": 0.354,
        "slg": 0.494,
        "rbi": 77,
        "sb": 12,
        "hr": 17
      },
      {
        "name": "박동원",
        "year": 22,
        "team": "KIA",
        "pa": 407,
        "ops": 0.773,
        "avg": 0.244,
        "obp": 0.333,
        "slg": 0.44,
        "rbi": 53,
        "sb": 1,
        "hr": 17
      },
      {
        "name": "황대인",
        "year": 22,
        "team": "KIA",
        "pa": 524,
        "ops": 0.716,
        "avg": 0.256,
        "obp": 0.315,
        "slg": 0.401,
        "rbi": 91,
        "sb": 0,
        "hr": 14
      }
    ]
  },
  {
    "generation": 22,
    "expected_score": 6.15,
    "lineup": [
      "이창진",
      "나성범",
      "최형우",
      "박찬호",
      "김선빈",
      "소크라테스",
      "류지혁",
      "박동원",
      "황대인"
    ],
    "player_stats": [
      {
        "name": "이창진",
        "year": 22,
        "team": "KIA",
        "pa": 404,
        "ops": 0.776,
        "avg": 0.301,
        "obp": 0.374,
        "slg": 0.402,
        "rbi": 48,
        "sb": 3,
        "hr": 7
      },
      {
        "name": "나성범",
        "year": 22,
        "team": "KIA",
        "pa": 649,
        "ops": 0.91,
        "avg": 0.32,
        "obp": 0.402,
        "slg": 0.508,
        "rbi": 97,
        "sb": 6,
        "hr": 21
      },
      {
        "name": "최형우",
        "year": 22,
        "team": "KIA",
        "pa": 530,
        "ops": 0.787,
        "avg": 0.264,
        "obp": 0.366,
        "slg": 0.421,
        "rbi": 71,
        "sb": 1,
        "hr": 14
      },
      {
        "name": "박찬호",
        "year": 22,
        "team": "KIA",
        "pa": 566,
        "ops": 0.685,
        "avg": 0.272,
        "obp": 0.344,
        "slg": 0.341,
        "rbi": 45,
        "sb": 42,
        "hr": 4
      },
      {
        "name": "김선빈",
        "year": 22,
        "team": "KIA",
        "pa": 587,
        "ops": 0.723,
        "avg": 0.287,
        "obp": 0.373,
        "slg": 0.35,
        "rbi": 61,
        "sb": 13,
        "hr": 3
      },
      {
        "name": "소크라테스",
        "year": 22,
        "team": "KIA",
        "pa": 554,
        "ops": 0.848,
        "avg": 0.311,
        "obp": 0.354,
        "slg": 0.494,
        "rbi": 77,
        "sb": 12,
        "hr": 17
      },
      {
        "name": "류지혁",
        "year": 22,
        "team": "KIA",
        "pa": 477,
        "ops": 0.715,
        "avg": 0.274,
        "obp": 0.369,
        "slg": 0.346,
        "rbi": 48,
        "sb": 8,
        "hr": 2
      },
      {
        "name": "박동원",
        "year": 22,
        "team": "KIA",
        "pa": 407,
        "ops": 0.773,
        "avg": 0.244,
        "obp": 0.333,
        "slg": 0.44,
        "rbi": 53,
        "sb": 1,
        "hr": 17
      },
      {
        "name": "황대인",
        "year": 22,
        "team": "KIA",
        "pa": 524,
        "ops": 0.716,
        "avg": 0.256,
        "obp": 0.315,
        "slg": 0.401,
        "rbi": 91,
        "sb": 0,
        "hr": 14
      }
    ]
  },
  {
    "generation": 23,
    "expected_score": 6.115,
    "lineup": [
      "이창진",
      "나성범",
      "최형우",
      "박찬호",
      "박동원",
      "김선빈",
      "소크라테스",
      "류지혁",
      "황대인"
    ],
    "player_stats": [
      {
        "name": "이창진",
        "year": 22,
        "team": "KIA",
        "pa": 404,
        "ops": 0.776,
        "avg": 0.301,
        "obp": 0.374,
        "slg": 0.402,
        "rbi": 48,
        "sb": 3,
        "hr": 7
      },
      {
        "name": "나성범",
        "year": 22,
        "team": "KIA",
        "pa": 649,
        "ops": 0.91,
        "avg": 0.32,
        "obp": 0.402,
        "slg": 0.508,
        "rbi": 97,
        "sb": 6,
        "hr": 21
      },
      {
        "name": "최형우",
        "year": 22,
        "team": "KIA",
        "pa": 530,
        "ops": 0.787,
        "avg": 0.264,
        "obp": 0.366,
        "slg": 0.421,
        "rbi": 71,
        "sb": 1,
        "hr": 14
      },
      {
        "name": "박찬호",
        "year": 22,
        "team": "KIA",
        "pa": 566,
        "ops": 0.685,
        "avg": 0.272,
        "obp": 0.344,
        "slg": 0.341,
        "rbi": 45,
        "sb": 42,
        "hr": 4
      },
      {
        "name": "박동원",
        "year": 22,
        "team": "KIA",
        "pa": 407,
        "ops": 0.773,
        "avg": 0.244,
        "obp": 0.333,
        "slg": 0.44,
        "rbi": 53,
        "sb": 1,
        "hr": 17
      },
      {
        "name": "김선빈",
        "year": 22,
        "team": "KIA",
        "pa": 587,
        "ops": 0.723,
        "avg": 0.287,
        "obp": 0.373,
        "slg": 0.35,
        "rbi": 61,
        "sb": 13,
        "hr": 3
      },
      {
        "name": "소크라테스",
        "year": 22,
        "team": "KIA",
        "pa": 554,
        "ops": 0.848,
        "avg": 0.311,
        "obp": 0.354,
        "slg": 0.494,
        "rbi": 77,
        "sb": 12,
        "hr": 17
      },
      {
        "name": "류지혁",
        "year": 22,
        "team": "KIA",
        "pa": 477,
        "ops": 0.715,
        "avg": 0.274,
        "obp": 0.369,
        "slg": 0.346,
        "rbi": 48,
        "sb": 8,
        "hr": 2
      },
      {
        "name": "황대인",
        "year": 22,
        "team": "KIA",
        "pa": 524,
        "ops": 0.716,
        "avg": 0.256,
        "obp": 0.315,
        "slg": 0.401,
        "rbi": 91,
        "sb": 0,
        "hr": 14
      }
    ]
  },
  {
    "generation": 24,
    "expected_score": 6.35,
    "lineup": [
      "이창진",
      "나성범",
      "황대인",
      "박동원",
      "류지혁",
      "최형우",
      "박찬호",
      "김선빈",
      "소크라테스"
    ],
    "player_stats": [
      {
        "name": "이창진",
        "year": 22,
        "team": "KIA",
        "pa": 404,
        "ops": 0.776,
        "avg": 0.301,
        "obp": 0.374,
        "slg": 0.402,
        "rbi": 48,
        "sb": 3,
        "hr": 7
      },
      {
        "name": "나성범",
        "year": 22,
        "team": "KIA",
        "pa": 649,
        "ops": 0.91,
        "avg": 0.32,
        "obp": 0.402,
        "slg": 0.508,
        "rbi": 97,
        "sb": 6,
        "hr": 21
      },
      {
        "name": "황대인",
        "year": 22,
        "team": "KIA",
        "pa": 524,
        "ops": 0.716,
        "avg": 0.256,
        "obp": 0.315,
        "slg": 0.401,
        "rbi": 91,
        "sb": 0,
        "hr": 14
      },
      {
        "name": "박동원",
        "year": 22,
        "team": "KIA",
        "pa": 407,
        "ops": 0.773,
        "avg": 0.244,
        "obp": 0.333,
        "slg": 0.44,
        "rbi": 53,
        "sb": 1,
        "hr": 17
      },
      {
        "name": "류지혁",
        "year": 22,
        "team": "KIA",
        "pa": 477,
        "ops": 0.715,
        "avg": 0.274,
        "obp": 0.369,
        "slg": 0.346,
        "rbi": 48,
        "sb": 8,
        "hr": 2
      },
      {
        "name": "최형우",
        "year": 22,
        "team": "KIA",
        "pa": 530,
        "ops": 0.787,
        "avg": 0.264,
        "obp": 0.366,
        "slg": 0.421,
        "rbi": 71,
        "sb": 1,
        "hr": 14
      },
      {
        "name": "박찬호",
        "year": 22,
        "team": "KIA",
        "pa": 566,
        "ops": 0.685,
        "avg": 0.272,
        "obp": 0.344,
        "slg": 0.341,
        "rbi": 45,
        "sb": 42,
        "hr": 4
      },
      {
        "name": "김선빈",
        "year": 22,
        "team": "KIA",
        "pa": 587,
        "ops": 0.723,
        "avg": 0.287,
        "obp": 0.373,
        "slg": 0.35,
        "rbi": 61,
        "sb": 13,
        "hr": 3
      },
      {
        "name": "소크라테스",
        "year": 22,
        "team": "KIA",
        "pa": 554,
        "ops": 0.848,
        "avg": 0.311,
        "obp": 0.354,
        "slg": 0.494,
        "rbi": 77,
        "sb": 12,
        "hr": 17
      }
    ]
  },
  {
    "generation": 25,
    "expected_score": 6.29,
    "lineup": [
      "이창진",
      "나성범",
      "박찬호",
      "박동원",
      "소크라테스",
      "류지혁",
      "황대인",
      "김선빈",
      "최형우"
    ],
    "player_stats": [
      {
        "name": "이창진",
        "year": 22,
        "team": "KIA",
        "pa": 404,
        "ops": 0.776,
        "avg": 0.301,
        "obp": 0.374,
        "slg": 0.402,
        "rbi": 48,
        "sb": 3,
        "hr": 7
      },
      {
        "name": "나성범",
        "year": 22,
        "team": "KIA",
        "pa": 649,
        "ops": 0.91,
        "avg": 0.32,
        "obp": 0.402,
        "slg": 0.508,
        "rbi": 97,
        "sb": 6,
        "hr": 21
      },
      {
        "name": "박찬호",
        "year": 22,
        "team": "KIA",
        "pa": 566,
        "ops": 0.685,
        "avg": 0.272,
        "obp": 0.344,
        "slg": 0.341,
        "rbi": 45,
        "sb": 42,
        "hr": 4
      },
      {
        "name": "박동원",
        "year": 22,
        "team": "KIA",
        "pa": 407,
        "ops": 0.773,
        "avg": 0.244,
        "obp": 0.333,
        "slg": 0.44,
        "rbi": 53,
        "sb": 1,
        "hr": 17
      },
      {
        "name": "소크라테스",
        "year": 22,
        "team": "KIA",
        "pa": 554,
        "ops": 0.848,
        "avg": 0.311,
        "obp": 0.354,
        "slg": 0.494,
        "rbi": 77,
        "sb": 12,
        "hr": 17
      },
      {
        "name": "류지혁",
        "year": 22,
        "team": "KIA",
        "pa": 477,
        "ops": 0.715,
        "avg": 0.274,
        "obp": 0.369,
        "slg": 0.346,
        "rbi": 48,
        "sb": 8,
        "hr": 2
      },
      {
        "name": "황대인",
        "year": 22,
        "team": "KIA",
        "pa": 524,
        "ops": 0.716,
        "avg": 0.256,
        "obp": 0.315,
        "slg": 0.401,
        "rbi": 91,
        "sb": 0,
        "hr": 14
      },
      {
        "name": "김선빈",
        "year": 22,
        "team": "KIA",
        "pa": 587,
        "ops": 0.723,
        "avg": 0.287,
        "obp": 0.373,
        "slg": 0.35,
        "rbi": 61,
        "sb": 13,
        "hr": 3
      },
      {
        "name": "최형우",
        "year": 22,
        "team": "KIA",
        "pa": 530,
        "ops": 0.787,
        "avg": 0.264,
        "obp": 0.366,
        "slg": 0.421,
        "rbi": 71,
        "sb": 1,
        "hr": 14
      }
    ]
  },
  {
    "generation": 26,
    "expected_score": 6.125,
    "lineup": [
      "이창진",
      "나성범",
      "박찬호",
      "박동원",
      "소크라테스",
      "최형우",
      "류지혁",
      "김선빈",
      "황대인"
    ],
    "player_stats": [
      {
        "name": "이창진",
        "year": 22,
        "team": "KIA",
        "pa": 404,
        "ops": 0.776,
        "avg": 0.301,
        "obp": 0.374,
        "slg": 0.402,
        "rbi": 48,
        "sb": 3,
        "hr": 7
      },
      {
        "name": "나성범",
        "year": 22,
        "team": "KIA",
        "pa": 649,
        "ops": 0.91,
        "avg": 0.32,
        "obp": 0.402,
        "slg": 0.508,
        "rbi": 97,
        "sb": 6,
        "hr": 21
      },
      {
        "name": "박찬호",
        "year": 22,
        "team": "KIA",
        "pa": 566,
        "ops": 0.685,
        "avg": 0.272,
        "obp": 0.344,
        "slg": 0.341,
        "rbi": 45,
        "sb": 42,
        "hr": 4
      },
      {
        "name": "박동원",
        "year": 22,
        "team": "KIA",
        "pa": 407,
        "ops": 0.773,
        "avg": 0.244,
        "obp": 0.333,
        "slg": 0.44,
        "rbi": 53,
        "sb": 1,
        "hr": 17
      },
      {
        "name": "소크라테스",
        "year": 22,
        "team": "KIA",
        "pa": 554,
        "ops": 0.848,
        "avg": 0.311,
        "obp": 0.354,
        "slg": 0.494,
        "rbi": 77,
        "sb": 12,
        "hr": 17
      },
      {
        "name": "최형우",
        "year": 22,
        "team": "KIA",
        "pa": 530,
        "ops": 0.787,
        "avg": 0.264,
        "obp": 0.366,
        "slg": 0.421,
        "rbi": 71,
        "sb": 1,
        "hr": 14
      },
      {
        "name": "류지혁",
        "year": 22,
        "team": "KIA",
        "pa": 477,
        "ops": 0.715,
        "avg": 0.274,
        "obp": 0.369,
        "slg": 0.346,
        "rbi": 48,
        "sb": 8,
        "hr": 2
      },
      {
        "name": "김선빈",
        "year": 22,
        "team": "KIA",
        "pa": 587,
        "ops": 0.723,
        "avg": 0.287,
        "obp": 0.373,
        "slg": 0.35,
        "rbi": 61,
        "sb": 13,
        "hr": 3
      },
      {
        "name": "황대인",
        "year": 22,
        "team": "KIA",
        "pa": 524,
        "ops": 0.716,
        "avg": 0.256,
        "obp": 0.315,
        "slg": 0.401,
        "rbi": 91,
        "sb": 0,
        "hr": 14
      }
    ]
  },
  {
    "generation": 27,
    "expected_score": 6.745,
    "lineup": [
      "이창진",
      "나성범",
      "김선빈",
      "박찬호",
      "최형우",
      "류지혁",
      "박동원",
      "소크라테스",
      "황대인"
    ],
    "player_stats": [
      {
        "name": "이창진",
        "year": 22,
        "team": "KIA",
        "pa": 404,
        "ops": 0.776,
        "avg": 0.301,
        "obp": 0.374,
        "slg": 0.402,
        "rbi": 48,
        "sb": 3,
        "hr": 7
      },
      {
        "name": "나성범",
        "year": 22,
        "team": "KIA",
        "pa": 649,
        "ops": 0.91,
        "avg": 0.32,
        "obp": 0.402,
        "slg": 0.508,
        "rbi": 97,
        "sb": 6,
        "hr": 21
      },
      {
        "name": "김선빈",
        "year": 22,
        "team": "KIA",
        "pa": 587,
        "ops": 0.723,
        "avg": 0.287,
        "obp": 0.373,
        "slg": 0.35,
        "rbi": 61,
        "sb": 13,
        "hr": 3
      },
      {
        "name": "박찬호",
        "year": 22,
        "team": "KIA",
        "pa": 566,
        "ops": 0.685,
        "avg": 0.272,
        "obp": 0.344,
        "slg": 0.341,
        "rbi": 45,
        "sb": 42,
        "hr": 4
      },
      {
        "name": "최형우",
        "year": 22,
        "team": "KIA",
        "pa": 530,
        "ops": 0.787,
        "avg": 0.264,
        "obp": 0.366,
        "slg": 0.421,
        "rbi": 71,
        "sb": 1,
        "hr": 14
      },
      {
        "name": "류지혁",
        "year": 22,
        "team": "KIA",
        "pa": 477,
        "ops": 0.715,
        "avg": 0.274,
        "obp": 0.369,
        "slg": 0.346,
        "rbi": 48,
        "sb": 8,
        "hr": 2
      },
      {
        "name": "박동원",
        "year": 22,
        "team": "KIA",
        "pa": 407,
        "ops": 0.773,
        "avg": 0.244,
        "obp": 0.333,
        "slg": 0.44,
        "rbi": 53,
        "sb": 1,
        "hr": 17
      },
      {
        "name": "소크라테스",
        "year": 22,
        "team": "KIA",
        "pa": 554,
        "ops": 0.848,
        "avg": 0.311,
        "obp": 0.354,
        "slg": 0.494,
        "rbi": 77,
        "sb": 12,
        "hr": 17
      },
      {
        "name": "황대인",
        "year": 22,
        "team": "KIA",
        "pa": 524,
        "ops": 0.716,
        "avg": 0.256,
        "obp": 0.315,
        "slg": 0.401,
        "rbi": 91,
        "sb": 0,
        "hr": 14
      }
    ]
  },
  {
    "generation": 28,
    "expected_score": 6.255,
    "lineup": [
      "이창진",
      "박동원",
      "황대인",
      "최형우",
      "박찬호",
      "김선빈",
      "소크라테스",
      "류지혁",
      "나성범"
    ],
    "player_stats": [
      {
        "name": "이창진",
        "year": 22,
        "team": "KIA",
        "pa": 404,
        "ops": 0.776,
        "avg": 0.301,
        "obp": 0.374,
        "slg": 0.402,
        "rbi": 48,
        "sb": 3,
        "hr": 7
      },
      {
        "name": "박동원",
        "year": 22,
        "team": "KIA",
        "pa": 407,
        "ops": 0.773,
        "avg": 0.244,
        "obp": 0.333,
        "slg": 0.44,
        "rbi": 53,
        "sb": 1,
        "hr": 17
      },
      {
        "name": "황대인",
        "year": 22,
        "team": "KIA",
        "pa": 524,
        "ops": 0.716,
        "avg": 0.256,
        "obp": 0.315,
        "slg": 0.401,
        "rbi": 91,
        "sb": 0,
        "hr": 14
      },
      {
        "name": "최형우",
        "year": 22,
        "team": "KIA",
        "pa": 530,
        "ops": 0.787,
        "avg": 0.264,
        "obp": 0.366,
        "slg": 0.421,
        "rbi": 71,
        "sb": 1,
        "hr": 14
      },
      {
        "name": "박찬호",
        "year": 22,
        "team": "KIA",
        "pa": 566,
        "ops": 0.685,
        "avg": 0.272,
        "obp": 0.344,
        "slg": 0.341,
        "rbi": 45,
        "sb": 42,
        "hr": 4
      },
      {
        "name": "김선빈",
        "year": 22,
        "team": "KIA",
        "pa": 587,
        "ops": 0.723,
        "avg": 0.287,
        "obp": 0.373,
        "slg": 0.35,
        "rbi": 61,
        "sb": 13,
        "hr": 3
      },
      {
        "name": "소크라테스",
        "year": 22,
        "team": "KIA",
        "pa": 554,
        "ops": 0.848,
        "avg": 0.311,
        "obp": 0.354,
        "slg": 0.494,
        "rbi": 77,
        "sb": 12,
        "hr": 17
      },
      {
        "name": "류지혁",
        "year": 22,
        "team": "KIA",
        "pa": 477,
        "ops": 0.715,
        "avg": 0.274,
        "obp": 0.369,
        "slg": 0.346,
        "rbi": 48,
        "sb": 8,
        "hr": 2
      },
      {
        "name": "나성범",
        "year": 22,
        "team": "KIA",
        "pa": 649,
        "ops": 0.91,
        "avg": 0.32,
        "obp": 0.402,
        "slg": 0.508,
        "rbi": 97,
        "sb": 6,
        "hr": 21
      }
    ]
  },
  {
    "generation": 29,
    "expected_score": 6.33,
    "lineup": [
      "이창진",
      "나성범",
      "최형우",
      "박동원",
      "황대인",
      "박찬호",
      "김선빈",
      "소크라테스",
      "류지혁"
    ],
    "player_stats": [
      {
        "name": "이창진",
        "year": 22,
        "team": "KIA",
        "pa": 404,
        "ops": 0.776,
        "avg": 0.301,
        "obp": 0.374,
        "slg": 0.402,
        "rbi": 48,
        "sb": 3,
        "hr": 7
      },
      {
        "name": "나성범",
        "year": 22,
        "team": "KIA",
        "pa": 649,
        "ops": 0.91,
        "avg": 0.32,
        "obp": 0.402,
        "slg": 0.508,
        "rbi": 97,
        "sb": 6,
        "hr": 21
      },
      {
        "name": "최형우",
        "year": 22,
        "team": "KIA",
        "pa": 530,
        "ops": 0.787,
        "avg": 0.264,
        "obp": 0.366,
        "slg": 0.421,
        "rbi": 71,
        "sb": 1,
        "hr": 14
      },
      {
        "name": "박동원",
        "year": 22,
        "team": "KIA",
        "pa": 407,
        "ops": 0.773,
        "avg": 0.244,
        "obp": 0.333,
        "slg": 0.44,
        "rbi": 53,
        "sb": 1,
        "hr": 17
      },
      {
        "name": "황대인",
        "year": 22,
        "team": "KIA",
        "pa": 524,
        "ops": 0.716,
        "avg": 0.256,
        "obp": 0.315,
        "slg": 0.401,
        "rbi": 91,
        "sb": 0,
        "hr": 14
      },
      {
        "name": "박찬호",
        "year": 22,
        "team": "KIA",
        "pa": 566,
        "ops": 0.685,
        "avg": 0.272,
        "obp": 0.344,
        "slg": 0.341,
        "rbi": 45,
        "sb": 42,
        "hr": 4
      },
      {
        "name": "김선빈",
        "year": 22,
        "team": "KIA",
        "pa": 587,
        "ops": 0.723,
        "avg": 0.287,
        "obp": 0.373,
        "slg": 0.35,
        "rbi": 61,
        "sb": 13,
        "hr": 3
      },
      {
        "name": "소크라테스",
        "year": 22,
        "team": "KIA",
        "pa": 554,
        "ops": 0.848,
        "avg": 0.311,
        "obp": 0.354,
        "slg": 0.494,
        "rbi": 77,
        "sb": 12,
        "hr": 17
      },
      {
        "name": "류지혁",
        "year": 22,
        "team": "KIA",
        "pa": 477,
        "ops": 0.715,
        "avg": 0.274,
        "obp": 0.369,
        "slg": 0.346,
        "rbi": 48,
        "sb": 8,
        "hr": 2
      }
    ]
  },
  {
    "generation": 30,
    "expected_score": 6.145,
    "lineup": [
      "이창진",
      "나성범",
      "최형우",
      "박동원",
      "황대인",
      "박찬호",
      "김선빈",
      "소크라테스",
      "류지혁"
    ],
    "player_stats": [
      {
        "name": "이창진",
        "year": 22,
        "team": "KIA",
        "pa": 404,
        "ops": 0.776,
        "avg": 0.301,
        "obp": 0.374,
        "slg": 0.402,
        "rbi": 48,
        "sb": 3,
        "hr": 7
      },
      {
        "name": "나성범",
        "year": 22,
        "team": "KIA",
        "pa": 649,
        "ops": 0.91,
        "avg": 0.32,
        "obp": 0.402,
        "slg": 0.508,
        "rbi": 97,
        "sb": 6,
        "hr": 21
      },
      {
        "name": "최형우",
        "year": 22,
        "team": "KIA",
        "pa": 530,
        "ops": 0.787,
        "avg": 0.264,
        "obp": 0.366,
        "slg": 0.421,
        "rbi": 71,
        "sb": 1,
        "hr": 14
      },
      {
        "name": "박동원",
        "year": 22,
        "team": "KIA",
        "pa": 407,
        "ops": 0.773,
        "avg": 0.244,
        "obp": 0.333,
        "slg": 0.44,
        "rbi": 53,
        "sb": 1,
        "hr": 17
      },
      {
        "name": "황대인",
        "year": 22,
        "team": "KIA",
        "pa": 524,
        "ops": 0.716,
        "avg": 0.256,
        "obp": 0.315,
        "slg": 0.401,
        "rbi": 91,
        "sb": 0,
        "hr": 14
      },
      {
        "name": "박찬호",
        "year": 22,
        "team": "KIA",
        "pa": 566,
        "ops": 0.685,
        "avg": 0.272,
        "obp": 0.344,
        "slg": 0.341,
        "rbi": 45,
        "sb": 42,
        "hr": 4
      },
      {
        "name": "김선빈",
        "year": 22,
        "team": "KIA",
        "pa": 587,
        "ops": 0.723,
        "avg": 0.287,
        "obp": 0.373,
        "slg": 0.35,
        "rbi": 61,
        "sb": 13,
        "hr": 3
      },
      {
        "name": "소크라테스",
        "year": 22,
        "team": "KIA",
        "pa": 554,
        "ops": 0.848,
        "avg": 0.311,
        "obp": 0.354,
        "slg": 0.494,
        "rbi": 77,
        "sb": 12,
        "hr": 17
      },
      {
        "name": "류지혁",
        "year": 22,
        "team": "KIA",
        "pa": 477,
        "ops": 0.715,
        "avg": 0.274,
        "obp": 0.369,
        "slg": 0.346,
        "rbi": 48,
        "sb": 8,
        "hr": 2
      }
    ]
  }
]