[
  {
    "generation": 1,
    "expected_score": 6.425,
    "lineup": [
      "문보경",
      "홍창기",
      "유강남",
      "문성주",
      "오지환",
      "김현수",
      "채은성",
      "박해민",
      "이재원"
    ],
    "player_stats": [
      {
        "name": "문보경",
        "year": 22,
        "team": "LG",
        "pa": 466,
        "ops": 0.833,
        "avg": 0.315,
        "obp": 0.382,
        "slg": 0.451,
        "rbi": 56,
        "sb": 7,
        "hr": 9
      },
      {
        "name": "홍창기",
        "year": 22,
        "team": "LG",
        "pa": 525,
        "ops": 0.745,
        "avg": 0.286,
        "obp": 0.39,
        "slg": 0.355,
        "rbi": 51,
        "sb": 13,
        "hr": 1
      },
      {
        "name": "유강남",
        "year": 22,
        "team": "LG",
        "pa": 469,
        "ops": 0.677,
        "avg": 0.255,
        "obp": 0.326,
        "slg": 0.351,
        "rbi": 47,
        "sb": 0,
        "hr": 8
      },
      {
        "name": "문성주",
        "year": 22,
        "team": "LG",
        "pa": 390,
        "ops": 0.823,
        "avg": 0.303,
        "obp": 0.401,
        "slg": 0.422,
        "rbi": 41,
        "sb": 9,
        "hr": 6
      },
      {
        "name": "오지환",
        "year": 22,
        "team": "LG",
        "pa": 569,
        "ops": 0.827,
        "avg": 0.269,
        "obp": 0.357,
        "slg": 0.47,
        "rbi": 87,
        "sb": 20,
        "hr": 25
      },
      {
        "name": "김현수",
        "year": 22,
        "team": "LG",
        "pa": 604,
        "ops": 0.848,
        "avg": 0.286,
        "obp": 0.375,
        "slg": 0.473,
        "rbi": 106,
        "sb": 2,
        "hr": 23
      },
      {
        "name": "채은성",
        "year": 22,
        "team": "LG",
        "pa": 526,
        "ops": 0.791,
        "avg": 0.296,
        "obp": 0.354,
        "slg": 0.437,
        "rbi": 83,
        "sb": 6,
        "hr": 12
      },
      {
        "name": "박해민",
        "year": 22,
        "team": "LG",
        "pa": 636,
        "ops": 0.715,
        "avg": 0.289,
        "obp": 0.347,
        "slg": 0.368,
        "rbi": 49,
        "sb": 24,
        "hr": 3
      },
      {
        "name": "이재원",
        "year": 22,
        "team": "LG",
        "pa": 253,
        "ops": 0.769,
        "avg": 0.224,
        "obp": 0.316,
        "slg": 0.453,
        "rbi": 43,
        "sb": 3,
        "hr": 13
      }
    ]
  },
  {
    "generation": 2,
    "expected_score": 6.325,
    "lineup": [
      "문보경",
      "문성주",
      "채은성",
      "유강남",
      "김현수",
      "오지환",
      "홍창기",
      "박해민",
      "이재원"
    ],
    "player_stats": [
      {
        "name": "문보경",
        "year": 22,
        "team": "LG",
        "pa": 466,
        "ops": 0.833,
        "avg": 0.315,
        "obp": 0.382,
        "slg": 0.451,
        "rbi": 56,
        "sb": 7,
        "hr": 9
      },
      {
        "name": "문성주",
        "year": 22,
        "team": "LG",
        "pa": 390,
        "ops": 0.823,
        "avg": 0.303,
        "obp": 0.401,
        "slg": 0.422,
        "rbi": 41,
        "sb": 9,
        "hr": 6
      },
      {
        "name": "채은성",
        "year": 22,
        "team": "LG",
        "pa": 526,
        "ops": 0.791,
        "avg": 0.296,
        "obp": 0.354,
        "slg": 0.437,
        "rbi": 83,
        "sb": 6,
        "hr": 12
      },
      {
        "name": "유강남",
        "year": 22,
        "team": "LG",
        "pa": 469,
        "ops": 0.677,
        "avg": 0.255,
        "obp": 0.326,
        "slg": 0.351,
        "rbi": 47,
        "sb": 0,
        "hr": 8
      },
      {
        "name": "김현수",
        "year": 22,
        "team": "LG",
        "pa": 604,
        "ops": 0.848,
        "avg": 0.286,
        "obp": 0.375,
        "slg": 0.473,
        "rbi": 106,
        "sb": 2,
        "hr": 23
      },
      {
        "name": "오지환",
        "year": 22,
        "team": "LG",
        "pa": 569,
        "ops": 0.827,
        "avg": 0.269,
        "obp": 0.357,
        "slg": 0.47,
        "rbi": 87,
        "sb": 20,
        "hr": 25
      },
      {
        "name": "홍창기",
        "year": 22,
        "team": "LG",
        "pa": 525,
        "ops": 0.745,
        "avg": 0.286,
        "obp": 0.39,
        "slg": 0.355,
        "rbi": 51,
        "sb": 13,
        "hr": 1
      },
      {
        "name": "박해민",
        "year": 22,
        "team": "LG",
        "pa": 636,
        "ops": 0.715,
        "avg": 0.289,
        "obp": 0.347,
        "slg": 0.368,
        "rbi": 49,
        "sb": 24,
        "hr": 3
      },
      {
        "name": "이재원",
        "year": 22,
        "team": "LG",
        "pa": 253,
        "ops": 0.769,
        "avg": 0.224,
        "obp": 0.316,
        "slg": 0.453,
        "rbi": 43,
        "sb": 3,
        "hr": 13
      }
    ]
  },
  {
    "generation": 3,
    "expected_score": 6.19,
    "lineup": [
      "홍창기",
      "문보경",
      "오지환",
      "채은성",
      "박해민",
      "이재원",
      "문성주",
      "유강남",
      "김현수"
    ],
    "player_stats": [
      {
        "name": "홍창기",
        "year": 22,
        "team": "LG",
        "pa": 525,
        "ops": 0.745,
        "avg": 0.286,
        "obp": 0.39,
        "slg": 0.355,
        "rbi": 51,
        "sb": 13,
        "hr": 1
      },
      {
        "name": "문보경",
        "year": 22,
        "team": "LG",
        "pa": 466,
        "ops": 0.833,
        "avg": 0.315,
        "obp": 0.382,
        "slg": 0.451,
        "rbi": 56,
        "sb": 7,
        "hr": 9
      },
      {
        "name": "오지환",
        "year": 22,
        "team": "LG",
        "pa": 569,
        "ops": 0.827,
        "avg": 0.269,
        "obp": 0.357,
        "slg": 0.47,
        "rbi": 87,
        "sb": 20,
        "hr": 25
      },
      {
        "name": "채은성",
        "year": 22,
        "team": "LG",
        "pa": 526,
        "ops": 0.791,
        "avg": 0.296,
        "obp": 0.354,
        "slg": 0.437,
        "rbi": 83,
        "sb": 6,
        "hr": 12
      },
      {
        "name": "박해민",
        "year": 22,
        "team": "LG",
        "pa": 636,
        "ops": 0.715,
        "avg": 0.289,
        "obp": 0.347,
        "slg": 0.368,
        "rbi": 49,
        "sb": 24,
        "hr": 3
      },
      {
        "name": "이재원",
        "year": 22,
        "team": "LG",
        "pa": 253,
        "ops": 0.769,
        "avg": 0.224,
        "obp": 0.316,
        "slg": 0.453,
        "rbi": 43,
        "sb": 3,
        "hr": 13
      },
      {
        "name": "문성주",
        "year": 22,
        "team": "LG",
        "pa": 390,
        "ops": 0.823,
        "avg": 0.303,
        "obp": 0.401,
        "slg": 0.422,
        "rbi": 41,
        "sb": 9,
        "hr": 6
      },
      {
        "name": "유강남",
        "year": 22,
        "team": "LG",
        "pa": 469,
        "ops": 0.677,
        "avg": 0.255,
        "obp": 0.326,
        "slg": 0.351,
        "rbi": 47,
        "sb": 0,
        "hr": 8
      },
      {
        "name": "김현수",
        "year": 22,
        "team": "LG",
        "pa": 604,
        "ops": 0.848,
        "avg": 0.286,
        "obp": 0.375,
        "slg": 0.473,
        "rbi": 106,
        "sb": 2,
        "hr": 23
      }
    ]
  },
  {
    "generation": 4,
    "expected_score": 6.325,
    "lineup": [
      "문보경",
      "오지환",
      "박해민",
      "유강남",
      "김현수",
      "홍창기",
      "채은성",
      "이재원",
      "문성주"
    ],
    "player_stats": [
      {
        "name": "문보경",
        "year": 22,
        "team": "LG",
        "pa": 466,
        "ops": 0.833,
        "avg": 0.315,
        "obp": 0.382,
        "slg": 0.451,
        "rbi": 56,
        "sb": 7,
        "hr": 9
      },
      {
        "name": "오지환",
        "year": 22,
        "team": "LG",
        "pa": 569,
        "ops": 0.827,
        "avg": 0.269,
        "obp": 0.357,
        "slg": 0.47,
        "rbi": 87,
        "sb": 20,
        "hr": 25
      },
      {
        "name": "박해민",
        "year": 22,
        "team": "LG",
        "pa": 636,
        "ops": 0.715,
        "avg": 0.289,
        "obp": 0.347,
        "slg": 0.368,
        "rbi": 49,
        "sb": 24,
        "hr": 3
      },
      {
        "name": "유강남",
        "year": 22,
        "team": "LG",
        "pa": 469,
        "ops": 0.677,
        "avg": 0.255,
        "obp": 0.326,
        "slg": 0.351,
        "rbi": 47,
        "sb": 0,
        "hr": 8
      },
      {
        "name": "김현수",
        "year": 22,
        "team": "LG",
        "pa": 604,
        "ops": 0.848,
        "avg": 0.286,
        "obp": 0.375,
        "slg": 0.473,
        "rbi": 106,
        "sb": 2,
        "hr": 23
      },
      {
        "name": "홍창기",
        "year": 22,
        "team": "LG",
        "pa": 525,
        "ops": 0.745,
        "avg": 0.286,
        "obp": 0.39,
        "slg": 0.355,
        "rbi": 51,
        "sb": 13,
        "hr": 1
      },
      {
        "name": "채은성",
        "year": 22,
        "team": "LG",
        "pa": 526,
        "ops": 0.791,
        "avg": 0.296,
        "obp": 0.354,
        "slg": 0.437,
        "rbi": 83,
        "sb": 6,
        "hr": 12
      },
      {
        "name": "이재원",
        "year": 22,
        "team": "LG",
        "pa": 253,
        "ops": 0.769,
        "avg": 0.224,
        "obp": 0.316,
        "slg": 0.453,
        "rbi": 43,
        "sb": 3,
        "hr": 13
      },
      {
        "name": "문성주",
        "year": 22,
        "team": "LG",
        "pa": 390,
        "ops": 0.823,
        "avg": 0.303,
        "obp": 0.401,
        "slg": 0.422,
        "rbi": 41,
        "sb": 9,
        "hr": 6
      }
    ]
  },
  {
    "generation": 5,
    "expected_score": 6.395,
    "lineup": [
      "오지환",
      "홍창기",
      "박해민",
      "이재원",
      "김현수",
      "채은성",
      "문성주",
      "문보경",
      "유강남"
    ],
    "player_stats": [
      {
        "name": "오지환",
        "year": 22,
        "team": "LG",
        "pa": 569,
        "ops": 0.827,
        "avg": 0.269,
        "obp": 0.357,
        "slg": 0.47,
        "rbi": 87,
        "sb": 20,
        "hr": 25
      },
      {
        "name": "홍창기",
        "year": 22,
        "team": "LG",
        "pa": 525,
        "ops": 0.745,
        "avg": 0.286,
        "obp": 0.39,
        "slg": 0.355,
        "rbi": 51,
        "sb": 13,
        "hr": 1
      },
      {
        "name": "박해민",
        "year": 22,
        "team": "LG",
        "pa": 636,
        "ops": 0.715,
        "avg": 0.289,
        "obp": 0.347,
        "slg": 0.368,
        "rbi": 49,
        "sb": 24,
        "hr": 3
      },
      {
        "name": "이재원",
        "year": 22,
        "team": "LG",
        "pa": 253,
        "ops": 0.769,
        "avg": 0.224,
        "obp": 0.316,
        "slg": 0.453,
        "rbi": 43,
        "sb": 3,
        "hr": 13
      },
      {
        "name": "김현수",
        "year": 22,
        "team": "LG",
        "pa": 604,
        "ops": 0.848,
        "avg": 0.286,
        "obp": 0.375,
        "slg": 0.473,
        "rbi": 106,
        "sb": 2,
        "hr": 23
      },
      {
        "name": "채은성",
        "year": 22,
        "team": "LG",
        "pa": 526,
        "ops": 0.791,
        "avg": 0.296,
        "obp": 0.354,
        "slg": 0.437,
        "rbi": 83,
        "sb": 6,
        "hr": 12
      },
      {
        "name": "문성주",
        "year": 22,
        "team": "LG",
        "pa": 390,
        "ops": 0.823,
        "avg": 0.303,
        "obp": 0.401,
        "slg": 0.422,
        "rbi": 41,
        "sb": 9,
        "hr": 6
      },
      {
        "name": "문보경",
        "year": 22,
        "team": "LG",
        "pa": 466,
        "ops": 0.833,
        "avg": 0.315,
        "obp": 0.382,
        "slg": 0.451,
        "rbi": 56,
        "sb": 7,
        "hr": 9
      },
      {
        "name": "유강남",
        "year": 22,
        "team": "LG",
        "pa": 469,
        "ops": 0.677,
        "avg": 0.255,
        "obp": 0.326,
        "slg": 0.351,
        "rbi": 47,
        "sb": 0,
        "hr": 8
      }
    ]
  },
  {
    "generation": 6,
    "expected_score": 6.42,
    "lineup": [
      "오지환",
      "홍창기",
      "박해민",
      "이재원",
      "김현수",
      "채은성",
      "문성주",
      "문보경",
      "유강남"
    ],
    "player_stats": [
      {
        "name": "오지환",
        "year": 22,
        "team": "LG",
        "pa": 569,
        "ops": 0.827,
        "avg": 0.269,
        "obp": 0.357,
        "slg": 0.47,
        "rbi": 87,
        "sb": 20,
        "hr": 25
      },
      {
        "name": "홍창기",
        "year": 22,
        "team": "LG",
        "pa": 525,
        "ops": 0.745,
        "avg": 0.286,
        "obp": 0.39,
        "slg": 0.355,
        "rbi": 51,
        "sb": 13,
        "hr": 1
      },
      {
        "name": "박해민",
        "year": 22,
        "team": "LG",
        "pa": 636,
        "ops": 0.715,
        "avg": 0.289,
        "obp": 0.347,
        "slg": 0.368,
        "rbi": 49,
        "sb": 24,
        "hr": 3
      },
      {
        "name": "이재원",
        "year": 22,
        "team": "LG",
        "pa": 253,
        "ops": 0.769,
        "avg": 0.224,
        "obp": 0.316,
        "slg": 0.453,
        "rbi": 43,
        "sb": 3,
        "hr": 13
      },
      {
        "name": "김현수",
        "year": 22,
        "team": "LG",
        "pa": 604,
        "ops": 0.848,
        "avg": 0.286,
        "obp": 0.375,
        "slg": 0.473,
        "rbi": 106,
        "sb": 2,
        "hr": 23
      },
      {
        "name": "채은성",
        "year": 22,
        "team": "LG",
        "pa": 526,
        "ops": 0.791,
        "avg": 0.296,
        "obp": 0.354,
        "slg": 0.437,
        "rbi": 83,
        "sb": 6,
        "hr": 12
      },
      {
        "name": "문성주",
        "year": 22,
        "team": "LG",
        "pa": 390,
        "ops": 0.823,
        "avg": 0.303,
        "obp": 0.401,
        "slg": 0.422,
        "rbi": 41,
        "sb": 9,
        "hr": 6
      },
      {
        "name": "문보경",
        "year": 22,
        "team": "LG",
        "pa": 466,
        "ops": 0.833,
        "avg": 0.315,
        "obp": 0.382,
        "slg": 0.451,
        "rbi": 56,
        "sb": 7,
        "hr": 9
      },
      {
        "name": "유강남",
        "year": 22,
        "team": "LG",
        "pa": 469,
        "ops": 0.677,
        "avg": 0.255,
        "obp": 0.326,
        "slg": 0.351,
        "rbi": 47,
        "sb": 0,
        "hr": 8
      }
    ]
  },
  {
    "generation": 7,
    "expected_score": 6.375,
    "lineup": [
      "유강남",
      "오지환",
      "박해민",
      "김현수",
      "홍창기",
      "이재원",
      "문성주",
      "채은성",
      "문보경"
    ],
    "player_stats": [
      {
        "name": "유강남",
        "year": 22,
        "team": "LG",
        "pa": 469,
        "ops": 0.677,
        "avg": 0.255,
        "obp": 0.326,
        "slg": 0.351,
        "rbi": 47,
        "sb": 0,
        "hr": 8
      },
      {
        "name": "오지환",
        "year": 22,
        "team": "LG",
        "pa": 569,
        "ops": 0.827,
        "avg": 0.269,
        "obp": 0.357,
        "slg": 0.47,
        "rbi": 87,
        "sb": 20,
        "hr": 25
      },
      {
        "name": "박해민",
        "year": 22,
        "team": "LG",
        "pa": 636,
        "ops": 0.715,
        "avg": 0.289,
        "obp": 0.347,
        "slg": 0.368,
        "rbi": 49,
        "sb": 24,
        "hr": 3
      },
      {
        "name": "김현수",
        "year": 22,
        "team": "LG",
        "pa": 604,
        "ops": 0.848,
        "avg": 0.286,
        "obp": 0.375,
        "slg": 0.473,
        "rbi": 106,
        "sb": 2,
        "hr": 23
      },
      {
        "name": "홍창기",
        "year": 22,
        "team": "LG",
        "pa": 525,
        "ops": 0.745,
        "avg": 0.286,
        "obp": 0.39,
        "slg": 0.355,
        "rbi": 51,
        "sb": 13,
        "hr": 1
      },
      {
        "name": "이재원",
        "year": 22,
        "team": "LG",
        "pa": 253,
        "ops": 0.769,
        "avg": 0.224,
        "obp": 0.316,
        "slg": 0.453,
        "rbi": 43,
        "sb": 3,
        "hr": 13
      },
      {
        "name": "문성주",
        "year": 22,
        "team": "LG",
        "pa": 390,
        "ops": 0.823,
        "avg": 0.303,
        "obp": 0.401,
        "slg": 0.422,
        "rbi": 41,
        "sb": 9,
        "hr": 6
      },
      {
        "name": "채은성",
        "year": 22,
        "team": "LG",
        "pa": 526,
        "ops": 0.791,
        "avg": 0.296,
        "obp": 0.354,
        "slg": 0.437,
        "rbi": 83,
        "sb": 6,
        "hr": 12
      },
      {
        "name": "문보경",
        "year": 22,
        "team": "LG",
        "pa": 466,
        "ops": 0.833,
        "avg": 0.315,
        "obp": 0.382,
        "slg": 0.451,
        "rbi": 56,
        "sb": 7,
        "hr": 9
      }
    ]
  },
  {
    "generation": 8,
    "expected_score": 6.2,
    "lineup": [
      "오지환",
      "박해민",
      "김현수",
      "채은성",
      "유강남",
      "이재원",
      "홍창기",
      "문보경",
      "문성주"
    ],
    "player_stats": [
      {
        "name": "오지환",
        "year": 22,
        "team": "LG",
        "pa": 569,
        "ops": 0.827,
        "avg": 0.269,
        "obp": 0.357,
        "slg": 0.47,
        "rbi": 87,
        "sb": 20,
        "hr": 25
      },
      {
        "name": "박해민",
        "year": 22,
        "team": "LG",
        "pa": 636,
        "ops": 0.715,
        "avg": 0.289,
        "obp": 0.347,
        "slg": 0.368,
        "rbi": 49,
        "sb": 24,
        "hr": 3
      },
      {
        "name": "김현수",
        "year": 22,
        "team": "LG",
        "pa": 604,
        "ops": 0.848,
        "avg": 0.286,
        "obp": 0.375,
        "slg": 0.473,
        "rbi": 106,
        "sb": 2,
        "hr": 23
      },
      {
        "name": "채은성",
        "year": 22,
        "team": "LG",
        "pa": 526,
        "ops": 0.791,
        "avg": 0.296,
        "obp": 0.354,
        "slg": 0.437,
        "rbi": 83,
        "sb": 6,
        "hr": 12
      },
      {
        "name": "유강남",
        "year": 22,
        "team": "LG",
        "pa": 469,
        "ops": 0.677,
        "avg": 0.255,
        "obp": 0.326,
        "slg": 0.351,
        "rbi": 47,
        "sb": 0,
        "hr": 8
      },
      {
        "name": "이재원",
        "year": 22,
        "team": "LG",
        "pa": 253,
        "ops": 0.769,
        "avg": 0.224,
        "obp": 0.316,
        "slg": 0.453,
        "rbi": 43,
        "sb": 3,
        "hr": 13
      },
      {
        "name": "홍창기",
        "year": 22,
        "team": "LG",
        "pa": 525,
        "ops": 0.745,
        "avg": 0.286,
        "obp": 0.39,
        "slg": 0.355,
        "rbi": 51,
        "sb": 13,
        "hr": 1
      },
      {
        "name": "문보경",
        "year": 22,
        "team": "LG",
        "pa": 466,
        "ops": 0.833,
        "avg": 0.315,
        "obp": 0.382,
        "slg": 0.451,
        "rbi": 56,
        "sb": 7,
        "hr": 9
      },
      {
        "name": "문성주",
        "year": 22,
        "team": "LG",
        "pa": 390,
        "ops": 0.823,
        "avg": 0.303,
        "obp": 0.401,
        "slg": 0.422,
        "rbi": 41,
        "sb": 9,
        "hr": 6
      }
    ]
  },
  {
    "generation": 9,
    "expected_score": 6.285,
    "lineup": [
      "박해민",
      "김현수",
      "유강남",
      "오지환",
      "홍창기",
      "이재원",
      "문보경",
      "문성주",
      "채은성"
    ],
    "player_stats": [
      {
        "name": "박해민",
        "year": 22,
        "team": "LG",
        "pa": 636,
        "ops": 0.715,
        "avg": 0.289,
        "obp": 0.347,
        "slg": 0.368,
        "rbi": 49,
        "sb": 24,
        "hr": 3
      },
      {
        "name": "김현수",
        "year": 22,
        "team": "LG",
        "pa": 604,
        "ops": 0.848,
        "avg": 0.286,
        "obp": 0.375,
        "slg": 0.473,
        "rbi": 106,
        "sb": 2,
        "hr": 23
      },
      {
        "name": "유강남",
        "year": 22,
        "team": "LG",
        "pa": 469,
        "ops": 0.677,
        "avg": 0.255,
        "obp": 0.326,
        "slg": 0.351,
        "rbi": 47,
        "sb": 0,
        "hr": 8
      },
      {
        "name": "오지환",
        "year": 22,
        "team": "LG",
        "pa": 569,
        "ops": 0.827,
        "avg": 0.269,
        "obp": 0.357,
        "slg": 0.47,
        "rbi": 87,
        "sb": 20,
        "hr": 25
      },
      {
        "name": "홍창기",
        "year": 22,
        "team": "LG",
        "pa": 525,
        "ops": 0.745,
        "avg": 0.286,
        "obp": 0.39,
        "slg": 0.355,
        "rbi": 51,
        "sb": 13,
        "hr": 1
      },
      {
        "name": "이재원",
        "year": 22,
        "team": "LG",
        "pa": 253,
        "ops": 0.769,
        "avg": 0.224,
        "obp": 0.316,
        "slg": 0.453,
        "rbi": 43,
        "sb": 3,
        "hr": 13
      },
      {
        "name": "문보경",
        "year": 22,
        "team": "LG",
        "pa": 466,
        "ops": 0.833,
        "avg": 0.315,
        "obp": 0.382,
        "slg": 0.451,
        "rbi": 56,
        "sb": 7,
        "hr": 9
      },
      {
        "name": "문성주",
        "year": 22,
        "team": "LG",
        "pa": 390,
        "ops": 0.823,
        "avg": 0.303,
        "obp": 0.401,
        "slg": 0.422,
        "rbi": 41,
        "sb": 9,
        "hr": 6
      },
      {
        "name": "채은성",
        "year": 22,
        "team": "LG",
        "pa": 526,
        "ops": 0.791,
        "avg": 0.296,
        "obp": 0.354,
        "slg": 0.437,
        "rbi": 83,
        "sb": 6,
        "hr": 12
      }
    ]
  },
  {
    "generation": 10,
    "expected_score": 6.455,
    "lineup": [
      "유강남",
      "홍창기",
      "채은성",
      "오지환",
      "이재원",
      "박해민",
      "문성주",
      "김현수",
      "문보경"
    ],
    "player_stats": [
      {
        "name": "유강남",
        "year": 22,
        "team": "LG",
        "pa": 469,
        "ops": 0.677,
        "avg": 0.255,
        "obp": 0.326,
        "slg": 0.351,
        "rbi": 47,
        "sb": 0,
        "hr": 8
      },
      {
        "name": "홍창기",
        "year": 22,
        "team": "LG",
        "pa": 525,
        "ops": 0.745,
        "avg": 0.286,
        "obp": 0.39,
        "slg": 0.355,
        "rbi": 51,
        "sb": 13,
        "hr": 1
      },
      {
        "name": "채은성",
        "year": 22,
        "team": "LG",
        "pa": 526,
        "ops": 0.791,
        "avg": 0.296,
        "obp": 0.354,
        "slg": 0.437,
        "rbi": 83,
        "sb": 6,
        "hr": 12
      },
      {
        "name": "오지환",
        "year": 22,
        "team": "LG",
        "pa": 569,
        "ops": 0.827,
        "avg": 0.269,
        "obp": 0.357,
        "slg": 0.47,
        "rbi": 87,
        "sb": 20,
        "hr": 25
      },
      {
        "name": "이재원",
        "year": 22,
        "team": "LG",
        "pa": 253,
        "ops": 0.769,
        "avg": 0.224,
        "obp": 0.316,
        "slg": 0.453,
        "rbi": 43,
        "sb": 3,
        "hr": 13
      },
      {
        "name": "박해민",
        "year": 22,
        "team": "LG",
        "pa": 636,
        "ops": 0.715,
        "avg": 0.289,
        "obp": 0.347,
        "slg": 0.368,
        "rbi": 49,
        "sb": 24,
        "hr": 3
      },
      {
        "name": "문성주",
        "year": 22,
        "team": "LG",
        "pa": 390,
        "ops": 0.823,
        "avg": 0.303,
        "obp": 0.401,
        "slg": 0.422,
        "rbi": 41,
        "sb": 9,
        "hr": 6
      },
      {
        "name": "김현수",
        "year": 22,
        "team": "LG",
        "pa": 604,
        "ops": 0.848,
        "avg": 0.286,
        "obp": 0.375,
        "slg": 0.473,
        "rbi": 106,
        "sb": 2,
        "hr": 23
      },
      {
        "name": "문보경",
        "year": 22,
        "team": "LG",
        "pa": 466,
        "ops": 0.833,
        "avg": 0.315,
        "obp": 0.382,
        "slg": 0.451,
        "rbi": 56,
        "sb": 7,
        "hr": 9
      }
    ]
  },
  {
    "generation": 11,
    "expected_score": 6.23,
    "lineup": [
      "채은성",
      "유강남",
      "박해민",
      "김현수",
      "홍창기",
      "이재원",
      "오지환",
      "문보경",
      "문성주"
    ],
    "player_stats": [
      {
        "name": "채은성",
        "year": 22,
        "team": "LG",
        "pa": 526,
        "ops": 0.791,
        "avg": 0.296,
        "obp": 0.354,
        "slg": 0.437,
        "rbi": 83,
        "sb": 6,
        "hr": 12
      },
      {
        "name": "유강남",
        "year": 22,
        "team": "LG",
        "pa": 469,
        "ops": 0.677,
        "avg": 0.255,
        "obp": 0.326,
        "slg": 0.351,
        "rbi": 47,
        "sb": 0,
        "hr": 8
      },
      {
        "name": "박해민",
        "year": 22,
        "team": "LG",
        "pa": 636,
        "ops": 0.715,
        "avg": 0.289,
        "obp": 0.347,
        "slg": 0.368,
        "rbi": 49,
        "sb": 24,
        "hr": 3
      },
      {
        "name": "김현수",
        "year": 22,
        "team": "LG",
        "pa": 604,
        "ops": 0.848,
        "avg": 0.286,
        "obp": 0.375,
        "slg": 0.473,
        "rbi": 106,
        "sb": 2,
        "hr": 23
      },
      {
        "name": "홍창기",
        "year": 22,
        "team": "LG",
        "pa": 525,
        "ops": 0.745,
        "avg": 0.286,
        "obp": 0.39,
        "slg": 0.355,
        "rbi": 51,
        "sb": 13,
        "hr": 1
      },
      {
        "name": "이재원",
        "year": 22,
        "team": "LG",
        "pa": 253,
        "ops": 0.769,
        "avg": 0.224,
        "obp": 0.316,
        "slg": 0.453,
        "rbi": 43,
        "sb": 3,
        "hr": 13
      },
      {
        "name": "오지환",
        "year": 22,
        "team": "LG",
        "pa": 569,
        "ops": 0.827,
        "avg": 0.269,
        "obp": 0.357,
        "slg": 0.47,
        "rbi": 87,
        "sb": 20,
        "hr": 25
      },
      {
        "name": "문보경",
        "year": 22,
        "team": "LG",
        "pa": 466,
        "ops": 0.833,
        "avg": 0.315,
        "obp": 0.382,
        "slg": 0.451,
        "rbi": 56,
        "sb": 7,
        "hr": 9
      },
      {
        "name": "문성주",
        "year": 22,
        "team": "LG",
        "pa": 390,
        "ops": 0.823,
        "avg": 0.303,
        "obp": 0.401,
        "slg": 0.422,
        "rbi": 41,
        "sb": 9,
        "hr": 6
      }
    ]
  },
  {
    "generation": 12,
    "expected_score": 6.6,
    "lineup": [
      "박해민",
      "김현수",
      "문보경",
      "채은성",
      "오지환",
      "홍창기",
      "이재원",
      "문성주",
      "유강남"
    ],
    "player_stats": [
      {
        "name": "박해민",
        "year": 22,
        "team": "LG",
        "pa": 636,
        "ops": 0.715,
        "avg": 0.289,
        "obp": 0.347,
        "slg": 0.368,
        "rbi": 49,
        "sb": 24,
        "hr": 3
      },
      {
        "name": "김현수",
        "year": 22,
        "team": "LG",
        "pa": 604,
        "ops": 0.848,
        "avg": 0.286,
        "obp": 0.375,
        "slg": 0.473,
        "rbi": 106,
        "sb": 2,
        "hr": 23
      },
      {
        "name": "문보경",
        "year": 22,
        "team": "LG",
        "pa": 466,
        "ops": 0.833,
        "avg": 0.315,
        "obp": 0.382,
        "slg": 0.451,
        "rbi": 56,
        "sb": 7,
        "hr": 9
      },
      {
        "name": "채은성",
        "year": 22,
        "team": "LG",
        "pa": 526,
        "ops": 0.791,
        "avg": 0.296,
        "obp": 0.354,
        "slg": 0.437,
        "rbi": 83,
        "sb": 6,
        "hr": 12
      },
      {
        "name": "오지환",
        "year": 22,
        "team": "LG",
        "pa": 569,
        "ops": 0.827,
        "avg": 0.269,
        "obp": 0.357,
        "slg": 0.47,
        "rbi": 87,
        "sb": 20,
        "hr": 25
      },
      {
        "name": "홍창기",
        "year": 22,
        "team": "LG",
        "pa": 525,
        "ops": 0.745,
        "avg": 0.286,
        "obp": 0.39,
        "slg": 0.355,
        "rbi": 51,
        "sb": 13,
        "hr": 1
      },
      {
        "name": "이재원",
        "year": 22,
        "team": "LG",
        "pa": 253,
        "ops": 0.769,
        "avg": 0.224,
        "obp": 0.316,
        "slg": 0.453,
        "rbi": 43,
        "sb": 3,
        "hr": 13
      },
      {
        "name": "문성주",
        "year": 22,
        "team": "LG",
        "pa": 390,
        "ops": 0.823,
        "avg": 0.303,
        "obp": 0.401,
        "slg": 0.422,
        "rbi": 41,
        "sb": 9,
        "hr": 6
      },
      {
        "name": "유강남",
        "year": 22,
        "team": "LG",
        "pa": 469,
        "ops": 0.677,
        "avg": 0.255,
        "obp": 0.326,
        "slg": 0.351,
        "rbi": 47,
        "sb": 0,
        "hr": 8
      }
    ]
  },
  {
    "generation": 13,
    "expected_score": 6.415,
    "lineup": [
      "김현수",
      "문보경",
      "박해민",
      "오지환",
      "홍창기",
      "채은성",
      "유강남",
      "이재원",
      "문성주"
    ],
    "player_stats": [
      {
        "name": "김현수",
        "year": 22,
        "team": "LG",
        "pa": 604,
        "ops": 0.848,
        "avg": 0.286,
        "obp": 0.375,
        "slg": 0.473,
        "rbi": 106,
        "sb": 2,
        "hr": 23
      },
      {
        "name": "문보경",
        "year": 22,
        "team": "LG",
        "pa": 466,
        "ops": 0.833,
        "avg": 0.315,
        "obp": 0.382,
        "slg": 0.451,
        "rbi": 56,
        "sb": 7,
        "hr": 9
      },
      {
        "name": "박해민",
        "year": 22,
        "team": "LG",
        "pa": 636,
        "ops": 0.715,
        "avg": 0.289,
        "obp": 0.347,
        "slg": 0.368,
        "rbi": 49,
        "sb": 24,
        "hr": 3
      },
      {
        "name": "오지환",
        "year": 22,
        "team": "LG",
        "pa": 569,
        "ops": 0.827,
        "avg": 0.269,
        "obp": 0.357,
        "slg": 0.47,
        "rbi": 87,
        "sb": 20,
        "hr": 25
      },
      {
        "name": "홍창기",
        "year": 22,
        "team": "LG",
        "pa": 525,
        "ops": 0.745,
        "avg": 0.286,
        "obp": 0.39,
        "slg": 0.355,
        "rbi": 51,
        "sb": 13,
        "hr": 1
      },
      {
        "name": "채은성",
        "year": 22,
        "team": "LG",
        "pa": 526,
        "ops": 0.791,
        "avg": 0.296,
        "obp": 0.354,
        "slg": 0.437,
        "rbi": 83,
        "sb": 6,
        "hr": 12
      },
      {
        "name": "유강남",
        "year": 22,
        "team": "LG",
        "pa": 469,
        "ops": 0.677,
        "avg": 0.255,
        "obp": 0.326,
        "slg": 0.351,
        "rbi": 47,
        "sb": 0,
        "hr": 8
      },
      {
        "name": "이재원",
        "year": 22,
        "team": "LG",
        "pa": 253,
        "ops": 0.769,
        "avg": 0.224,
        "obp": 0.316,
        "slg": 0.453,
        "rbi": 43,
        "sb": 3,
        "hr": 13
      },
      {
        "name": "문성주",
        "year": 22,
        "team": "LG",
        "pa": 390,
        "ops": 0.823,
        "avg": 0.303,
        "obp": 0.401,
        "slg": 0.422,
        "rbi": 41,
        "sb": 9,
        "hr": 6
      }
    ]
  },
  {
    "generation": 14,
    "expected_score": 6.215,
    "lineup": [
      "박해민",
      "오지환",
      "홍창기",
      "유강남",
      "김현수",
      "채은성",
      "이재원",
      "문보경",
      "문성주"
    ],
    "player_stats": [
      {
        "name": "박해민",
        "year": 22,
        "team": "LG",
        "pa": 636,
        "ops": 0.715,
        "avg": 0.289,
        "obp": 0.347,
        "slg": 0.368,
        "rbi": 49,
        "sb": 24,
        "hr": 3
      },
      {
        "name": "오지환",
        "year": 22,
        "team": "LG",
        "pa": 569,
        "ops": 0.827,
        "avg": 0.269,
        "obp": 0.357,
        "slg": 0.47,
        "rbi": 87,
        "sb": 20,
        "hr": 25
      },
      {
        "name": "홍창기",
        "year": 22,
        "team": "LG",
        "pa": 525,
        "ops": 0.745,
        "avg": 0.286,
        "obp": 0.39,
        "slg": 0.355,
        "rbi": 51,
        "sb": 13,
        "hr": 1
      },
      {
        "name": "유강남",
        "year": 22,
        "team": "LG",
        "pa": 469,
        "ops": 0.677,
        "avg": 0.255,
        "obp": 0.326,
        "slg": 0.351,
        "rbi": 47,
        "sb": 0,
        "hr": 8
      },
      {
        "name": "김현수",
        "year": 22,
        "team": "LG",
        "pa": 604,
        "ops": 0.848,
        "avg": 0.286,
        "obp": 0.375,
        "slg": 0.473,
        "rbi": 106,
        "sb": 2,
        "hr": 23
      },
      {
        "name": "채은성",
        "year": 22,
        "team": "LG",
        "pa": 526,
        "ops": 0.791,
        "avg": 0.296,
        "obp": 0.354,
        "slg": 0.437,
        "rbi": 83,
        "sb": 6,
        "hr": 12
      },
      {
        "name": "이재원",
        "year": 22,
        "team": "LG",
        "pa": 253,
        "ops": 0.769,
        "avg": 0.224,
        "obp": 0.316,
        "slg": 0.453,
        "rbi": 43,
        "sb": 3,
        "hr": 13
      },
      {
        "name": "문보경",
        "year": 22,
        "team": "LG",
        "pa": 466,
        "ops": 0.833,
        "avg": 0.315,
        "obp": 0.382,
        "slg": 0.451,
        "rbi": 56,
        "sb": 7,
        "hr": 9
      },
      {
        "name": "문성주",
        "year": 22,
        "team": "LG",
        "pa": 390,
        "ops": 0.823,
        "avg": 0.303,
        "obp": 0.401,
        "slg": 0.422,
        "rbi": 41,
        "sb": 9,
        "hr": 6
      }
    ]
  },
  {
    "generation": 15,
    "expected_score": 6.125,
    "lineup": [
      "문보경",
      "유강남",
      "김현수",
      "채은성",
      "홍창기",
      "이재원",
      "박해민",
      "오지환",
      "문성주"
    ],
    "player_stats": [
      {
        "name": "문보경",
        "year": 22,
        "team": "LG",
        "pa": 466,
        "ops": 0.833,
        "avg": 0.315,
        "obp": 0.382,
        "slg": 0.451,
        "rbi": 56,
        "sb": 7,
        "hr": 9
      },
      {
        "name": "유강남",
        "year": 22,
        "team": "LG",
        "pa": 469,
        "ops": 0.677,
        "avg": 0.255,
        "obp": 0.326,
        "slg": 0.351,
        "rbi": 47,
        "sb": 0,
        "hr": 8
      },
      {
        "name": "김현수",
        "year": 22,
        "team": "LG",
        "pa": 604,
        "ops": 0.848,
        "avg": 0.286,
        "obp": 0.375,
        "slg": 0.473,
        "rbi": 106,
        "sb": 2,
        "hr": 23
      },
      {
        "name": "채은성",
        "year": 22,
        "team": "LG",
        "pa": 526,
        "ops": 0.791,
        "avg": 0.296,
        "obp": 0.354,
        "slg": 0.437,
        "rbi": 83,
        "sb": 6,
        "hr": 12
      },
      {
        "name": "홍창기",
        "year": 22,
        "team": "LG",
        "pa": 525,
        "ops": 0.745,
        "avg": 0.286,
        "obp": 0.39,
        "slg": 0.355,
        "rbi": 51,
        "sb": 13,
        "hr": 1
      },
      {
        "name": "이재원",
        "year": 22,
        "team": "LG",
        "pa": 253,
        "ops": 0.769,
        "avg": 0.224,
        "obp": 0.316,
        "slg": 0.453,
        "rbi": 43,
        "sb": 3,
        "hr": 13
      },
      {
        "name": "박해민",
        "year": 22,
        "team": "LG",
        "pa": 636,
        "ops": 0.715,
        "avg": 0.289,
        "obp": 0.347,
        "slg": 0.368,
        "rbi": 49,
        "sb": 24,
        "hr": 3
      },
      {
        "name": "오지환",
        "year": 22,
        "team": "LG",
        "pa": 569,
        "ops": 0.827,
        "avg": 0.269,
        "obp": 0.357,
        "slg": 0.47,
        "rbi": 87,
        "sb": 20,
        "hr": 25
      },
      {
        "name": "문성주",
        "year": 22,
        "team": "LG",
        "pa": 390,
        "ops": 0.823,
        "avg": 0.303,
        "obp": 0.401,
        "slg": 0.422,
        "rbi": 41,
        "sb": 9,
        "hr": 6
      }
    ]
  },
  {
    "generation": 16,
    "expected_score": 6.34,
    "lineup": [
      "박해민",
      "오지환",
      "유강남",
      "홍창기",
      "김현수",
      "이재원",
      "채은성",
      "문보경",
      "문성주"
    ],
    "player_stats": [
      {
        "name": "박해민",
        "year": 22,
        "team": "LG",
        "pa": 636,
        "ops": 0.715,
        "avg": 0.289,
        "obp": 0.347,
        "slg": 0.368,
        "rbi": 49,
        "sb": 24,
        "hr": 3
      },
      {
        "name": "오지환",
        "year": 22,
        "team": "LG",
        "pa": 569,
        "ops": 0.827,
        "avg": 0.269,
        "obp": 0.357,
        "slg": 0.47,
        "rbi": 87,
        "sb": 20,
        "hr": 25
      },
      {
        "name": "유강남",
        "year": 22,
        "team": "LG",
        "pa": 469,
        "ops": 0.677,
        "avg": 0.255,
        "obp": 0.326,
        "slg": 0.351,
        "rbi": 47,
        "sb": 0,
        "hr": 8
      },
      {
        "name": "홍창기",
        "year": 22,
        "team": "LG",
        "pa": 525,
        "ops": 0.745,
        "avg": 0.286,
        "obp": 0.39,
        "slg": 0.355,
        "rbi": 51,
        "sb": 13,
        "hr": 1
      },
      {
        "name": "김현수",
        "year": 22,
        "team": "LG",
        "pa": 604,
        "ops": 0.848,
        "avg": 0.286,
        "obp": 0.375,
        "slg": 0.473,
        "rbi": 106,
        "sb": 2,
        "hr": 23
      },
      {
        "name": "이재원",
        "year": 22,
        "team": "LG",
        "pa": 253,
        "ops": 0.769,
        "avg": 0.224,
        "obp": 0.316,
        "slg": 0.453,
        "rbi": 43,
        "sb": 3,
        "hr": 13
      },
      {
        "name": "채은성",
        "year": 22,
        "team": "LG",
        "pa": 526,
        "ops": 0.791,
        "avg": 0.296,
        "obp": 0.354,
        "slg": 0.437,
        "rbi": 83,
        "sb": 6,
        "hr": 12
      },
      {
        "name": "문보경",
        "year": 22,
        "team": "LG",
        "pa": 466,
        "ops": 0.833,
        "avg": 0.315,
        "obp": 0.382,
        "slg": 0.451,
        "rbi": 56,
        "sb": 7,
        "hr": 9
      },
      {
        "name": "문성주",
        "year": 22,
        "team": "LG",
        "pa": 390,
        "ops": 0.823,
        "avg": 0.303,
        "obp": 0.401,
        "slg": 0.422,
        "rbi": 41,
        "sb": 9,
        "hr": 6
      }
    ]
  },
  {
    "generation": 17,
    "expected_score": 6.385,
    "lineup": [
      "박해민",
      "홍창기",
      "문보경",
      "오지환",
      "이재원",
      "유강남",
      "김현수",
      "채은성",
      "문성주"
    ],
    "player_stats": [
      {
        "name": "박해민",
        "year": 22,
        "team": "LG",
        "pa": 636,
        "ops": 0.715,
        "avg": 0.289,
        "obp": 0.347,
        "slg": 0.368,
        "rbi": 49,
        "sb": 24,
        "hr": 3
      },
      {
        "name": "홍창기",
        "year": 22,
        "team": "LG",
        "pa": 525,
        "ops": 0.745,
        "avg": 0.286,
        "obp": 0.39,
        "slg": 0.355,
        "rbi": 51,
        "sb": 13,
        "hr": 1
      },
      {
        "name": "문보경",
        "year": 22,
        "team": "LG",
        "pa": 466,
        "ops": 0.833,
        "avg": 0.315,
        "obp": 0.382,
        "slg": 0.451,
        "rbi": 56,
        "sb": 7,
        "hr": 9
      },
      {
        "name": "오지환",
        "year": 22,
        "team": "LG",
        "pa": 569,
        "ops": 0.827,
        "avg": 0.269,
        "obp": 0.357,
        "slg": 0.47,
        "rbi": 87,
        "sb": 20,
        "hr": 25
      },
      {
        "name": "이재원",
        "year": 22,
        "team": "LG",
        "pa": 253,
        "ops": 0.769,
        "avg": 0.224,
        "obp": 0.316,
        "slg": 0.453,
        "rbi": 43,
        "sb": 3,
        "hr": 13
      },
      {
        "name": "유강남",
        "year": 22,
        "team": "LG",
        "pa": 469,
        "ops": 0.677,
        "avg": 0.255,
        "obp": 0.326,
        "slg": 0.351,
        "rbi": 47,
        "sb": 0,
        "hr": 8
      },
      {
        "name": "김현수",
        "year": 22,
        "team": "LG",
        "pa": 604,
        "ops": 0.848,
        "avg": 0.286,
        "obp": 0.375,
        "slg": 0.473,
        "rbi": 106,
        "sb": 2,
        "hr": 23
      },
      {
        "name": "채은성",
        "year": 22,
        "team": "LG",
        "pa": 526,
        "ops": 0.791,
        "avg": 0.296,
        "obp": 0.354,
        "slg": 0.437,
        "rbi": 83,
        "sb": 6,
        "hr": 12
      },
      {
        "name": "문성주",
        "year": 22,
        "team": "LG",
        "pa": 390,
        "ops": 0.823,
        "avg": 0.303,
        "obp": 0.401,
        "slg": 0.422,
        "rbi": 41,
        "sb": 9,
        "hr": 6
      }
    ]
  },
  {
    "generation": 18,
    "expected_score": 6.235,
    "lineup": [
      "유강남",
      "홍창기",
      "김현수",
      "이재원",
      "채은성",
      "문보경",
      "박해민",
      "오지환",
      "문성주"
    ],
    "player_stats": [
      {
        "name": "유강남",
        "year": 22,
        "team": "LG",
        "pa": 469,
        "ops": 0.677,
        "avg": 0.255,
        "obp": 0.326,
        "slg": 0.351,
        "rbi": 47,
        "sb": 0,
        "hr": 8
      },
      {
        "name": "홍창기",
        "year": 22,
        "team": "LG",
        "pa": 525,
        "ops": 0.745,
        "avg": 0.286,
        "obp": 0.39,
        "slg": 0.355,
        "rbi": 51,
        "sb": 13,
        "hr": 1
      },
      {
        "name": "김현수",
        "year": 22,
        "team": "LG",
        "pa": 604,
        "ops": 0.848,
        "avg": 0.286,
        "obp": 0.375,
        "slg": 0.473,
        "rbi": 106,
        "sb": 2,
        "hr": 23
      },
      {
        "name": "이재원",
        "year": 22,
        "team": "LG",
        "pa": 253,
        "ops": 0.769,
        "avg": 0.224,
        "obp": 0.316,
        "slg": 0.453,
        "rbi": 43,
        "sb": 3,
        "hr": 13
      },
      {
        "name": "채은성",
        "year": 22,
        "team": "LG",
        "pa": 526,
        "ops": 0.791,
        "avg": 0.296,
        "obp": 0.354,
        "slg": 0.437,
        "rbi": 83,
        "sb": 6,
        "hr": 12
      },
      {
        "name": "문보경",
        "year": 22,
        "team": "LG",
        "pa": 466,
        "ops": 0.833,
        "avg": 0.315,
        "obp": 0.382,
        "slg": 0.451,
        "rbi": 56,
        "sb": 7,
        "hr": 9
      },
      {
        "name": "박해민",
        "year": 22,
        "team": "LG",
        "pa": 636,
        "ops": 0.715,
        "avg": 0.289,
        "obp": 0.347,
        "slg": 0.368,
        "rbi": 49,
        "sb": 24,
        "hr": 3
      },
      {
        "name": "오지환",
        "year": 22,
        "team": "LG",
        "pa": 569,
        "ops": 0.827,
        "avg": 0.269,
        "obp": 0.357,
        "slg": 0.47,
        "rbi": 87,
        "sb": 20,
        "hr": 25
      },
      {
        "name": "문성주",
        "year": 22,
        "team": "LG",
        "pa": 390,
        "ops": 0.823,
        "avg": 0.303,
        "obp": 0.401,
        "slg": 0.422,
        "rbi": 41,
        "sb": 9,
        "hr": 6
      }
    ]
  },
  {
    "generation": 19,
    "expected_score": 6.24,
    "lineup": [
      "유강남",
      "이재원",
      "오지환",
      "박해민",
      "홍창기",
      "김현수",
      "채은성",
      "문보경",
      "문성주"
    ],
    "player_stats": [
      {
        "name": "유강남",
        "year": 22,
        "team": "LG",
        "pa": 469,
        "ops": 0.677,
        "avg": 0.255,
        "obp": 0.326,
        "slg": 0.351,
        "rbi": 47,
        "sb": 0,
        "hr": 8
      },
      {
        "name": "이재원",
        "year": 22,
        "team": "LG",
        "pa": 253,
        "ops": 0.769,
        "avg": 0.224,
        "obp": 0.316,
        "slg": 0.453,
        "rbi": 43,
        "sb": 3,
        "hr": 13
      },
      {
        "name": "오지환",
        "year": 22,
        "team": "LG",
        "pa": 569,
        "ops": 0.827,
        "avg": 0.269,
        "obp": 0.357,
        "slg": 0.47,
        "rbi": 87,
        "sb": 20,
        "hr": 25
      },
      {
        "name": "박해민",
        "year": 22,
        "team": "LG",
        "pa": 636,
        "ops": 0.715,
        "avg": 0.289,
        "obp": 0.347,
        "slg": 0.368,
        "rbi": 49,
        "sb": 24,
        "hr": 3
      },
      {
        "name": "홍창기",
        "year": 22,
        "team": "LG",
        "pa": 525,
        "ops": 0.745,
        "avg": 0.286,
        "obp": 0.39,
        "slg": 0.355,
        "rbi": 51,
        "sb": 13,
        "hr": 1
      },
      {
        "name": "김현수",
        "year": 22,
        "team": "LG",
        "pa": 604,
        "ops": 0.848,
        "avg": 0.286,
        "obp": 0.375,
        "slg": 0.473,
        "rbi": 106,
        "sb": 2,
        "hr": 23
      },
      {
        "name": "채은성",
        "year": 22,
        "team": "LG",
        "pa": 526,
        "ops": 0.791,
        "avg": 0.296,
        "obp": 0.354,
        "slg": 0.437,
        "rbi": 83,
        "sb": 6,
        "hr": 12
      },
      {
        "name": "문보경",
        "year": 22,
        "team": "LG",
        "pa": 466,
        "ops": 0.833,
        "avg": 0.315,
        "obp": 0.382,
        "slg": 0.451,
        "rbi": 56,
        "sb": 7,
        "hr": 9
      },
      {
        "name": "문성주",
        "year": 22,
        "team": "LG",
        "pa": 390,
        "ops": 0.823,
        "avg": 0.303,
        "obp": 0.401,
        "slg": 0.422,
        "rbi": 41,
        "sb": 9,
        "hr": 6
      }
    ]
  },
  {
    "generation": 20,
    "expected_score": 6.35,
    "lineup": [
      "박해민",
      "채은성",
      "김현수",
      "오지환",
      "유강남",
      "홍창기",
      "이재원",
      "문보경",
      "문성주"
    ],
    "player_stats": [
      {
        "name": "박해민",
        "year": 22,
        "team": "LG",
        "pa": 636,
        "ops": 0.715,
        "avg": 0.289,
        "obp": 0.347,
        "slg": 0.368,
        "rbi": 49,
        "sb": 24,
        "hr": 3
      },
      {
        "name": "채은성",
        "year": 22,
        "team": "LG",
        "pa": 526,
        "ops": 0.791,
        "avg": 0.296,
        "obp": 0.354,
        "slg": 0.437,
        "rbi": 83,
        "sb": 6,
        "hr": 12
      },
      {
        "name": "김현수",
        "year": 22,
        "team": "LG",
        "pa": 604,
        "ops": 0.848,
        "avg": 0.286,
        "obp": 0.375,
        "slg": 0.473,
        "rbi": 106,
        "sb": 2,
        "hr": 23
      },
      {
        "name": "오지환",
        "year": 22,
        "team": "LG",
        "pa": 569,
        "ops": 0.827,
        "avg": 0.269,
        "obp": 0.357,
        "slg": 0.47,
        "rbi": 87,
        "sb": 20,
        "hr": 25
      },
      {
        "name": "유강남",
        "year": 22,
        "team": "LG",
        "pa": 469,
        "ops": 0.677,
        "avg": 0.255,
        "obp": 0.326,
        "slg": 0.351,
        "rbi": 47,
        "sb": 0,
        "hr": 8
      },
      {
        "name": "홍창기",
        "year": 22,
        "team": "LG",
        "pa": 525,
        "ops": 0.745,
        "avg": 0.286,
        "obp": 0.39,
        "slg": 0.355,
        "rbi": 51,
        "sb": 13,
        "hr": 1
      },
      {
        "name": "이재원",
        "year": 22,
        "team": "LG",
        "pa": 253,
        "ops": 0.769,
        "avg": 0.224,
        "obp": 0.316,
        "slg": 0.453,
        "rbi": 43,
        "sb": 3,
        "hr": 13
      },
      {
        "name": "문보경",
        "year": 22,
        "team": "LG",
        "pa": 466,
        "ops": 0.833,
        "avg": 0.315,
        "obp": 0.382,
        "slg": 0.451,
        "rbi": 56,
        "sb": 7,
        "hr": 9
      },
      {
        "name": "문성주",
        "year": 22,
        "team": "LG",
        "pa": 390,
        "ops": 0.823,
        "avg": 0.303,
        "obp": 0.401,
        "slg": 0.422,
        "rbi": 41,
        "sb": 9,
        "hr": 6
      }
    ]
  },
  {
    "generation": 21,
    "expected_score": 6.35,
    "lineup": [
      "문보경",
      "오지환",
      "이재원",
      "김현수",
      "문성주",
      "박해민",
      "홍창기",
      "채은성",
      "유강남"
    ],
    "player_stats": [
      {
        "name": "문보경",
        "year": 22,
        "team": "LG",
        "pa": 466,
        "ops": 0.833,
        "avg": 0.315,
        "obp": 0.382,
        "slg": 0.451,
        "rbi": 56,
        "sb": 7,
        "hr": 9
      },
      {
        "name": "오지환",
        "year": 22,
        "team": "LG",
        "pa": 569,
        "ops": 0.827,
        "avg": 0.269,
        "obp": 0.357,
        "slg": 0.47,
        "rbi": 87,
        "sb": 20,
        "hr": 25
      },
      {
        "name": "이재원",
        "year": 22,
        "team": "LG",
        "pa": 253,
        "ops": 0.769,
        "avg": 0.224,
        "obp": 0.316,
        "slg": 0.453,
        "rbi": 43,
        "sb": 3,
        "hr": 13
      },
      {
        "name": "김현수",
        "year": 22,
        "team": "LG",
        "pa": 604,
        "ops": 0.848,
        "avg": 0.286,
        "obp": 0.375,
        "slg": 0.473,
        "rbi": 106,
        "sb": 2,
        "hr": 23
      },
      {
        "name": "문성주",
        "year": 22,
        "team": "LG",
        "pa": 390,
        "ops": 0.823,
        "avg": 0.303,
        "obp": 0.401,
        "slg": 0.422,
        "rbi": 41,
        "sb": 9,
        "hr": 6
      },
      {
        "name": "박해민",
        "year": 22,
        "team": "LG",
        "pa": 636,
        "ops": 0.715,
        "avg": 0.289,
        "obp": 0.347,
        "slg": 0.368,
        "rbi": 49,
        "sb": 24,
        "hr": 3
      },
      {
        "name": "홍창기",
        "year": 22,
        "team": "LG",
        "pa": 525,
        "ops": 0.745,
        "avg": 0.286,
        "obp": 0.39,
        "slg": 0.355,
        "rbi": 51,
        "sb": 13,
        "hr": 1
      },
      {
        "name": "채은성",
        "year": 22,
        "team": "LG",
        "pa": 526,
        "ops": 0.791,
        "avg": 0.296,
        "obp": 0.354,
        "slg": 0.437,
        "rbi": 83,
        "sb": 6,
        "hr": 12
      },
      {
        "name": "유강남",
        "year": 22,
        "team": "LG",
        "pa": 469,
        "ops": 0.677,
        "avg": 0.255,
        "obp": 0.326,
        "slg": 0.351,
        "rbi": 47,
        "sb": 0,
        "hr": 8
      }
    ]
  },
  {
    "generation": 22,
    "expected_score": 6.525,
    "lineup": [
      "오지환",
      "김현수",
      "문성주",
      "박해민",
      "이재원",
      "홍창기",
      "문보경",
      "채은성",
      "유강남"
    ],
    "player_stats": [
      {
        "name": "오지환",
        "year": 22,
        "team": "LG",
        "pa": 569,
        "ops": 0.827,
        "avg": 0.269,
        "obp": 0.357,
        "slg": 0.47,
        "rbi": 87,
        "sb": 20,
        "hr": 25
      },
      {
        "name": "김현수",
        "year": 22,
        "team": "LG",
        "pa": 604,
        "ops": 0.848,
        "avg": 0.286,
        "obp": 0.375,
        "slg": 0.473,
        "rbi": 106,
        "sb": 2,
        "hr": 23
      },
      {
        "name": "문성주",
        "year": 22,
        "team": "LG",
        "pa": 390,
        "ops": 0.823,
        "avg": 0.303,
        "obp": 0.401,
        "slg": 0.422,
        "rbi": 41,
        "sb": 9,
        "hr": 6
      },
      {
        "name": "박해민",
        "year": 22,
        "team": "LG",
        "pa": 636,
        "ops": 0.715,
        "avg": 0.289,
        "obp": 0.347,
        "slg": 0.368,
        "rbi": 49,
        "sb": 24,
        "hr": 3
      },
      {
        "name": "이재원",
        "year": 22,
        "team": "LG",
        "pa": 253,
        "ops": 0.769,
        "avg": 0.224,
        "obp": 0.316,
        "slg": 0.453,
        "rbi": 43,
        "sb": 3,
        "hr": 13
      },
      {
        "name": "홍창기",
        "year": 22,
        "team": "LG",
        "pa": 525,
        "ops": 0.745,
        "avg": 0.286,
        "obp": 0.39,
        "slg": 0.355,
        "rbi": 51,
        "sb": 13,
        "hr": 1
      },
      {
        "name": "문보경",
        "year": 22,
        "team": "LG",
        "pa": 466,
        "ops": 0.833,
        "avg": 0.315,
        "obp": 0.382,
        "slg": 0.451,
        "rbi": 56,
        "sb": 7,
        "hr": 9
      },
      {
        "name": "채은성",
        "year": 22,
        "team": "LG",
        "pa": 526,
        "ops": 0.791,
        "avg": 0.296,
        "obp": 0.354,
        "slg": 0.437,
        "rbi": 83,
        "sb": 6,
        "hr": 12
      },
      {
        "name": "유강남",
        "year": 22,
        "team": "LG",
        "pa": 469,
        "ops": 0.677,
        "avg": 0.255,
        "obp": 0.326,
        "slg": 0.351,
        "rbi": 47,
        "sb": 0,
        "hr": 8
      }
    ]
  },
  {
    "generation": 23,
    "expected_score": 6.245,
    "lineup": [
      "문성주",
      "홍창기",
      "이재원",
      "김현수",
      "오지환",
      "채은성",
      "문보경",
      "유강남",
      "박해민"
    ],
    "player_stats": [
      {
        "name": "문성주",
        "year": 22,
        "team": "LG",
        "pa": 390,
        "ops": 0.823,
        "avg": 0.303,
        "obp": 0.401,
        "slg": 0.422,
        "rbi": 41,
        "sb": 9,
        "hr": 6
      },
      {
        "name": "홍창기",
        "year": 22,
        "team": "LG",
        "pa": 525,
        "ops": 0.745,
        "avg": 0.286,
        "obp": 0.39,
        "slg": 0.355,
        "rbi": 51,
        "sb": 13,
        "hr": 1
      },
      {
        "name": "이재원",
        "year": 22,
        "team": "LG",
        "pa": 253,
        "ops": 0.769,
        "avg": 0.224,
        "obp": 0.316,
        "slg": 0.453,
        "rbi": 43,
        "sb": 3,
        "hr": 13
      },
      {
        "name": "김현수",
        "year": 22,
        "team": "LG",
        "pa": 604,
        "ops": 0.848,
        "avg": 0.286,
        "obp": 0.375,
        "slg": 0.473,
        "rbi": 106,
        "sb": 2,
        "hr": 23
      },
      {
        "name": "오지환",
        "year": 22,
        "team": "LG",
        "pa": 569,
        "ops": 0.827,
        "avg": 0.269,
        "obp": 0.357,
        "slg": 0.47,
        "rbi": 87,
        "sb": 20,
        "hr": 25
      },
      {
        "name": "채은성",
        "year": 22,
        "team": "LG",
        "pa": 526,
        "ops": 0.791,
        "avg": 0.296,
        "obp": 0.354,
        "slg": 0.437,
        "rbi": 83,
        "sb": 6,
        "hr": 12
      },
      {
        "name": "문보경",
        "year": 22,
        "team": "LG",
        "pa": 466,
        "ops": 0.833,
        "avg": 0.315,
        "obp": 0.382,
        "slg": 0.451,
        "rbi": 56,
        "sb": 7,
        "hr": 9
      },
      {
        "name": "유강남",
        "year": 22,
        "team": "LG",
        "pa": 469,
        "ops": 0.677,
        "avg": 0.255,
        "obp": 0.326,
        "slg": 0.351,
        "rbi": 47,
        "sb": 0,
        "hr": 8
      },
      {
        "name": "박해민",
        "year": 22,
        "team": "LG",
        "pa": 636,
        "ops": 0.715,
        "avg": 0.289,
        "obp": 0.347,
        "slg": 0.368,
        "rbi": 49,
        "sb": 24,
        "hr": 3
      }
    ]
  },
  {
    "generation": 24,
    "expected_score": 6.215,
    "lineup": [
      "이재원",
      "유강남",
      "김현수",
      "문보경",
      "홍창기",
      "오지환",
      "문성주",
      "박해민",
      "채은성"
    ],
    "player_stats": [
      {
        "name": "이재원",
        "year": 22,
        "team": "LG",
        "pa": 253,
        "ops": 0.769,
        "avg": 0.224,
        "obp": 0.316,
        "slg": 0.453,
        "rbi": 43,
        "sb": 3,
        "hr": 13
      },
      {
        "name": "유강남",
        "year": 22,
        "team": "LG",
        "pa": 469,
        "ops": 0.677,
        "avg": 0.255,
        "obp": 0.326,
        "slg": 0.351,
        "rbi": 47,
        "sb": 0,
        "hr": 8
      },
      {
        "name": "김현수",
        "year": 22,
        "team": "LG",
        "pa": 604,
        "ops": 0.848,
        "avg": 0.286,
        "obp": 0.375,
        "slg": 0.473,
        "rbi": 106,
        "sb": 2,
        "hr": 23
      },
      {
        "name": "문보경",
        "year": 22,
        "team": "LG",
        "pa": 466,
        "ops": 0.833,
        "avg": 0.315,
        "obp": 0.382,
        "slg": 0.451,
        "rbi": 56,
        "sb": 7,
        "hr": 9
      },
      {
        "name": "홍창기",
        "year": 22,
        "team": "LG",
        "pa": 525,
        "ops": 0.745,
        "avg": 0.286,
        "obp": 0.39,
        "slg": 0.355,
        "rbi": 51,
        "sb": 13,
        "hr": 1
      },
      {
        "name": "오지환",
        "year": 22,
        "team": "LG",
        "pa": 569,
        "ops": 0.827,
        "avg": 0.269,
        "obp": 0.357,
        "slg": 0.47,
        "rbi": 87,
        "sb": 20,
        "hr": 25
      },
      {
        "name": "문성주",
        "year": 22,
        "team": "LG",
        "pa": 390,
        "ops": 0.823,
        "avg": 0.303,
        "obp": 0.401,
        "slg": 0.422,
        "rbi": 41,
        "sb": 9,
        "hr": 6
      },
      {
        "name": "박해민",
        "year": 22,
        "team": "LG",
        "pa": 636,
        "ops": 0.715,
        "avg": 0.289,
        "obp": 0.347,
        "slg": 0.368,
        "rbi": 49,
        "sb": 24,
        "hr": 3
      },
      {
        "name": "채은성",
        "year": 22,
        "team": "LG",
        "pa": 526,
        "ops": 0.791,
        "avg": 0.296,
        "obp": 0.354,
        "slg": 0.437,
        "rbi": 83,
        "sb": 6,
        "hr": 12
      }
    ]
  },
  {
    "generation": 25,
    "expected_score": 6.125,
    "lineup": [
      "오지환",
      "홍창기",
      "김현수",
      "채은성",
      "박해민",
      "문성주",
      "이재원",
      "문보경",
      "유강남"
    ],
    "player_stats": [
      {
        "name": "오지환",
        "year": 22,
        "team": "LG",
        "pa": 569,
        "ops": 0.827,
        "avg": 0.269,
        "obp": 0.357,
        "slg": 0.47,
        "rbi": 87,
        "sb": 20,
        "hr": 25
      },
      {
        "name": "홍창기",
        "year": 22,
        "team": "LG",
        "pa": 525,
        "ops": 0.745,
        "avg": 0.286,
        "obp": 0.39,
        "slg": 0.355,
        "rbi": 51,
        "sb": 13,
        "hr": 1
      },
      {
        "name": "김현수",
        "year": 22,
        "team": "LG",
        "pa": 604,
        "ops": 0.848,
        "avg": 0.286,
        "obp": 0.375,
        "slg": 0.473,
        "rbi": 106,
        "sb": 2,
        "hr": 23
      },
      {
        "name": "채은성",
        "year": 22,
        "team": "LG",
        "pa": 526,
        "ops": 0.791,
        "avg": 0.296,
        "obp": 0.354,
        "slg": 0.437,
        "rbi": 83,
        "sb": 6,
        "hr": 12
      },
      {
        "name": "박해민",
        "year": 22,
        "team": "LG",
        "pa": 636,
        "ops": 0.715,
        "avg": 0.289,
        "obp": 0.347,
        "slg": 0.368,
        "rbi": 49,
        "sb": 24,
        "hr": 3
      },
      {
        "name": "문성주",
        "year": 22,
        "team": "LG",
        "pa": 390,
        "ops": 0.823,
        "avg": 0.303,
        "obp": 0.401,
        "slg": 0.422,
        "rbi": 41,
        "sb": 9,
        "hr": 6
      },
      {
        "name": "이재원",
        "year": 22,
        "team": "LG",
        "pa": 253,
        "ops": 0.769,
        "avg": 0.224,
        "obp": 0.316,
        "slg": 0.453,
        "rbi": 43,
        "sb": 3,
        "hr": 13
      },
      {
        "name": "문보경",
        "year": 22,
        "team": "LG",
        "pa": 466,
        "ops": 0.833,
        "avg": 0.315,
        "obp": 0.382,
        "slg": 0.451,
        "rbi": 56,
        "sb": 7,
        "hr": 9
      },
      {
        "name": "유강남",
        "year": 22,
        "team": "LG",
        "pa": 469,
        "ops": 0.677,
        "avg": 0.255,
        "obp": 0.326,
        "slg": 0.351,
        "rbi": 47,
        "sb": 0,
        "hr": 8
      }
    ]
  },
  {
    "generation": 26,
    "expected_score": 6.265,
    "lineup": [
      "이재원",
      "김현수",
      "문보경",
      "박해민",
      "홍창기",
      "오지환",
      "유강남",
      "문성주",
      "채은성"
    ],
    "player_stats": [
      {
        "name": "이재원",
        "year": 22,
        "team": "LG",
        "pa": 253,
        "ops": 0.769,
        "avg": 0.224,
        "obp": 0.316,
        "slg": 0.453,
        "rbi": 43,
        "sb": 3,
        "hr": 13
      },
      {
        "name": "김현수",
        "year": 22,
        "team": "LG",
        "pa": 604,
        "ops": 0.848,
        "avg": 0.286,
        "obp": 0.375,
        "slg": 0.473,
        "rbi": 106,
        "sb": 2,
        "hr": 23
      },
      {
        "name": "문보경",
        "year": 22,
        "team": "LG",
        "pa": 466,
        "ops": 0.833,
        "avg": 0.315,
        "obp": 0.382,
        "slg": 0.451,
        "rbi": 56,
        "sb": 7,
        "hr": 9
      },
      {
        "name": "박해민",
        "year": 22,
        "team": "LG",
        "pa": 636,
        "ops": 0.715,
        "avg": 0.289,
        "obp": 0.347,
        "slg": 0.368,
        "rbi": 49,
        "sb": 24,
        "hr": 3
      },
      {
        "name": "홍창기",
        "year": 22,
        "team": "LG",
        "pa": 525,
        "ops": 0.745,
        "avg": 0.286,
        "obp": 0.39,
        "slg": 0.355,
        "rbi": 51,
        "sb": 13,
        "hr": 1
      },
      {
        "name": "오지환",
        "year": 22,
        "team": "LG",
        "pa": 569,
        "ops": 0.827,
        "avg": 0.269,
        "obp": 0.357,
        "slg": 0.47,
        "rbi": 87,
        "sb": 20,
        "hr": 25
      },
      {
        "name": "유강남",
        "year": 22,
        "team": "LG",
        "pa": 469,
        "ops": 0.677,
        "avg": 0.255,
        "obp": 0.326,
        "slg": 0.351,
        "rbi": 47,
        "sb": 0,
        "hr": 8
      },
      {
        "name": "문성주",
        "year": 22,
        "team": "LG",
        "pa": 390,
        "ops": 0.823,
        "avg": 0.303,
        "obp": 0.401,
        "slg": 0.422,
        "rbi": 41,
        "sb": 9,
        "hr": 6
      },
      {
        "name": "채은성",
        "year": 22,
        "team": "LG",
        "pa": 526,
        "ops": 0.791,
        "avg": 0.296,
        "obp": 0.354,
        "slg": 0.437,
        "rbi": 83,
        "sb": 6,
        "hr": 12
      }
    ]
  },
  {
    "generation": 27,
    "expected_score": 6.575,
    "lineup": [
      "박해민",
      "이재원",
      "김현수",
      "홍창기",
      "오지환",
      "채은성",
      "문성주",
      "유강남",
      "문보경"
    ],
    "player_stats": [
      {
        "name": "박해민",
        "year": 22,
        "team": "LG",
        "pa": 636,
        "ops": 0.715,
        "avg": 0.289,
        "obp": 0.347,
        "slg": 0.368,
        "rbi": 49,
        "sb": 24,
        "hr": 3
      },
      {
        "name": "이재원",
        "year": 22,
        "team": "LG",
        "pa": 253,
        "ops": 0.769,
        "avg": 0.224,
        "obp": 0.316,
        "slg": 0.453,
        "rbi": 43,
        "sb": 3,
        "hr": 13
      },
      {
        "name": "김현수",
        "year": 22,
        "team": "LG",
        "pa": 604,
        "ops": 0.848,
        "avg": 0.286,
        "obp": 0.375,
        "slg": 0.473,
        "rbi": 106,
        "sb": 2,
        "hr": 23
      },
      {
        "name": "홍창기",
        "year": 22,
        "team": "LG",
        "pa": 525,
        "ops": 0.745,
        "avg": 0.286,
        "obp": 0.39,
        "slg": 0.355,
        "rbi": 51,
        "sb": 13,
        "hr": 1
      },
      {
        "name": "오지환",
        "year": 22,
        "team": "LG",
        "pa": 569,
        "ops": 0.827,
        "avg": 0.269,
        "obp": 0.357,
        "slg": 0.47,
        "rbi": 87,
        "sb": 20,
        "hr": 25
      },
      {
        "name": "채은성",
        "year": 22,
        "team": "LG",
        "pa": 526,
        "ops": 0.791,
        "avg": 0.296,
        "obp": 0.354,
        "slg": 0.437,
        "rbi": 83,
        "sb": 6,
        "hr": 12
      },
      {
        "name": "문성주",
        "year": 22,
        "team": "LG",
        "pa": 390,
        "ops": 0.823,
        "avg": 0.303,
        "obp": 0.401,
        "slg": 0.422,
        "rbi": 41,
        "sb": 9,
        "hr": 6
      },
      {
        "name": "유강남",
        "year": 22,
        "team": "LG",
        "pa": 469,
        "ops": 0.677,
        "avg": 0.255,
        "obp": 0.326,
        "slg": 0.351,
        "rbi": 47,
        "sb": 0,
        "hr": 8
      },
      {
        "name": "문보경",
        "year": 22,
        "team": "LG",
        "pa": 466,
        "ops": 0.833,
        "avg": 0.315,
        "obp": 0.382,
        "slg": 0.451,
        "rbi": 56,
        "sb": 7,
        "hr": 9
      }
    ]
  },
  {
    "generation": 28,
    "expected_score": 6.22,
    "lineup": [
      "이재원",
      "김현수",
      "박해민",
      "채은성",
      "문성주",
      "문보경",
      "홍창기",
      "오지환",
      "유강남"
    ],
    "player_stats": [
      {
        "name": "이재원",
        "year": 22,
        "team": "LG",
        "pa": 253,
        "ops": 0.769,
        "avg": 0.224,
        "obp": 0.316,
        "slg": 0.453,
        "rbi": 43,
        "sb": 3,
        "hr": 13
      },
      {
        "name": "김현수",
        "year": 22,
        "team": "LG",
        "pa": 604,
        "ops": 0.848,
        "avg": 0.286,
        "obp": 0.375,
        "slg": 0.473,
        "rbi": 106,
        "sb": 2,
        "hr": 23
      },
      {
        "name": "박해민",
        "year": 22,
        "team": "LG",
        "pa": 636,
        "ops": 0.715,
        "avg": 0.289,
        "obp": 0.347,
        "slg": 0.368,
        "rbi": 49,
        "sb": 24,
        "hr": 3
      },
      {
        "name": "채은성",
        "year": 22,
        "team": "LG",
        "pa": 526,
        "ops": 0.791,
        "avg": 0.296,
        "obp": 0.354,
        "slg": 0.437,
        "rbi": 83,
        "sb": 6,
        "hr": 12
      },
      {
        "name": "문성주",
        "year": 22,
        "team": "LG",
        "pa": 390,
        "ops": 0.823,
        "avg": 0.303,
        "obp": 0.401,
        "slg": 0.422,
        "rbi": 41,
        "sb": 9,
        "hr": 6
      },
      {
        "name": "문보경",
        "year": 22,
        "team": "LG",
        "pa": 466,
        "ops": 0.833,
        "avg": 0.315,
        "obp": 0.382,
        "slg": 0.451,
        "rbi": 56,
        "sb": 7,
        "hr": 9
      },
      {
        "name": "홍창기",
        "year": 22,
        "team": "LG",
        "pa": 525,
        "ops": 0.745,
        "avg": 0.286,
        "obp": 0.39,
        "slg": 0.355,
        "rbi": 51,
        "sb": 13,
        "hr": 1
      },
      {
        "name": "오지환",
        "year": 22,
        "team": "LG",
        "pa": 569,
        "ops": 0.827,
        "avg": 0.269,
        "obp": 0.357,
        "slg": 0.47,
        "rbi": 87,
        "sb": 20,
        "hr": 25
      },
      {
        "name": "유강남",
        "year": 22,
        "team": "LG",
        "pa": 469,
        "ops": 0.677,
        "avg": 0.255,
        "obp": 0.326,
        "slg": 0.351,
        "rbi": 47,
        "sb": 0,
        "hr": 8
      }
    ]
  },
  {
    "generation": 29,
    "expected_score": 6.33,
    "lineup": [
      "박해민",
      "김현수",
      "유강남",
      "홍창기",
      "오지환",
      "채은성",
      "이재원",
      "문보경",
      "문성주"
    ],
    "player_stats": [
      {
        "name": "박해민",
        "year": 22,
        "team": "LG",
        "pa": 636,
        "ops": 0.715,
        "avg": 0.289,
        "obp": 0.347,
        "slg": 0.368,
        "rbi": 49,
        "sb": 24,
        "hr": 3
      },
      {
        "name": "김현수",
        "year": 22,
        "team": "LG",
        "pa": 604,
        "ops": 0.848,
        "avg": 0.286,
        "obp": 0.375,
        "slg": 0.473,
        "rbi": 106,
        "sb": 2,
        "hr": 23
      },
      {
        "name": "유강남",
        "year": 22,
        "team": "LG",
        "pa": 469,
        "ops": 0.677,
        "avg": 0.255,
        "obp": 0.326,
        "slg": 0.351,
        "rbi": 47,
        "sb": 0,
        "hr": 8
      },
      {
        "name": "홍창기",
        "year": 22,
        "team": "LG",
        "pa": 525,
        "ops": 0.745,
        "avg": 0.286,
        "obp": 0.39,
        "slg": 0.355,
        "rbi": 51,
        "sb": 13,
        "hr": 1
      },
      {
        "name": "오지환",
        "year": 22,
        "team": "LG",
        "pa": 569,
        "ops": 0.827,
        "avg": 0.269,
        "obp": 0.357,
        "slg": 0.47,
        "rbi": 87,
        "sb": 20,
        "hr": 25
      },
      {
        "name": "채은성",
        "year": 22,
        "team": "LG",
        "pa": 526,
        "ops": 0.791,
        "avg": 0.296,
        "obp": 0.354,
        "slg": 0.437,
        "rbi": 83,
        "sb": 6,
        "hr": 12
      },
      {
        "name": "이재원",
        "year": 22,
        "team": "LG",
        "pa": 253,
        "ops": 0.769,
        "avg": 0.224,
        "obp": 0.316,
        "slg": 0.453,
        "rbi": 43,
        "sb": 3,
        "hr": 13
      },
      {
        "name": "문보경",
        "year": 22,
        "team": "LG",
        "pa": 466,
        "ops": 0.833,
        "avg": 0.315,
        "obp": 0.382,
        "slg": 0.451,
        "rbi": 56,
        "sb": 7,
        "hr": 9
      },
      {
        "name": "문성주",
        "year": 22,
        "team": "LG",
        "pa": 390,
        "ops": 0.823,
        "avg": 0.303,
        "obp": 0.401,
        "slg": 0.422,
        "rbi": 41,
        "sb": 9,
        "hr": 6
      }
    ]
  },
  {
    "generation": 30,
    "expected_score": 6.29,
    "lineup": [
      "이재원",
      "김현수",
      "홍창기",
      "박해민",
      "채은성",
      "문보경",
      "문성주",
      "오지환",
      "유강남"
    ],
    "player_stats": [
      {
        "name": "이재원",
        "year": 22,
        "team": "LG",
        "pa": 253,
        "ops": 0.769,
        "avg": 0.224,
        "obp": 0.316,
        "slg": 0.453,
        "rbi": 43,
        "sb": 3,
        "hr": 13
      },
      {
        "name": "김현수",
        "year": 22,
        "team": "LG",
        "pa": 604,
        "ops": 0.848,
        "avg": 0.286,
        "obp": 0.375,
        "slg": 0.473,
        "rbi": 106,
        "sb": 2,
        "hr": 23
      },
      {
        "name": "홍창기",
        "year": 22,
        "team": "LG",
        "pa": 525,
        "ops": 0.745,
        "avg": 0.286,
        "obp": 0.39,
        "slg": 0.355,
        "rbi": 51,
        "sb": 13,
        "hr": 1
      },
      {
        "name": "박해민",
        "year": 22,
        "team": "LG",
        "pa": 636,
        "ops": 0.715,
        "avg": 0.289,
        "obp": 0.347,
        "slg": 0.368,
        "rbi": 49,
        "sb": 24,
        "hr": 3
      },
      {
        "name": "채은성",
        "year": 22,
        "team": "LG",
        "pa": 526,
        "ops": 0.791,
        "avg": 0.296,
        "obp": 0.354,
        "slg": 0.437,
        "rbi": 83,
        "sb": 6,
        "hr": 12
      },
      {
        "name": "문보경",
        "year": 22,
        "team": "LG",
        "pa": 466,
        "ops": 0.833,
        "avg": 0.315,
        "obp": 0.382,
        "slg": 0.451,
        "rbi": 56,
        "sb": 7,
        "hr": 9
      },
      {
        "name": "문성주",
        "year": 22,
        "team": "LG",
        "pa": 390,
        "ops": 0.823,
        "avg": 0.303,
        "obp": 0.401,
        "slg": 0.422,
        "rbi": 41,
        "sb": 9,
        "hr": 6
      },
      {
        "name": "오지환",
        "year": 22,
        "team": "LG",
        "pa": 569,
        "ops": 0.827,
        "avg": 0.269,
        "obp": 0.357,
        "slg": 0.47,
        "rbi": 87,
        "sb": 20,
        "hr": 25
      },
      {
        "name": "유강남",
        "year": 22,
        "team": "LG",
        "pa": 469,
        "ops": 0.677,
        "avg": 0.255,
        "obp": 0.326,
        "slg": 0.351,
        "rbi": 47,
        "sb": 0,
        "hr": 8
      }
    ]
  }
]