[
  {
    "generation": 1,
    "expected_score": 6.155,
    "lineup": [
      "김주원",
      "마티니",
      "손아섭",
      "이명기",
      "박민우",
      "박건우",
      "노진혁",
      "양의지",
      "권희동"
    ],
    "player_stats": [
      {
        "name": "김주원",
        "year": 22,
        "team": "NC",
        "pa": 326,
        "ops": 0.719,
        "avg": 0.223,
        "obp": 0.331,
        "slg": 0.388,
        "rbi": 47,
        "sb": 10,
        "hr": 10
      },
      {
        "name": "마티니",
        "year": 22,
        "team": "NC",
        "pa": 576,
        "ops": 0.826,
        "avg": 0.296,
        "obp": 0.365,
        "slg": 0.461,
        "rbi": 85,
        "sb": 12,
        "hr": 16
      },
      {
        "name": "손아섭",
        "year": 22,
        "team": "NC",
        "pa": 617,
        "ops": 0.714,
        "avg": 0.277,
        "obp": 0.347,
        "slg": 0.367,
        "rbi": 48,
        "sb": 7,
        "hr": 4
      },
      {
        "name": "이명기",
        "year": 22,
        "team": "NC",
        "pa": 341,
        "ops": 0.648,
        "avg": 0.26,
        "obp": 0.331,
        "slg": 0.317,
        "rbi": 23,
        "sb": 5,
        "hr": 0
      },
      {
        "name": "박민우",
        "year": 22,
        "team": "NC",
        "pa": 451,
        "ops": 0.71,
        "avg": 0.267,
        "obp": 0.351,
        "slg": 0.359,
        "rbi": 38,
        "sb": 21,
        "hr": 4
      },
      {
        "name": "박건우",
        "year": 22,
        "team": "NC",
        "pa": 463,
        "ops": 0.866,
        "avg": 0.336,
        "obp": 0.408,
        "slg": 0.458,
        "rbi": 61,
        "sb": 3,
        "hr": 10
      },
      {
        "name": "노진혁",
        "year": 22,
        "team": "NC",
        "pa": 451,
        "ops": 0.808,
        "avg": 0.28,
        "obp": 0.353,
        "slg": 0.455,
        "rbi": 75,
        "sb": 2,
        "hr": 15
      },
      {
        "name": "양의지",
        "year": 22,
        "team": "NC",
        "pa": 510,
        "ops": 0.86,
        "avg": 0.283,
        "obp": 0.38,
        "slg": 0.48,
        "rbi": 94,
        "sb": 3,
        "hr": 20
      },
      {
        "name": "권희동",
        "year": 22,
        "team": "NC",
        "pa": 280,
        "ops": 0.654,
        "avg": 0.227,
        "obp": 0.335,
        "slg": 0.319,
        "rbi": 22,
        "sb": 2,
        "hr": 5
      }
    ]
  },
  {
    "generation": 2,
    "expected_score": 6.03,
    "lineup": [
      "박민우",
      "박건우",
      "양의지",
      "노진혁",
      "마티니",
      "권희동",
      "김주원",
      "손아섭",
      "이명기"
    ],
    "player_stats": [
      {
        "name": "박민우",
        "year": 22,
        "team": "NC",
        "pa": 451,
        "ops": 0.71,
        "avg": 0.267,
        "obp": 0.351,
        "slg": 0.359,
        "rbi": 38,
        "sb": 21,
        "hr": 4
      },
      {
        "name": "박건우",
        "year": 22,
        "team": "NC",
        "pa": 463,
        "ops": 0.866,
        "avg": 0.336,
        "obp": 0.408,
        "slg": 0.458,
        "rbi": 61,
        "sb": 3,
        "hr": 10
      },
      {
        "name": "양의지",
        "year": 22,
        "team": "NC",
        "pa": 510,
        "ops": 0.86,
        "avg": 0.283,
        "obp": 0.38,
        "slg": 0.48,
        "rbi": 94,
        "sb": 3,
        "hr": 20
      },
      {
        "name": "노진혁",
        "year": 22,
        "team": "NC",
        "pa": 451,
        "ops": 0.808,
        "avg": 0.28,
        "obp": 0.353,
        "slg": 0.455,
        "rbi": 75,
        "sb": 2,
        "hr": 15
      },
      {
        "name": "마티니",
        "year": 22,
        "team": "NC",
        "pa": 576,
        "ops": 0.826,
        "avg": 0.296,
        "obp": 0.365,
        "slg": 0.461,
        "rbi": 85,
        "sb": 12,
        "hr": 16
      },
      {
        "name": "권희동",
        "year": 22,
        "team": "NC",
        "pa": 280,
        "ops": 0.654,
        "avg": 0.227,
        "obp": 0.335,
        "slg": 0.319,
        "rbi": 22,
        "sb": 2,
        "hr": 5
      },
      {
        "name": "김주원",
        "year": 22,
        "team": "NC",
        "pa": 326,
        "ops": 0.719,
        "avg": 0.223,
        "obp": 0.331,
        "slg": 0.388,
        "rbi": 47,
        "sb": 10,
        "hr": 10
      },
      {
        "name": "손아섭",
        "year": 22,
        "team": "NC",
        "pa": 617,
        "ops": 0.714,
        "avg": 0.277,
        "obp": 0.347,
        "slg": 0.367,
        "rbi": 48,
        "sb": 7,
        "hr": 4
      },
      {
        "name": "이명기",
        "year": 22,
        "team": "NC",
        "pa": 341,
        "ops": 0.648,
        "avg": 0.26,
        "obp": 0.331,
        "slg": 0.317,
        "rbi": 23,
        "sb": 5,
        "hr": 0
      }
    ]
  },
  {
    "generation": 3,
    "expected_score": 5.945,
    "lineup": [
      "노진혁",
      "양의지",
      "박민우",
      "마티니",
      "권희동",
      "손아섭",
      "이명기",
      "김주원",
      "박건우"
    ],
    "player_stats": [
      {
        "name": "노진혁",
        "year": 22,
        "team": "NC",
        "pa": 451,
        "ops": 0.808,
        "avg": 0.28,
        "obp": 0.353,
        "slg": 0.455,
        "rbi": 75,
        "sb": 2,
        "hr": 15
      },
      {
        "name": "양의지",
        "year": 22,
        "team": "NC",
        "pa": 510,
        "ops": 0.86,
        "avg": 0.283,
        "obp": 0.38,
        "slg": 0.48,
        "rbi": 94,
        "sb": 3,
        "hr": 20
      },
      {
        "name": "박민우",
        "year": 22,
        "team": "NC",
        "pa": 451,
        "ops": 0.71,
        "avg": 0.267,
        "obp": 0.351,
        "slg": 0.359,
        "rbi": 38,
        "sb": 21,
        "hr": 4
      },
      {
        "name": "마티니",
        "year": 22,
        "team": "NC",
        "pa": 576,
        "ops": 0.826,
        "avg": 0.296,
        "obp": 0.365,
        "slg": 0.461,
        "rbi": 85,
        "sb": 12,
        "hr": 16
      },
      {
        "name": "권희동",
        "year": 22,
        "team": "NC",
        "pa": 280,
        "ops": 0.654,
        "avg": 0.227,
        "obp": 0.335,
        "slg": 0.319,
        "rbi": 22,
        "sb": 2,
        "hr": 5
      },
      {
        "name": "손아섭",
        "year": 22,
        "team": "NC",
        "pa": 617,
        "ops": 0.714,
        "avg": 0.277,
        "obp": 0.347,
        "slg": 0.367,
        "rbi": 48,
        "sb": 7,
        "hr": 4
      },
      {
        "name": "이명기",
        "year": 22,
        "team": "NC",
        "pa": 341,
        "ops": 0.648,
        "avg": 0.26,
        "obp": 0.331,
        "slg": 0.317,
        "rbi": 23,
        "sb": 5,
        "hr": 0
      },
      {
        "name": "김주원",
        "year": 22,
        "team": "NC",
        "pa": 326,
        "ops": 0.719,
        "avg": 0.223,
        "obp": 0.331,
        "slg": 0.388,
        "rbi": 47,
        "sb": 10,
        "hr": 10
      },
      {
        "name": "박건우",
        "year": 22,
        "team": "NC",
        "pa": 463,
        "ops": 0.866,
        "avg": 0.336,
        "obp": 0.408,
        "slg": 0.458,
        "rbi": 61,
        "sb": 3,
        "hr": 10
      }
    ]
  },
  {
    "generation": 4,
    "expected_score": 6.015,
    "lineup": [
      "박민우",
      "박건우",
      "양의지",
      "노진혁",
      "마티니",
      "권희동",
      "김주원",
      "손아섭",
      "이명기"
    ],
    "player_stats": [
      {
        "name": "박민우",
        "year": 22,
        "team": "NC",
        "pa": 451,
        "ops": 0.71,
        "avg": 0.267,
        "obp": 0.351,
        "slg": 0.359,
        "rbi": 38,
        "sb": 21,
        "hr": 4
      },
      {
        "name": "박건우",
        "year": 22,
        "team": "NC",
        "pa": 463,
        "ops": 0.866,
        "avg": 0.336,
        "obp": 0.408,
        "slg": 0.458,
        "rbi": 61,
        "sb": 3,
        "hr": 10
      },
      {
        "name": "양의지",
        "year": 22,
        "team": "NC",
        "pa": 510,
        "ops": 0.86,
        "avg": 0.283,
        "obp": 0.38,
        "slg": 0.48,
        "rbi": 94,
        "sb": 3,
        "hr": 20
      },
      {
        "name": "노진혁",
        "year": 22,
        "team": "NC",
        "pa": 451,
        "ops": 0.808,
        "avg": 0.28,
        "obp": 0.353,
        "slg": 0.455,
        "rbi": 75,
        "sb": 2,
        "hr": 15
      },
      {
        "name": "마티니",
        "year": 22,
        "team": "NC",
        "pa": 576,
        "ops": 0.826,
        "avg": 0.296,
        "obp": 0.365,
        "slg": 0.461,
        "rbi": 85,
        "sb": 12,
        "hr": 16
      },
      {
        "name": "권희동",
        "year": 22,
        "team": "NC",
        "pa": 280,
        "ops": 0.654,
        "avg": 0.227,
        "obp": 0.335,
        "slg": 0.319,
        "rbi": 22,
        "sb": 2,
        "hr": 5
      },
      {
        "name": "김주원",
        "year": 22,
        "team": "NC",
        "pa": 326,
        "ops": 0.719,
        "avg": 0.223,
        "obp": 0.331,
        "slg": 0.388,
        "rbi": 47,
        "sb": 10,
        "hr": 10
      },
      {
        "name": "손아섭",
        "year": 22,
        "team": "NC",
        "pa": 617,
        "ops": 0.714,
        "avg": 0.277,
        "obp": 0.347,
        "slg": 0.367,
        "rbi": 48,
        "sb": 7,
        "hr": 4
      },
      {
        "name": "이명기",
        "year": 22,
        "team": "NC",
        "pa": 341,
        "ops": 0.648,
        "avg": 0.26,
        "obp": 0.331,
        "slg": 0.317,
        "rbi": 23,
        "sb": 5,
        "hr": 0
      }
    ]
  },
  {
    "generation": 5,
    "expected_score": 5.97,
    "lineup": [
      "노진혁",
      "박건우",
      "양의지",
      "박민우",
      "마티니",
      "권희동",
      "손아섭",
      "이명기",
      "김주원"
    ],
    "player_stats": [
      {
        "name": "노진혁",
        "year": 22,
        "team": "NC",
        "pa": 451,
        "ops": 0.808,
        "avg": 0.28,
        "obp": 0.353,
        "slg": 0.455,
        "rbi": 75,
        "sb": 2,
        "hr": 15
      },
      {
        "name": "박건우",
        "year": 22,
        "team": "NC",
        "pa": 463,
        "ops": 0.866,
        "avg": 0.336,
        "obp": 0.408,
        "slg": 0.458,
        "rbi": 61,
        "sb": 3,
        "hr": 10
      },
      {
        "name": "양의지",
        "year": 22,
        "team": "NC",
        "pa": 510,
        "ops": 0.86,
        "avg": 0.283,
        "obp": 0.38,
        "slg": 0.48,
        "rbi": 94,
        "sb": 3,
        "hr": 20
      },
      {
        "name": "박민우",
        "year": 22,
        "team": "NC",
        "pa": 451,
        "ops": 0.71,
        "avg": 0.267,
        "obp": 0.351,
        "slg": 0.359,
        "rbi": 38,
        "sb": 21,
        "hr": 4
      },
      {
        "name": "마티니",
        "year": 22,
        "team": "NC",
        "pa": 576,
        "ops": 0.826,
        "avg": 0.296,
        "obp": 0.365,
        "slg": 0.461,
        "rbi": 85,
        "sb": 12,
        "hr": 16
      },
      {
        "name": "권희동",
        "year": 22,
        "team": "NC",
        "pa": 280,
        "ops": 0.654,
        "avg": 0.227,
        "obp": 0.335,
        "slg": 0.319,
        "rbi": 22,
        "sb": 2,
        "hr": 5
      },
      {
        "name": "손아섭",
        "year": 22,
        "team": "NC",
        "pa": 617,
        "ops": 0.714,
        "avg": 0.277,
        "obp": 0.347,
        "slg": 0.367,
        "rbi": 48,
        "sb": 7,
        "hr": 4
      },
      {
        "name": "이명기",
        "year": 22,
        "team": "NC",
        "pa": 341,
        "ops": 0.648,
        "avg": 0.26,
        "obp": 0.331,
        "slg": 0.317,
        "rbi": 23,
        "sb": 5,
        "hr": 0
      },
      {
        "name": "김주원",
        "year": 22,
        "team": "NC",
        "pa": 326,
        "ops": 0.719,
        "avg": 0.223,
        "obp": 0.331,
        "slg": 0.388,
        "rbi": 47,
        "sb": 10,
        "hr": 10
      }
    ]
  },
  {
    "generation": 6,
    "expected_score": 5.97,
    "lineup": [
      "노진혁",
      "박건우",
      "양의지",
      "박민우",
      "마티니",
      "권희동",
      "손아섭",
      "이명기",
      "김주원"
    ],
    "player_stats": [
      {
        "name": "노진혁",
        "year": 22,
        "team": "NC",
        "pa": 451,
        "ops": 0.808,
        "avg": 0.28,
        "obp": 0.353,
        "slg": 0.455,
        "rbi": 75,
        "sb": 2,
        "hr": 15
      },
      {
        "name": "박건우",
        "year": 22,
        "team": "NC",
        "pa": 463,
        "ops": 0.866,
        "avg": 0.336,
        "obp": 0.408,
        "slg": 0.458,
        "rbi": 61,
        "sb": 3,
        "hr": 10
      },
      {
        "name": "양의지",
        "year": 22,
        "team": "NC",
        "pa": 510,
        "ops": 0.86,
        "avg": 0.283,
        "obp": 0.38,
        "slg": 0.48,
        "rbi": 94,
        "sb": 3,
        "hr": 20
      },
      {
        "name": "박민우",
        "year": 22,
        "team": "NC",
        "pa": 451,
        "ops": 0.71,
        "avg": 0.267,
        "obp": 0.351,
        "slg": 0.359,
        "rbi": 38,
        "sb": 21,
        "hr": 4
      },
      {
        "name": "마티니",
        "year": 22,
        "team": "NC",
        "pa": 576,
        "ops": 0.826,
        "avg": 0.296,
        "obp": 0.365,
        "slg": 0.461,
        "rbi": 85,
        "sb": 12,
        "hr": 16
      },
      {
        "name": "권희동",
        "year": 22,
        "team": "NC",
        "pa": 280,
        "ops": 0.654,
        "avg": 0.227,
        "obp": 0.335,
        "slg": 0.319,
        "rbi": 22,
        "sb": 2,
        "hr": 5
      },
      {
        "name": "손아섭",
        "year": 22,
        "team": "NC",
        "pa": 617,
        "ops": 0.714,
        "avg": 0.277,
        "obp": 0.347,
        "slg": 0.367,
        "rbi": 48,
        "sb": 7,
        "hr": 4
      },
      {
        "name": "이명기",
        "year": 22,
        "team": "NC",
        "pa": 341,
        "ops": 0.648,
        "avg": 0.26,
        "obp": 0.331,
        "slg": 0.317,
        "rbi": 23,
        "sb": 5,
        "hr": 0
      },
      {
        "name": "김주원",
        "year": 22,
        "team": "NC",
        "pa": 326,
        "ops": 0.719,
        "avg": 0.223,
        "obp": 0.331,
        "slg": 0.388,
        "rbi": 47,
        "sb": 10,
        "hr": 10
      }
    ]
  },
  {
    "generation": 7,
    "expected_score": 6.335,
    "lineup": [
      "손아섭",
      "박민우",
      "마티니",
      "양의지",
      "권희동",
      "노진혁",
      "박건우",
      "이명기",
      "김주원"
    ],
    "player_stats": [
      {
        "name": "손아섭",
        "year": 22,
        "team": "NC",
        "pa": 617,
        "ops": 0.714,
        "avg": 0.277,
        "obp": 0.347,
        "slg": 0.367,
        "rbi": 48,
        "sb": 7,
        "hr": 4
      },
      {
        "name": "박민우",
        "year": 22,
        "team": "NC",
        "pa": 451,
        "ops": 0.71,
        "avg": 0.267,
        "obp": 0.351,
        "slg": 0.359,
        "rbi": 38,
        "sb": 21,
        "hr": 4
      },
      {
        "name": "마티니",
        "year": 22,
        "team": "NC",
        "pa": 576,
        "ops": 0.826,
        "avg": 0.296,
        "obp": 0.365,
        "slg": 0.461,
        "rbi": 85,
        "sb": 12,
        "hr": 16
      },
      {
        "name": "양의지",
        "year": 22,
        "team": "NC",
        "pa": 510,
        "ops": 0.86,
        "avg": 0.283,
        "obp": 0.38,
        "slg": 0.48,
        "rbi": 94,
        "sb": 3,
        "hr": 20
      },
      {
        "name": "권희동",
        "year": 22,
        "team": "NC",
        "pa": 280,
        "ops": 0.654,
        "avg": 0.227,
        "obp": 0.335,
        "slg": 0.319,
        "rbi": 22,
        "sb": 2,
        "hr": 5
      },
      {
        "name": "노진혁",
        "year": 22,
        "team": "NC",
        "pa": 451,
        "ops": 0.808,
        "avg": 0.28,
        "obp": 0.353,
        "slg": 0.455,
        "rbi": 75,
        "sb": 2,
        "hr": 15
      },
      {
        "name": "박건우",
        "year": 22,
        "team": "NC",
        "pa": 463,
        "ops": 0.866,
        "avg": 0.336,
        "obp": 0.408,
        "slg": 0.458,
        "rbi": 61,
        "sb": 3,
        "hr": 10
      },
      {
        "name": "이명기",
        "year": 22,
        "team": "NC",
        "pa": 341,
        "ops": 0.648,
        "avg": 0.26,
        "obp": 0.331,
        "slg": 0.317,
        "rbi": 23,
        "sb": 5,
        "hr": 0
      },
      {
        "name": "김주원",
        "year": 22,
        "team": "NC",
        "pa": 326,
        "ops": 0.719,
        "avg": 0.223,
        "obp": 0.331,
        "slg": 0.388,
        "rbi": 47,
        "sb": 10,
        "hr": 10
      }
    ]
  },
  {
    "generation": 8,
    "expected_score": 6.015,
    "lineup": [
      "박민우",
      "박건우",
      "양의지",
      "권희동",
      "노진혁",
      "손아섭",
      "김주원",
      "마티니",
      "이명기"
    ],
    "player_stats": [
      {
        "name": "박민우",
        "year": 22,
        "team": "NC",
        "pa": 451,
        "ops": 0.71,
        "avg": 0.267,
        "obp": 0.351,
        "slg": 0.359,
        "rbi": 38,
        "sb": 21,
        "hr": 4
      },
      {
        "name": "박건우",
        "year": 22,
        "team": "NC",
        "pa": 463,
        "ops": 0.866,
        "avg": 0.336,
        "obp": 0.408,
        "slg": 0.458,
        "rbi": 61,
        "sb": 3,
        "hr": 10
      },
      {
        "name": "양의지",
        "year": 22,
        "team": "NC",
        "pa": 510,
        "ops": 0.86,
        "avg": 0.283,
        "obp": 0.38,
        "slg": 0.48,
        "rbi": 94,
        "sb": 3,
        "hr": 20
      },
      {
        "name": "권희동",
        "year": 22,
        "team": "NC",
        "pa": 280,
        "ops": 0.654,
        "avg": 0.227,
        "obp": 0.335,
        "slg": 0.319,
        "rbi": 22,
        "sb": 2,
        "hr": 5
      },
      {
        "name": "노진혁",
        "year": 22,
        "team": "NC",
        "pa": 451,
        "ops": 0.808,
        "avg": 0.28,
        "obp": 0.353,
        "slg": 0.455,
        "rbi": 75,
        "sb": 2,
        "hr": 15
      },
      {
        "name": "손아섭",
        "year": 22,
        "team": "NC",
        "pa": 617,
        "ops": 0.714,
        "avg": 0.277,
        "obp": 0.347,
        "slg": 0.367,
        "rbi": 48,
        "sb": 7,
        "hr": 4
      },
      {
        "name": "김주원",
        "year": 22,
        "team": "NC",
        "pa": 326,
        "ops": 0.719,
        "avg": 0.223,
        "obp": 0.331,
        "slg": 0.388,
        "rbi": 47,
        "sb": 10,
        "hr": 10
      },
      {
        "name": "마티니",
        "year": 22,
        "team": "NC",
        "pa": 576,
        "ops": 0.826,
        "avg": 0.296,
        "obp": 0.365,
        "slg": 0.461,
        "rbi": 85,
        "sb": 12,
        "hr": 16
      },
      {
        "name": "이명기",
        "year": 22,
        "team": "NC",
        "pa": 341,
        "ops": 0.648,
        "avg": 0.26,
        "obp": 0.331,
        "slg": 0.317,
        "rbi": 23,
        "sb": 5,
        "hr": 0
      }
    ]
  },
  {
    "generation": 9,
    "expected_score": 5.975,
    "lineup": [
      "박민우",
      "박건우",
      "양의지",
      "권희동",
      "노진혁",
      "김주원",
      "손아섭",
      "마티니",
      "이명기"
    ],
    "player_stats": [
      {
        "name": "박민우",
        "year": 22,
        "team": "NC",
        "pa": 451,
        "ops": 0.71,
        "avg": 0.267,
        "obp": 0.351,
        "slg": 0.359,
        "rbi": 38,
        "sb": 21,
        "hr": 4
      },
      {
        "name": "박건우",
        "year": 22,
        "team": "NC",
        "pa": 463,
        "ops": 0.866,
        "avg": 0.336,
        "obp": 0.408,
        "slg": 0.458,
        "rbi": 61,
        "sb": 3,
        "hr": 10
      },
      {
        "name": "양의지",
        "year": 22,
        "team": "NC",
        "pa": 510,
        "ops": 0.86,
        "avg": 0.283,
        "obp": 0.38,
        "slg": 0.48,
        "rbi": 94,
        "sb": 3,
        "hr": 20
      },
      {
        "name": "권희동",
        "year": 22,
        "team": "NC",
        "pa": 280,
        "ops": 0.654,
        "avg": 0.227,
        "obp": 0.335,
        "slg": 0.319,
        "rbi": 22,
        "sb": 2,
        "hr": 5
      },
      {
        "name": "노진혁",
        "year": 22,
        "team": "NC",
        "pa": 451,
        "ops": 0.808,
        "avg": 0.28,
        "obp": 0.353,
        "slg": 0.455,
        "rbi": 75,
        "sb": 2,
        "hr": 15
      },
      {
        "name": "김주원",
        "year": 22,
        "team": "NC",
        "pa": 326,
        "ops": 0.719,
        "avg": 0.223,
        "obp": 0.331,
        "slg": 0.388,
        "rbi": 47,
        "sb": 10,
        "hr": 10
      },
      {
        "name": "손아섭",
        "year": 22,
        "team": "NC",
        "pa": 617,
        "ops": 0.714,
        "avg": 0.277,
        "obp": 0.347,
        "slg": 0.367,
        "rbi": 48,
        "sb": 7,
        "hr": 4
      },
      {
        "name": "마티니",
        "year": 22,
        "team": "NC",
        "pa": 576,
        "ops": 0.826,
        "avg": 0.296,
        "obp": 0.365,
        "slg": 0.461,
        "rbi": 85,
        "sb": 12,
        "hr": 16
      },
      {
        "name": "이명기",
        "year": 22,
        "team": "NC",
        "pa": 341,
        "ops": 0.648,
        "avg": 0.26,
        "obp": 0.331,
        "slg": 0.317,
        "rbi": 23,
        "sb": 5,
        "hr": 0
      }
    ]
  },
  {
    "generation": 10,
    "expected_score": 6.055,
    "lineup": [
      "이명기",
      "박건우",
      "노진혁",
      "양의지",
      "김주원",
      "손아섭",
      "박민우",
      "마티니",
      "권희동"
    ],
    "player_stats": [
      {
        "name": "이명기",
        "year": 22,
        "team": "NC",
        "pa": 341,
        "ops": 0.648,
        "avg": 0.26,
        "obp": 0.331,
        "slg": 0.317,
        "rbi": 23,
        "sb": 5,
        "hr": 0
      },
      {
        "name": "박건우",
        "year": 22,
        "team": "NC",
        "pa": 463,
        "ops": 0.866,
        "avg": 0.336,
        "obp": 0.408,
        "slg": 0.458,
        "rbi": 61,
        "sb": 3,
        "hr": 10
      },
      {
        "name": "노진혁",
        "year": 22,
        "team": "NC",
        "pa": 451,
        "ops": 0.808,
        "avg": 0.28,
        "obp": 0.353,
        "slg": 0.455,
        "rbi": 75,
        "sb": 2,
        "hr": 15
      },
      {
        "name": "양의지",
        "year": 22,
        "team": "NC",
        "pa": 510,
        "ops": 0.86,
        "avg": 0.283,
        "obp": 0.38,
        "slg": 0.48,
        "rbi": 94,
        "sb": 3,
        "hr": 20
      },
      {
        "name": "김주원",
        "year": 22,
        "team": "NC",
        "pa": 326,
        "ops": 0.719,
        "avg": 0.223,
        "obp": 0.331,
        "slg": 0.388,
        "rbi": 47,
        "sb": 10,
        "hr": 10
      },
      {
        "name": "손아섭",
        "year": 22,
        "team": "NC",
        "pa": 617,
        "ops": 0.714,
        "avg": 0.277,
        "obp": 0.347,
        "slg": 0.367,
        "rbi": 48,
        "sb": 7,
        "hr": 4
      },
      {
        "name": "박민우",
        "year": 22,
        "team": "NC",
        "pa": 451,
        "ops": 0.71,
        "avg": 0.267,
        "obp": 0.351,
        "slg": 0.359,
        "rbi": 38,
        "sb": 21,
        "hr": 4
      },
      {
        "name": "마티니",
        "year": 22,
        "team": "NC",
        "pa": 576,
        "ops": 0.826,
        "avg": 0.296,
        "obp": 0.365,
        "slg": 0.461,
        "rbi": 85,
        "sb": 12,
        "hr": 16
      },
      {
        "name": "권희동",
        "year": 22,
        "team": "NC",
        "pa": 280,
        "ops": 0.654,
        "avg": 0.227,
        "obp": 0.335,
        "slg": 0.319,
        "rbi": 22,
        "sb": 2,
        "hr": 5
      }
    ]
  },
  {
    "generation": 11,
    "expected_score": 6.04,
    "lineup": [
      "이명기",
      "박건우",
      "노진혁",
      "양의지",
      "김주원",
      "손아섭",
      "박민우",
      "마티니",
      "권희동"
    ],
    "player_stats": [
      {
        "name": "이명기",
        "year": 22,
        "team": "NC",
        "pa": 341,
        "ops": 0.648,
        "avg": 0.26,
        "obp": 0.331,
        "slg": 0.317,
        "rbi": 23,
        "sb": 5,
        "hr": 0
      },
      {
        "name": "박건우",
        "year": 22,
        "team": "NC",
        "pa": 463,
        "ops": 0.866,
        "avg": 0.336,
        "obp": 0.408,
        "slg": 0.458,
        "rbi": 61,
        "sb": 3,
        "hr": 10
      },
      {
        "name": "노진혁",
        "year": 22,
        "team": "NC",
        "pa": 451,
        "ops": 0.808,
        "avg": 0.28,
        "obp": 0.353,
        "slg": 0.455,
        "rbi": 75,
        "sb": 2,
        "hr": 15
      },
      {
        "name": "양의지",
        "year": 22,
        "team": "NC",
        "pa": 510,
        "ops": 0.86,
        "avg": 0.283,
        "obp": 0.38,
        "slg": 0.48,
        "rbi": 94,
        "sb": 3,
        "hr": 20
      },
      {
        "name": "김주원",
        "year": 22,
        "team": "NC",
        "pa": 326,
        "ops": 0.719,
        "avg": 0.223,
        "obp": 0.331,
        "slg": 0.388,
        "rbi": 47,
        "sb": 10,
        "hr": 10
      },
      {
        "name": "손아섭",
        "year": 22,
        "team": "NC",
        "pa": 617,
        "ops": 0.714,
        "avg": 0.277,
        "obp": 0.347,
        "slg": 0.367,
        "rbi": 48,
        "sb": 7,
        "hr": 4
      },
      {
        "name": "박민우",
        "year": 22,
        "team": "NC",
        "pa": 451,
        "ops": 0.71,
        "avg": 0.267,
        "obp": 0.351,
        "slg": 0.359,
        "rbi": 38,
        "sb": 21,
        "hr": 4
      },
      {
        "name": "마티니",
        "year": 22,
        "team": "NC",
        "pa": 576,
        "ops": 0.826,
        "avg": 0.296,
        "obp": 0.365,
        "slg": 0.461,
        "rbi": 85,
        "sb": 12,
        "hr": 16
      },
      {
        "name": "권희동",
        "year": 22,
        "team": "NC",
        "pa": 280,
        "ops": 0.654,
        "avg": 0.227,
        "obp": 0.335,
        "slg": 0.319,
        "rbi": 22,
        "sb": 2,
        "hr": 5
      }
    ]
  },
  {
    "generation": 12,
    "expected_score": 6.08,
    "lineup": [
      "이명기",
      "양의지",
      "노진혁",
      "박민우",
      "손아섭",
      "김주원",
      "박건우",
      "권희동",
      "마티니"
    ],
    "player_stats": [
      {
        "name": "이명기",
        "year": 22,
        "team": "NC",
        "pa": 341,
        "ops": 0.648,
        "avg": 0.26,
        "obp": 0.331,
        "slg": 0.317,
        "rbi": 23,
        "sb": 5,
        "hr": 0
      },
      {
        "name": "양의지",
        "year": 22,
        "team": "NC",
        "pa": 510,
        "ops": 0.86,
        "avg": 0.283,
        "obp": 0.38,
        "slg": 0.48,
        "rbi": 94,
        "sb": 3,
        "hr": 20
      },
      {
        "name": "노진혁",
        "year": 22,
        "team": "NC",
        "pa": 451,
        "ops": 0.808,
        "avg": 0.28,
        "obp": 0.353,
        "slg": 0.455,
        "rbi": 75,
        "sb": 2,
        "hr": 15
      },
      {
        "name": "박민우",
        "year": 22,
        "team": "NC",
        "pa": 451,
        "ops": 0.71,
        "avg": 0.267,
        "obp": 0.351,
        "slg": 0.359,
        "rbi": 38,
        "sb": 21,
        "hr": 4
      },
      {
        "name": "손아섭",
        "year": 22,
        "team": "NC",
        "pa": 617,
        "ops": 0.714,
        "avg": 0.277,
        "obp": 0.347,
        "slg": 0.367,
        "rbi": 48,
        "sb": 7,
        "hr": 4
      },
      {
        "name": "김주원",
        "year": 22,
        "team": "NC",
        "pa": 326,
        "ops": 0.719,
        "avg": 0.223,
        "obp": 0.331,
        "slg": 0.388,
        "rbi": 47,
        "sb": 10,
        "hr": 10
      },
      {
        "name": "박건우",
        "year": 22,
        "team": "NC",
        "pa": 463,
        "ops": 0.866,
        "avg": 0.336,
        "obp": 0.408,
        "slg": 0.458,
        "rbi": 61,
        "sb": 3,
        "hr": 10
      },
      {
        "name": "권희동",
        "year": 22,
        "team": "NC",
        "pa": 280,
        "ops": 0.654,
        "avg": 0.227,
        "obp": 0.335,
        "slg": 0.319,
        "rbi": 22,
        "sb": 2,
        "hr": 5
      },
      {
        "name": "마티니",
        "year": 22,
        "team": "NC",
        "pa": 576,
        "ops": 0.826,
        "avg": 0.296,
        "obp": 0.365,
        "slg": 0.461,
        "rbi": 85,
        "sb": 12,
        "hr": 16
      }
    ]
  },
  {
    "generation": 13,
    "expected_score": 6.13,
    "lineup": [
      "양의지",
      "노진혁",
      "박민우",
      "손아섭",
      "김주원",
      "박건우",
      "마티니",
      "권희동",
      "이명기"
    ],
    "player_stats": [
      {
        "name": "양의지",
        "year": 22,
        "team": "NC",
        "pa": 510,
        "ops": 0.86,
        "avg": 0.283,
        "obp": 0.38,
        "slg": 0.48,
        "rbi": 94,
        "sb": 3,
        "hr": 20
      },
      {
        "name": "노진혁",
        "year": 22,
        "team": "NC",
        "pa": 451,
        "ops": 0.808,
        "avg": 0.28,
        "obp": 0.353,
        "slg": 0.455,
        "rbi": 75,
        "sb": 2,
        "hr": 15
      },
      {
        "name": "박민우",
        "year": 22,
        "team": "NC",
        "pa": 451,
        "ops": 0.71,
        "avg": 0.267,
        "obp": 0.351,
        "slg": 0.359,
        "rbi": 38,
        "sb": 21,
        "hr": 4
      },
      {
        "name": "손아섭",
        "year": 22,
        "team": "NC",
        "pa": 617,
        "ops": 0.714,
        "avg": 0.277,
        "obp": 0.347,
        "slg": 0.367,
        "rbi": 48,
        "sb": 7,
        "hr": 4
      },
      {
        "name": "김주원",
        "year": 22,
        "team": "NC",
        "pa": 326,
        "ops": 0.719,
        "avg": 0.223,
        "obp": 0.331,
        "slg": 0.388,
        "rbi": 47,
        "sb": 10,
        "hr": 10
      },
      {
        "name": "박건우",
        "year": 22,
        "team": "NC",
        "pa": 463,
        "ops": 0.866,
        "avg": 0.336,
        "obp": 0.408,
        "slg": 0.458,
        "rbi": 61,
        "sb": 3,
        "hr": 10
      },
      {
        "name": "마티니",
        "year": 22,
        "team": "NC",
        "pa": 576,
        "ops": 0.826,
        "avg": 0.296,
        "obp": 0.365,
        "slg": 0.461,
        "rbi": 85,
        "sb": 12,
        "hr": 16
      },
      {
        "name": "권희동",
        "year": 22,
        "team": "NC",
        "pa": 280,
        "ops": 0.654,
        "avg": 0.227,
        "obp": 0.335,
        "slg": 0.319,
        "rbi": 22,
        "sb": 2,
        "hr": 5
      },
      {
        "name": "이명기",
        "year": 22,
        "team": "NC",
        "pa": 341,
        "ops": 0.648,
        "avg": 0.26,
        "obp": 0.331,
        "slg": 0.317,
        "rbi": 23,
        "sb": 5,
        "hr": 0
      }
    ]
  },
  {
    "generation": 14,
    "expected_score": 6.095,
    "lineup": [
      "마티니",
      "박민우",
      "노진혁",
      "양의지",
      "권희동",
      "김주원",
      "박건우",
      "손아섭",
      "이명기"
    ],
    "player_stats": [
      {
        "name": "마티니",
        "year": 22,
        "team": "NC",
        "pa": 576,
        "ops": 0.826,
        "avg": 0.296,
        "obp": 0.365,
        "slg": 0.461,
        "rbi": 85,
        "sb": 12,
        "hr": 16
      },
      {
        "name": "박민우",
        "year": 22,
        "team": "NC",
        "pa": 451,
        "ops": 0.71,
        "avg": 0.267,
        "obp": 0.351,
        "slg": 0.359,
        "rbi": 38,
        "sb": 21,
        "hr": 4
      },
      {
        "name": "노진혁",
        "year": 22,
        "team": "NC",
        "pa": 451,
        "ops": 0.808,
        "avg": 0.28,
        "obp": 0.353,
        "slg": 0.455,
        "rbi": 75,
        "sb": 2,
        "hr": 15
      },
      {
        "name": "양의지",
        "year": 22,
        "team": "NC",
        "pa": 510,
        "ops": 0.86,
        "avg": 0.283,
        "obp": 0.38,
        "slg": 0.48,
        "rbi": 94,
        "sb": 3,
        "hr": 20
      },
      {
        "name": "권희동",
        "year": 22,
        "team": "NC",
        "pa": 280,
        "ops": 0.654,
        "avg": 0.227,
        "obp": 0.335,
        "slg": 0.319,
        "rbi": 22,
        "sb": 2,
        "hr": 5
      },
      {
        "name": "김주원",
        "year": 22,
        "team": "NC",
        "pa": 326,
        "ops": 0.719,
        "avg": 0.223,
        "obp": 0.331,
        "slg": 0.388,
        "rbi": 47,
        "sb": 10,
        "hr": 10
      },
      {
        "name": "박건우",
        "year": 22,
        "team": "NC",
        "pa": 463,
        "ops": 0.866,
        "avg": 0.336,
        "obp": 0.408,
        "slg": 0.458,
        "rbi": 61,
        "sb": 3,
        "hr": 10
      },
      {
        "name": "손아섭",
        "year": 22,
        "team": "NC",
        "pa": 617,
        "ops": 0.714,
        "avg": 0.277,
        "obp": 0.347,
        "slg": 0.367,
        "rbi": 48,
        "sb": 7,
        "hr": 4
      },
      {
        "name": "이명기",
        "year": 22,
        "team": "NC",
        "pa": 341,
        "ops": 0.648,
        "avg": 0.26,
        "obp": 0.331,
        "slg": 0.317,
        "rbi": 23,
        "sb": 5,
        "hr": 0
      }
    ]
  },
  {
    "generation": 15,
    "expected_score": 6.085,
    "lineup": [
      "양의지",
      "박민우",
      "노진혁",
      "마티니",
      "박건우",
      "김주원",
      "손아섭",
      "권희동",
      "이명기"
    ],
    "player_stats": [
      {
        "name": "양의지",
        "year": 22,
        "team": "NC",
        "pa": 510,
        "ops": 0.86,
        "avg": 0.283,
        "obp": 0.38,
        "slg": 0.48,
        "rbi": 94,
        "sb": 3,
        "hr": 20
      },
      {
        "name": "박민우",
        "year": 22,
        "team": "NC",
        "pa": 451,
        "ops": 0.71,
        "avg": 0.267,
        "obp": 0.351,
        "slg": 0.359,
        "rbi": 38,
        "sb": 21,
        "hr": 4
      },
      {
        "name": "노진혁",
        "year": 22,
        "team": "NC",
        "pa": 451,
        "ops": 0.808,
        "avg": 0.28,
        "obp": 0.353,
        "slg": 0.455,
        "rbi": 75,
        "sb": 2,
        "hr": 15
      },
      {
        "name": "마티니",
        "year": 22,
        "team": "NC",
        "pa": 576,
        "ops": 0.826,
        "avg": 0.296,
        "obp": 0.365,
        "slg": 0.461,
        "rbi": 85,
        "sb": 12,
        "hr": 16
      },
      {
        "name": "박건우",
        "year": 22,
        "team": "NC",
        "pa": 463,
        "ops": 0.866,
        "avg": 0.336,
        "obp": 0.408,
        "slg": 0.458,
        "rbi": 61,
        "sb": 3,
        "hr": 10
      },
      {
        "name": "김주원",
        "year": 22,
        "team": "NC",
        "pa": 326,
        "ops": 0.719,
        "avg": 0.223,
        "obp": 0.331,
        "slg": 0.388,
        "rbi": 47,
        "sb": 10,
        "hr": 10
      },
      {
        "name": "손아섭",
        "year": 22,
        "team": "NC",
        "pa": 617,
        "ops": 0.714,
        "avg": 0.277,
        "obp": 0.347,
        "slg": 0.367,
        "rbi": 48,
        "sb": 7,
        "hr": 4
      },
      {
        "name": "권희동",
        "year": 22,
        "team": "NC",
        "pa": 280,
        "ops": 0.654,
        "avg": 0.227,
        "obp": 0.335,
        "slg": 0.319,
        "rbi": 22,
        "sb": 2,
        "hr": 5
      },
      {
        "name": "이명기",
        "year": 22,
        "team": "NC",
        "pa": 341,
        "ops": 0.648,
        "avg": 0.26,
        "obp": 0.331,
        "slg": 0.317,
        "rbi": 23,
        "sb": 5,
        "hr": 0
      }
    ]
  },
  {
    "generation": 16,
    "expected_score": 6.13,
    "lineup": [
      "마티니",
      "박민우",
      "노진혁",
      "양의지",
      "권희동",
      "이명기",
      "김주원",
      "박건우",
      "손아섭"
    ],
    "player_stats": [
      {
        "name": "마티니",
        "year": 22,
        "team": "NC",
        "pa": 576,
        "ops": 0.826,
        "avg": 0.296,
        "obp": 0.365,
        "slg": 0.461,
        "rbi": 85,
        "sb": 12,
        "hr": 16
      },
      {
        "name": "박민우",
        "year": 22,
        "team": "NC",
        "pa": 451,
        "ops": 0.71,
        "avg": 0.267,
        "obp": 0.351,
        "slg": 0.359,
        "rbi": 38,
        "sb": 21,
        "hr": 4
      },
      {
        "name": "노진혁",
        "year": 22,
        "team": "NC",
        "pa": 451,
        "ops": 0.808,
        "avg": 0.28,
        "obp": 0.353,
        "slg": 0.455,
        "rbi": 75,
        "sb": 2,
        "hr": 15
      },
      {
        "name": "양의지",
        "year": 22,
        "team": "NC",
        "pa": 510,
        "ops": 0.86,
        "avg": 0.283,
        "obp": 0.38,
        "slg": 0.48,
        "rbi": 94,
        "sb": 3,
        "hr": 20
      },
      {
        "name": "권희동",
        "year": 22,
        "team": "NC",
        "pa": 280,
        "ops": 0.654,
        "avg": 0.227,
        "obp": 0.335,
        "slg": 0.319,
        "rbi": 22,
        "sb": 2,
        "hr": 5
      },
      {
        "name": "이명기",
        "year": 22,
        "team": "NC",
        "pa": 341,
        "ops": 0.648,
        "avg": 0.26,
        "obp": 0.331,
        "slg": 0.317,
        "rbi": 23,
        "sb": 5,
        "hr": 0
      },
      {
        "name": "김주원",
        "year": 22,
        "team": "NC",
        "pa": 326,
        "ops": 0.719,
        "avg": 0.223,
        "obp": 0.331,
        "slg": 0.388,
        "rbi": 47,
        "sb": 10,
        "hr": 10
      },
      {
        "name": "박건우",
        "year": 22,
        "team": "NC",
        "pa": 463,
        "ops": 0.866,
        "avg": 0.336,
        "obp": 0.408,
        "slg": 0.458,
        "rbi": 61,
        "sb": 3,
        "hr": 10
      },
      {
        "name": "손아섭",
        "year": 22,
        "team": "NC",
        "pa": 617,
        "ops": 0.714,
        "avg": 0.277,
        "obp": 0.347,
        "slg": 0.367,
        "rbi": 48,
        "sb": 7,
        "hr": 4
      }
    ]
  },
  {
    "generation": 17,
    "expected_score": 5.935,
    "lineup": [
      "양의지",
      "권희동",
      "노진혁",
      "마티니",
      "박건우",
      "박민우",
      "손아섭",
      "김주원",
      "이명기"
    ],
    "player_stats": [
      {
        "name": "양의지",
        "year": 22,
        "team": "NC",
        "pa": 510,
        "ops": 0.86,
        "avg": 0.283,
        "obp": 0.38,
        "slg": 0.48,
        "rbi": 94,
        "sb": 3,
        "hr": 20
      },
      {
        "name": "권희동",
        "year": 22,
        "team": "NC",
        "pa": 280,
        "ops": 0.654,
        "avg": 0.227,
        "obp": 0.335,
        "slg": 0.319,
        "rbi": 22,
        "sb": 2,
        "hr": 5
      },
      {
        "name": "노진혁",
        "year": 22,
        "team": "NC",
        "pa": 451,
        "ops": 0.808,
        "avg": 0.28,
        "obp": 0.353,
        "slg": 0.455,
        "rbi": 75,
        "sb": 2,
        "hr": 15
      },
      {
        "name": "마티니",
        "year": 22,
        "team": "NC",
        "pa": 576,
        "ops": 0.826,
        "avg": 0.296,
        "obp": 0.365,
        "slg": 0.461,
        "rbi": 85,
        "sb": 12,
        "hr": 16
      },
      {
        "name": "박건우",
        "year": 22,
        "team": "NC",
        "pa": 463,
        "ops": 0.866,
        "avg": 0.336,
        "obp": 0.408,
        "slg": 0.458,
        "rbi": 61,
        "sb": 3,
        "hr": 10
      },
      {
        "name": "박민우",
        "year": 22,
        "team": "NC",
        "pa": 451,
        "ops": 0.71,
        "avg": 0.267,
        "obp": 0.351,
        "slg": 0.359,
        "rbi": 38,
        "sb": 21,
        "hr": 4
      },
      {
        "name": "손아섭",
        "year": 22,
        "team": "NC",
        "pa": 617,
        "ops": 0.714,
        "avg": 0.277,
        "obp": 0.347,
        "slg": 0.367,
        "rbi": 48,
        "sb": 7,
        "hr": 4
      },
      {
        "name": "김주원",
        "year": 22,
        "team": "NC",
        "pa": 326,
        "ops": 0.719,
        "avg": 0.223,
        "obp": 0.331,
        "slg": 0.388,
        "rbi": 47,
        "sb": 10,
        "hr": 10
      },
      {
        "name": "이명기",
        "year": 22,
        "team": "NC",
        "pa": 341,
        "ops": 0.648,
        "avg": 0.26,
        "obp": 0.331,
        "slg": 0.317,
        "rbi": 23,
        "sb": 5,
        "hr": 0
      }
    ]
  },
  {
    "generation": 18,
    "expected_score": 6.31,
    "lineup": [
      "마티니",
      "박민우",
      "노진혁",
      "박건우",
      "양의지",
      "이명기",
      "손아섭",
      "김주원",
      "권희동"
    ],
    "player_stats": [
      {
        "name": "마티니",
        "year": 22,
        "team": "NC",
        "pa": 576,
        "ops": 0.826,
        "avg": 0.296,
        "obp": 0.365,
        "slg": 0.461,
        "rbi": 85,
        "sb": 12,
        "hr": 16
      },
      {
        "name": "박민우",
        "year": 22,
        "team": "NC",
        "pa": 451,
        "ops": 0.71,
        "avg": 0.267,
        "obp": 0.351,
        "slg": 0.359,
        "rbi": 38,
        "sb": 21,
        "hr": 4
      },
      {
        "name": "노진혁",
        "year": 22,
        "team": "NC",
        "pa": 451,
        "ops": 0.808,
        "avg": 0.28,
        "obp": 0.353,
        "slg": 0.455,
        "rbi": 75,
        "sb": 2,
        "hr": 15
      },
      {
        "name": "박건우",
        "year": 22,
        "team": "NC",
        "pa": 463,
        "ops": 0.866,
        "avg": 0.336,
        "obp": 0.408,
        "slg": 0.458,
        "rbi": 61,
        "sb": 3,
        "hr": 10
      },
      {
        "name": "양의지",
        "year": 22,
        "team": "NC",
        "pa": 510,
        "ops": 0.86,
        "avg": 0.283,
        "obp": 0.38,
        "slg": 0.48,
        "rbi": 94,
        "sb": 3,
        "hr": 20
      },
      {
        "name": "이명기",
        "year": 22,
        "team": "NC",
        "pa": 341,
        "ops": 0.648,
        "avg": 0.26,
        "obp": 0.331,
        "slg": 0.317,
        "rbi": 23,
        "sb": 5,
        "hr": 0
      },
      {
        "name": "손아섭",
        "year": 22,
        "team": "NC",
        "pa": 617,
        "ops": 0.714,
        "avg": 0.277,
        "obp": 0.347,
        "slg": 0.367,
        "rbi": 48,
        "sb": 7,
        "hr": 4
      },
      {
        "name": "김주원",
        "year": 22,
        "team": "NC",
        "pa": 326,
        "ops": 0.719,
        "avg": 0.223,
        "obp": 0.331,
        "slg": 0.388,
        "rbi": 47,
        "sb": 10,
        "hr": 10
      },
      {
        "name": "권희동",
        "year": 22,
        "team": "NC",
        "pa": 280,
        "ops": 0.654,
        "avg": 0.227,
        "obp": 0.335,
        "slg": 0.319,
        "rbi": 22,
        "sb": 2,
        "hr": 5
      }
    ]
  },
  {
    "generation": 19,
    "expected_score": 6.165,
    "lineup": [
      "양의지",
      "박민우",
      "노진혁",
      "마티니",
      "박건우",
      "이명기",
      "손아섭",
      "김주원",
      "권희동"
    ],
    "player_stats": [
      {
        "name": "양의지",
        "year": 22,
        "team": "NC",
        "pa": 510,
        "ops": 0.86,
        "avg": 0.283,
        "obp": 0.38,
        "slg": 0.48,
        "rbi": 94,
        "sb": 3,
        "hr": 20
      },
      {
        "name": "박민우",
        "year": 22,
        "team": "NC",
        "pa": 451,
        "ops": 0.71,
        "avg": 0.267,
        "obp": 0.351,
        "slg": 0.359,
        "rbi": 38,
        "sb": 21,
        "hr": 4
      },
      {
        "name": "노진혁",
        "year": 22,
        "team": "NC",
        "pa": 451,
        "ops": 0.808,
        "avg": 0.28,
        "obp": 0.353,
        "slg": 0.455,
        "rbi": 75,
        "sb": 2,
        "hr": 15
      },
      {
        "name": "마티니",
        "year": 22,
        "team": "NC",
        "pa": 576,
        "ops": 0.826,
        "avg": 0.296,
        "obp": 0.365,
        "slg": 0.461,
        "rbi": 85,
        "sb": 12,
        "hr": 16
      },
      {
        "name": "박건우",
        "year": 22,
        "team": "NC",
        "pa": 463,
        "ops": 0.866,
        "avg": 0.336,
        "obp": 0.408,
        "slg": 0.458,
        "rbi": 61,
        "sb": 3,
        "hr": 10
      },
      {
        "name": "이명기",
        "year": 22,
        "team": "NC",
        "pa": 341,
        "ops": 0.648,
        "avg": 0.26,
        "obp": 0.331,
        "slg": 0.317,
        "rbi": 23,
        "sb": 5,
        "hr": 0
      },
      {
        "name": "손아섭",
        "year": 22,
        "team": "NC",
        "pa": 617,
        "ops": 0.714,
        "avg": 0.277,
        "obp": 0.347,
        "slg": 0.367,
        "rbi": 48,
        "sb": 7,
        "hr": 4
      },
      {
        "name": "김주원",
        "year": 22,
        "team": "NC",
        "pa": 326,
        "ops": 0.719,
        "avg": 0.223,
        "obp": 0.331,
        "slg": 0.388,
        "rbi": 47,
        "sb": 10,
        "hr": 10
      },
      {
        "name": "권희동",
        "year": 22,
        "team": "NC",
        "pa": 280,
        "ops": 0.654,
        "avg": 0.227,
        "obp": 0.335,
        "slg": 0.319,
        "rbi": 22,
        "sb": 2,
        "hr": 5
      }
    ]
  },
  {
    "generation": 20,
    "expected_score": 5.84,
    "lineup": [
      "양의지",
      "마티니",
      "박건우",
      "박민우",
      "노진혁",
      "김주원",
      "권희동",
      "이명기",
      "손아섭"
    ],
    "player_stats": [
      {
        "name": "양의지",
        "year": 22,
        "team": "NC",
        "pa": 510,
        "ops": 0.86,
        "avg": 0.283,
        "obp": 0.38,
        "slg": 0.48,
        "rbi": 94,
        "sb": 3,
        "hr": 20
      },
      {
        "name": "마티니",
        "year": 22,
        "team": "NC",
        "pa": 576,
        "ops": 0.826,
        "avg": 0.296,
        "obp": 0.365,
        "slg": 0.461,
        "rbi": 85,
        "sb": 12,
        "hr": 16
      },
      {
        "name": "박건우",
        "year": 22,
        "team": "NC",
        "pa": 463,
        "ops": 0.866,
        "avg": 0.336,
        "obp": 0.408,
        "slg": 0.458,
        "rbi": 61,
        "sb": 3,
        "hr": 10
      },
      {
        "name": "박민우",
        "year": 22,
        "team": "NC",
        "pa": 451,
        "ops": 0.71,
        "avg": 0.267,
        "obp": 0.351,
        "slg": 0.359,
        "rbi": 38,
        "sb": 21,
        "hr": 4
      },
      {
        "name": "노진혁",
        "year": 22,
        "team": "NC",
        "pa": 451,
        "ops": 0.808,
        "avg": 0.28,
        "obp": 0.353,
        "slg": 0.455,
        "rbi": 75,
        "sb": 2,
        "hr": 15
      },
      {
        "name": "김주원",
        "year": 22,
        "team": "NC",
        "pa": 326,
        "ops": 0.719,
        "avg": 0.223,
        "obp": 0.331,
        "slg": 0.388,
        "rbi": 47,
        "sb": 10,
        "hr": 10
      },
      {
        "name": "권희동",
        "year": 22,
        "team": "NC",
        "pa": 280,
        "ops": 0.654,
        "avg": 0.227,
        "obp": 0.335,
        "slg": 0.319,
        "rbi": 22,
        "sb": 2,
        "hr": 5
      },
      {
        "name": "이명기",
        "year": 22,
        "team": "NC",
        "pa": 341,
        "ops": 0.648,
        "avg": 0.26,
        "obp": 0.331,
        "slg": 0.317,
        "rbi": 23,
        "sb": 5,
        "hr": 0
      },
      {
        "name": "손아섭",
        "year": 22,
        "team": "NC",
        "pa": 617,
        "ops": 0.714,
        "avg": 0.277,
        "obp": 0.347,
        "slg": 0.367,
        "rbi": 48,
        "sb": 7,
        "hr": 4
      }
    ]
  },
  {
    "generation": 21,
    "expected_score": 6.09,
    "lineup": [
      "권희동",
      "노진혁",
      "박민우",
      "박건우",
      "손아섭",
      "김주원",
      "양의지",
      "이명기",
      "마티니"
    ],
    "player_stats": [
      {
        "name": "권희동",
        "year": 22,
        "team": "NC",
        "pa": 280,
        "ops": 0.654,
        "avg": 0.227,
        "obp": 0.335,
        "slg": 0.319,
        "rbi": 22,
        "sb": 2,
        "hr": 5
      },
      {
        "name": "노진혁",
        "year": 22,
        "team": "NC",
        "pa": 451,
        "ops": 0.808,
        "avg": 0.28,
        "obp": 0.353,
        "slg": 0.455,
        "rbi": 75,
        "sb": 2,
        "hr": 15
      },
      {
        "name": "박민우",
        "year": 22,
        "team": "NC",
        "pa": 451,
        "ops": 0.71,
        "avg": 0.267,
        "obp": 0.351,
        "slg": 0.359,
        "rbi": 38,
        "sb": 21,
        "hr": 4
      },
      {
        "name": "박건우",
        "year": 22,
        "team": "NC",
        "pa": 463,
        "ops": 0.866,
        "avg": 0.336,
        "obp": 0.408,
        "slg": 0.458,
        "rbi": 61,
        "sb": 3,
        "hr": 10
      },
      {
        "name": "손아섭",
        "year": 22,
        "team": "NC",
        "pa": 617,
        "ops": 0.714,
        "avg": 0.277,
        "obp": 0.347,
        "slg": 0.367,
        "rbi": 48,
        "sb": 7,
        "hr": 4
      },
      {
        "name": "김주원",
        "year": 22,
        "team": "NC",
        "pa": 326,
        "ops": 0.719,
        "avg": 0.223,
        "obp": 0.331,
        "slg": 0.388,
        "rbi": 47,
        "sb": 10,
        "hr": 10
      },
      {
        "name": "양의지",
        "year": 22,
        "team": "NC",
        "pa": 510,
        "ops": 0.86,
        "avg": 0.283,
        "obp": 0.38,
        "slg": 0.48,
        "rbi": 94,
        "sb": 3,
        "hr": 20
      },
      {
        "name": "이명기",
        "year": 22,
        "team": "NC",
        "pa": 341,
        "ops": 0.648,
        "avg": 0.26,
        "obp": 0.331,
        "slg": 0.317,
        "rbi": 23,
        "sb": 5,
        "hr": 0
      },
      {
        "name": "마티니",
        "year": 22,
        "team": "NC",
        "pa": 576,
        "ops": 0.826,
        "avg": 0.296,
        "obp": 0.365,
        "slg": 0.461,
        "rbi": 85,
        "sb": 12,
        "hr": 16
      }
    ]
  },
  {
    "generation": 22,
    "expected_score": 6.08,
    "lineup": [
      "마티니",
      "권희동",
      "노진혁",
      "박건우",
      "양의지",
      "박민우",
      "손아섭",
      "이명기",
      "김주원"
    ],
    "player_stats": [
      {
        "name": "마티니",
        "year": 22,
        "team": "NC",
        "pa": 576,
        "ops": 0.826,
        "avg": 0.296,
        "obp": 0.365,
        "slg": 0.461,
        "rbi": 85,
        "sb": 12,
        "hr": 16
      },
      {
        "name": "권희동",
        "year": 22,
        "team": "NC",
        "pa": 280,
        "ops": 0.654,
        "avg": 0.227,
        "obp": 0.335,
        "slg": 0.319,
        "rbi": 22,
        "sb": 2,
        "hr": 5
      },
      {
        "name": "노진혁",
        "year": 22,
        "team": "NC",
        "pa": 451,
        "ops": 0.808,
        "avg": 0.28,
        "obp": 0.353,
        "slg": 0.455,
        "rbi": 75,
        "sb": 2,
        "hr": 15
      },
      {
        "name": "박건우",
        "year": 22,
        "team": "NC",
        "pa": 463,
        "ops": 0.866,
        "avg": 0.336,
        "obp": 0.408,
        "slg": 0.458,
        "rbi": 61,
        "sb": 3,
        "hr": 10
      },
      {
        "name": "양의지",
        "year": 22,
        "team": "NC",
        "pa": 510,
        "ops": 0.86,
        "avg": 0.283,
        "obp": 0.38,
        "slg": 0.48,
        "rbi": 94,
        "sb": 3,
        "hr": 20
      },
      {
        "name": "박민우",
        "year": 22,
        "team": "NC",
        "pa": 451,
        "ops": 0.71,
        "avg": 0.267,
        "obp": 0.351,
        "slg": 0.359,
        "rbi": 38,
        "sb": 21,
        "hr": 4
      },
      {
        "name": "손아섭",
        "year": 22,
        "team": "NC",
        "pa": 617,
        "ops": 0.714,
        "avg": 0.277,
        "obp": 0.347,
        "slg": 0.367,
        "rbi": 48,
        "sb": 7,
        "hr": 4
      },
      {
        "name": "이명기",
        "year": 22,
        "team": "NC",
        "pa": 341,
        "ops": 0.648,
        "avg": 0.26,
        "obp": 0.331,
        "slg": 0.317,
        "rbi": 23,
        "sb": 5,
        "hr": 0
      },
      {
        "name": "김주원",
        "year": 22,
        "team": "NC",
        "pa": 326,
        "ops": 0.719,
        "avg": 0.223,
        "obp": 0.331,
        "slg": 0.388,
        "rbi": 47,
        "sb": 10,
        "hr": 10
      }
    ]
  },
  {
    "generation": 23,
    "expected_score": 6.115,
    "lineup": [
      "노진혁",
      "양의지",
      "마티니",
      "권희동",
      "박민우",
      "박건우",
      "손아섭",
      "김주원",
      "이명기"
    ],
    "player_stats": [
      {
        "name": "노진혁",
        "year": 22,
        "team": "NC",
        "pa": 451,
        "ops": 0.808,
        "avg": 0.28,
        "obp": 0.353,
        "slg": 0.455,
        "rbi": 75,
        "sb": 2,
        "hr": 15
      },
      {
        "name": "양의지",
        "year": 22,
        "team": "NC",
        "pa": 510,
        "ops": 0.86,
        "avg": 0.283,
        "obp": 0.38,
        "slg": 0.48,
        "rbi": 94,
        "sb": 3,
        "hr": 20
      },
      {
        "name": "마티니",
        "year": 22,
        "team": "NC",
        "pa": 576,
        "ops": 0.826,
        "avg": 0.296,
        "obp": 0.365,
        "slg": 0.461,
        "rbi": 85,
        "sb": 12,
        "hr": 16
      },
      {
        "name": "권희동",
        "year": 22,
        "team": "NC",
        "pa": 280,
        "ops": 0.654,
        "avg": 0.227,
        "obp": 0.335,
        "slg": 0.319,
        "rbi": 22,
        "sb": 2,
        "hr": 5
      },
      {
        "name": "박민우",
        "year": 22,
        "team": "NC",
        "pa": 451,
        "ops": 0.71,
        "avg": 0.267,
        "obp": 0.351,
        "slg": 0.359,
        "rbi": 38,
        "sb": 21,
        "hr": 4
      },
      {
        "name": "박건우",
        "year": 22,
        "team": "NC",
        "pa": 463,
        "ops": 0.866,
        "avg": 0.336,
        "obp": 0.408,
        "slg": 0.458,
        "rbi": 61,
        "sb": 3,
        "hr": 10
      },
      {
        "name": "손아섭",
        "year": 22,
        "team": "NC",
        "pa": 617,
        "ops": 0.714,
        "avg": 0.277,
        "obp": 0.347,
        "slg": 0.367,
        "rbi": 48,
        "sb": 7,
        "hr": 4
      },
      {
        "name": "김주원",
        "year": 22,
        "team": "NC",
        "pa": 326,
        "ops": 0.719,
        "avg": 0.223,
        "obp": 0.331,
        "slg": 0.388,
        "rbi": 47,
        "sb": 10,
        "hr": 10
      },
      {
        "name": "이명기",
        "year": 22,
        "team": "NC",
        "pa": 341,
        "ops": 0.648,
        "avg": 0.26,
        "obp": 0.331,
        "slg": 0.317,
        "rbi": 23,
        "sb": 5,
        "hr": 0
      }
    ]
  },
  {
    "generation": 24,
    "expected_score": 6.055,
    "lineup": [
      "권희동",
      "노진혁",
      "박민우",
      "박건우",
      "손아섭",
      "김주원",
      "양의지",
      "이명기",
      "마티니"
    ],
    "player_stats": [
      {
        "name": "권희동",
        "year": 22,
        "team": "NC",
        "pa": 280,
        "ops": 0.654,
        "avg": 0.227,
        "obp": 0.335,
        "slg": 0.319,
        "rbi": 22,
        "sb": 2,
        "hr": 5
      },
      {
        "name": "노진혁",
        "year": 22,
        "team": "NC",
        "pa": 451,
        "ops": 0.808,
        "avg": 0.28,
        "obp": 0.353,
        "slg": 0.455,
        "rbi": 75,
        "sb": 2,
        "hr": 15
      },
      {
        "name": "박민우",
        "year": 22,
        "team": "NC",
        "pa": 451,
        "ops": 0.71,
        "avg": 0.267,
        "obp": 0.351,
        "slg": 0.359,
        "rbi": 38,
        "sb": 21,
        "hr": 4
      },
      {
        "name": "박건우",
        "year": 22,
        "team": "NC",
        "pa": 463,
        "ops": 0.866,
        "avg": 0.336,
        "obp": 0.408,
        "slg": 0.458,
        "rbi": 61,
        "sb": 3,
        "hr": 10
      },
      {
        "name": "손아섭",
        "year": 22,
        "team": "NC",
        "pa": 617,
        "ops": 0.714,
        "avg": 0.277,
        "obp": 0.347,
        "slg": 0.367,
        "rbi": 48,
        "sb": 7,
        "hr": 4
      },
      {
        "name": "김주원",
        "year": 22,
        "team": "NC",
        "pa": 326,
        "ops": 0.719,
        "avg": 0.223,
        "obp": 0.331,
        "slg": 0.388,
        "rbi": 47,
        "sb": 10,
        "hr": 10
      },
      {
        "name": "양의지",
        "year": 22,
        "team": "NC",
        "pa": 510,
        "ops": 0.86,
        "avg": 0.283,
        "obp": 0.38,
        "slg": 0.48,
        "rbi": 94,
        "sb": 3,
        "hr": 20
      },
      {
        "name": "이명기",
        "year": 22,
        "team": "NC",
        "pa": 341,
        "ops": 0.648,
        "avg": 0.26,
        "obp": 0.331,
        "slg": 0.317,
        "rbi": 23,
        "sb": 5,
        "hr": 0
      },
      {
        "name": "마티니",
        "year": 22,
        "team": "NC",
        "pa": 576,
        "ops": 0.826,
        "avg": 0.296,
        "obp": 0.365,
        "slg": 0.461,
        "rbi": 85,
        "sb": 12,
        "hr": 16
      }
    ]
  },
  {
    "generation": 25,
    "expected_score": 6.05,
    "lineup": [
      "노진혁",
      "권희동",
      "마티니",
      "박건우",
      "양의지",
      "박민우",
      "손아섭",
      "김주원",
      "이명기"
    ],
    "player_stats": [
      {
        "name": "노진혁",
        "year": 22,
        "team": "NC",
        "pa": 451,
        "ops": 0.808,
        "avg": 0.28,
        "obp": 0.353,
        "slg": 0.455,
        "rbi": 75,
        "sb": 2,
        "hr": 15
      },
      {
        "name": "권희동",
        "year": 22,
        "team": "NC",
        "pa": 280,
        "ops": 0.654,
        "avg": 0.227,
        "obp": 0.335,
        "slg": 0.319,
        "rbi": 22,
        "sb": 2,
        "hr": 5
      },
      {
        "name": "마티니",
        "year": 22,
        "team": "NC",
        "pa": 576,
        "ops": 0.826,
        "avg": 0.296,
        "obp": 0.365,
        "slg": 0.461,
        "rbi": 85,
        "sb": 12,
        "hr": 16
      },
      {
        "name": "박건우",
        "year": 22,
        "team": "NC",
        "pa": 463,
        "ops": 0.866,
        "avg": 0.336,
        "obp": 0.408,
        "slg": 0.458,
        "rbi": 61,
        "sb": 3,
        "hr": 10
      },
      {
        "name": "양의지",
        "year": 22,
        "team": "NC",
        "pa": 510,
        "ops": 0.86,
        "avg": 0.283,
        "obp": 0.38,
        "slg": 0.48,
        "rbi": 94,
        "sb": 3,
        "hr": 20
      },
      {
        "name": "박민우",
        "year": 22,
        "team": "NC",
        "pa": 451,
        "ops": 0.71,
        "avg": 0.267,
        "obp": 0.351,
        "slg": 0.359,
        "rbi": 38,
        "sb": 21,
        "hr": 4
      },
      {
        "name": "손아섭",
        "year": 22,
        "team": "NC",
        "pa": 617,
        "ops": 0.714,
        "avg": 0.277,
        "obp": 0.347,
        "slg": 0.367,
        "rbi": 48,
        "sb": 7,
        "hr": 4
      },
      {
        "name": "김주원",
        "year": 22,
        "team": "NC",
        "pa": 326,
        "ops": 0.719,
        "avg": 0.223,
        "obp": 0.331,
        "slg": 0.388,
        "rbi": 47,
        "sb": 10,
        "hr": 10
      },
      {
        "name": "이명기",
        "year": 22,
        "team": "NC",
        "pa": 341,
        "ops": 0.648,
        "avg": 0.26,
        "obp": 0.331,
        "slg": 0.317,
        "rbi": 23,
        "sb": 5,
        "hr": 0
      }
    ]
  },
  {
    "generation": 26,
    "expected_score": 6.11,
    "lineup": [
      "권희동",
      "노진혁",
      "양의지",
      "마티니",
      "박건우",
      "박민우",
      "손아섭",
      "김주원",
      "이명기"
    ],
    "player_stats": [
      {
        "name": "권희동",
        "year": 22,
        "team": "NC",
        "pa": 280,
        "ops": 0.654,
        "avg": 0.227,
        "obp": 0.335,
        "slg": 0.319,
        "rbi": 22,
        "sb": 2,
        "hr": 5
      },
      {
        "name": "노진혁",
        "year": 22,
        "team": "NC",
        "pa": 451,
        "ops": 0.808,
        "avg": 0.28,
        "obp": 0.353,
        "slg": 0.455,
        "rbi": 75,
        "sb": 2,
        "hr": 15
      },
      {
        "name": "양의지",
        "year": 22,
        "team": "NC",
        "pa": 510,
        "ops": 0.86,
        "avg": 0.283,
        "obp": 0.38,
        "slg": 0.48,
        "rbi": 94,
        "sb": 3,
        "hr": 20
      },
      {
        "name": "마티니",
        "year": 22,
        "team": "NC",
        "pa": 576,
        "ops": 0.826,
        "avg": 0.296,
        "obp": 0.365,
        "slg": 0.461,
        "rbi": 85,
        "sb": 12,
        "hr": 16
      },
      {
        "name": "박건우",
        "year": 22,
        "team": "NC",
        "pa": 463,
        "ops": 0.866,
        "avg": 0.336,
        "obp": 0.408,
        "slg": 0.458,
        "rbi": 61,
        "sb": 3,
        "hr": 10
      },
      {
        "name": "박민우",
        "year": 22,
        "team": "NC",
        "pa": 451,
        "ops": 0.71,
        "avg": 0.267,
        "obp": 0.351,
        "slg": 0.359,
        "rbi": 38,
        "sb": 21,
        "hr": 4
      },
      {
        "name": "손아섭",
        "year": 22,
        "team": "NC",
        "pa": 617,
        "ops": 0.714,
        "avg": 0.277,
        "obp": 0.347,
        "slg": 0.367,
        "rbi": 48,
        "sb": 7,
        "hr": 4
      },
      {
        "name": "김주원",
        "year": 22,
        "team": "NC",
        "pa": 326,
        "ops": 0.719,
        "avg": 0.223,
        "obp": 0.331,
        "slg": 0.388,
        "rbi": 47,
        "sb": 10,
        "hr": 10
      },
      {
        "name": "이명기",
        "year": 22,
        "team": "NC",
        "pa": 341,
        "ops": 0.648,
        "avg": 0.26,
        "obp": 0.331,
        "slg": 0.317,
        "rbi": 23,
        "sb": 5,
        "hr": 0
      }
    ]
  },
  {
    "generation": 27,
    "expected_score": 6.06,
    "lineup": [
      "양의지",
      "권희동",
      "마티니",
      "박민우",
      "노진혁",
      "박건우",
      "손아섭",
      "김주원",
      "이명기"
    ],
    "player_stats": [
      {
        "name": "양의지",
        "year": 22,
        "team": "NC",
        "pa": 510,
        "ops": 0.86,
        "avg": 0.283,
        "obp": 0.38,
        "slg": 0.48,
        "rbi": 94,
        "sb": 3,
        "hr": 20
      },
      {
        "name": "권희동",
        "year": 22,
        "team": "NC",
        "pa": 280,
        "ops": 0.654,
        "avg": 0.227,
        "obp": 0.335,
        "slg": 0.319,
        "rbi": 22,
        "sb": 2,
        "hr": 5
      },
      {
        "name": "마티니",
        "year": 22,
        "team": "NC",
        "pa": 576,
        "ops": 0.826,
        "avg": 0.296,
        "obp": 0.365,
        "slg": 0.461,
        "rbi": 85,
        "sb": 12,
        "hr": 16
      },
      {
        "name": "박민우",
        "year": 22,
        "team": "NC",
        "pa": 451,
        "ops": 0.71,
        "avg": 0.267,
        "obp": 0.351,
        "slg": 0.359,
        "rbi": 38,
        "sb": 21,
        "hr": 4
      },
      {
        "name": "노진혁",
        "year": 22,
        "team": "NC",
        "pa": 451,
        "ops": 0.808,
        "avg": 0.28,
        "obp": 0.353,
        "slg": 0.455,
        "rbi": 75,
        "sb": 2,
        "hr": 15
      },
      {
        "name": "박건우",
        "year": 22,
        "team": "NC",
        "pa": 463,
        "ops": 0.866,
        "avg": 0.336,
        "obp": 0.408,
        "slg": 0.458,
        "rbi": 61,
        "sb": 3,
        "hr": 10
      },
      {
        "name": "손아섭",
        "year": 22,
        "team": "NC",
        "pa": 617,
        "ops": 0.714,
        "avg": 0.277,
        "obp": 0.347,
        "slg": 0.367,
        "rbi": 48,
        "sb": 7,
        "hr": 4
      },
      {
        "name": "김주원",
        "year": 22,
        "team": "NC",
        "pa": 326,
        "ops": 0.719,
        "avg": 0.223,
        "obp": 0.331,
        "slg": 0.388,
        "rbi": 47,
        "sb": 10,
        "hr": 10
      },
      {
        "name": "이명기",
        "year": 22,
        "team": "NC",
        "pa": 341,
        "ops": 0.648,
        "avg": 0.26,
        "obp": 0.331,
        "slg": 0.317,
        "rbi": 23,
        "sb": 5,
        "hr": 0
      }
    ]
  },
  {
    "generation": 28,
    "expected_score": 5.925,
    "lineup": [
      "권희동",
      "마티니",
      "박민우",
      "노진혁",
      "박건우",
      "양의지",
      "손아섭",
      "김주원",
      "이명기"
    ],
    "player_stats": [
      {
        "name": "권희동",
        "year": 22,
        "team": "NC",
        "pa": 280,
        "ops": 0.654,
        "avg": 0.227,
        "obp": 0.335,
        "slg": 0.319,
        "rbi": 22,
        "sb": 2,
        "hr": 5
      },
      {
        "name": "마티니",
        "year": 22,
        "team": "NC",
        "pa": 576,
        "ops": 0.826,
        "avg": 0.296,
        "obp": 0.365,
        "slg": 0.461,
        "rbi": 85,
        "sb": 12,
        "hr": 16
      },
      {
        "name": "박민우",
        "year": 22,
        "team": "NC",
        "pa": 451,
        "ops": 0.71,
        "avg": 0.267,
        "obp": 0.351,
        "slg": 0.359,
        "rbi": 38,
        "sb": 21,
        "hr": 4
      },
      {
        "name": "노진혁",
        "year": 22,
        "team": "NC",
        "pa": 451,
        "ops": 0.808,
        "avg": 0.28,
        "obp": 0.353,
        "slg": 0.455,
        "rbi": 75,
        "sb": 2,
        "hr": 15
      },
      {
        "name": "박건우",
        "year": 22,
        "team": "NC",
        "pa": 463,
        "ops": 0.866,
        "avg": 0.336,
        "obp": 0.408,
        "slg": 0.458,
        "rbi": 61,
        "sb": 3,
        "hr": 10
      },
      {
        "name": "양의지",
        "year": 22,
        "team": "NC",
        "pa": 510,
        "ops": 0.86,
        "avg": 0.283,
        "obp": 0.38,
        "slg": 0.48,
        "rbi": 94,
        "sb": 3,
        "hr": 20
      },
      {
        "name": "손아섭",
        "year": 22,
        "team": "NC",
        "pa": 617,
        "ops": 0.714,
        "avg": 0.277,
        "obp": 0.347,
        "slg": 0.367,
        "rbi": 48,
        "sb": 7,
        "hr": 4
      },
      {
        "name": "김주원",
        "year": 22,
        "team": "NC",
        "pa": 326,
        "ops": 0.719,
        "avg": 0.223,
        "obp": 0.331,
        "slg": 0.388,
        "rbi": 47,
        "sb": 10,
        "hr": 10
      },
      {
        "name": "이명기",
        "year": 22,
        "team": "NC",
        "pa": 341,
        "ops": 0.648,
        "avg": 0.26,
        "obp": 0.331,
        "slg": 0.317,
        "rbi": 23,
        "sb": 5,
        "hr": 0
      }
    ]
  },
  {
    "generation": 29,
    "expected_score": 6.05,
    "lineup": [
      "권희동",
      "노진혁",
      "양의지",
      "마티니",
      "박건우",
      "박민우",
      "손아섭",
      "김주원",
      "이명기"
    ],
    "player_stats": [
      {
        "name": "권희동",
        "year": 22,
        "team": "NC",
        "pa": 280,
        "ops": 0.654,
        "avg": 0.227,
        "obp": 0.335,
        "slg": 0.319,
        "rbi": 22,
        "sb": 2,
        "hr": 5
      },
      {
        "name": "노진혁",
        "year": 22,
        "team": "NC",
        "pa": 451,
        "ops": 0.808,
        "avg": 0.28,
        "obp": 0.353,
        "slg": 0.455,
        "rbi": 75,
        "sb": 2,
        "hr": 15
      },
      {
        "name": "양의지",
        "year": 22,
        "team": "NC",
        "pa": 510,
        "ops": 0.86,
        "avg": 0.283,
        "obp": 0.38,
        "slg": 0.48,
        "rbi": 94,
        "sb": 3,
        "hr": 20
      },
      {
        "name": "마티니",
        "year": 22,
        "team": "NC",
        "pa": 576,
        "ops": 0.826,
        "avg": 0.296,
        "obp": 0.365,
        "slg": 0.461,
        "rbi": 85,
        "sb": 12,
        "hr": 16
      },
      {
        "name": "박건우",
        "year": 22,
        "team": "NC",
        "pa": 463,
        "ops": 0.866,
        "avg": 0.336,
        "obp": 0.408,
        "slg": 0.458,
        "rbi": 61,
        "sb": 3,
        "hr": 10
      },
      {
        "name": "박민우",
        "year": 22,
        "team": "NC",
        "pa": 451,
        "ops": 0.71,
        "avg": 0.267,
        "obp": 0.351,
        "slg": 0.359,
        "rbi": 38,
        "sb": 21,
        "hr": 4
      },
      {
        "name": "손아섭",
        "year": 22,
        "team": "NC",
        "pa": 617,
        "ops": 0.714,
        "avg": 0.277,
        "obp": 0.347,
        "slg": 0.367,
        "rbi": 48,
        "sb": 7,
        "hr": 4
      },
      {
        "name": "김주원",
        "year": 22,
        "team": "NC",
        "pa": 326,
        "ops": 0.719,
        "avg": 0.223,
        "obp": 0.331,
        "slg": 0.388,
        "rbi": 47,
        "sb": 10,
        "hr": 10
      },
      {
        "name": "이명기",
        "year": 22,
        "team": "NC",
        "pa": 341,
        "ops": 0.648,
        "avg": 0.26,
        "obp": 0.331,
        "slg": 0.317,
        "rbi": 23,
        "sb": 5,
        "hr": 0
      }
    ]
  },
  {
    "generation": 30,
    "expected_score": 6.165,
    "lineup": [
      "권희동",
      "박민우",
      "양의지",
      "노진혁",
      "박건우",
      "마티니",
      "손아섭",
      "김주원",
      "이명기"
    ],
    "player_stats": [
      {
        "name": "권희동",
        "year": 22,
        "team": "NC",
        "pa": 280,
        "ops": 0.654,
        "avg": 0.227,
        "obp": 0.335,
        "slg": 0.319,
        "rbi": 22,
        "sb": 2,
        "hr": 5
      },
      {
        "name": "박민우",
        "year": 22,
        "team": "NC",
        "pa": 451,
        "ops": 0.71,
        "avg": 0.267,
        "obp": 0.351,
        "slg": 0.359,
        "rbi": 38,
        "sb": 21,
        "hr": 4
      },
      {
        "name": "양의지",
        "year": 22,
        "team": "NC",
        "pa": 510,
        "ops": 0.86,
        "avg": 0.283,
        "obp": 0.38,
        "slg": 0.48,
        "rbi": 94,
        "sb": 3,
        "hr": 20
      },
      {
        "name": "노진혁",
        "year": 22,
        "team": "NC",
        "pa": 451,
        "ops": 0.808,
        "avg": 0.28,
        "obp": 0.353,
        "slg": 0.455,
        "rbi": 75,
        "sb": 2,
        "hr": 15
      },
      {
        "name": "박건우",
        "year": 22,
        "team": "NC",
        "pa": 463,
        "ops": 0.866,
        "avg": 0.336,
        "obp": 0.408,
        "slg": 0.458,
        "rbi": 61,
        "sb": 3,
        "hr": 10
      },
      {
        "name": "마티니",
        "year": 22,
        "team": "NC",
        "pa": 576,
        "ops": 0.826,
        "avg": 0.296,
        "obp": 0.365,
        "slg": 0.461,
        "rbi": 85,
        "sb": 12,
        "hr": 16
      },
      {
        "name": "손아섭",
        "year": 22,
        "team": "NC",
        "pa": 617,
        "ops": 0.714,
        "avg": 0.277,
        "obp": 0.347,
        "slg": 0.367,
        "rbi": 48,
        "sb": 7,
        "hr": 4
      },
      {
        "name": "김주원",
        "year": 22,
        "team": "NC",
        "pa": 326,
        "ops": 0.719,
        "avg": 0.223,
        "obp": 0.331,
        "slg": 0.388,
        "rbi": 47,
        "sb": 10,
        "hr": 10
      },
      {
        "name": "이명기",
        "year": 22,
        "team": "NC",
        "pa": 341,
        "ops": 0.648,
        "avg": 0.26,
        "obp": 0.331,
        "slg": 0.317,
        "rbi": 23,
        "sb": 5,
        "hr": 0
      }
    ]
  }
]