[
  {
    "generation": 1,
    "expected_score": 5.36,
    "lineup": [
      "박성한",
      "이재원",
      "한유섬",
      "최지훈",
      "김성현",
      "최정",
      "오태곤",
      "최주환",
      "추신수"
    ],
    "player_stats": [
      {
        "name": "박성한",
        "year": 22,
        "team": "SSG",
        "pa": 564,
        "ops": 0.749,
        "avg": 0.298,
        "obp": 0.375,
        "slg": 0.374,
        "rbi": 56,
        "sb": 12,
        "hr": 2
      },
      {
        "name": "이재원",
        "year": 22,
        "team": "SSG",
        "pa": 279,
        "ops": 0.574,
        "avg": 0.201,
        "obp": 0.296,
        "slg": 0.278,
        "rbi": 28,
        "sb": 1,
        "hr": 4
      },
      {
        "name": "한유섬",
        "year": 22,
        "team": "SSG",
        "pa": 545,
        "ops": 0.85,
        "avg": 0.264,
        "obp": 0.372,
        "slg": 0.478,
        "rbi": 100,
        "sb": 1,
        "hr": 21
      },
      {
        "name": "최지훈",
        "year": 22,
        "team": "SSG",
        "pa": 640,
        "ops": 0.789,
        "avg": 0.304,
        "obp": 0.362,
        "slg": 0.427,
        "rbi": 61,
        "sb": 31,
        "hr": 10
      },
      {
        "name": "김성현",
        "year": 22,
        "team": "SSG",
        "pa": 359,
        "ops": 0.57,
        "avg": 0.219,
        "obp": 0.295,
        "slg": 0.275,
        "rbi": 37,
        "sb": 3,
        "hr": 2
      },
      {
        "name": "최정",
        "year": 22,
        "team": "SSG",
        "pa": 505,
        "ops": 0.891,
        "avg": 0.266,
        "obp": 0.386,
        "slg": 0.505,
        "rbi": 87,
        "sb": 12,
        "hr": 26
      },
      {
        "name": "오태곤",
        "year": 22,
        "team": "SSG",
        "pa": 295,
        "ops": 0.631,
        "avg": 0.232,
        "obp": 0.293,
        "slg": 0.338,
        "rbi": 23,
        "sb": 11,
        "hr": 4
      },
      {
        "name": "최주환",
        "year": 22,
        "team": "SSG",
        "pa": 333,
        "ops": 0.65,
        "avg": 0.211,
        "obp": 0.288,
        "slg": 0.362,
        "rbi": 41,
        "sb": 0,
        "hr": 9
      },
      {
        "name": "추신수",
        "year": 22,
        "team": "SSG",
        "pa": 499,
        "ops": 0.812,
        "avg": 0.259,
        "obp": 0.382,
        "slg": 0.43,
        "rbi": 58,
        "sb": 15,
        "hr": 16
      }
    ]
  },
  {
    "generation": 2,
    "expected_score": 5.28,
    "lineup": [
      "최지훈",
      "이재원",
      "오태곤",
      "추신수",
      "한유섬",
      "최주환",
      "박성한",
      "최정",
      "김성현"
    ],
    "player_stats": [
      {
        "name": "최지훈",
        "year": 22,
        "team": "SSG",
        "pa": 640,
        "ops": 0.789,
        "avg": 0.304,
        "obp": 0.362,
        "slg": 0.427,
        "rbi": 61,
        "sb": 31,
        "hr": 10
      },
      {
        "name": "이재원",
        "year": 22,
        "team": "SSG",
        "pa": 279,
        "ops": 0.574,
        "avg": 0.201,
        "obp": 0.296,
        "slg": 0.278,
        "rbi": 28,
        "sb": 1,
        "hr": 4
      },
      {
        "name": "오태곤",
        "year": 22,
        "team": "SSG",
        "pa": 295,
        "ops": 0.631,
        "avg": 0.232,
        "obp": 0.293,
        "slg": 0.338,
        "rbi": 23,
        "sb": 11,
        "hr": 4
      },
      {
        "name": "추신수",
        "year": 22,
        "team": "SSG",
        "pa": 499,
        "ops": 0.812,
        "avg": 0.259,
        "obp": 0.382,
        "slg": 0.43,
        "rbi": 58,
        "sb": 15,
        "hr": 16
      },
      {
        "name": "한유섬",
        "year": 22,
        "team": "SSG",
        "pa": 545,
        "ops": 0.85,
        "avg": 0.264,
        "obp": 0.372,
        "slg": 0.478,
        "rbi": 100,
        "sb": 1,
        "hr": 21
      },
      {
        "name": "최주환",
        "year": 22,
        "team": "SSG",
        "pa": 333,
        "ops": 0.65,
        "avg": 0.211,
        "obp": 0.288,
        "slg": 0.362,
        "rbi": 41,
        "sb": 0,
        "hr": 9
      },
      {
        "name": "박성한",
        "year": 22,
        "team": "SSG",
        "pa": 564,
        "ops": 0.749,
        "avg": 0.298,
        "obp": 0.375,
        "slg": 0.374,
        "rbi": 56,
        "sb": 12,
        "hr": 2
      },
      {
        "name": "최정",
        "year": 22,
        "team": "SSG",
        "pa": 505,
        "ops": 0.891,
        "avg": 0.266,
        "obp": 0.386,
        "slg": 0.505,
        "rbi": 87,
        "sb": 12,
        "hr": 26
      },
      {
        "name": "김성현",
        "year": 22,
        "team": "SSG",
        "pa": 359,
        "ops": 0.57,
        "avg": 0.219,
        "obp": 0.295,
        "slg": 0.275,
        "rbi": 37,
        "sb": 3,
        "hr": 2
      }
    ]
  },
  {
    "generation": 3,
    "expected_score": 5.675,
    "lineup": [
      "이재원",
      "박성한",
      "최지훈",
      "최정",
      "한유섬",
      "추신수",
      "김성현",
      "오태곤",
      "최주환"
    ],
    "player_stats": [
      {
        "name": "이재원",
        "year": 22,
        "team": "SSG",
        "pa": 279,
        "ops": 0.574,
        "avg": 0.201,
        "obp": 0.296,
        "slg": 0.278,
        "rbi": 28,
        "sb": 1,
        "hr": 4
      },
      {
        "name": "박성한",
        "year": 22,
        "team": "SSG",
        "pa": 564,
        "ops": 0.749,
        "avg": 0.298,
        "obp": 0.375,
        "slg": 0.374,
        "rbi": 56,
        "sb": 12,
        "hr": 2
      },
      {
        "name": "최지훈",
        "year": 22,
        "team": "SSG",
        "pa": 640,
        "ops": 0.789,
        "avg": 0.304,
        "obp": 0.362,
        "slg": 0.427,
        "rbi": 61,
        "sb": 31,
        "hr": 10
      },
      {
        "name": "최정",
        "year": 22,
        "team": "SSG",
        "pa": 505,
        "ops": 0.891,
        "avg": 0.266,
        "obp": 0.386,
        "slg": 0.505,
        "rbi": 87,
        "sb": 12,
        "hr": 26
      },
      {
        "name": "한유섬",
        "year": 22,
        "team": "SSG",
        "pa": 545,
        "ops": 0.85,
        "avg": 0.264,
        "obp": 0.372,
        "slg": 0.478,
        "rbi": 100,
        "sb": 1,
        "hr": 21
      },
      {
        "name": "추신수",
        "year": 22,
        "team": "SSG",
        "pa": 499,
        "ops": 0.812,
        "avg": 0.259,
        "obp": 0.382,
        "slg": 0.43,
        "rbi": 58,
        "sb": 15,
        "hr": 16
      },
      {
        "name": "김성현",
        "year": 22,
        "team": "SSG",
        "pa": 359,
        "ops": 0.57,
        "avg": 0.219,
        "obp": 0.295,
        "slg": 0.275,
        "rbi": 37,
        "sb": 3,
        "hr": 2
      },
      {
        "name": "오태곤",
        "year": 22,
        "team": "SSG",
        "pa": 295,
        "ops": 0.631,
        "avg": 0.232,
        "obp": 0.293,
        "slg": 0.338,
        "rbi": 23,
        "sb": 11,
        "hr": 4
      },
      {
        "name": "최주환",
        "year": 22,
        "team": "SSG",
        "pa": 333,
        "ops": 0.65,
        "avg": 0.211,
        "obp": 0.288,
        "slg": 0.362,
        "rbi": 41,
        "sb": 0,
        "hr": 9
      }
    ]
  },
  {
    "generation": 4,
    "expected_score": 5.375,
    "lineup": [
      "박성한",
      "이재원",
      "최지훈",
      "최정",
      "최주환",
      "추신수",
      "김성현",
      "오태곤",
      "한유섬"
    ],
    "player_stats": [
      {
        "name": "박성한",
        "year": 22,
        "team": "SSG",
        "pa": 564,
        "ops": 0.749,
        "avg": 0.298,
        "obp": 0.375,
        "slg": 0.374,
        "rbi": 56,
        "sb": 12,
        "hr": 2
      },
      {
        "name": "이재원",
        "year": 22,
        "team": "SSG",
        "pa": 279,
        "ops": 0.574,
        "avg": 0.201,
        "obp": 0.296,
        "slg": 0.278,
        "rbi": 28,
        "sb": 1,
        "hr": 4
      },
      {
        "name": "최지훈",
        "year": 22,
        "team": "SSG",
        "pa": 640,
        "ops": 0.789,
        "avg": 0.304,
        "obp": 0.362,
        "slg": 0.427,
        "rbi": 61,
        "sb": 31,
        "hr": 10
      },
      {
        "name": "최정",
        "year": 22,
        "team": "SSG",
        "pa": 505,
        "ops": 0.891,
        "avg": 0.266,
        "obp": 0.386,
        "slg": 0.505,
        "rbi": 87,
        "sb": 12,
        "hr": 26
      },
      {
        "name": "최주환",
        "year": 22,
        "team": "SSG",
        "pa": 333,
        "ops": 0.65,
        "avg": 0.211,
        "obp": 0.288,
        "slg": 0.362,
        "rbi": 41,
        "sb": 0,
        "hr": 9
      },
      {
        "name": "추신수",
        "year": 22,
        "team": "SSG",
        "pa": 499,
        "ops": 0.812,
        "avg": 0.259,
        "obp": 0.382,
        "slg": 0.43,
        "rbi": 58,
        "sb": 15,
        "hr": 16
      },
      {
        "name": "김성현",
        "year": 22,
        "team": "SSG",
        "pa": 359,
        "ops": 0.57,
        "avg": 0.219,
        "obp": 0.295,
        "slg": 0.275,
        "rbi": 37,
        "sb": 3,
        "hr": 2
      },
      {
        "name": "오태곤",
        "year": 22,
        "team": "SSG",
        "pa": 295,
        "ops": 0.631,
        "avg": 0.232,
        "obp": 0.293,
        "slg": 0.338,
        "rbi": 23,
        "sb": 11,
        "hr": 4
      },
      {
        "name": "한유섬",
        "year": 22,
        "team": "SSG",
        "pa": 545,
        "ops": 0.85,
        "avg": 0.264,
        "obp": 0.372,
        "slg": 0.478,
        "rbi": 100,
        "sb": 1,
        "hr": 21
      }
    ]
  },
  {
    "generation": 5,
    "expected_score": 5.3,
    "lineup": [
      "한유섬",
      "이재원",
      "오태곤",
      "최지훈",
      "최정",
      "추신수",
      "김성현",
      "박성한",
      "최주환"
    ],
    "player_stats": [
      {
        "name": "한유섬",
        "year": 22,
        "team": "SSG",
        "pa": 545,
        "ops": 0.85,
        "avg": 0.264,
        "obp": 0.372,
        "slg": 0.478,
        "rbi": 100,
        "sb": 1,
        "hr": 21
      },
      {
        "name": "이재원",
        "year": 22,
        "team": "SSG",
        "pa": 279,
        "ops": 0.574,
        "avg": 0.201,
        "obp": 0.296,
        "slg": 0.278,
        "rbi": 28,
        "sb": 1,
        "hr": 4
      },
      {
        "name": "오태곤",
        "year": 22,
        "team": "SSG",
        "pa": 295,
        "ops": 0.631,
        "avg": 0.232,
        "obp": 0.293,
        "slg": 0.338,
        "rbi": 23,
        "sb": 11,
        "hr": 4
      },
      {
        "name": "최지훈",
        "year": 22,
        "team": "SSG",
        "pa": 640,
        "ops": 0.789,
        "avg": 0.304,
        "obp": 0.362,
        "slg": 0.427,
        "rbi": 61,
        "sb": 31,
        "hr": 10
      },
      {
        "name": "최정",
        "year": 22,
        "team": "SSG",
        "pa": 505,
        "ops": 0.891,
        "avg": 0.266,
        "obp": 0.386,
        "slg": 0.505,
        "rbi": 87,
        "sb": 12,
        "hr": 26
      },
      {
        "name": "추신수",
        "year": 22,
        "team": "SSG",
        "pa": 499,
        "ops": 0.812,
        "avg": 0.259,
        "obp": 0.382,
        "slg": 0.43,
        "rbi": 58,
        "sb": 15,
        "hr": 16
      },
      {
        "name": "김성현",
        "year": 22,
        "team": "SSG",
        "pa": 359,
        "ops": 0.57,
        "avg": 0.219,
        "obp": 0.295,
        "slg": 0.275,
        "rbi": 37,
        "sb": 3,
        "hr": 2
      },
      {
        "name": "박성한",
        "year": 22,
        "team": "SSG",
        "pa": 564,
        "ops": 0.749,
        "avg": 0.298,
        "obp": 0.375,
        "slg": 0.374,
        "rbi": 56,
        "sb": 12,
        "hr": 2
      },
      {
        "name": "최주환",
        "year": 22,
        "team": "SSG",
        "pa": 333,
        "ops": 0.65,
        "avg": 0.211,
        "obp": 0.288,
        "slg": 0.362,
        "rbi": 41,
        "sb": 0,
        "hr": 9
      }
    ]
  },
  {
    "generation": 6,
    "expected_score": 5.495,
    "lineup": [
      "한유섬",
      "이재원",
      "오태곤",
      "최지훈",
      "최정",
      "추신수",
      "김성현",
      "박성한",
      "최주환"
    ],
    "player_stats": [
      {
        "name": "한유섬",
        "year": 22,
        "team": "SSG",
        "pa": 545,
        "ops": 0.85,
        "avg": 0.264,
        "obp": 0.372,
        "slg": 0.478,
        "rbi": 100,
        "sb": 1,
        "hr": 21
      },
      {
        "name": "이재원",
        "year": 22,
        "team": "SSG",
        "pa": 279,
        "ops": 0.574,
        "avg": 0.201,
        "obp": 0.296,
        "slg": 0.278,
        "rbi": 28,
        "sb": 1,
        "hr": 4
      },
      {
        "name": "오태곤",
        "year": 22,
        "team": "SSG",
        "pa": 295,
        "ops": 0.631,
        "avg": 0.232,
        "obp": 0.293,
        "slg": 0.338,
        "rbi": 23,
        "sb": 11,
        "hr": 4
      },
      {
        "name": "최지훈",
        "year": 22,
        "team": "SSG",
        "pa": 640,
        "ops": 0.789,
        "avg": 0.304,
        "obp": 0.362,
        "slg": 0.427,
        "rbi": 61,
        "sb": 31,
        "hr": 10
      },
      {
        "name": "최정",
        "year": 22,
        "team": "SSG",
        "pa": 505,
        "ops": 0.891,
        "avg": 0.266,
        "obp": 0.386,
        "slg": 0.505,
        "rbi": 87,
        "sb": 12,
        "hr": 26
      },
      {
        "name": "추신수",
        "year": 22,
        "team": "SSG",
        "pa": 499,
        "ops": 0.812,
        "avg": 0.259,
        "obp": 0.382,
        "slg": 0.43,
        "rbi": 58,
        "sb": 15,
        "hr": 16
      },
      {
        "name": "김성현",
        "year": 22,
        "team": "SSG",
        "pa": 359,
        "ops": 0.57,
        "avg": 0.219,
        "obp": 0.295,
        "slg": 0.275,
        "rbi": 37,
        "sb": 3,
        "hr": 2
      },
      {
        "name": "박성한",
        "year": 22,
        "team": "SSG",
        "pa": 564,
        "ops": 0.749,
        "avg": 0.298,
        "obp": 0.375,
        "slg": 0.374,
        "rbi": 56,
        "sb": 12,
        "hr": 2
      },
      {
        "name": "최주환",
        "year": 22,
        "team": "SSG",
        "pa": 333,
        "ops": 0.65,
        "avg": 0.211,
        "obp": 0.288,
        "slg": 0.362,
        "rbi": 41,
        "sb": 0,
        "hr": 9
      }
    ]
  },
  {
    "generation": 7,
    "expected_score": 5.58,
    "lineup": [
      "최지훈",
      "최주환",
      "이재원",
      "최정",
      "한유섬",
      "추신수",
      "오태곤",
      "김성현",
      "박성한"
    ],
    "player_stats": [
      {
        "name": "최지훈",
        "year": 22,
        "team": "SSG",
        "pa": 640,
        "ops": 0.789,
        "avg": 0.304,
        "obp": 0.362,
        "slg": 0.427,
        "rbi": 61,
        "sb": 31,
        "hr": 10
      },
      {
        "name": "최주환",
        "year": 22,
        "team": "SSG",
        "pa": 333,
        "ops": 0.65,
        "avg": 0.211,
        "obp": 0.288,
        "slg": 0.362,
        "rbi": 41,
        "sb": 0,
        "hr": 9
      },
      {
        "name": "이재원",
        "year": 22,
        "team": "SSG",
        "pa": 279,
        "ops": 0.574,
        "avg": 0.201,
        "obp": 0.296,
        "slg": 0.278,
        "rbi": 28,
        "sb": 1,
        "hr": 4
      },
      {
        "name": "최정",
        "year": 22,
        "team": "SSG",
        "pa": 505,
        "ops": 0.891,
        "avg": 0.266,
        "obp": 0.386,
        "slg": 0.505,
        "rbi": 87,
        "sb": 12,
        "hr": 26
      },
      {
        "name": "한유섬",
        "year": 22,
        "team": "SSG",
        "pa": 545,
        "ops": 0.85,
        "avg": 0.264,
        "obp": 0.372,
        "slg": 0.478,
        "rbi": 100,
        "sb": 1,
        "hr": 21
      },
      {
        "name": "추신수",
        "year": 22,
        "team": "SSG",
        "pa": 499,
        "ops": 0.812,
        "avg": 0.259,
        "obp": 0.382,
        "slg": 0.43,
        "rbi": 58,
        "sb": 15,
        "hr": 16
      },
      {
        "name": "오태곤",
        "year": 22,
        "team": "SSG",
        "pa": 295,
        "ops": 0.631,
        "avg": 0.232,
        "obp": 0.293,
        "slg": 0.338,
        "rbi": 23,
        "sb": 11,
        "hr": 4
      },
      {
        "name": "김성현",
        "year": 22,
        "team": "SSG",
        "pa": 359,
        "ops": 0.57,
        "avg": 0.219,
        "obp": 0.295,
        "slg": 0.275,
        "rbi": 37,
        "sb": 3,
        "hr": 2
      },
      {
        "name": "박성한",
        "year": 22,
        "team": "SSG",
        "pa": 564,
        "ops": 0.749,
        "avg": 0.298,
        "obp": 0.375,
        "slg": 0.374,
        "rbi": 56,
        "sb": 12,
        "hr": 2
      }
    ]
  },
  {
    "generation": 8,
    "expected_score": 5.285,
    "lineup": [
      "최정",
      "이재원",
      "추신수",
      "최지훈",
      "박성한",
      "오태곤",
      "최주환",
      "김성현",
      "한유섬"
    ],
    "player_stats": [
      {
        "name": "최정",
        "year": 22,
        "team": "SSG",
        "pa": 505,
        "ops": 0.891,
        "avg": 0.266,
        "obp": 0.386,
        "slg": 0.505,
        "rbi": 87,
        "sb": 12,
        "hr": 26
      },
      {
        "name": "이재원",
        "year": 22,
        "team": "SSG",
        "pa": 279,
        "ops": 0.574,
        "avg": 0.201,
        "obp": 0.296,
        "slg": 0.278,
        "rbi": 28,
        "sb": 1,
        "hr": 4
      },
      {
        "name": "추신수",
        "year": 22,
        "team": "SSG",
        "pa": 499,
        "ops": 0.812,
        "avg": 0.259,
        "obp": 0.382,
        "slg": 0.43,
        "rbi": 58,
        "sb": 15,
        "hr": 16
      },
      {
        "name": "최지훈",
        "year": 22,
        "team": "SSG",
        "pa": 640,
        "ops": 0.789,
        "avg": 0.304,
        "obp": 0.362,
        "slg": 0.427,
        "rbi": 61,
        "sb": 31,
        "hr": 10
      },
      {
        "name": "박성한",
        "year": 22,
        "team": "SSG",
        "pa": 564,
        "ops": 0.749,
        "avg": 0.298,
        "obp": 0.375,
        "slg": 0.374,
        "rbi": 56,
        "sb": 12,
        "hr": 2
      },
      {
        "name": "오태곤",
        "year": 22,
        "team": "SSG",
        "pa": 295,
        "ops": 0.631,
        "avg": 0.232,
        "obp": 0.293,
        "slg": 0.338,
        "rbi": 23,
        "sb": 11,
        "hr": 4
      },
      {
        "name": "최주환",
        "year": 22,
        "team": "SSG",
        "pa": 333,
        "ops": 0.65,
        "avg": 0.211,
        "obp": 0.288,
        "slg": 0.362,
        "rbi": 41,
        "sb": 0,
        "hr": 9
      },
      {
        "name": "김성현",
        "year": 22,
        "team": "SSG",
        "pa": 359,
        "ops": 0.57,
        "avg": 0.219,
        "obp": 0.295,
        "slg": 0.275,
        "rbi": 37,
        "sb": 3,
        "hr": 2
      },
      {
        "name": "한유섬",
        "year": 22,
        "team": "SSG",
        "pa": 545,
        "ops": 0.85,
        "avg": 0.264,
        "obp": 0.372,
        "slg": 0.478,
        "rbi": 100,
        "sb": 1,
        "hr": 21
      }
    ]
  },
  {
    "generation": 9,
    "expected_score": 5.305,
    "lineup": [
      "박성한",
      "이재원",
      "한유섬",
      "최정",
      "최지훈",
      "최주환",
      "오태곤",
      "추신수",
      "김성현"
    ],
    "player_stats": [
      {
        "name": "박성한",
        "year": 22,
        "team": "SSG",
        "pa": 564,
        "ops": 0.749,
        "avg": 0.298,
        "obp": 0.375,
        "slg": 0.374,
        "rbi": 56,
        "sb": 12,
        "hr": 2
      },
      {
        "name": "이재원",
        "year": 22,
        "team": "SSG",
        "pa": 279,
        "ops": 0.574,
        "avg": 0.201,
        "obp": 0.296,
        "slg": 0.278,
        "rbi": 28,
        "sb": 1,
        "hr": 4
      },
      {
        "name": "한유섬",
        "year": 22,
        "team": "SSG",
        "pa": 545,
        "ops": 0.85,
        "avg": 0.264,
        "obp": 0.372,
        "slg": 0.478,
        "rbi": 100,
        "sb": 1,
        "hr": 21
      },
      {
        "name": "최정",
        "year": 22,
        "team": "SSG",
        "pa": 505,
        "ops": 0.891,
        "avg": 0.266,
        "obp": 0.386,
        "slg": 0.505,
        "rbi": 87,
        "sb": 12,
        "hr": 26
      },
      {
        "name": "최지훈",
        "year": 22,
        "team": "SSG",
        "pa": 640,
        "ops": 0.789,
        "avg": 0.304,
        "obp": 0.362,
        "slg": 0.427,
        "rbi": 61,
        "sb": 31,
        "hr": 10
      },
      {
        "name": "최주환",
        "year": 22,
        "team": "SSG",
        "pa": 333,
        "ops": 0.65,
        "avg": 0.211,
        "obp": 0.288,
        "slg": 0.362,
        "rbi": 41,
        "sb": 0,
        "hr": 9
      },
      {
        "name": "오태곤",
        "year": 22,
        "team": "SSG",
        "pa": 295,
        "ops": 0.631,
        "avg": 0.232,
        "obp": 0.293,
        "slg": 0.338,
        "rbi": 23,
        "sb": 11,
        "hr": 4
      },
      {
        "name": "추신수",
        "year": 22,
        "team": "SSG",
        "pa": 499,
        "ops": 0.812,
        "avg": 0.259,
        "obp": 0.382,
        "slg": 0.43,
        "rbi": 58,
        "sb": 15,
        "hr": 16
      },
      {
        "name": "김성현",
        "year": 22,
        "team": "SSG",
        "pa": 359,
        "ops": 0.57,
        "avg": 0.219,
        "obp": 0.295,
        "slg": 0.275,
        "rbi": 37,
        "sb": 3,
        "hr": 2
      }
    ]
  },
  {
    "generation": 10,
    "expected_score": 5.61,
    "lineup": [
      "이재원",
      "한유섬",
      "최주환",
      "추신수",
      "최정",
      "최지훈",
      "박성한",
      "오태곤",
      "김성현"
    ],
    "player_stats": [
      {
        "name": "이재원",
        "year": 22,
        "team": "SSG",
        "pa": 279,
        "ops": 0.574,
        "avg": 0.201,
        "obp": 0.296,
        "slg": 0.278,
        "rbi": 28,
        "sb": 1,
        "hr": 4
      },
      {
        "name": "한유섬",
        "year": 22,
        "team": "SSG",
        "pa": 545,
        "ops": 0.85,
        "avg": 0.264,
        "obp": 0.372,
        "slg": 0.478,
        "rbi": 100,
        "sb": 1,
        "hr": 21
      },
      {
        "name": "최주환",
        "year": 22,
        "team": "SSG",
        "pa": 333,
        "ops": 0.65,
        "avg": 0.211,
        "obp": 0.288,
        "slg": 0.362,
        "rbi": 41,
        "sb": 0,
        "hr": 9
      },
      {
        "name": "추신수",
        "year": 22,
        "team": "SSG",
        "pa": 499,
        "ops": 0.812,
        "avg": 0.259,
        "obp": 0.382,
        "slg": 0.43,
        "rbi": 58,
        "sb": 15,
        "hr": 16
      },
      {
        "name": "최정",
        "year": 22,
        "team": "SSG",
        "pa": 505,
        "ops": 0.891,
        "avg": 0.266,
        "obp": 0.386,
        "slg": 0.505,
        "rbi": 87,
        "sb": 12,
        "hr": 26
      },
      {
        "name": "최지훈",
        "year": 22,
        "team": "SSG",
        "pa": 640,
        "ops": 0.789,
        "avg": 0.304,
        "obp": 0.362,
        "slg": 0.427,
        "rbi": 61,
        "sb": 31,
        "hr": 10
      },
      {
        "name": "박성한",
        "year": 22,
        "team": "SSG",
        "pa": 564,
        "ops": 0.749,
        "avg": 0.298,
        "obp": 0.375,
        "slg": 0.374,
        "rbi": 56,
        "sb": 12,
        "hr": 2
      },
      {
        "name": "오태곤",
        "year": 22,
        "team": "SSG",
        "pa": 295,
        "ops": 0.631,
        "avg": 0.232,
        "obp": 0.293,
        "slg": 0.338,
        "rbi": 23,
        "sb": 11,
        "hr": 4
      },
      {
        "name": "김성현",
        "year": 22,
        "team": "SSG",
        "pa": 359,
        "ops": 0.57,
        "avg": 0.219,
        "obp": 0.295,
        "slg": 0.275,
        "rbi": 37,
        "sb": 3,
        "hr": 2
      }
    ]
  },
  {
    "generation": 11,
    "expected_score": 5.36,
    "lineup": [
      "이재원",
      "한유섬",
      "최주환",
      "추신수",
      "최정",
      "최지훈",
      "박성한",
      "오태곤",
      "김성현"
    ],
    "player_stats": [
      {
        "name": "이재원",
        "year": 22,
        "team": "SSG",
        "pa": 279,
        "ops": 0.574,
        "avg": 0.201,
        "obp": 0.296,
        "slg": 0.278,
        "rbi": 28,
        "sb": 1,
        "hr": 4
      },
      {
        "name": "한유섬",
        "year": 22,
        "team": "SSG",
        "pa": 545,
        "ops": 0.85,
        "avg": 0.264,
        "obp": 0.372,
        "slg": 0.478,
        "rbi": 100,
        "sb": 1,
        "hr": 21
      },
      {
        "name": "최주환",
        "year": 22,
        "team": "SSG",
        "pa": 333,
        "ops": 0.65,
        "avg": 0.211,
        "obp": 0.288,
        "slg": 0.362,
        "rbi": 41,
        "sb": 0,
        "hr": 9
      },
      {
        "name": "추신수",
        "year": 22,
        "team": "SSG",
        "pa": 499,
        "ops": 0.812,
        "avg": 0.259,
        "obp": 0.382,
        "slg": 0.43,
        "rbi": 58,
        "sb": 15,
        "hr": 16
      },
      {
        "name": "최정",
        "year": 22,
        "team": "SSG",
        "pa": 505,
        "ops": 0.891,
        "avg": 0.266,
        "obp": 0.386,
        "slg": 0.505,
        "rbi": 87,
        "sb": 12,
        "hr": 26
      },
      {
        "name": "최지훈",
        "year": 22,
        "team": "SSG",
        "pa": 640,
        "ops": 0.789,
        "avg": 0.304,
        "obp": 0.362,
        "slg": 0.427,
        "rbi": 61,
        "sb": 31,
        "hr": 10
      },
      {
        "name": "박성한",
        "year": 22,
        "team": "SSG",
        "pa": 564,
        "ops": 0.749,
        "avg": 0.298,
        "obp": 0.375,
        "slg": 0.374,
        "rbi": 56,
        "sb": 12,
        "hr": 2
      },
      {
        "name": "오태곤",
        "year": 22,
        "team": "SSG",
        "pa": 295,
        "ops": 0.631,
        "avg": 0.232,
        "obp": 0.293,
        "slg": 0.338,
        "rbi": 23,
        "sb": 11,
        "hr": 4
      },
      {
        "name": "김성현",
        "year": 22,
        "team": "SSG",
        "pa": 359,
        "ops": 0.57,
        "avg": 0.219,
        "obp": 0.295,
        "slg": 0.275,
        "rbi": 37,
        "sb": 3,
        "hr": 2
      }
    ]
  },
  {
    "generation": 12,
    "expected_score": 5.375,
    "lineup": [
      "최주환",
      "최지훈",
      "박성한",
      "최정",
      "한유섬",
      "추신수",
      "김성현",
      "이재원",
      "오태곤"
    ],
    "player_stats": [
      {
        "name": "최주환",
        "year": 22,
        "team": "SSG",
        "pa": 333,
        "ops": 0.65,
        "avg": 0.211,
        "obp": 0.288,
        "slg": 0.362,
        "rbi": 41,
        "sb": 0,
        "hr": 9
      },
      {
        "name": "최지훈",
        "year": 22,
        "team": "SSG",
        "pa": 640,
        "ops": 0.789,
        "avg": 0.304,
        "obp": 0.362,
        "slg": 0.427,
        "rbi": 61,
        "sb": 31,
        "hr": 10
      },
      {
        "name": "박성한",
        "year": 22,
        "team": "SSG",
        "pa": 564,
        "ops": 0.749,
        "avg": 0.298,
        "obp": 0.375,
        "slg": 0.374,
        "rbi": 56,
        "sb": 12,
        "hr": 2
      },
      {
        "name": "최정",
        "year": 22,
        "team": "SSG",
        "pa": 505,
        "ops": 0.891,
        "avg": 0.266,
        "obp": 0.386,
        "slg": 0.505,
        "rbi": 87,
        "sb": 12,
        "hr": 26
      },
      {
        "name": "한유섬",
        "year": 22,
        "team": "SSG",
        "pa": 545,
        "ops": 0.85,
        "avg": 0.264,
        "obp": 0.372,
        "slg": 0.478,
        "rbi": 100,
        "sb": 1,
        "hr": 21
      },
      {
        "name": "추신수",
        "year": 22,
        "team": "SSG",
        "pa": 499,
        "ops": 0.812,
        "avg": 0.259,
        "obp": 0.382,
        "slg": 0.43,
        "rbi": 58,
        "sb": 15,
        "hr": 16
      },
      {
        "name": "김성현",
        "year": 22,
        "team": "SSG",
        "pa": 359,
        "ops": 0.57,
        "avg": 0.219,
        "obp": 0.295,
        "slg": 0.275,
        "rbi": 37,
        "sb": 3,
        "hr": 2
      },
      {
        "name": "이재원",
        "year": 22,
        "team": "SSG",
        "pa": 279,
        "ops": 0.574,
        "avg": 0.201,
        "obp": 0.296,
        "slg": 0.278,
        "rbi": 28,
        "sb": 1,
        "hr": 4
      },
      {
        "name": "오태곤",
        "year": 22,
        "team": "SSG",
        "pa": 295,
        "ops": 0.631,
        "avg": 0.232,
        "obp": 0.293,
        "slg": 0.338,
        "rbi": 23,
        "sb": 11,
        "hr": 4
      }
    ]
  },
  {
    "generation": 13,
    "expected_score": 5.395,
    "lineup": [
      "최주환",
      "최지훈",
      "박성한",
      "최정",
      "한유섬",
      "추신수",
      "김성현",
      "이재원",
      "오태곤"
    ],
    "player_stats": [
      {
        "name": "최주환",
        "year": 22,
        "team": "SSG",
        "pa": 333,
        "ops": 0.65,
        "avg": 0.211,
        "obp": 0.288,
        "slg": 0.362,
        "rbi": 41,
        "sb": 0,
        "hr": 9
      },
      {
        "name": "최지훈",
        "year": 22,
        "team": "SSG",
        "pa": 640,
        "ops": 0.789,
        "avg": 0.304,
        "obp": 0.362,
        "slg": 0.427,
        "rbi": 61,
        "sb": 31,
        "hr": 10
      },
      {
        "name": "박성한",
        "year": 22,
        "team": "SSG",
        "pa": 564,
        "ops": 0.749,
        "avg": 0.298,
        "obp": 0.375,
        "slg": 0.374,
        "rbi": 56,
        "sb": 12,
        "hr": 2
      },
      {
        "name": "최정",
        "year": 22,
        "team": "SSG",
        "pa": 505,
        "ops": 0.891,
        "avg": 0.266,
        "obp": 0.386,
        "slg": 0.505,
        "rbi": 87,
        "sb": 12,
        "hr": 26
      },
      {
        "name": "한유섬",
        "year": 22,
        "team": "SSG",
        "pa": 545,
        "ops": 0.85,
        "avg": 0.264,
        "obp": 0.372,
        "slg": 0.478,
        "rbi": 100,
        "sb": 1,
        "hr": 21
      },
      {
        "name": "추신수",
        "year": 22,
        "team": "SSG",
        "pa": 499,
        "ops": 0.812,
        "avg": 0.259,
        "obp": 0.382,
        "slg": 0.43,
        "rbi": 58,
        "sb": 15,
        "hr": 16
      },
      {
        "name": "김성현",
        "year": 22,
        "team": "SSG",
        "pa": 359,
        "ops": 0.57,
        "avg": 0.219,
        "obp": 0.295,
        "slg": 0.275,
        "rbi": 37,
        "sb": 3,
        "hr": 2
      },
      {
        "name": "이재원",
        "year": 22,
        "team": "SSG",
        "pa": 279,
        "ops": 0.574,
        "avg": 0.201,
        "obp": 0.296,
        "slg": 0.278,
        "rbi": 28,
        "sb": 1,
        "hr": 4
      },
      {
        "name": "오태곤",
        "year": 22,
        "team": "SSG",
        "pa": 295,
        "ops": 0.631,
        "avg": 0.232,
        "obp": 0.293,
        "slg": 0.338,
        "rbi": 23,
        "sb": 11,
        "hr": 4
      }
    ]
  },
  {
    "generation": 14,
    "expected_score": 5.51,
    "lineup": [
      "이재원",
      "최주환",
      "추신수",
      "최지훈",
      "박성한",
      "오태곤",
      "최정",
      "한유섬",
      "김성현"
    ],
    "player_stats": [
      {
        "name": "이재원",
        "year": 22,
        "team": "SSG",
        "pa": 279,
        "ops": 0.574,
        "avg": 0.201,
        "obp": 0.296,
        "slg": 0.278,
        "rbi": 28,
        "sb": 1,
        "hr": 4
      },
      {
        "name": "최주환",
        "year": 22,
        "team": "SSG",
        "pa": 333,
        "ops": 0.65,
        "avg": 0.211,
        "obp": 0.288,
        "slg": 0.362,
        "rbi": 41,
        "sb": 0,
        "hr": 9
      },
      {
        "name": "추신수",
        "year": 22,
        "team": "SSG",
        "pa": 499,
        "ops": 0.812,
        "avg": 0.259,
        "obp": 0.382,
        "slg": 0.43,
        "rbi": 58,
        "sb": 15,
        "hr": 16
      },
      {
        "name": "최지훈",
        "year": 22,
        "team": "SSG",
        "pa": 640,
        "ops": 0.789,
        "avg": 0.304,
        "obp": 0.362,
        "slg": 0.427,
        "rbi": 61,
        "sb": 31,
        "hr": 10
      },
      {
        "name": "박성한",
        "year": 22,
        "team": "SSG",
        "pa": 564,
        "ops": 0.749,
        "avg": 0.298,
        "obp": 0.375,
        "slg": 0.374,
        "rbi": 56,
        "sb": 12,
        "hr": 2
      },
      {
        "name": "오태곤",
        "year": 22,
        "team": "SSG",
        "pa": 295,
        "ops": 0.631,
        "avg": 0.232,
        "obp": 0.293,
        "slg": 0.338,
        "rbi": 23,
        "sb": 11,
        "hr": 4
      },
      {
        "name": "최정",
        "year": 22,
        "team": "SSG",
        "pa": 505,
        "ops": 0.891,
        "avg": 0.266,
        "obp": 0.386,
        "slg": 0.505,
        "rbi": 87,
        "sb": 12,
        "hr": 26
      },
      {
        "name": "한유섬",
        "year": 22,
        "team": "SSG",
        "pa": 545,
        "ops": 0.85,
        "avg": 0.264,
        "obp": 0.372,
        "slg": 0.478,
        "rbi": 100,
        "sb": 1,
        "hr": 21
      },
      {
        "name": "김성현",
        "year": 22,
        "team": "SSG",
        "pa": 359,
        "ops": 0.57,
        "avg": 0.219,
        "obp": 0.295,
        "slg": 0.275,
        "rbi": 37,
        "sb": 3,
        "hr": 2
      }
    ]
  },
  {
    "generation": 15,
    "expected_score": 5.4,
    "lineup": [
      "박성한",
      "한유섬",
      "추신수",
      "최정",
      "최지훈",
      "최주환",
      "김성현",
      "이재원",
      "오태곤"
    ],
    "player_stats": [
      {
        "name": "박성한",
        "year": 22,
        "team": "SSG",
        "pa": 564,
        "ops": 0.749,
        "avg": 0.298,
        "obp": 0.375,
        "slg": 0.374,
        "rbi": 56,
        "sb": 12,
        "hr": 2
      },
      {
        "name": "한유섬",
        "year": 22,
        "team": "SSG",
        "pa": 545,
        "ops": 0.85,
        "avg": 0.264,
        "obp": 0.372,
        "slg": 0.478,
        "rbi": 100,
        "sb": 1,
        "hr": 21
      },
      {
        "name": "추신수",
        "year": 22,
        "team": "SSG",
        "pa": 499,
        "ops": 0.812,
        "avg": 0.259,
        "obp": 0.382,
        "slg": 0.43,
        "rbi": 58,
        "sb": 15,
        "hr": 16
      },
      {
        "name": "최정",
        "year": 22,
        "team": "SSG",
        "pa": 505,
        "ops": 0.891,
        "avg": 0.266,
        "obp": 0.386,
        "slg": 0.505,
        "rbi": 87,
        "sb": 12,
        "hr": 26
      },
      {
        "name": "최지훈",
        "year": 22,
        "team": "SSG",
        "pa": 640,
        "ops": 0.789,
        "avg": 0.304,
        "obp": 0.362,
        "slg": 0.427,
        "rbi": 61,
        "sb": 31,
        "hr": 10
      },
      {
        "name": "최주환",
        "year": 22,
        "team": "SSG",
        "pa": 333,
        "ops": 0.65,
        "avg": 0.211,
        "obp": 0.288,
        "slg": 0.362,
        "rbi": 41,
        "sb": 0,
        "hr": 9
      },
      {
        "name": "김성현",
        "year": 22,
        "team": "SSG",
        "pa": 359,
        "ops": 0.57,
        "avg": 0.219,
        "obp": 0.295,
        "slg": 0.275,
        "rbi": 37,
        "sb": 3,
        "hr": 2
      },
      {
        "name": "이재원",
        "year": 22,
        "team": "SSG",
        "pa": 279,
        "ops": 0.574,
        "avg": 0.201,
        "obp": 0.296,
        "slg": 0.278,
        "rbi": 28,
        "sb": 1,
        "hr": 4
      },
      {
        "name": "오태곤",
        "year": 22,
        "team": "SSG",
        "pa": 295,
        "ops": 0.631,
        "avg": 0.232,
        "obp": 0.293,
        "slg": 0.338,
        "rbi": 23,
        "sb": 11,
        "hr": 4
      }
    ]
  },
  {
    "generation": 16,
    "expected_score": 5.755,
    "lineup": [
      "김성현",
      "최정",
      "최지훈",
      "박성한",
      "한유섬",
      "오태곤",
      "추신수",
      "최주환",
      "이재원"
    ],
    "player_stats": [
      {
        "name": "김성현",
        "year": 22,
        "team": "SSG",
        "pa": 359,
        "ops": 0.57,
        "avg": 0.219,
        "obp": 0.295,
        "slg": 0.275,
        "rbi": 37,
        "sb": 3,
        "hr": 2
      },
      {
        "name": "최정",
        "year": 22,
        "team": "SSG",
        "pa": 505,
        "ops": 0.891,
        "avg": 0.266,
        "obp": 0.386,
        "slg": 0.505,
        "rbi": 87,
        "sb": 12,
        "hr": 26
      },
      {
        "name": "최지훈",
        "year": 22,
        "team": "SSG",
        "pa": 640,
        "ops": 0.789,
        "avg": 0.304,
        "obp": 0.362,
        "slg": 0.427,
        "rbi": 61,
        "sb": 31,
        "hr": 10
      },
      {
        "name": "박성한",
        "year": 22,
        "team": "SSG",
        "pa": 564,
        "ops": 0.749,
        "avg": 0.298,
        "obp": 0.375,
        "slg": 0.374,
        "rbi": 56,
        "sb": 12,
        "hr": 2
      },
      {
        "name": "한유섬",
        "year": 22,
        "team": "SSG",
        "pa": 545,
        "ops": 0.85,
        "avg": 0.264,
        "obp": 0.372,
        "slg": 0.478,
        "rbi": 100,
        "sb": 1,
        "hr": 21
      },
      {
        "name": "오태곤",
        "year": 22,
        "team": "SSG",
        "pa": 295,
        "ops": 0.631,
        "avg": 0.232,
        "obp": 0.293,
        "slg": 0.338,
        "rbi": 23,
        "sb": 11,
        "hr": 4
      },
      {
        "name": "추신수",
        "year": 22,
        "team": "SSG",
        "pa": 499,
        "ops": 0.812,
        "avg": 0.259,
        "obp": 0.382,
        "slg": 0.43,
        "rbi": 58,
        "sb": 15,
        "hr": 16
      },
      {
        "name": "최주환",
        "year": 22,
        "team": "SSG",
        "pa": 333,
        "ops": 0.65,
        "avg": 0.211,
        "obp": 0.288,
        "slg": 0.362,
        "rbi": 41,
        "sb": 0,
        "hr": 9
      },
      {
        "name": "이재원",
        "year": 22,
        "team": "SSG",
        "pa": 279,
        "ops": 0.574,
        "avg": 0.201,
        "obp": 0.296,
        "slg": 0.278,
        "rbi": 28,
        "sb": 1,
        "hr": 4
      }
    ]
  },
  {
    "generation": 17,
    "expected_score": 5.48,
    "lineup": [
      "한유섬",
      "최정",
      "최지훈",
      "박성한",
      "추신수",
      "최주환",
      "김성현",
      "이재원",
      "오태곤"
    ],
    "player_stats": [
      {
        "name": "한유섬",
        "year": 22,
        "team": "SSG",
        "pa": 545,
        "ops": 0.85,
        "avg": 0.264,
        "obp": 0.372,
        "slg": 0.478,
        "rbi": 100,
        "sb": 1,
        "hr": 21
      },
      {
        "name": "최정",
        "year": 22,
        "team": "SSG",
        "pa": 505,
        "ops": 0.891,
        "avg": 0.266,
        "obp": 0.386,
        "slg": 0.505,
        "rbi": 87,
        "sb": 12,
        "hr": 26
      },
      {
        "name": "최지훈",
        "year": 22,
        "team": "SSG",
        "pa": 640,
        "ops": 0.789,
        "avg": 0.304,
        "obp": 0.362,
        "slg": 0.427,
        "rbi": 61,
        "sb": 31,
        "hr": 10
      },
      {
        "name": "박성한",
        "year": 22,
        "team": "SSG",
        "pa": 564,
        "ops": 0.749,
        "avg": 0.298,
        "obp": 0.375,
        "slg": 0.374,
        "rbi": 56,
        "sb": 12,
        "hr": 2
      },
      {
        "name": "추신수",
        "year": 22,
        "team": "SSG",
        "pa": 499,
        "ops": 0.812,
        "avg": 0.259,
        "obp": 0.382,
        "slg": 0.43,
        "rbi": 58,
        "sb": 15,
        "hr": 16
      },
      {
        "name": "최주환",
        "year": 22,
        "team": "SSG",
        "pa": 333,
        "ops": 0.65,
        "avg": 0.211,
        "obp": 0.288,
        "slg": 0.362,
        "rbi": 41,
        "sb": 0,
        "hr": 9
      },
      {
        "name": "김성현",
        "year": 22,
        "team": "SSG",
        "pa": 359,
        "ops": 0.57,
        "avg": 0.219,
        "obp": 0.295,
        "slg": 0.275,
        "rbi": 37,
        "sb": 3,
        "hr": 2
      },
      {
        "name": "이재원",
        "year": 22,
        "team": "SSG",
        "pa": 279,
        "ops": 0.574,
        "avg": 0.201,
        "obp": 0.296,
        "slg": 0.278,
        "rbi": 28,
        "sb": 1,
        "hr": 4
      },
      {
        "name": "오태곤",
        "year": 22,
        "team": "SSG",
        "pa": 295,
        "ops": 0.631,
        "avg": 0.232,
        "obp": 0.293,
        "slg": 0.338,
        "rbi": 23,
        "sb": 11,
        "hr": 4
      }
    ]
  },
  {
    "generation": 18,
    "expected_score": 5.405,
    "lineup": [
      "이재원",
      "최정",
      "최지훈",
      "박성한",
      "한유섬",
      "오태곤",
      "추신수",
      "최주환",
      "김성현"
    ],
    "player_stats": [
      {
        "name": "이재원",
        "year": 22,
        "team": "SSG",
        "pa": 279,
        "ops": 0.574,
        "avg": 0.201,
        "obp": 0.296,
        "slg": 0.278,
        "rbi": 28,
        "sb": 1,
        "hr": 4
      },
      {
        "name": "최정",
        "year": 22,
        "team": "SSG",
        "pa": 505,
        "ops": 0.891,
        "avg": 0.266,
        "obp": 0.386,
        "slg": 0.505,
        "rbi": 87,
        "sb": 12,
        "hr": 26
      },
      {
        "name": "최지훈",
        "year": 22,
        "team": "SSG",
        "pa": 640,
        "ops": 0.789,
        "avg": 0.304,
        "obp": 0.362,
        "slg": 0.427,
        "rbi": 61,
        "sb": 31,
        "hr": 10
      },
      {
        "name": "박성한",
        "year": 22,
        "team": "SSG",
        "pa": 564,
        "ops": 0.749,
        "avg": 0.298,
        "obp": 0.375,
        "slg": 0.374,
        "rbi": 56,
        "sb": 12,
        "hr": 2
      },
      {
        "name": "한유섬",
        "year": 22,
        "team": "SSG",
        "pa": 545,
        "ops": 0.85,
        "avg": 0.264,
        "obp": 0.372,
        "slg": 0.478,
        "rbi": 100,
        "sb": 1,
        "hr": 21
      },
      {
        "name": "오태곤",
        "year": 22,
        "team": "SSG",
        "pa": 295,
        "ops": 0.631,
        "avg": 0.232,
        "obp": 0.293,
        "slg": 0.338,
        "rbi": 23,
        "sb": 11,
        "hr": 4
      },
      {
        "name": "추신수",
        "year": 22,
        "team": "SSG",
        "pa": 499,
        "ops": 0.812,
        "avg": 0.259,
        "obp": 0.382,
        "slg": 0.43,
        "rbi": 58,
        "sb": 15,
        "hr": 16
      },
      {
        "name": "최주환",
        "year": 22,
        "team": "SSG",
        "pa": 333,
        "ops": 0.65,
        "avg": 0.211,
        "obp": 0.288,
        "slg": 0.362,
        "rbi": 41,
        "sb": 0,
        "hr": 9
      },
      {
        "name": "김성현",
        "year": 22,
        "team": "SSG",
        "pa": 359,
        "ops": 0.57,
        "avg": 0.219,
        "obp": 0.295,
        "slg": 0.275,
        "rbi": 37,
        "sb": 3,
        "hr": 2
      }
    ]
  },
  {
    "generation": 19,
    "expected_score": 5.345,
    "lineup": [
      "박성한",
      "최지훈",
      "한유섬",
      "최정",
      "최주환",
      "김성현",
      "추신수",
      "이재원",
      "오태곤"
    ],
    "player_stats": [
      {
        "name": "박성한",
        "year": 22,
        "team": "SSG",
        "pa": 564,
        "ops": 0.749,
        "avg": 0.298,
        "obp": 0.375,
        "slg": 0.374,
        "rbi": 56,
        "sb": 12,
        "hr": 2
      },
      {
        "name": "최지훈",
        "year": 22,
        "team": "SSG",
        "pa": 640,
        "ops": 0.789,
        "avg": 0.304,
        "obp": 0.362,
        "slg": 0.427,
        "rbi": 61,
        "sb": 31,
        "hr": 10
      },
      {
        "name": "한유섬",
        "year": 22,
        "team": "SSG",
        "pa": 545,
        "ops": 0.85,
        "avg": 0.264,
        "obp": 0.372,
        "slg": 0.478,
        "rbi": 100,
        "sb": 1,
        "hr": 21
      },
      {
        "name": "최정",
        "year": 22,
        "team": "SSG",
        "pa": 505,
        "ops": 0.891,
        "avg": 0.266,
        "obp": 0.386,
        "slg": 0.505,
        "rbi": 87,
        "sb": 12,
        "hr": 26
      },
      {
        "name": "최주환",
        "year": 22,
        "team": "SSG",
        "pa": 333,
        "ops": 0.65,
        "avg": 0.211,
        "obp": 0.288,
        "slg": 0.362,
        "rbi": 41,
        "sb": 0,
        "hr": 9
      },
      {
        "name": "김성현",
        "year": 22,
        "team": "SSG",
        "pa": 359,
        "ops": 0.57,
        "avg": 0.219,
        "obp": 0.295,
        "slg": 0.275,
        "rbi": 37,
        "sb": 3,
        "hr": 2
      },
      {
        "name": "추신수",
        "year": 22,
        "team": "SSG",
        "pa": 499,
        "ops": 0.812,
        "avg": 0.259,
        "obp": 0.382,
        "slg": 0.43,
        "rbi": 58,
        "sb": 15,
        "hr": 16
      },
      {
        "name": "이재원",
        "year": 22,
        "team": "SSG",
        "pa": 279,
        "ops": 0.574,
        "avg": 0.201,
        "obp": 0.296,
        "slg": 0.278,
        "rbi": 28,
        "sb": 1,
        "hr": 4
      },
      {
        "name": "오태곤",
        "year": 22,
        "team": "SSG",
        "pa": 295,
        "ops": 0.631,
        "avg": 0.232,
        "obp": 0.293,
        "slg": 0.338,
        "rbi": 23,
        "sb": 11,
        "hr": 4
      }
    ]
  },
  {
    "generation": 20,
    "expected_score": 5.34,
    "lineup": [
      "최정",
      "한유섬",
      "최지훈",
      "박성한",
      "추신수",
      "이재원",
      "최주환",
      "오태곤",
      "김성현"
    ],
    "player_stats": [
      {
        "name": "최정",
        "year": 22,
        "team": "SSG",
        "pa": 505,
        "ops": 0.891,
        "avg": 0.266,
        "obp": 0.386,
        "slg": 0.505,
        "rbi": 87,
        "sb": 12,
        "hr": 26
      },
      {
        "name": "한유섬",
        "year": 22,
        "team": "SSG",
        "pa": 545,
        "ops": 0.85,
        "avg": 0.264,
        "obp": 0.372,
        "slg": 0.478,
        "rbi": 100,
        "sb": 1,
        "hr": 21
      },
      {
        "name": "최지훈",
        "year": 22,
        "team": "SSG",
        "pa": 640,
        "ops": 0.789,
        "avg": 0.304,
        "obp": 0.362,
        "slg": 0.427,
        "rbi": 61,
        "sb": 31,
        "hr": 10
      },
      {
        "name": "박성한",
        "year": 22,
        "team": "SSG",
        "pa": 564,
        "ops": 0.749,
        "avg": 0.298,
        "obp": 0.375,
        "slg": 0.374,
        "rbi": 56,
        "sb": 12,
        "hr": 2
      },
      {
        "name": "추신수",
        "year": 22,
        "team": "SSG",
        "pa": 499,
        "ops": 0.812,
        "avg": 0.259,
        "obp": 0.382,
        "slg": 0.43,
        "rbi": 58,
        "sb": 15,
        "hr": 16
      },
      {
        "name": "이재원",
        "year": 22,
        "team": "SSG",
        "pa": 279,
        "ops": 0.574,
        "avg": 0.201,
        "obp": 0.296,
        "slg": 0.278,
        "rbi": 28,
        "sb": 1,
        "hr": 4
      },
      {
        "name": "최주환",
        "year": 22,
        "team": "SSG",
        "pa": 333,
        "ops": 0.65,
        "avg": 0.211,
        "obp": 0.288,
        "slg": 0.362,
        "rbi": 41,
        "sb": 0,
        "hr": 9
      },
      {
        "name": "오태곤",
        "year": 22,
        "team": "SSG",
        "pa": 295,
        "ops": 0.631,
        "avg": 0.232,
        "obp": 0.293,
        "slg": 0.338,
        "rbi": 23,
        "sb": 11,
        "hr": 4
      },
      {
        "name": "김성현",
        "year": 22,
        "team": "SSG",
        "pa": 359,
        "ops": 0.57,
        "avg": 0.219,
        "obp": 0.295,
        "slg": 0.275,
        "rbi": 37,
        "sb": 3,
        "hr": 2
      }
    ]
  },
  {
    "generation": 21,
    "expected_score": 5.3,
    "lineup": [
      "최지훈",
      "박성한",
      "한유섬",
      "최정",
      "최주환",
      "김성현",
      "추신수",
      "이재원",
      "오태곤"
    ],
    "player_stats": [
      {
        "name": "최지훈",
        "year": 22,
        "team": "SSG",
        "pa": 640,
        "ops": 0.789,
        "avg": 0.304,
        "obp": 0.362,
        "slg": 0.427,
        "rbi": 61,
        "sb": 31,
        "hr": 10
      },
      {
        "name": "박성한",
        "year": 22,
        "team": "SSG",
        "pa": 564,
        "ops": 0.749,
        "avg": 0.298,
        "obp": 0.375,
        "slg": 0.374,
        "rbi": 56,
        "sb": 12,
        "hr": 2
      },
      {
        "name": "한유섬",
        "year": 22,
        "team": "SSG",
        "pa": 545,
        "ops": 0.85,
        "avg": 0.264,
        "obp": 0.372,
        "slg": 0.478,
        "rbi": 100,
        "sb": 1,
        "hr": 21
      },
      {
        "name": "최정",
        "year": 22,
        "team": "SSG",
        "pa": 505,
        "ops": 0.891,
        "avg": 0.266,
        "obp": 0.386,
        "slg": 0.505,
        "rbi": 87,
        "sb": 12,
        "hr": 26
      },
      {
        "name": "최주환",
        "year": 22,
        "team": "SSG",
        "pa": 333,
        "ops": 0.65,
        "avg": 0.211,
        "obp": 0.288,
        "slg": 0.362,
        "rbi": 41,
        "sb": 0,
        "hr": 9
      },
      {
        "name": "김성현",
        "year": 22,
        "team": "SSG",
        "pa": 359,
        "ops": 0.57,
        "avg": 0.219,
        "obp": 0.295,
        "slg": 0.275,
        "rbi": 37,
        "sb": 3,
        "hr": 2
      },
      {
        "name": "추신수",
        "year": 22,
        "team": "SSG",
        "pa": 499,
        "ops": 0.812,
        "avg": 0.259,
        "obp": 0.382,
        "slg": 0.43,
        "rbi": 58,
        "sb": 15,
        "hr": 16
      },
      {
        "name": "이재원",
        "year": 22,
        "team": "SSG",
        "pa": 279,
        "ops": 0.574,
        "avg": 0.201,
        "obp": 0.296,
        "slg": 0.278,
        "rbi": 28,
        "sb": 1,
        "hr": 4
      },
      {
        "name": "오태곤",
        "year": 22,
        "team": "SSG",
        "pa": 295,
        "ops": 0.631,
        "avg": 0.232,
        "obp": 0.293,
        "slg": 0.338,
        "rbi": 23,
        "sb": 11,
        "hr": 4
      }
    ]
  },
  {
    "generation": 22,
    "expected_score": 5.62,
    "lineup": [
      "최정",
      "최지훈",
      "박성한",
      "추신수",
      "한유섬",
      "최주환",
      "김성현",
      "이재원",
      "오태곤"
    ],
    "player_stats": [
      {
        "name": "최정",
        "year": 22,
        "team": "SSG",
        "pa": 505,
        "ops": 0.891,
        "avg": 0.266,
        "obp": 0.386,
        "slg": 0.505,
        "rbi": 87,
        "sb": 12,
        "hr": 26
      },
      {
        "name": "최지훈",
        "year": 22,
        "team": "SSG",
        "pa": 640,
        "ops": 0.789,
        "avg": 0.304,
        "obp": 0.362,
        "slg": 0.427,
        "rbi": 61,
        "sb": 31,
        "hr": 10
      },
      {
        "name": "박성한",
        "year": 22,
        "team": "SSG",
        "pa": 564,
        "ops": 0.749,
        "avg": 0.298,
        "obp": 0.375,
        "slg": 0.374,
        "rbi": 56,
        "sb": 12,
        "hr": 2
      },
      {
        "name": "추신수",
        "year": 22,
        "team": "SSG",
        "pa": 499,
        "ops": 0.812,
        "avg": 0.259,
        "obp": 0.382,
        "slg": 0.43,
        "rbi": 58,
        "sb": 15,
        "hr": 16
      },
      {
        "name": "한유섬",
        "year": 22,
        "team": "SSG",
        "pa": 545,
        "ops": 0.85,
        "avg": 0.264,
        "obp": 0.372,
        "slg": 0.478,
        "rbi": 100,
        "sb": 1,
        "hr": 21
      },
      {
        "name": "최주환",
        "year": 22,
        "team": "SSG",
        "pa": 333,
        "ops": 0.65,
        "avg": 0.211,
        "obp": 0.288,
        "slg": 0.362,
        "rbi": 41,
        "sb": 0,
        "hr": 9
      },
      {
        "name": "김성현",
        "year": 22,
        "team": "SSG",
        "pa": 359,
        "ops": 0.57,
        "avg": 0.219,
        "obp": 0.295,
        "slg": 0.275,
        "rbi": 37,
        "sb": 3,
        "hr": 2
      },
      {
        "name": "이재원",
        "year": 22,
        "team": "SSG",
        "pa": 279,
        "ops": 0.574,
        "avg": 0.201,
        "obp": 0.296,
        "slg": 0.278,
        "rbi": 28,
        "sb": 1,
        "hr": 4
      },
      {
        "name": "오태곤",
        "year": 22,
        "team": "SSG",
        "pa": 295,
        "ops": 0.631,
        "avg": 0.232,
        "obp": 0.293,
        "slg": 0.338,
        "rbi": 23,
        "sb": 11,
        "hr": 4
      }
    ]
  },
  {
    "generation": 23,
    "expected_score": 5.53,
    "lineup": [
      "최정",
      "박성한",
      "최지훈",
      "한유섬",
      "김성현",
      "추신수",
      "최주환",
      "이재원",
      "오태곤"
    ],
    "player_stats": [
      {
        "name": "최정",
        "year": 22,
        "team": "SSG",
        "pa": 505,
        "ops": 0.891,
        "avg": 0.266,
        "obp": 0.386,
        "slg": 0.505,
        "rbi": 87,
        "sb": 12,
        "hr": 26
      },
      {
        "name": "박성한",
        "year": 22,
        "team": "SSG",
        "pa": 564,
        "ops": 0.749,
        "avg": 0.298,
        "obp": 0.375,
        "slg": 0.374,
        "rbi": 56,
        "sb": 12,
        "hr": 2
      },
      {
        "name": "최지훈",
        "year": 22,
        "team": "SSG",
        "pa": 640,
        "ops": 0.789,
        "avg": 0.304,
        "obp": 0.362,
        "slg": 0.427,
        "rbi": 61,
        "sb": 31,
        "hr": 10
      },
      {
        "name": "한유섬",
        "year": 22,
        "team": "SSG",
        "pa": 545,
        "ops": 0.85,
        "avg": 0.264,
        "obp": 0.372,
        "slg": 0.478,
        "rbi": 100,
        "sb": 1,
        "hr": 21
      },
      {
        "name": "김성현",
        "year": 22,
        "team": "SSG",
        "pa": 359,
        "ops": 0.57,
        "avg": 0.219,
        "obp": 0.295,
        "slg": 0.275,
        "rbi": 37,
        "sb": 3,
        "hr": 2
      },
      {
        "name": "추신수",
        "year": 22,
        "team": "SSG",
        "pa": 499,
        "ops": 0.812,
        "avg": 0.259,
        "obp": 0.382,
        "slg": 0.43,
        "rbi": 58,
        "sb": 15,
        "hr": 16
      },
      {
        "name": "최주환",
        "year": 22,
        "team": "SSG",
        "pa": 333,
        "ops": 0.65,
        "avg": 0.211,
        "obp": 0.288,
        "slg": 0.362,
        "rbi": 41,
        "sb": 0,
        "hr": 9
      },
      {
        "name": "이재원",
        "year": 22,
        "team": "SSG",
        "pa": 279,
        "ops": 0.574,
        "avg": 0.201,
        "obp": 0.296,
        "slg": 0.278,
        "rbi": 28,
        "sb": 1,
        "hr": 4
      },
      {
        "name": "오태곤",
        "year": 22,
        "team": "SSG",
        "pa": 295,
        "ops": 0.631,
        "avg": 0.232,
        "obp": 0.293,
        "slg": 0.338,
        "rbi": 23,
        "sb": 11,
        "hr": 4
      }
    ]
  },
  {
    "generation": 24,
    "expected_score": 5.51,
    "lineup": [
      "최지훈",
      "박성한",
      "추신수",
      "한유섬",
      "오태곤",
      "최정",
      "최주환",
      "김성현",
      "이재원"
    ],
    "player_stats": [
      {
        "name": "최지훈",
        "year": 22,
        "team": "SSG",
        "pa": 640,
        "ops": 0.789,
        "avg": 0.304,
        "obp": 0.362,
        "slg": 0.427,
        "rbi": 61,
        "sb": 31,
        "hr": 10
      },
      {
        "name": "박성한",
        "year": 22,
        "team": "SSG",
        "pa": 564,
        "ops": 0.749,
        "avg": 0.298,
        "obp": 0.375,
        "slg": 0.374,
        "rbi": 56,
        "sb": 12,
        "hr": 2
      },
      {
        "name": "추신수",
        "year": 22,
        "team": "SSG",
        "pa": 499,
        "ops": 0.812,
        "avg": 0.259,
        "obp": 0.382,
        "slg": 0.43,
        "rbi": 58,
        "sb": 15,
        "hr": 16
      },
      {
        "name": "한유섬",
        "year": 22,
        "team": "SSG",
        "pa": 545,
        "ops": 0.85,
        "avg": 0.264,
        "obp": 0.372,
        "slg": 0.478,
        "rbi": 100,
        "sb": 1,
        "hr": 21
      },
      {
        "name": "오태곤",
        "year": 22,
        "team": "SSG",
        "pa": 295,
        "ops": 0.631,
        "avg": 0.232,
        "obp": 0.293,
        "slg": 0.338,
        "rbi": 23,
        "sb": 11,
        "hr": 4
      },
      {
        "name": "최정",
        "year": 22,
        "team": "SSG",
        "pa": 505,
        "ops": 0.891,
        "avg": 0.266,
        "obp": 0.386,
        "slg": 0.505,
        "rbi": 87,
        "sb": 12,
        "hr": 26
      },
      {
        "name": "최주환",
        "year": 22,
        "team": "SSG",
        "pa": 333,
        "ops": 0.65,
        "avg": 0.211,
        "obp": 0.288,
        "slg": 0.362,
        "rbi": 41,
        "sb": 0,
        "hr": 9
      },
      {
        "name": "김성현",
        "year": 22,
        "team": "SSG",
        "pa": 359,
        "ops": 0.57,
        "avg": 0.219,
        "obp": 0.295,
        "slg": 0.275,
        "rbi": 37,
        "sb": 3,
        "hr": 2
      },
      {
        "name": "이재원",
        "year": 22,
        "team": "SSG",
        "pa": 279,
        "ops": 0.574,
        "avg": 0.201,
        "obp": 0.296,
        "slg": 0.278,
        "rbi": 28,
        "sb": 1,
        "hr": 4
      }
    ]
  },
  {
    "generation": 25,
    "expected_score": 5.515,
    "lineup": [
      "최정",
      "최지훈",
      "박성한",
      "한유섬",
      "김성현",
      "추신수",
      "오태곤",
      "최주환",
      "이재원"
    ],
    "player_stats": [
      {
        "name": "최정",
        "year": 22,
        "team": "SSG",
        "pa": 505,
        "ops": 0.891,
        "avg": 0.266,
        "obp": 0.386,
        "slg": 0.505,
        "rbi": 87,
        "sb": 12,
        "hr": 26
      },
      {
        "name": "최지훈",
        "year": 22,
        "team": "SSG",
        "pa": 640,
        "ops": 0.789,
        "avg": 0.304,
        "obp": 0.362,
        "slg": 0.427,
        "rbi": 61,
        "sb": 31,
        "hr": 10
      },
      {
        "name": "박성한",
        "year": 22,
        "team": "SSG",
        "pa": 564,
        "ops": 0.749,
        "avg": 0.298,
        "obp": 0.375,
        "slg": 0.374,
        "rbi": 56,
        "sb": 12,
        "hr": 2
      },
      {
        "name": "한유섬",
        "year": 22,
        "team": "SSG",
        "pa": 545,
        "ops": 0.85,
        "avg": 0.264,
        "obp": 0.372,
        "slg": 0.478,
        "rbi": 100,
        "sb": 1,
        "hr": 21
      },
      {
        "name": "김성현",
        "year": 22,
        "team": "SSG",
        "pa": 359,
        "ops": 0.57,
        "avg": 0.219,
        "obp": 0.295,
        "slg": 0.275,
        "rbi": 37,
        "sb": 3,
        "hr": 2
      },
      {
        "name": "추신수",
        "year": 22,
        "team": "SSG",
        "pa": 499,
        "ops": 0.812,
        "avg": 0.259,
        "obp": 0.382,
        "slg": 0.43,
        "rbi": 58,
        "sb": 15,
        "hr": 16
      },
      {
        "name": "오태곤",
        "year": 22,
        "team": "SSG",
        "pa": 295,
        "ops": 0.631,
        "avg": 0.232,
        "obp": 0.293,
        "slg": 0.338,
        "rbi": 23,
        "sb": 11,
        "hr": 4
      },
      {
        "name": "최주환",
        "year": 22,
        "team": "SSG",
        "pa": 333,
        "ops": 0.65,
        "avg": 0.211,
        "obp": 0.288,
        "slg": 0.362,
        "rbi": 41,
        "sb": 0,
        "hr": 9
      },
      {
        "name": "이재원",
        "year": 22,
        "team": "SSG",
        "pa": 279,
        "ops": 0.574,
        "avg": 0.201,
        "obp": 0.296,
        "slg": 0.278,
        "rbi": 28,
        "sb": 1,
        "hr": 4
      }
    ]
  },
  {
    "generation": 26,
    "expected_score": 5.405,
    "lineup": [
      "최정",
      "최지훈",
      "박성한",
      "한유섬",
      "김성현",
      "오태곤",
      "추신수",
      "최주환",
      "이재원"
    ],
    "player_stats": [
      {
        "name": "최정",
        "year": 22,
        "team": "SSG",
        "pa": 505,
        "ops": 0.891,
        "avg": 0.266,
        "obp": 0.386,
        "slg": 0.505,
        "rbi": 87,
        "sb": 12,
        "hr": 26
      },
      {
        "name": "최지훈",
        "year": 22,
        "team": "SSG",
        "pa": 640,
        "ops": 0.789,
        "avg": 0.304,
        "obp": 0.362,
        "slg": 0.427,
        "rbi": 61,
        "sb": 31,
        "hr": 10
      },
      {
        "name": "박성한",
        "year": 22,
        "team": "SSG",
        "pa": 564,
        "ops": 0.749,
        "avg": 0.298,
        "obp": 0.375,
        "slg": 0.374,
        "rbi": 56,
        "sb": 12,
        "hr": 2
      },
      {
        "name": "한유섬",
        "year": 22,
        "team": "SSG",
        "pa": 545,
        "ops": 0.85,
        "avg": 0.264,
        "obp": 0.372,
        "slg": 0.478,
        "rbi": 100,
        "sb": 1,
        "hr": 21
      },
      {
        "name": "김성현",
        "year": 22,
        "team": "SSG",
        "pa": 359,
        "ops": 0.57,
        "avg": 0.219,
        "obp": 0.295,
        "slg": 0.275,
        "rbi": 37,
        "sb": 3,
        "hr": 2
      },
      {
        "name": "오태곤",
        "year": 22,
        "team": "SSG",
        "pa": 295,
        "ops": 0.631,
        "avg": 0.232,
        "obp": 0.293,
        "slg": 0.338,
        "rbi": 23,
        "sb": 11,
        "hr": 4
      },
      {
        "name": "추신수",
        "year": 22,
        "team": "SSG",
        "pa": 499,
        "ops": 0.812,
        "avg": 0.259,
        "obp": 0.382,
        "slg": 0.43,
        "rbi": 58,
        "sb": 15,
        "hr": 16
      },
      {
        "name": "최주환",
        "year": 22,
        "team": "SSG",
        "pa": 333,
        "ops": 0.65,
        "avg": 0.211,
        "obp": 0.288,
        "slg": 0.362,
        "rbi": 41,
        "sb": 0,
        "hr": 9
      },
      {
        "name": "이재원",
        "year": 22,
        "team": "SSG",
        "pa": 279,
        "ops": 0.574,
        "avg": 0.201,
        "obp": 0.296,
        "slg": 0.278,
        "rbi": 28,
        "sb": 1,
        "hr": 4
      }
    ]
  },
  {
    "generation": 27,
    "expected_score": 5.735,
    "lineup": [
      "최정",
      "최지훈",
      "추신수",
      "한유섬",
      "이재원",
      "오태곤",
      "박성한",
      "김성현",
      "최주환"
    ],
    "player_stats": [
      {
        "name": "최정",
        "year": 22,
        "team": "SSG",
        "pa": 505,
        "ops": 0.891,
        "avg": 0.266,
        "obp": 0.386,
        "slg": 0.505,
        "rbi": 87,
        "sb": 12,
        "hr": 26
      },
      {
        "name": "최지훈",
        "year": 22,
        "team": "SSG",
        "pa": 640,
        "ops": 0.789,
        "avg": 0.304,
        "obp": 0.362,
        "slg": 0.427,
        "rbi": 61,
        "sb": 31,
        "hr": 10
      },
      {
        "name": "추신수",
        "year": 22,
        "team": "SSG",
        "pa": 499,
        "ops": 0.812,
        "avg": 0.259,
        "obp": 0.382,
        "slg": 0.43,
        "rbi": 58,
        "sb": 15,
        "hr": 16
      },
      {
        "name": "한유섬",
        "year": 22,
        "team": "SSG",
        "pa": 545,
        "ops": 0.85,
        "avg": 0.264,
        "obp": 0.372,
        "slg": 0.478,
        "rbi": 100,
        "sb": 1,
        "hr": 21
      },
      {
        "name": "이재원",
        "year": 22,
        "team": "SSG",
        "pa": 279,
        "ops": 0.574,
        "avg": 0.201,
        "obp": 0.296,
        "slg": 0.278,
        "rbi": 28,
        "sb": 1,
        "hr": 4
      },
      {
        "name": "오태곤",
        "year": 22,
        "team": "SSG",
        "pa": 295,
        "ops": 0.631,
        "avg": 0.232,
        "obp": 0.293,
        "slg": 0.338,
        "rbi": 23,
        "sb": 11,
        "hr": 4
      },
      {
        "name": "박성한",
        "year": 22,
        "team": "SSG",
        "pa": 564,
        "ops": 0.749,
        "avg": 0.298,
        "obp": 0.375,
        "slg": 0.374,
        "rbi": 56,
        "sb": 12,
        "hr": 2
      },
      {
        "name": "김성현",
        "year": 22,
        "team": "SSG",
        "pa": 359,
        "ops": 0.57,
        "avg": 0.219,
        "obp": 0.295,
        "slg": 0.275,
        "rbi": 37,
        "sb": 3,
        "hr": 2
      },
      {
        "name": "최주환",
        "year": 22,
        "team": "SSG",
        "pa": 333,
        "ops": 0.65,
        "avg": 0.211,
        "obp": 0.288,
        "slg": 0.362,
        "rbi": 41,
        "sb": 0,
        "hr": 9
      }
    ]
  },
  {
    "generation": 28,
    "expected_score": 5.61,
    "lineup": [
      "최정",
      "최지훈",
      "박성한",
      "한유섬",
      "추신수",
      "오태곤",
      "최주환",
      "김성현",
      "이재원"
    ],
    "player_stats": [
      {
        "name": "최정",
        "year": 22,
        "team": "SSG",
        "pa": 505,
        "ops": 0.891,
        "avg": 0.266,
        "obp": 0.386,
        "slg": 0.505,
        "rbi": 87,
        "sb": 12,
        "hr": 26
      },
      {
        "name": "최지훈",
        "year": 22,
        "team": "SSG",
        "pa": 640,
        "ops": 0.789,
        "avg": 0.304,
        "obp": 0.362,
        "slg": 0.427,
        "rbi": 61,
        "sb": 31,
        "hr": 10
      },
      {
        "name": "박성한",
        "year": 22,
        "team": "SSG",
        "pa": 564,
        "ops": 0.749,
        "avg": 0.298,
        "obp": 0.375,
        "slg": 0.374,
        "rbi": 56,
        "sb": 12,
        "hr": 2
      },
      {
        "name": "한유섬",
        "year": 22,
        "team": "SSG",
        "pa": 545,
        "ops": 0.85,
        "avg": 0.264,
        "obp": 0.372,
        "slg": 0.478,
        "rbi": 100,
        "sb": 1,
        "hr": 21
      },
      {
        "name": "추신수",
        "year": 22,
        "team": "SSG",
        "pa": 499,
        "ops": 0.812,
        "avg": 0.259,
        "obp": 0.382,
        "slg": 0.43,
        "rbi": 58,
        "sb": 15,
        "hr": 16
      },
      {
        "name": "오태곤",
        "year": 22,
        "team": "SSG",
        "pa": 295,
        "ops": 0.631,
        "avg": 0.232,
        "obp": 0.293,
        "slg": 0.338,
        "rbi": 23,
        "sb": 11,
        "hr": 4
      },
      {
        "name": "최주환",
        "year": 22,
        "team": "SSG",
        "pa": 333,
        "ops": 0.65,
        "avg": 0.211,
        "obp": 0.288,
        "slg": 0.362,
        "rbi": 41,
        "sb": 0,
        "hr": 9
      },
      {
        "name": "김성현",
        "year": 22,
        "team": "SSG",
        "pa": 359,
        "ops": 0.57,
        "avg": 0.219,
        "obp": 0.295,
        "slg": 0.275,
        "rbi": 37,
        "sb": 3,
        "hr": 2
      },
      {
        "name": "이재원",
        "year": 22,
        "team": "SSG",
        "pa": 279,
        "ops": 0.574,
        "avg": 0.201,
        "obp": 0.296,
        "slg": 0.278,
        "rbi": 28,
        "sb": 1,
        "hr": 4
      }
    ]
  },
  {
    "generation": 29,
    "expected_score": 5.4,
    "lineup": [
      "최지훈",
      "최정",
      "박성한",
      "한유섬",
      "추신수",
      "오태곤",
      "최주환",
      "김성현",
      "이재원"
    ],
    "player_stats": [
      {
        "name": "최지훈",
        "year": 22,
        "team": "SSG",
        "pa": 640,
        "ops": 0.789,
        "avg": 0.304,
        "obp": 0.362,
        "slg": 0.427,
        "rbi": 61,
        "sb": 31,
        "hr": 10
      },
      {
        "name": "최정",
        "year": 22,
        "team": "SSG",
        "pa": 505,
        "ops": 0.891,
        "avg": 0.266,
        "obp": 0.386,
        "slg": 0.505,
        "rbi": 87,
        "sb": 12,
        "hr": 26
      },
      {
        "name": "박성한",
        "year": 22,
        "team": "SSG",
        "pa": 564,
        "ops": 0.749,
        "avg": 0.298,
        "obp": 0.375,
        "slg": 0.374,
        "rbi": 56,
        "sb": 12,
        "hr": 2
      },
      {
        "name": "한유섬",
        "year": 22,
        "team": "SSG",
        "pa": 545,
        "ops": 0.85,
        "avg": 0.264,
        "obp": 0.372,
        "slg": 0.478,
        "rbi": 100,
        "sb": 1,
        "hr": 21
      },
      {
        "name": "추신수",
        "year": 22,
        "team": "SSG",
        "pa": 499,
        "ops": 0.812,
        "avg": 0.259,
        "obp": 0.382,
        "slg": 0.43,
        "rbi": 58,
        "sb": 15,
        "hr": 16
      },
      {
        "name": "오태곤",
        "year": 22,
        "team": "SSG",
        "pa": 295,
        "ops": 0.631,
        "avg": 0.232,
        "obp": 0.293,
        "slg": 0.338,
        "rbi": 23,
        "sb": 11,
        "hr": 4
      },
      {
        "name": "최주환",
        "year": 22,
        "team": "SSG",
        "pa": 333,
        "ops": 0.65,
        "avg": 0.211,
        "obp": 0.288,
        "slg": 0.362,
        "rbi": 41,
        "sb": 0,
        "hr": 9
      },
      {
        "name": "김성현",
        "year": 22,
        "team": "SSG",
        "pa": 359,
        "ops": 0.57,
        "avg": 0.219,
        "obp": 0.295,
        "slg": 0.275,
        "rbi": 37,
        "sb": 3,
        "hr": 2
      },
      {
        "name": "이재원",
        "year": 22,
        "team": "SSG",
        "pa": 279,
        "ops": 0.574,
        "avg": 0.201,
        "obp": 0.296,
        "slg": 0.278,
        "rbi": 28,
        "sb": 1,
        "hr": 4
      }
    ]
  },
  {
    "generation": 30,
    "expected_score": 5.325,
    "lineup": [
      "최지훈",
      "박성한",
      "한유섬",
      "최정",
      "이재원",
      "김성현",
      "추신수",
      "오태곤",
      "최주환"
    ],
    "player_stats": [
      {
        "name": "최지훈",
        "year": 22,
        "team": "SSG",
        "pa": 640,
        "ops": 0.789,
        "avg": 0.304,
        "obp": 0.362,
        "slg": 0.427,
        "rbi": 61,
        "sb": 31,
        "hr": 10
      },
      {
        "name": "박성한",
        "year": 22,
        "team": "SSG",
        "pa": 564,
        "ops": 0.749,
        "avg": 0.298,
        "obp": 0.375,
        "slg": 0.374,
        "rbi": 56,
        "sb": 12,
        "hr": 2
      },
      {
        "name": "한유섬",
        "year": 22,
        "team": "SSG",
        "pa": 545,
        "ops": 0.85,
        "avg": 0.264,
        "obp": 0.372,
        "slg": 0.478,
        "rbi": 100,
        "sb": 1,
        "hr": 21
      },
      {
        "name": "최정",
        "year": 22,
        "team": "SSG",
        "pa": 505,
        "ops": 0.891,
        "avg": 0.266,
        "obp": 0.386,
        "slg": 0.505,
        "rbi": 87,
        "sb": 12,
        "hr": 26
      },
      {
        "name": "이재원",
        "year": 22,
        "team": "SSG",
        "pa": 279,
        "ops": 0.574,
        "avg": 0.201,
        "obp": 0.296,
        "slg": 0.278,
        "rbi": 28,
        "sb": 1,
        "hr": 4
      },
      {
        "name": "김성현",
        "year": 22,
        "team": "SSG",
        "pa": 359,
        "ops": 0.57,
        "avg": 0.219,
        "obp": 0.295,
        "slg": 0.275,
        "rbi": 37,
        "sb": 3,
        "hr": 2
      },
      {
        "name": "추신수",
        "year": 22,
        "team": "SSG",
        "pa": 499,
        "ops": 0.812,
        "avg": 0.259,
        "obp": 0.382,
        "slg": 0.43,
        "rbi": 58,
        "sb": 15,
        "hr": 16
      },
      {
        "name": "오태곤",
        "year": 22,
        "team": "SSG",
        "pa": 295,
        "ops": 0.631,
        "avg": 0.232,
        "obp": 0.293,
        "slg": 0.338,
        "rbi": 23,
        "sb": 11,
        "hr": 4
      },
      {
        "name": "최주환",
        "year": 22,
        "team": "SSG",
        "pa": 333,
        "ops": 0.65,
        "avg": 0.211,
        "obp": 0.288,
        "slg": 0.362,
        "rbi": 41,
        "sb": 0,
        "hr": 9
      }
    ]
  }
]