[
  {
    "generation": 1,
    "expected_score": 5.515,
    "lineup": [
      "이대호",
      "전준우",
      "황성빈",
      "피터스",
      "고승민",
      "한동희",
      "정훈",
      "이학주",
      "안치홍"
    ],
    "player_stats": [
      {
        "name": "이대호",
        "year": 22,
        "team": "롯데",
        "pa": 591,
        "ops": 0.881,
        "avg": 0.331,
        "obp": 0.379,
        "slg": 0.502,
        "rbi": 101,
        "sb": 0,
        "hr": 23
      },
      {
        "name": "전준우",
        "year": 22,
        "team": "롯데",
        "pa": 517,
        "ops": 0.795,
        "avg": 0.304,
        "obp": 0.35,
        "slg": 0.445,
        "rbi": 68,
        "sb": 6,
        "hr": 11
      },
      {
        "name": "황성빈",
        "year": 22,
        "team": "롯데",
        "pa": 353,
        "ops": 0.707,
        "avg": 0.294,
        "obp": 0.341,
        "slg": 0.366,
        "rbi": 16,
        "sb": 10,
        "hr": 1
      },
      {
        "name": "피터스",
        "year": 22,
        "team": "롯데",
        "pa": 354,
        "ops": 0.701,
        "avg": 0.228,
        "obp": 0.299,
        "slg": 0.402,
        "rbi": 48,
        "sb": 7,
        "hr": 13
      },
      {
        "name": "고승민",
        "year": 22,
        "team": "롯데",
        "pa": 262,
        "ops": 0.834,
        "avg": 0.316,
        "obp": 0.381,
        "slg": 0.453,
        "rbi": 30,
        "sb": 1,
        "hr": 5
      },
      {
        "name": "한동희",
        "year": 22,
        "team": "롯데",
        "pa": 499,
        "ops": 0.817,
        "avg": 0.307,
        "obp": 0.359,
        "slg": 0.458,
        "rbi": 65,
        "sb": 0,
        "hr": 14
      },
      {
        "name": "정훈",
        "year": 22,
        "team": "롯데",
        "pa": 340,
        "ops": 0.62,
        "avg": 0.245,
        "obp": 0.317,
        "slg": 0.303,
        "rbi": 32,
        "sb": 4,
        "hr": 3
      },
      {
        "name": "이학주",
        "year": 22,
        "team": "롯데",
        "pa": 260,
        "ops": 0.565,
        "avg": 0.207,
        "obp": 0.263,
        "slg": 0.302,
        "rbi": 15,
        "sb": 2,
        "hr": 3
      },
      {
        "name": "안치홍",
        "year": 22,
        "team": "롯데",
        "pa": 562,
        "ops": 0.79,
        "avg": 0.284,
        "obp": 0.354,
        "slg": 0.436,
        "rbi": 58,
        "sb": 7,
        "hr": 14
      }
    ]
  },
  {
    "generation": 2,
    "expected_score": 5.205,
    "lineup": [
      "안치홍",
      "정훈",
      "피터스",
      "이학주",
      "고승민",
      "전준우",
      "이대호",
      "한동희",
      "황성빈"
    ],
    "player_stats": [
      {
        "name": "안치홍",
        "year": 22,
        "team": "롯데",
        "pa": 562,
        "ops": 0.79,
        "avg": 0.284,
        "obp": 0.354,
        "slg": 0.436,
        "rbi": 58,
        "sb": 7,
        "hr": 14
      },
      {
        "name": "정훈",
        "year": 22,
        "team": "롯데",
        "pa": 340,
        "ops": 0.62,
        "avg": 0.245,
        "obp": 0.317,
        "slg": 0.303,
        "rbi": 32,
        "sb": 4,
        "hr": 3
      },
      {
        "name": "피터스",
        "year": 22,
        "team": "롯데",
        "pa": 354,
        "ops": 0.701,
        "avg": 0.228,
        "obp": 0.299,
        "slg": 0.402,
        "rbi": 48,
        "sb": 7,
        "hr": 13
      },
      {
        "name": "이학주",
        "year": 22,
        "team": "롯데",
        "pa": 260,
        "ops": 0.565,
        "avg": 0.207,
        "obp": 0.263,
        "slg": 0.302,
        "rbi": 15,
        "sb": 2,
        "hr": 3
      },
      {
        "name": "고승민",
        "year": 22,
        "team": "롯데",
        "pa": 262,
        "ops": 0.834,
        "avg": 0.316,
        "obp": 0.381,
        "slg": 0.453,
        "rbi": 30,
        "sb": 1,
        "hr": 5
      },
      {
        "name": "전준우",
        "year": 22,
        "team": "롯데",
        "pa": 517,
        "ops": 0.795,
        "avg": 0.304,
        "obp": 0.35,
        "slg": 0.445,
        "rbi": 68,
        "sb": 6,
        "hr": 11
      },
      {
        "name": "이대호",
        "year": 22,
        "team": "롯데",
        "pa": 591,
        "ops": 0.881,
        "avg": 0.331,
        "obp": 0.379,
        "slg": 0.502,
        "rbi": 101,
        "sb": 0,
        "hr": 23
      },
      {
        "name": "한동희",
        "year": 22,
        "team": "롯데",
        "pa": 499,
        "ops": 0.817,
        "avg": 0.307,
        "obp": 0.359,
        "slg": 0.458,
        "rbi": 65,
        "sb": 0,
        "hr": 14
      },
      {
        "name": "황성빈",
        "year": 22,
        "team": "롯데",
        "pa": 353,
        "ops": 0.707,
        "avg": 0.294,
        "obp": 0.341,
        "slg": 0.366,
        "rbi": 16,
        "sb": 10,
        "hr": 1
      }
    ]
  },
  {
    "generation": 3,
    "expected_score": 5.3,
    "lineup": [
      "이대호",
      "황성빈",
      "전준우",
      "정훈",
      "고승민",
      "한동희",
      "피터스",
      "이학주",
      "안치홍"
    ],
    "player_stats": [
      {
        "name": "이대호",
        "year": 22,
        "team": "롯데",
        "pa": 591,
        "ops": 0.881,
        "avg": 0.331,
        "obp": 0.379,
        "slg": 0.502,
        "rbi": 101,
        "sb": 0,
        "hr": 23
      },
      {
        "name": "황성빈",
        "year": 22,
        "team": "롯데",
        "pa": 353,
        "ops": 0.707,
        "avg": 0.294,
        "obp": 0.341,
        "slg": 0.366,
        "rbi": 16,
        "sb": 10,
        "hr": 1
      },
      {
        "name": "전준우",
        "year": 22,
        "team": "롯데",
        "pa": 517,
        "ops": 0.795,
        "avg": 0.304,
        "obp": 0.35,
        "slg": 0.445,
        "rbi": 68,
        "sb": 6,
        "hr": 11
      },
      {
        "name": "정훈",
        "year": 22,
        "team": "롯데",
        "pa": 340,
        "ops": 0.62,
        "avg": 0.245,
        "obp": 0.317,
        "slg": 0.303,
        "rbi": 32,
        "sb": 4,
        "hr": 3
      },
      {
        "name": "고승민",
        "year": 22,
        "team": "롯데",
        "pa": 262,
        "ops": 0.834,
        "avg": 0.316,
        "obp": 0.381,
        "slg": 0.453,
        "rbi": 30,
        "sb": 1,
        "hr": 5
      },
      {
        "name": "한동희",
        "year": 22,
        "team": "롯데",
        "pa": 499,
        "ops": 0.817,
        "avg": 0.307,
        "obp": 0.359,
        "slg": 0.458,
        "rbi": 65,
        "sb": 0,
        "hr": 14
      },
      {
        "name": "피터스",
        "year": 22,
        "team": "롯데",
        "pa": 354,
        "ops": 0.701,
        "avg": 0.228,
        "obp": 0.299,
        "slg": 0.402,
        "rbi": 48,
        "sb": 7,
        "hr": 13
      },
      {
        "name": "이학주",
        "year": 22,
        "team": "롯데",
        "pa": 260,
        "ops": 0.565,
        "avg": 0.207,
        "obp": 0.263,
        "slg": 0.302,
        "rbi": 15,
        "sb": 2,
        "hr": 3
      },
      {
        "name": "안치홍",
        "year": 22,
        "team": "롯데",
        "pa": 562,
        "ops": 0.79,
        "avg": 0.284,
        "obp": 0.354,
        "slg": 0.436,
        "rbi": 58,
        "sb": 7,
        "hr": 14
      }
    ]
  },
  {
    "generation": 4,
    "expected_score": 5.415,
    "lineup": [
      "이대호",
      "전준우",
      "황성빈",
      "고승민",
      "안치홍",
      "피터스",
      "한동희",
      "정훈",
      "이학주"
    ],
    "player_stats": [
      {
        "name": "이대호",
        "year": 22,
        "team": "롯데",
        "pa": 591,
        "ops": 0.881,
        "avg": 0.331,
        "obp": 0.379,
        "slg": 0.502,
        "rbi": 101,
        "sb": 0,
        "hr": 23
      },
      {
        "name": "전준우",
        "year": 22,
        "team": "롯데",
        "pa": 517,
        "ops": 0.795,
        "avg": 0.304,
        "obp": 0.35,
        "slg": 0.445,
        "rbi": 68,
        "sb": 6,
        "hr": 11
      },
      {
        "name": "황성빈",
        "year": 22,
        "team": "롯데",
        "pa": 353,
        "ops": 0.707,
        "avg": 0.294,
        "obp": 0.341,
        "slg": 0.366,
        "rbi": 16,
        "sb": 10,
        "hr": 1
      },
      {
        "name": "고승민",
        "year": 22,
        "team": "롯데",
        "pa": 262,
        "ops": 0.834,
        "avg": 0.316,
        "obp": 0.381,
        "slg": 0.453,
        "rbi": 30,
        "sb": 1,
        "hr": 5
      },
      {
        "name": "안치홍",
        "year": 22,
        "team": "롯데",
        "pa": 562,
        "ops": 0.79,
        "avg": 0.284,
        "obp": 0.354,
        "slg": 0.436,
        "rbi": 58,
        "sb": 7,
        "hr": 14
      },
      {
        "name": "피터스",
        "year": 22,
        "team": "롯데",
        "pa": 354,
        "ops": 0.701,
        "avg": 0.228,
        "obp": 0.299,
        "slg": 0.402,
        "rbi": 48,
        "sb": 7,
        "hr": 13
      },
      {
        "name": "한동희",
        "year": 22,
        "team": "롯데",
        "pa": 499,
        "ops": 0.817,
        "avg": 0.307,
        "obp": 0.359,
        "slg": 0.458,
        "rbi": 65,
        "sb": 0,
        "hr": 14
      },
      {
        "name": "정훈",
        "year": 22,
        "team": "롯데",
        "pa": 340,
        "ops": 0.62,
        "avg": 0.245,
        "obp": 0.317,
        "slg": 0.303,
        "rbi": 32,
        "sb": 4,
        "hr": 3
      },
      {
        "name": "이학주",
        "year": 22,
        "team": "롯데",
        "pa": 260,
        "ops": 0.565,
        "avg": 0.207,
        "obp": 0.263,
        "slg": 0.302,
        "rbi": 15,
        "sb": 2,
        "hr": 3
      }
    ]
  },
  {
    "generation": 5,
    "expected_score": 5.325,
    "lineup": [
      "황성빈",
      "정훈",
      "피터스",
      "고승민",
      "전준우",
      "이대호",
      "한동희",
      "이학주",
      "안치홍"
    ],
    "player_stats": [
      {
        "name": "황성빈",
        "year": 22,
        "team": "롯데",
        "pa": 353,
        "ops": 0.707,
        "avg": 0.294,
        "obp": 0.341,
        "slg": 0.366,
        "rbi": 16,
        "sb": 10,
        "hr": 1
      },
      {
        "name": "정훈",
        "year": 22,
        "team": "롯데",
        "pa": 340,
        "ops": 0.62,
        "avg": 0.245,
        "obp": 0.317,
        "slg": 0.303,
        "rbi": 32,
        "sb": 4,
        "hr": 3
      },
      {
        "name": "피터스",
        "year": 22,
        "team": "롯데",
        "pa": 354,
        "ops": 0.701,
        "avg": 0.228,
        "obp": 0.299,
        "slg": 0.402,
        "rbi": 48,
        "sb": 7,
        "hr": 13
      },
      {
        "name": "고승민",
        "year": 22,
        "team": "롯데",
        "pa": 262,
        "ops": 0.834,
        "avg": 0.316,
        "obp": 0.381,
        "slg": 0.453,
        "rbi": 30,
        "sb": 1,
        "hr": 5
      },
      {
        "name": "전준우",
        "year": 22,
        "team": "롯데",
        "pa": 517,
        "ops": 0.795,
        "avg": 0.304,
        "obp": 0.35,
        "slg": 0.445,
        "rbi": 68,
        "sb": 6,
        "hr": 11
      },
      {
        "name": "이대호",
        "year": 22,
        "team": "롯데",
        "pa": 591,
        "ops": 0.881,
        "avg": 0.331,
        "obp": 0.379,
        "slg": 0.502,
        "rbi": 101,
        "sb": 0,
        "hr": 23
      },
      {
        "name": "한동희",
        "year": 22,
        "team": "롯데",
        "pa": 499,
        "ops": 0.817,
        "avg": 0.307,
        "obp": 0.359,
        "slg": 0.458,
        "rbi": 65,
        "sb": 0,
        "hr": 14
      },
      {
        "name": "이학주",
        "year": 22,
        "team": "롯데",
        "pa": 260,
        "ops": 0.565,
        "avg": 0.207,
        "obp": 0.263,
        "slg": 0.302,
        "rbi": 15,
        "sb": 2,
        "hr": 3
      },
      {
        "name": "안치홍",
        "year": 22,
        "team": "롯데",
        "pa": 562,
        "ops": 0.79,
        "avg": 0.284,
        "obp": 0.354,
        "slg": 0.436,
        "rbi": 58,
        "sb": 7,
        "hr": 14
      }
    ]
  },
  {
    "generation": 6,
    "expected_score": 5.38,
    "lineup": [
      "전준우",
      "황성빈",
      "고승민",
      "안치홍",
      "피터스",
      "이대호",
      "정훈",
      "이학주",
      "한동희"
    ],
    "player_stats": [
      {
        "name": "전준우",
        "year": 22,
        "team": "롯데",
        "pa": 517,
        "ops": 0.795,
        "avg": 0.304,
        "obp": 0.35,
        "slg": 0.445,
        "rbi": 68,
        "sb": 6,
        "hr": 11
      },
      {
        "name": "황성빈",
        "year": 22,
        "team": "롯데",
        "pa": 353,
        "ops": 0.707,
        "avg": 0.294,
        "obp": 0.341,
        "slg": 0.366,
        "rbi": 16,
        "sb": 10,
        "hr": 1
      },
      {
        "name": "고승민",
        "year": 22,
        "team": "롯데",
        "pa": 262,
        "ops": 0.834,
        "avg": 0.316,
        "obp": 0.381,
        "slg": 0.453,
        "rbi": 30,
        "sb": 1,
        "hr": 5
      },
      {
        "name": "안치홍",
        "year": 22,
        "team": "롯데",
        "pa": 562,
        "ops": 0.79,
        "avg": 0.284,
        "obp": 0.354,
        "slg": 0.436,
        "rbi": 58,
        "sb": 7,
        "hr": 14
      },
      {
        "name": "피터스",
        "year": 22,
        "team": "롯데",
        "pa": 354,
        "ops": 0.701,
        "avg": 0.228,
        "obp": 0.299,
        "slg": 0.402,
        "rbi": 48,
        "sb": 7,
        "hr": 13
      },
      {
        "name": "이대호",
        "year": 22,
        "team": "롯데",
        "pa": 591,
        "ops": 0.881,
        "avg": 0.331,
        "obp": 0.379,
        "slg": 0.502,
        "rbi": 101,
        "sb": 0,
        "hr": 23
      },
      {
        "name": "정훈",
        "year": 22,
        "team": "롯데",
        "pa": 340,
        "ops": 0.62,
        "avg": 0.245,
        "obp": 0.317,
        "slg": 0.303,
        "rbi": 32,
        "sb": 4,
        "hr": 3
      },
      {
        "name": "이학주",
        "year": 22,
        "team": "롯데",
        "pa": 260,
        "ops": 0.565,
        "avg": 0.207,
        "obp": 0.263,
        "slg": 0.302,
        "rbi": 15,
        "sb": 2,
        "hr": 3
      },
      {
        "name": "한동희",
        "year": 22,
        "team": "롯데",
        "pa": 499,
        "ops": 0.817,
        "avg": 0.307,
        "obp": 0.359,
        "slg": 0.458,
        "rbi": 65,
        "sb": 0,
        "hr": 14
      }
    ]
  },
  {
    "generation": 7,
    "expected_score": 5.275,
    "lineup": [
      "이대호",
      "정훈",
      "피터스",
      "전준우",
      "황성빈",
      "고승민",
      "안치홍",
      "한동희",
      "이학주"
    ],
    "player_stats": [
      {
        "name": "이대호",
        "year": 22,
        "team": "롯데",
        "pa": 591,
        "ops": 0.881,
        "avg": 0.331,
        "obp": 0.379,
        "slg": 0.502,
        "rbi": 101,
        "sb": 0,
        "hr": 23
      },
      {
        "name": "정훈",
        "year": 22,
        "team": "롯데",
        "pa": 340,
        "ops": 0.62,
        "avg": 0.245,
        "obp": 0.317,
        "slg": 0.303,
        "rbi": 32,
        "sb": 4,
        "hr": 3
      },
      {
        "name": "피터스",
        "year": 22,
        "team": "롯데",
        "pa": 354,
        "ops": 0.701,
        "avg": 0.228,
        "obp": 0.299,
        "slg": 0.402,
        "rbi": 48,
        "sb": 7,
        "hr": 13
      },
      {
        "name": "전준우",
        "year": 22,
        "team": "롯데",
        "pa": 517,
        "ops": 0.795,
        "avg": 0.304,
        "obp": 0.35,
        "slg": 0.445,
        "rbi": 68,
        "sb": 6,
        "hr": 11
      },
      {
        "name": "황성빈",
        "year": 22,
        "team": "롯데",
        "pa": 353,
        "ops": 0.707,
        "avg": 0.294,
        "obp": 0.341,
        "slg": 0.366,
        "rbi": 16,
        "sb": 10,
        "hr": 1
      },
      {
        "name": "고승민",
        "year": 22,
        "team": "롯데",
        "pa": 262,
        "ops": 0.834,
        "avg": 0.316,
        "obp": 0.381,
        "slg": 0.453,
        "rbi": 30,
        "sb": 1,
        "hr": 5
      },
      {
        "name": "안치홍",
        "year": 22,
        "team": "롯데",
        "pa": 562,
        "ops": 0.79,
        "avg": 0.284,
        "obp": 0.354,
        "slg": 0.436,
        "rbi": 58,
        "sb": 7,
        "hr": 14
      },
      {
        "name": "한동희",
        "year": 22,
        "team": "롯데",
        "pa": 499,
        "ops": 0.817,
        "avg": 0.307,
        "obp": 0.359,
        "slg": 0.458,
        "rbi": 65,
        "sb": 0,
        "hr": 14
      },
      {
        "name": "이학주",
        "year": 22,
        "team": "롯데",
        "pa": 260,
        "ops": 0.565,
        "avg": 0.207,
        "obp": 0.263,
        "slg": 0.302,
        "rbi": 15,
        "sb": 2,
        "hr": 3
      }
    ]
  },
  {
    "generation": 8,
    "expected_score": 5.3,
    "lineup": [
      "이대호",
      "피터스",
      "고승민",
      "정훈",
      "전준우",
      "황성빈",
      "안치홍",
      "한동희",
      "이학주"
    ],
    "player_stats": [
      {
        "name": "이대호",
        "year": 22,
        "team": "롯데",
        "pa": 591,
        "ops": 0.881,
        "avg": 0.331,
        "obp": 0.379,
        "slg": 0.502,
        "rbi": 101,
        "sb": 0,
        "hr": 23
      },
      {
        "name": "피터스",
        "year": 22,
        "team": "롯데",
        "pa": 354,
        "ops": 0.701,
        "avg": 0.228,
        "obp": 0.299,
        "slg": 0.402,
        "rbi": 48,
        "sb": 7,
        "hr": 13
      },
      {
        "name": "고승민",
        "year": 22,
        "team": "롯데",
        "pa": 262,
        "ops": 0.834,
        "avg": 0.316,
        "obp": 0.381,
        "slg": 0.453,
        "rbi": 30,
        "sb": 1,
        "hr": 5
      },
      {
        "name": "정훈",
        "year": 22,
        "team": "롯데",
        "pa": 340,
        "ops": 0.62,
        "avg": 0.245,
        "obp": 0.317,
        "slg": 0.303,
        "rbi": 32,
        "sb": 4,
        "hr": 3
      },
      {
        "name": "전준우",
        "year": 22,
        "team": "롯데",
        "pa": 517,
        "ops": 0.795,
        "avg": 0.304,
        "obp": 0.35,
        "slg": 0.445,
        "rbi": 68,
        "sb": 6,
        "hr": 11
      },
      {
        "name": "황성빈",
        "year": 22,
        "team": "롯데",
        "pa": 353,
        "ops": 0.707,
        "avg": 0.294,
        "obp": 0.341,
        "slg": 0.366,
        "rbi": 16,
        "sb": 10,
        "hr": 1
      },
      {
        "name": "안치홍",
        "year": 22,
        "team": "롯데",
        "pa": 562,
        "ops": 0.79,
        "avg": 0.284,
        "obp": 0.354,
        "slg": 0.436,
        "rbi": 58,
        "sb": 7,
        "hr": 14
      },
      {
        "name": "한동희",
        "year": 22,
        "team": "롯데",
        "pa": 499,
        "ops": 0.817,
        "avg": 0.307,
        "obp": 0.359,
        "slg": 0.458,
        "rbi": 65,
        "sb": 0,
        "hr": 14
      },
      {
        "name": "이학주",
        "year": 22,
        "team": "롯데",
        "pa": 260,
        "ops": 0.565,
        "avg": 0.207,
        "obp": 0.263,
        "slg": 0.302,
        "rbi": 15,
        "sb": 2,
        "hr": 3
      }
    ]
  },
  {
    "generation": 9,
    "expected_score": 5.29,
    "lineup": [
      "고승민",
      "황성빈",
      "전준우",
      "정훈",
      "피터스",
      "안치홍",
      "이대호",
      "한동희",
      "이학주"
    ],
    "player_stats": [
      {
        "name": "고승민",
        "year": 22,
        "team": "롯데",
        "pa": 262,
        "ops": 0.834,
        "avg": 0.316,
        "obp": 0.381,
        "slg": 0.453,
        "rbi": 30,
        "sb": 1,
        "hr": 5
      },
      {
        "name": "황성빈",
        "year": 22,
        "team": "롯데",
        "pa": 353,
        "ops": 0.707,
        "avg": 0.294,
        "obp": 0.341,
        "slg": 0.366,
        "rbi": 16,
        "sb": 10,
        "hr": 1
      },
      {
        "name": "전준우",
        "year": 22,
        "team": "롯데",
        "pa": 517,
        "ops": 0.795,
        "avg": 0.304,
        "obp": 0.35,
        "slg": 0.445,
        "rbi": 68,
        "sb": 6,
        "hr": 11
      },
      {
        "name": "정훈",
        "year": 22,
        "team": "롯데",
        "pa": 340,
        "ops": 0.62,
        "avg": 0.245,
        "obp": 0.317,
        "slg": 0.303,
        "rbi": 32,
        "sb": 4,
        "hr": 3
      },
      {
        "name": "피터스",
        "year": 22,
        "team": "롯데",
        "pa": 354,
        "ops": 0.701,
        "avg": 0.228,
        "obp": 0.299,
        "slg": 0.402,
        "rbi": 48,
        "sb": 7,
        "hr": 13
      },
      {
        "name": "안치홍",
        "year": 22,
        "team": "롯데",
        "pa": 562,
        "ops": 0.79,
        "avg": 0.284,
        "obp": 0.354,
        "slg": 0.436,
        "rbi": 58,
        "sb": 7,
        "hr": 14
      },
      {
        "name": "이대호",
        "year": 22,
        "team": "롯데",
        "pa": 591,
        "ops": 0.881,
        "avg": 0.331,
        "obp": 0.379,
        "slg": 0.502,
        "rbi": 101,
        "sb": 0,
        "hr": 23
      },
      {
        "name": "한동희",
        "year": 22,
        "team": "롯데",
        "pa": 499,
        "ops": 0.817,
        "avg": 0.307,
        "obp": 0.359,
        "slg": 0.458,
        "rbi": 65,
        "sb": 0,
        "hr": 14
      },
      {
        "name": "이학주",
        "year": 22,
        "team": "롯데",
        "pa": 260,
        "ops": 0.565,
        "avg": 0.207,
        "obp": 0.263,
        "slg": 0.302,
        "rbi": 15,
        "sb": 2,
        "hr": 3
      }
    ]
  },
  {
    "generation": 10,
    "expected_score": 5.21,
    "lineup": [
      "황성빈",
      "고승민",
      "안치홍",
      "전준우",
      "정훈",
      "피터스",
      "이대호",
      "한동희",
      "이학주"
    ],
    "player_stats": [
      {
        "name": "황성빈",
        "year": 22,
        "team": "롯데",
        "pa": 353,
        "ops": 0.707,
        "avg": 0.294,
        "obp": 0.341,
        "slg": 0.366,
        "rbi": 16,
        "sb": 10,
        "hr": 1
      },
      {
        "name": "고승민",
        "year": 22,
        "team": "롯데",
        "pa": 262,
        "ops": 0.834,
        "avg": 0.316,
        "obp": 0.381,
        "slg": 0.453,
        "rbi": 30,
        "sb": 1,
        "hr": 5
      },
      {
        "name": "안치홍",
        "year": 22,
        "team": "롯데",
        "pa": 562,
        "ops": 0.79,
        "avg": 0.284,
        "obp": 0.354,
        "slg": 0.436,
        "rbi": 58,
        "sb": 7,
        "hr": 14
      },
      {
        "name": "전준우",
        "year": 22,
        "team": "롯데",
        "pa": 517,
        "ops": 0.795,
        "avg": 0.304,
        "obp": 0.35,
        "slg": 0.445,
        "rbi": 68,
        "sb": 6,
        "hr": 11
      },
      {
        "name": "정훈",
        "year": 22,
        "team": "롯데",
        "pa": 340,
        "ops": 0.62,
        "avg": 0.245,
        "obp": 0.317,
        "slg": 0.303,
        "rbi": 32,
        "sb": 4,
        "hr": 3
      },
      {
        "name": "피터스",
        "year": 22,
        "team": "롯데",
        "pa": 354,
        "ops": 0.701,
        "avg": 0.228,
        "obp": 0.299,
        "slg": 0.402,
        "rbi": 48,
        "sb": 7,
        "hr": 13
      },
      {
        "name": "이대호",
        "year": 22,
        "team": "롯데",
        "pa": 591,
        "ops": 0.881,
        "avg": 0.331,
        "obp": 0.379,
        "slg": 0.502,
        "rbi": 101,
        "sb": 0,
        "hr": 23
      },
      {
        "name": "한동희",
        "year": 22,
        "team": "롯데",
        "pa": 499,
        "ops": 0.817,
        "avg": 0.307,
        "obp": 0.359,
        "slg": 0.458,
        "rbi": 65,
        "sb": 0,
        "hr": 14
      },
      {
        "name": "이학주",
        "year": 22,
        "team": "롯데",
        "pa": 260,
        "ops": 0.565,
        "avg": 0.207,
        "obp": 0.263,
        "slg": 0.302,
        "rbi": 15,
        "sb": 2,
        "hr": 3
      }
    ]
  },
  {
    "generation": 11,
    "expected_score": 5.595,
    "lineup": [
      "피터스",
      "전준우",
      "황성빈",
      "정훈",
      "고승민",
      "이대호",
      "한동희",
      "안치홍",
      "이학주"
    ],
    "player_stats": [
      {
        "name": "피터스",
        "year": 22,
        "team": "롯데",
        "pa": 354,
        "ops": 0.701,
        "avg": 0.228,
        "obp": 0.299,
        "slg": 0.402,
        "rbi": 48,
        "sb": 7,
        "hr": 13
      },
      {
        "name": "전준우",
        "year": 22,
        "team": "롯데",
        "pa": 517,
        "ops": 0.795,
        "avg": 0.304,
        "obp": 0.35,
        "slg": 0.445,
        "rbi": 68,
        "sb": 6,
        "hr": 11
      },
      {
        "name": "황성빈",
        "year": 22,
        "team": "롯데",
        "pa": 353,
        "ops": 0.707,
        "avg": 0.294,
        "obp": 0.341,
        "slg": 0.366,
        "rbi": 16,
        "sb": 10,
        "hr": 1
      },
      {
        "name": "정훈",
        "year": 22,
        "team": "롯데",
        "pa": 340,
        "ops": 0.62,
        "avg": 0.245,
        "obp": 0.317,
        "slg": 0.303,
        "rbi": 32,
        "sb": 4,
        "hr": 3
      },
      {
        "name": "고승민",
        "year": 22,
        "team": "롯데",
        "pa": 262,
        "ops": 0.834,
        "avg": 0.316,
        "obp": 0.381,
        "slg": 0.453,
        "rbi": 30,
        "sb": 1,
        "hr": 5
      },
      {
        "name": "이대호",
        "year": 22,
        "team": "롯데",
        "pa": 591,
        "ops": 0.881,
        "avg": 0.331,
        "obp": 0.379,
        "slg": 0.502,
        "rbi": 101,
        "sb": 0,
        "hr": 23
      },
      {
        "name": "한동희",
        "year": 22,
        "team": "롯데",
        "pa": 499,
        "ops": 0.817,
        "avg": 0.307,
        "obp": 0.359,
        "slg": 0.458,
        "rbi": 65,
        "sb": 0,
        "hr": 14
      },
      {
        "name": "안치홍",
        "year": 22,
        "team": "롯데",
        "pa": 562,
        "ops": 0.79,
        "avg": 0.284,
        "obp": 0.354,
        "slg": 0.436,
        "rbi": 58,
        "sb": 7,
        "hr": 14
      },
      {
        "name": "이학주",
        "year": 22,
        "team": "롯데",
        "pa": 260,
        "ops": 0.565,
        "avg": 0.207,
        "obp": 0.263,
        "slg": 0.302,
        "rbi": 15,
        "sb": 2,
        "hr": 3
      }
    ]
  },
  {
    "generation": 12,
    "expected_score": 5.44,
    "lineup": [
      "전준우",
      "정훈",
      "피터스",
      "황성빈",
      "고승민",
      "안치홍",
      "이대호",
      "한동희",
      "이학주"
    ],
    "player_stats": [
      {
        "name": "전준우",
        "year": 22,
        "team": "롯데",
        "pa": 517,
        "ops": 0.795,
        "avg": 0.304,
        "obp": 0.35,
        "slg": 0.445,
        "rbi": 68,
        "sb": 6,
        "hr": 11
      },
      {
        "name": "정훈",
        "year": 22,
        "team": "롯데",
        "pa": 340,
        "ops": 0.62,
        "avg": 0.245,
        "obp": 0.317,
        "slg": 0.303,
        "rbi": 32,
        "sb": 4,
        "hr": 3
      },
      {
        "name": "피터스",
        "year": 22,
        "team": "롯데",
        "pa": 354,
        "ops": 0.701,
        "avg": 0.228,
        "obp": 0.299,
        "slg": 0.402,
        "rbi": 48,
        "sb": 7,
        "hr": 13
      },
      {
        "name": "황성빈",
        "year": 22,
        "team": "롯데",
        "pa": 353,
        "ops": 0.707,
        "avg": 0.294,
        "obp": 0.341,
        "slg": 0.366,
        "rbi": 16,
        "sb": 10,
        "hr": 1
      },
      {
        "name": "고승민",
        "year": 22,
        "team": "롯데",
        "pa": 262,
        "ops": 0.834,
        "avg": 0.316,
        "obp": 0.381,
        "slg": 0.453,
        "rbi": 30,
        "sb": 1,
        "hr": 5
      },
      {
        "name": "안치홍",
        "year": 22,
        "team": "롯데",
        "pa": 562,
        "ops": 0.79,
        "avg": 0.284,
        "obp": 0.354,
        "slg": 0.436,
        "rbi": 58,
        "sb": 7,
        "hr": 14
      },
      {
        "name": "이대호",
        "year": 22,
        "team": "롯데",
        "pa": 591,
        "ops": 0.881,
        "avg": 0.331,
        "obp": 0.379,
        "slg": 0.502,
        "rbi": 101,
        "sb": 0,
        "hr": 23
      },
      {
        "name": "한동희",
        "year": 22,
        "team": "롯데",
        "pa": 499,
        "ops": 0.817,
        "avg": 0.307,
        "obp": 0.359,
        "slg": 0.458,
        "rbi": 65,
        "sb": 0,
        "hr": 14
      },
      {
        "name": "이학주",
        "year": 22,
        "team": "롯데",
        "pa": 260,
        "ops": 0.565,
        "avg": 0.207,
        "obp": 0.263,
        "slg": 0.302,
        "rbi": 15,
        "sb": 2,
        "hr": 3
      }
    ]
  },
  {
    "generation": 13,
    "expected_score": 5.27,
    "lineup": [
      "황성빈",
      "고승민",
      "이대호",
      "전준우",
      "피터스",
      "한동희",
      "안치홍",
      "정훈",
      "이학주"
    ],
    "player_stats": [
      {
        "name": "황성빈",
        "year": 22,
        "team": "롯데",
        "pa": 353,
        "ops": 0.707,
        "avg": 0.294,
        "obp": 0.341,
        "slg": 0.366,
        "rbi": 16,
        "sb": 10,
        "hr": 1
      },
      {
        "name": "고승민",
        "year": 22,
        "team": "롯데",
        "pa": 262,
        "ops": 0.834,
        "avg": 0.316,
        "obp": 0.381,
        "slg": 0.453,
        "rbi": 30,
        "sb": 1,
        "hr": 5
      },
      {
        "name": "이대호",
        "year": 22,
        "team": "롯데",
        "pa": 591,
        "ops": 0.881,
        "avg": 0.331,
        "obp": 0.379,
        "slg": 0.502,
        "rbi": 101,
        "sb": 0,
        "hr": 23
      },
      {
        "name": "전준우",
        "year": 22,
        "team": "롯데",
        "pa": 517,
        "ops": 0.795,
        "avg": 0.304,
        "obp": 0.35,
        "slg": 0.445,
        "rbi": 68,
        "sb": 6,
        "hr": 11
      },
      {
        "name": "피터스",
        "year": 22,
        "team": "롯데",
        "pa": 354,
        "ops": 0.701,
        "avg": 0.228,
        "obp": 0.299,
        "slg": 0.402,
        "rbi": 48,
        "sb": 7,
        "hr": 13
      },
      {
        "name": "한동희",
        "year": 22,
        "team": "롯데",
        "pa": 499,
        "ops": 0.817,
        "avg": 0.307,
        "obp": 0.359,
        "slg": 0.458,
        "rbi": 65,
        "sb": 0,
        "hr": 14
      },
      {
        "name": "안치홍",
        "year": 22,
        "team": "롯데",
        "pa": 562,
        "ops": 0.79,
        "avg": 0.284,
        "obp": 0.354,
        "slg": 0.436,
        "rbi": 58,
        "sb": 7,
        "hr": 14
      },
      {
        "name": "정훈",
        "year": 22,
        "team": "롯데",
        "pa": 340,
        "ops": 0.62,
        "avg": 0.245,
        "obp": 0.317,
        "slg": 0.303,
        "rbi": 32,
        "sb": 4,
        "hr": 3
      },
      {
        "name": "이학주",
        "year": 22,
        "team": "롯데",
        "pa": 260,
        "ops": 0.565,
        "avg": 0.207,
        "obp": 0.263,
        "slg": 0.302,
        "rbi": 15,
        "sb": 2,
        "hr": 3
      }
    ]
  },
  {
    "generation": 14,
    "expected_score": 5.335,
    "lineup": [
      "황성빈",
      "이대호",
      "피터스",
      "전준우",
      "고승민",
      "안치홍",
      "정훈",
      "한동희",
      "이학주"
    ],
    "player_stats": [
      {
        "name": "황성빈",
        "year": 22,
        "team": "롯데",
        "pa": 353,
        "ops": 0.707,
        "avg": 0.294,
        "obp": 0.341,
        "slg": 0.366,
        "rbi": 16,
        "sb": 10,
        "hr": 1
      },
      {
        "name": "이대호",
        "year": 22,
        "team": "롯데",
        "pa": 591,
        "ops": 0.881,
        "avg": 0.331,
        "obp": 0.379,
        "slg": 0.502,
        "rbi": 101,
        "sb": 0,
        "hr": 23
      },
      {
        "name": "피터스",
        "year": 22,
        "team": "롯데",
        "pa": 354,
        "ops": 0.701,
        "avg": 0.228,
        "obp": 0.299,
        "slg": 0.402,
        "rbi": 48,
        "sb": 7,
        "hr": 13
      },
      {
        "name": "전준우",
        "year": 22,
        "team": "롯데",
        "pa": 517,
        "ops": 0.795,
        "avg": 0.304,
        "obp": 0.35,
        "slg": 0.445,
        "rbi": 68,
        "sb": 6,
        "hr": 11
      },
      {
        "name": "고승민",
        "year": 22,
        "team": "롯데",
        "pa": 262,
        "ops": 0.834,
        "avg": 0.316,
        "obp": 0.381,
        "slg": 0.453,
        "rbi": 30,
        "sb": 1,
        "hr": 5
      },
      {
        "name": "안치홍",
        "year": 22,
        "team": "롯데",
        "pa": 562,
        "ops": 0.79,
        "avg": 0.284,
        "obp": 0.354,
        "slg": 0.436,
        "rbi": 58,
        "sb": 7,
        "hr": 14
      },
      {
        "name": "정훈",
        "year": 22,
        "team": "롯데",
        "pa": 340,
        "ops": 0.62,
        "avg": 0.245,
        "obp": 0.317,
        "slg": 0.303,
        "rbi": 32,
        "sb": 4,
        "hr": 3
      },
      {
        "name": "한동희",
        "year": 22,
        "team": "롯데",
        "pa": 499,
        "ops": 0.817,
        "avg": 0.307,
        "obp": 0.359,
        "slg": 0.458,
        "rbi": 65,
        "sb": 0,
        "hr": 14
      },
      {
        "name": "이학주",
        "year": 22,
        "team": "롯데",
        "pa": 260,
        "ops": 0.565,
        "avg": 0.207,
        "obp": 0.263,
        "slg": 0.302,
        "rbi": 15,
        "sb": 2,
        "hr": 3
      }
    ]
  },
  {
    "generation": 15,
    "expected_score": 5.375,
    "lineup": [
      "이대호",
      "피터스",
      "황성빈",
      "전준우",
      "한동희",
      "고승민",
      "정훈",
      "안치홍",
      "이학주"
    ],
    "player_stats": [
      {
        "name": "이대호",
        "year": 22,
        "team": "롯데",
        "pa": 591,
        "ops": 0.881,
        "avg": 0.331,
        "obp": 0.379,
        "slg": 0.502,
        "rbi": 101,
        "sb": 0,
        "hr": 23
      },
      {
        "name": "피터스",
        "year": 22,
        "team": "롯데",
        "pa": 354,
        "ops": 0.701,
        "avg": 0.228,
        "obp": 0.299,
        "slg": 0.402,
        "rbi": 48,
        "sb": 7,
        "hr": 13
      },
      {
        "name": "황성빈",
        "year": 22,
        "team": "롯데",
        "pa": 353,
        "ops": 0.707,
        "avg": 0.294,
        "obp": 0.341,
        "slg": 0.366,
        "rbi": 16,
        "sb": 10,
        "hr": 1
      },
      {
        "name": "전준우",
        "year": 22,
        "team": "롯데",
        "pa": 517,
        "ops": 0.795,
        "avg": 0.304,
        "obp": 0.35,
        "slg": 0.445,
        "rbi": 68,
        "sb": 6,
        "hr": 11
      },
      {
        "name": "한동희",
        "year": 22,
        "team": "롯데",
        "pa": 499,
        "ops": 0.817,
        "avg": 0.307,
        "obp": 0.359,
        "slg": 0.458,
        "rbi": 65,
        "sb": 0,
        "hr": 14
      },
      {
        "name": "고승민",
        "year": 22,
        "team": "롯데",
        "pa": 262,
        "ops": 0.834,
        "avg": 0.316,
        "obp": 0.381,
        "slg": 0.453,
        "rbi": 30,
        "sb": 1,
        "hr": 5
      },
      {
        "name": "정훈",
        "year": 22,
        "team": "롯데",
        "pa": 340,
        "ops": 0.62,
        "avg": 0.245,
        "obp": 0.317,
        "slg": 0.303,
        "rbi": 32,
        "sb": 4,
        "hr": 3
      },
      {
        "name": "안치홍",
        "year": 22,
        "team": "롯데",
        "pa": 562,
        "ops": 0.79,
        "avg": 0.284,
        "obp": 0.354,
        "slg": 0.436,
        "rbi": 58,
        "sb": 7,
        "hr": 14
      },
      {
        "name": "이학주",
        "year": 22,
        "team": "롯데",
        "pa": 260,
        "ops": 0.565,
        "avg": 0.207,
        "obp": 0.263,
        "slg": 0.302,
        "rbi": 15,
        "sb": 2,
        "hr": 3
      }
    ]
  },
  {
    "generation": 16,
    "expected_score": 5.21,
    "lineup": [
      "이대호",
      "황성빈",
      "피터스",
      "전준우",
      "고승민",
      "한동희",
      "안치홍",
      "정훈",
      "이학주"
    ],
    "player_stats": [
      {
        "name": "이대호",
        "year": 22,
        "team": "롯데",
        "pa": 591,
        "ops": 0.881,
        "avg": 0.331,
        "obp": 0.379,
        "slg": 0.502,
        "rbi": 101,
        "sb": 0,
        "hr": 23
      },
      {
        "name": "황성빈",
        "year": 22,
        "team": "롯데",
        "pa": 353,
        "ops": 0.707,
        "avg": 0.294,
        "obp": 0.341,
        "slg": 0.366,
        "rbi": 16,
        "sb": 10,
        "hr": 1
      },
      {
        "name": "피터스",
        "year": 22,
        "team": "롯데",
        "pa": 354,
        "ops": 0.701,
        "avg": 0.228,
        "obp": 0.299,
        "slg": 0.402,
        "rbi": 48,
        "sb": 7,
        "hr": 13
      },
      {
        "name": "전준우",
        "year": 22,
        "team": "롯데",
        "pa": 517,
        "ops": 0.795,
        "avg": 0.304,
        "obp": 0.35,
        "slg": 0.445,
        "rbi": 68,
        "sb": 6,
        "hr": 11
      },
      {
        "name": "고승민",
        "year": 22,
        "team": "롯데",
        "pa": 262,
        "ops": 0.834,
        "avg": 0.316,
        "obp": 0.381,
        "slg": 0.453,
        "rbi": 30,
        "sb": 1,
        "hr": 5
      },
      {
        "name": "한동희",
        "year": 22,
        "team": "롯데",
        "pa": 499,
        "ops": 0.817,
        "avg": 0.307,
        "obp": 0.359,
        "slg": 0.458,
        "rbi": 65,
        "sb": 0,
        "hr": 14
      },
      {
        "name": "안치홍",
        "year": 22,
        "team": "롯데",
        "pa": 562,
        "ops": 0.79,
        "avg": 0.284,
        "obp": 0.354,
        "slg": 0.436,
        "rbi": 58,
        "sb": 7,
        "hr": 14
      },
      {
        "name": "정훈",
        "year": 22,
        "team": "롯데",
        "pa": 340,
        "ops": 0.62,
        "avg": 0.245,
        "obp": 0.317,
        "slg": 0.303,
        "rbi": 32,
        "sb": 4,
        "hr": 3
      },
      {
        "name": "이학주",
        "year": 22,
        "team": "롯데",
        "pa": 260,
        "ops": 0.565,
        "avg": 0.207,
        "obp": 0.263,
        "slg": 0.302,
        "rbi": 15,
        "sb": 2,
        "hr": 3
      }
    ]
  },
  {
    "generation": 17,
    "expected_score": 5.485,
    "lineup": [
      "이대호",
      "피터스",
      "황성빈",
      "정훈",
      "전준우",
      "고승민",
      "한동희",
      "안치홍",
      "이학주"
    ],
    "player_stats": [
      {
        "name": "이대호",
        "year": 22,
        "team": "롯데",
        "pa": 591,
        "ops": 0.881,
        "avg": 0.331,
        "obp": 0.379,
        "slg": 0.502,
        "rbi": 101,
        "sb": 0,
        "hr": 23
      },
      {
        "name": "피터스",
        "year": 22,
        "team": "롯데",
        "pa": 354,
        "ops": 0.701,
        "avg": 0.228,
        "obp": 0.299,
        "slg": 0.402,
        "rbi": 48,
        "sb": 7,
        "hr": 13
      },
      {
        "name": "황성빈",
        "year": 22,
        "team": "롯데",
        "pa": 353,
        "ops": 0.707,
        "avg": 0.294,
        "obp": 0.341,
        "slg": 0.366,
        "rbi": 16,
        "sb": 10,
        "hr": 1
      },
      {
        "name": "정훈",
        "year": 22,
        "team": "롯데",
        "pa": 340,
        "ops": 0.62,
        "avg": 0.245,
        "obp": 0.317,
        "slg": 0.303,
        "rbi": 32,
        "sb": 4,
        "hr": 3
      },
      {
        "name": "전준우",
        "year": 22,
        "team": "롯데",
        "pa": 517,
        "ops": 0.795,
        "avg": 0.304,
        "obp": 0.35,
        "slg": 0.445,
        "rbi": 68,
        "sb": 6,
        "hr": 11
      },
      {
        "name": "고승민",
        "year": 22,
        "team": "롯데",
        "pa": 262,
        "ops": 0.834,
        "avg": 0.316,
        "obp": 0.381,
        "slg": 0.453,
        "rbi": 30,
        "sb": 1,
        "hr": 5
      },
      {
        "name": "한동희",
        "year": 22,
        "team": "롯데",
        "pa": 499,
        "ops": 0.817,
        "avg": 0.307,
        "obp": 0.359,
        "slg": 0.458,
        "rbi": 65,
        "sb": 0,
        "hr": 14
      },
      {
        "name": "안치홍",
        "year": 22,
        "team": "롯데",
        "pa": 562,
        "ops": 0.79,
        "avg": 0.284,
        "obp": 0.354,
        "slg": 0.436,
        "rbi": 58,
        "sb": 7,
        "hr": 14
      },
      {
        "name": "이학주",
        "year": 22,
        "team": "롯데",
        "pa": 260,
        "ops": 0.565,
        "avg": 0.207,
        "obp": 0.263,
        "slg": 0.302,
        "rbi": 15,
        "sb": 2,
        "hr": 3
      }
    ]
  },
  {
    "generation": 18,
    "expected_score": 5.245,
    "lineup": [
      "이대호",
      "피터스",
      "전준우",
      "정훈",
      "황성빈",
      "한동희",
      "고승민",
      "안치홍",
      "이학주"
    ],
    "player_stats": [
      {
        "name": "이대호",
        "year": 22,
        "team": "롯데",
        "pa": 591,
        "ops": 0.881,
        "avg": 0.331,
        "obp": 0.379,
        "slg": 0.502,
        "rbi": 101,
        "sb": 0,
        "hr": 23
      },
      {
        "name": "피터스",
        "year": 22,
        "team": "롯데",
        "pa": 354,
        "ops": 0.701,
        "avg": 0.228,
        "obp": 0.299,
        "slg": 0.402,
        "rbi": 48,
        "sb": 7,
        "hr": 13
      },
      {
        "name": "전준우",
        "year": 22,
        "team": "롯데",
        "pa": 517,
        "ops": 0.795,
        "avg": 0.304,
        "obp": 0.35,
        "slg": 0.445,
        "rbi": 68,
        "sb": 6,
        "hr": 11
      },
      {
        "name": "정훈",
        "year": 22,
        "team": "롯데",
        "pa": 340,
        "ops": 0.62,
        "avg": 0.245,
        "obp": 0.317,
        "slg": 0.303,
        "rbi": 32,
        "sb": 4,
        "hr": 3
      },
      {
        "name": "황성빈",
        "year": 22,
        "team": "롯데",
        "pa": 353,
        "ops": 0.707,
        "avg": 0.294,
        "obp": 0.341,
        "slg": 0.366,
        "rbi": 16,
        "sb": 10,
        "hr": 1
      },
      {
        "name": "한동희",
        "year": 22,
        "team": "롯데",
        "pa": 499,
        "ops": 0.817,
        "avg": 0.307,
        "obp": 0.359,
        "slg": 0.458,
        "rbi": 65,
        "sb": 0,
        "hr": 14
      },
      {
        "name": "고승민",
        "year": 22,
        "team": "롯데",
        "pa": 262,
        "ops": 0.834,
        "avg": 0.316,
        "obp": 0.381,
        "slg": 0.453,
        "rbi": 30,
        "sb": 1,
        "hr": 5
      },
      {
        "name": "안치홍",
        "year": 22,
        "team": "롯데",
        "pa": 562,
        "ops": 0.79,
        "avg": 0.284,
        "obp": 0.354,
        "slg": 0.436,
        "rbi": 58,
        "sb": 7,
        "hr": 14
      },
      {
        "name": "이학주",
        "year": 22,
        "team": "롯데",
        "pa": 260,
        "ops": 0.565,
        "avg": 0.207,
        "obp": 0.263,
        "slg": 0.302,
        "rbi": 15,
        "sb": 2,
        "hr": 3
      }
    ]
  },
  {
    "generation": 19,
    "expected_score": 5.455,
    "lineup": [
      "황성빈",
      "피터스",
      "전준우",
      "정훈",
      "고승민",
      "이대호",
      "한동희",
      "안치홍",
      "이학주"
    ],
    "player_stats": [
      {
        "name": "황성빈",
        "year": 22,
        "team": "롯데",
        "pa": 353,
        "ops": 0.707,
        "avg": 0.294,
        "obp": 0.341,
        "slg": 0.366,
        "rbi": 16,
        "sb": 10,
        "hr": 1
      },
      {
        "name": "피터스",
        "year": 22,
        "team": "롯데",
        "pa": 354,
        "ops": 0.701,
        "avg": 0.228,
        "obp": 0.299,
        "slg": 0.402,
        "rbi": 48,
        "sb": 7,
        "hr": 13
      },
      {
        "name": "전준우",
        "year": 22,
        "team": "롯데",
        "pa": 517,
        "ops": 0.795,
        "avg": 0.304,
        "obp": 0.35,
        "slg": 0.445,
        "rbi": 68,
        "sb": 6,
        "hr": 11
      },
      {
        "name": "정훈",
        "year": 22,
        "team": "롯데",
        "pa": 340,
        "ops": 0.62,
        "avg": 0.245,
        "obp": 0.317,
        "slg": 0.303,
        "rbi": 32,
        "sb": 4,
        "hr": 3
      },
      {
        "name": "고승민",
        "year": 22,
        "team": "롯데",
        "pa": 262,
        "ops": 0.834,
        "avg": 0.316,
        "obp": 0.381,
        "slg": 0.453,
        "rbi": 30,
        "sb": 1,
        "hr": 5
      },
      {
        "name": "이대호",
        "year": 22,
        "team": "롯데",
        "pa": 591,
        "ops": 0.881,
        "avg": 0.331,
        "obp": 0.379,
        "slg": 0.502,
        "rbi": 101,
        "sb": 0,
        "hr": 23
      },
      {
        "name": "한동희",
        "year": 22,
        "team": "롯데",
        "pa": 499,
        "ops": 0.817,
        "avg": 0.307,
        "obp": 0.359,
        "slg": 0.458,
        "rbi": 65,
        "sb": 0,
        "hr": 14
      },
      {
        "name": "안치홍",
        "year": 22,
        "team": "롯데",
        "pa": 562,
        "ops": 0.79,
        "avg": 0.284,
        "obp": 0.354,
        "slg": 0.436,
        "rbi": 58,
        "sb": 7,
        "hr": 14
      },
      {
        "name": "이학주",
        "year": 22,
        "team": "롯데",
        "pa": 260,
        "ops": 0.565,
        "avg": 0.207,
        "obp": 0.263,
        "slg": 0.302,
        "rbi": 15,
        "sb": 2,
        "hr": 3
      }
    ]
  },
  {
    "generation": 20,
    "expected_score": 5.32,
    "lineup": [
      "이대호",
      "피터스",
      "황성빈",
      "정훈",
      "전준우",
      "고승민",
      "안치홍",
      "한동희",
      "이학주"
    ],
    "player_stats": [
      {
        "name": "이대호",
        "year": 22,
        "team": "롯데",
        "pa": 591,
        "ops": 0.881,
        "avg": 0.331,
        "obp": 0.379,
        "slg": 0.502,
        "rbi": 101,
        "sb": 0,
        "hr": 23
      },
      {
        "name": "피터스",
        "year": 22,
        "team": "롯데",
        "pa": 354,
        "ops": 0.701,
        "avg": 0.228,
        "obp": 0.299,
        "slg": 0.402,
        "rbi": 48,
        "sb": 7,
        "hr": 13
      },
      {
        "name": "황성빈",
        "year": 22,
        "team": "롯데",
        "pa": 353,
        "ops": 0.707,
        "avg": 0.294,
        "obp": 0.341,
        "slg": 0.366,
        "rbi": 16,
        "sb": 10,
        "hr": 1
      },
      {
        "name": "정훈",
        "year": 22,
        "team": "롯데",
        "pa": 340,
        "ops": 0.62,
        "avg": 0.245,
        "obp": 0.317,
        "slg": 0.303,
        "rbi": 32,
        "sb": 4,
        "hr": 3
      },
      {
        "name": "전준우",
        "year": 22,
        "team": "롯데",
        "pa": 517,
        "ops": 0.795,
        "avg": 0.304,
        "obp": 0.35,
        "slg": 0.445,
        "rbi": 68,
        "sb": 6,
        "hr": 11
      },
      {
        "name": "고승민",
        "year": 22,
        "team": "롯데",
        "pa": 262,
        "ops": 0.834,
        "avg": 0.316,
        "obp": 0.381,
        "slg": 0.453,
        "rbi": 30,
        "sb": 1,
        "hr": 5
      },
      {
        "name": "안치홍",
        "year": 22,
        "team": "롯데",
        "pa": 562,
        "ops": 0.79,
        "avg": 0.284,
        "obp": 0.354,
        "slg": 0.436,
        "rbi": 58,
        "sb": 7,
        "hr": 14
      },
      {
        "name": "한동희",
        "year": 22,
        "team": "롯데",
        "pa": 499,
        "ops": 0.817,
        "avg": 0.307,
        "obp": 0.359,
        "slg": 0.458,
        "rbi": 65,
        "sb": 0,
        "hr": 14
      },
      {
        "name": "이학주",
        "year": 22,
        "team": "롯데",
        "pa": 260,
        "ops": 0.565,
        "avg": 0.207,
        "obp": 0.263,
        "slg": 0.302,
        "rbi": 15,
        "sb": 2,
        "hr": 3
      }
    ]
  },
  {
    "generation": 21,
    "expected_score": 5.365,
    "lineup": [
      "이대호",
      "황성빈",
      "전준우",
      "한동희",
      "안치홍",
      "정훈",
      "피터스",
      "고승민",
      "이학주"
    ],
    "player_stats": [
      {
        "name": "이대호",
        "year": 22,
        "team": "롯데",
        "pa": 591,
        "ops": 0.881,
        "avg": 0.331,
        "obp": 0.379,
        "slg": 0.502,
        "rbi": 101,
        "sb": 0,
        "hr": 23
      },
      {
        "name": "황성빈",
        "year": 22,
        "team": "롯데",
        "pa": 353,
        "ops": 0.707,
        "avg": 0.294,
        "obp": 0.341,
        "slg": 0.366,
        "rbi": 16,
        "sb": 10,
        "hr": 1
      },
      {
        "name": "전준우",
        "year": 22,
        "team": "롯데",
        "pa": 517,
        "ops": 0.795,
        "avg": 0.304,
        "obp": 0.35,
        "slg": 0.445,
        "rbi": 68,
        "sb": 6,
        "hr": 11
      },
      {
        "name": "한동희",
        "year": 22,
        "team": "롯데",
        "pa": 499,
        "ops": 0.817,
        "avg": 0.307,
        "obp": 0.359,
        "slg": 0.458,
        "rbi": 65,
        "sb": 0,
        "hr": 14
      },
      {
        "name": "안치홍",
        "year": 22,
        "team": "롯데",
        "pa": 562,
        "ops": 0.79,
        "avg": 0.284,
        "obp": 0.354,
        "slg": 0.436,
        "rbi": 58,
        "sb": 7,
        "hr": 14
      },
      {
        "name": "정훈",
        "year": 22,
        "team": "롯데",
        "pa": 340,
        "ops": 0.62,
        "avg": 0.245,
        "obp": 0.317,
        "slg": 0.303,
        "rbi": 32,
        "sb": 4,
        "hr": 3
      },
      {
        "name": "피터스",
        "year": 22,
        "team": "롯데",
        "pa": 354,
        "ops": 0.701,
        "avg": 0.228,
        "obp": 0.299,
        "slg": 0.402,
        "rbi": 48,
        "sb": 7,
        "hr": 13
      },
      {
        "name": "고승민",
        "year": 22,
        "team": "롯데",
        "pa": 262,
        "ops": 0.834,
        "avg": 0.316,
        "obp": 0.381,
        "slg": 0.453,
        "rbi": 30,
        "sb": 1,
        "hr": 5
      },
      {
        "name": "이학주",
        "year": 22,
        "team": "롯데",
        "pa": 260,
        "ops": 0.565,
        "avg": 0.207,
        "obp": 0.263,
        "slg": 0.302,
        "rbi": 15,
        "sb": 2,
        "hr": 3
      }
    ]
  },
  {
    "generation": 22,
    "expected_score": 5.425,
    "lineup": [
      "이대호",
      "황성빈",
      "전준우",
      "한동희",
      "안치홍",
      "정훈",
      "피터스",
      "고승민",
      "이학주"
    ],
    "player_stats": [
      {
        "name": "이대호",
        "year": 22,
        "team": "롯데",
        "pa": 591,
        "ops": 0.881,
        "avg": 0.331,
        "obp": 0.379,
        "slg": 0.502,
        "rbi": 101,
        "sb": 0,
        "hr": 23
      },
      {
        "name": "황성빈",
        "year": 22,
        "team": "롯데",
        "pa": 353,
        "ops": 0.707,
        "avg": 0.294,
        "obp": 0.341,
        "slg": 0.366,
        "rbi": 16,
        "sb": 10,
        "hr": 1
      },
      {
        "name": "전준우",
        "year": 22,
        "team": "롯데",
        "pa": 517,
        "ops": 0.795,
        "avg": 0.304,
        "obp": 0.35,
        "slg": 0.445,
        "rbi": 68,
        "sb": 6,
        "hr": 11
      },
      {
        "name": "한동희",
        "year": 22,
        "team": "롯데",
        "pa": 499,
        "ops": 0.817,
        "avg": 0.307,
        "obp": 0.359,
        "slg": 0.458,
        "rbi": 65,
        "sb": 0,
        "hr": 14
      },
      {
        "name": "안치홍",
        "year": 22,
        "team": "롯데",
        "pa": 562,
        "ops": 0.79,
        "avg": 0.284,
        "obp": 0.354,
        "slg": 0.436,
        "rbi": 58,
        "sb": 7,
        "hr": 14
      },
      {
        "name": "정훈",
        "year": 22,
        "team": "롯데",
        "pa": 340,
        "ops": 0.62,
        "avg": 0.245,
        "obp": 0.317,
        "slg": 0.303,
        "rbi": 32,
        "sb": 4,
        "hr": 3
      },
      {
        "name": "피터스",
        "year": 22,
        "team": "롯데",
        "pa": 354,
        "ops": 0.701,
        "avg": 0.228,
        "obp": 0.299,
        "slg": 0.402,
        "rbi": 48,
        "sb": 7,
        "hr": 13
      },
      {
        "name": "고승민",
        "year": 22,
        "team": "롯데",
        "pa": 262,
        "ops": 0.834,
        "avg": 0.316,
        "obp": 0.381,
        "slg": 0.453,
        "rbi": 30,
        "sb": 1,
        "hr": 5
      },
      {
        "name": "이학주",
        "year": 22,
        "team": "롯데",
        "pa": 260,
        "ops": 0.565,
        "avg": 0.207,
        "obp": 0.263,
        "slg": 0.302,
        "rbi": 15,
        "sb": 2,
        "hr": 3
      }
    ]
  },
  {
    "generation": 23,
    "expected_score": 5.36,
    "lineup": [
      "전준우",
      "한동희",
      "안치홍",
      "고승민",
      "황성빈",
      "피터스",
      "이학주",
      "이대호",
      "정훈"
    ],
    "player_stats": [
      {
        "name": "전준우",
        "year": 22,
        "team": "롯데",
        "pa": 517,
        "ops": 0.795,
        "avg": 0.304,
        "obp": 0.35,
        "slg": 0.445,
        "rbi": 68,
        "sb": 6,
        "hr": 11
      },
      {
        "name": "한동희",
        "year": 22,
        "team": "롯데",
        "pa": 499,
        "ops": 0.817,
        "avg": 0.307,
        "obp": 0.359,
        "slg": 0.458,
        "rbi": 65,
        "sb": 0,
        "hr": 14
      },
      {
        "name": "안치홍",
        "year": 22,
        "team": "롯데",
        "pa": 562,
        "ops": 0.79,
        "avg": 0.284,
        "obp": 0.354,
        "slg": 0.436,
        "rbi": 58,
        "sb": 7,
        "hr": 14
      },
      {
        "name": "고승민",
        "year": 22,
        "team": "롯데",
        "pa": 262,
        "ops": 0.834,
        "avg": 0.316,
        "obp": 0.381,
        "slg": 0.453,
        "rbi": 30,
        "sb": 1,
        "hr": 5
      },
      {
        "name": "황성빈",
        "year": 22,
        "team": "롯데",
        "pa": 353,
        "ops": 0.707,
        "avg": 0.294,
        "obp": 0.341,
        "slg": 0.366,
        "rbi": 16,
        "sb": 10,
        "hr": 1
      },
      {
        "name": "피터스",
        "year": 22,
        "team": "롯데",
        "pa": 354,
        "ops": 0.701,
        "avg": 0.228,
        "obp": 0.299,
        "slg": 0.402,
        "rbi": 48,
        "sb": 7,
        "hr": 13
      },
      {
        "name": "이학주",
        "year": 22,
        "team": "롯데",
        "pa": 260,
        "ops": 0.565,
        "avg": 0.207,
        "obp": 0.263,
        "slg": 0.302,
        "rbi": 15,
        "sb": 2,
        "hr": 3
      },
      {
        "name": "이대호",
        "year": 22,
        "team": "롯데",
        "pa": 591,
        "ops": 0.881,
        "avg": 0.331,
        "obp": 0.379,
        "slg": 0.502,
        "rbi": 101,
        "sb": 0,
        "hr": 23
      },
      {
        "name": "정훈",
        "year": 22,
        "team": "롯데",
        "pa": 340,
        "ops": 0.62,
        "avg": 0.245,
        "obp": 0.317,
        "slg": 0.303,
        "rbi": 32,
        "sb": 4,
        "hr": 3
      }
    ]
  },
  {
    "generation": 24,
    "expected_score": 5.365,
    "lineup": [
      "전준우",
      "고승민",
      "이대호",
      "정훈",
      "황성빈",
      "이학주",
      "피터스",
      "한동희",
      "안치홍"
    ],
    "player_stats": [
      {
        "name": "전준우",
        "year": 22,
        "team": "롯데",
        "pa": 517,
        "ops": 0.795,
        "avg": 0.304,
        "obp": 0.35,
        "slg": 0.445,
        "rbi": 68,
        "sb": 6,
        "hr": 11
      },
      {
        "name": "고승민",
        "year": 22,
        "team": "롯데",
        "pa": 262,
        "ops": 0.834,
        "avg": 0.316,
        "obp": 0.381,
        "slg": 0.453,
        "rbi": 30,
        "sb": 1,
        "hr": 5
      },
      {
        "name": "이대호",
        "year": 22,
        "team": "롯데",
        "pa": 591,
        "ops": 0.881,
        "avg": 0.331,
        "obp": 0.379,
        "slg": 0.502,
        "rbi": 101,
        "sb": 0,
        "hr": 23
      },
      {
        "name": "정훈",
        "year": 22,
        "team": "롯데",
        "pa": 340,
        "ops": 0.62,
        "avg": 0.245,
        "obp": 0.317,
        "slg": 0.303,
        "rbi": 32,
        "sb": 4,
        "hr": 3
      },
      {
        "name": "황성빈",
        "year": 22,
        "team": "롯데",
        "pa": 353,
        "ops": 0.707,
        "avg": 0.294,
        "obp": 0.341,
        "slg": 0.366,
        "rbi": 16,
        "sb": 10,
        "hr": 1
      },
      {
        "name": "이학주",
        "year": 22,
        "team": "롯데",
        "pa": 260,
        "ops": 0.565,
        "avg": 0.207,
        "obp": 0.263,
        "slg": 0.302,
        "rbi": 15,
        "sb": 2,
        "hr": 3
      },
      {
        "name": "피터스",
        "year": 22,
        "team": "롯데",
        "pa": 354,
        "ops": 0.701,
        "avg": 0.228,
        "obp": 0.299,
        "slg": 0.402,
        "rbi": 48,
        "sb": 7,
        "hr": 13
      },
      {
        "name": "한동희",
        "year": 22,
        "team": "롯데",
        "pa": 499,
        "ops": 0.817,
        "avg": 0.307,
        "obp": 0.359,
        "slg": 0.458,
        "rbi": 65,
        "sb": 0,
        "hr": 14
      },
      {
        "name": "안치홍",
        "year": 22,
        "team": "롯데",
        "pa": 562,
        "ops": 0.79,
        "avg": 0.284,
        "obp": 0.354,
        "slg": 0.436,
        "rbi": 58,
        "sb": 7,
        "hr": 14
      }
    ]
  },
  {
    "generation": 25,
    "expected_score": 5.32,
    "lineup": [
      "전준우",
      "피터스",
      "고승민",
      "황성빈",
      "이대호",
      "정훈",
      "이학주",
      "한동희",
      "안치홍"
    ],
    "player_stats": [
      {
        "name": "전준우",
        "year": 22,
        "team": "롯데",
        "pa": 517,
        "ops": 0.795,
        "avg": 0.304,
        "obp": 0.35,
        "slg": 0.445,
        "rbi": 68,
        "sb": 6,
        "hr": 11
      },
      {
        "name": "피터스",
        "year": 22,
        "team": "롯데",
        "pa": 354,
        "ops": 0.701,
        "avg": 0.228,
        "obp": 0.299,
        "slg": 0.402,
        "rbi": 48,
        "sb": 7,
        "hr": 13
      },
      {
        "name": "고승민",
        "year": 22,
        "team": "롯데",
        "pa": 262,
        "ops": 0.834,
        "avg": 0.316,
        "obp": 0.381,
        "slg": 0.453,
        "rbi": 30,
        "sb": 1,
        "hr": 5
      },
      {
        "name": "황성빈",
        "year": 22,
        "team": "롯데",
        "pa": 353,
        "ops": 0.707,
        "avg": 0.294,
        "obp": 0.341,
        "slg": 0.366,
        "rbi": 16,
        "sb": 10,
        "hr": 1
      },
      {
        "name": "이대호",
        "year": 22,
        "team": "롯데",
        "pa": 591,
        "ops": 0.881,
        "avg": 0.331,
        "obp": 0.379,
        "slg": 0.502,
        "rbi": 101,
        "sb": 0,
        "hr": 23
      },
      {
        "name": "정훈",
        "year": 22,
        "team": "롯데",
        "pa": 340,
        "ops": 0.62,
        "avg": 0.245,
        "obp": 0.317,
        "slg": 0.303,
        "rbi": 32,
        "sb": 4,
        "hr": 3
      },
      {
        "name": "이학주",
        "year": 22,
        "team": "롯데",
        "pa": 260,
        "ops": 0.565,
        "avg": 0.207,
        "obp": 0.263,
        "slg": 0.302,
        "rbi": 15,
        "sb": 2,
        "hr": 3
      },
      {
        "name": "한동희",
        "year": 22,
        "team": "롯데",
        "pa": 499,
        "ops": 0.817,
        "avg": 0.307,
        "obp": 0.359,
        "slg": 0.458,
        "rbi": 65,
        "sb": 0,
        "hr": 14
      },
      {
        "name": "안치홍",
        "year": 22,
        "team": "롯데",
        "pa": 562,
        "ops": 0.79,
        "avg": 0.284,
        "obp": 0.354,
        "slg": 0.436,
        "rbi": 58,
        "sb": 7,
        "hr": 14
      }
    ]
  },
  {
    "generation": 26,
    "expected_score": 5.155,
    "lineup": [
      "정훈",
      "황성빈",
      "한동희",
      "안치홍",
      "전준우",
      "피터스",
      "고승민",
      "이대호",
      "이학주"
    ],
    "player_stats": [
      {
        "name": "정훈",
        "year": 22,
        "team": "롯데",
        "pa": 340,
        "ops": 0.62,
        "avg": 0.245,
        "obp": 0.317,
        "slg": 0.303,
        "rbi": 32,
        "sb": 4,
        "hr": 3
      },
      {
        "name": "황성빈",
        "year": 22,
        "team": "롯데",
        "pa": 353,
        "ops": 0.707,
        "avg": 0.294,
        "obp": 0.341,
        "slg": 0.366,
        "rbi": 16,
        "sb": 10,
        "hr": 1
      },
      {
        "name": "한동희",
        "year": 22,
        "team": "롯데",
        "pa": 499,
        "ops": 0.817,
        "avg": 0.307,
        "obp": 0.359,
        "slg": 0.458,
        "rbi": 65,
        "sb": 0,
        "hr": 14
      },
      {
        "name": "안치홍",
        "year": 22,
        "team": "롯데",
        "pa": 562,
        "ops": 0.79,
        "avg": 0.284,
        "obp": 0.354,
        "slg": 0.436,
        "rbi": 58,
        "sb": 7,
        "hr": 14
      },
      {
        "name": "전준우",
        "year": 22,
        "team": "롯데",
        "pa": 517,
        "ops": 0.795,
        "avg": 0.304,
        "obp": 0.35,
        "slg": 0.445,
        "rbi": 68,
        "sb": 6,
        "hr": 11
      },
      {
        "name": "피터스",
        "year": 22,
        "team": "롯데",
        "pa": 354,
        "ops": 0.701,
        "avg": 0.228,
        "obp": 0.299,
        "slg": 0.402,
        "rbi": 48,
        "sb": 7,
        "hr": 13
      },
      {
        "name": "고승민",
        "year": 22,
        "team": "롯데",
        "pa": 262,
        "ops": 0.834,
        "avg": 0.316,
        "obp": 0.381,
        "slg": 0.453,
        "rbi": 30,
        "sb": 1,
        "hr": 5
      },
      {
        "name": "이대호",
        "year": 22,
        "team": "롯데",
        "pa": 591,
        "ops": 0.881,
        "avg": 0.331,
        "obp": 0.379,
        "slg": 0.502,
        "rbi": 101,
        "sb": 0,
        "hr": 23
      },
      {
        "name": "이학주",
        "year": 22,
        "team": "롯데",
        "pa": 260,
        "ops": 0.565,
        "avg": 0.207,
        "obp": 0.263,
        "slg": 0.302,
        "rbi": 15,
        "sb": 2,
        "hr": 3
      }
    ]
  },
  {
    "generation": 27,
    "expected_score": 5.31,
    "lineup": [
      "한동희",
      "이대호",
      "황성빈",
      "피터스",
      "전준우",
      "고승민",
      "이학주",
      "정훈",
      "안치홍"
    ],
    "player_stats": [
      {
        "name": "한동희",
        "year": 22,
        "team": "롯데",
        "pa": 499,
        "ops": 0.817,
        "avg": 0.307,
        "obp": 0.359,
        "slg": 0.458,
        "rbi": 65,
        "sb": 0,
        "hr": 14
      },
      {
        "name": "이대호",
        "year": 22,
        "team": "롯데",
        "pa": 591,
        "ops": 0.881,
        "avg": 0.331,
        "obp": 0.379,
        "slg": 0.502,
        "rbi": 101,
        "sb": 0,
        "hr": 23
      },
      {
        "name": "황성빈",
        "year": 22,
        "team": "롯데",
        "pa": 353,
        "ops": 0.707,
        "avg": 0.294,
        "obp": 0.341,
        "slg": 0.366,
        "rbi": 16,
        "sb": 10,
        "hr": 1
      },
      {
        "name": "피터스",
        "year": 22,
        "team": "롯데",
        "pa": 354,
        "ops": 0.701,
        "avg": 0.228,
        "obp": 0.299,
        "slg": 0.402,
        "rbi": 48,
        "sb": 7,
        "hr": 13
      },
      {
        "name": "전준우",
        "year": 22,
        "team": "롯데",
        "pa": 517,
        "ops": 0.795,
        "avg": 0.304,
        "obp": 0.35,
        "slg": 0.445,
        "rbi": 68,
        "sb": 6,
        "hr": 11
      },
      {
        "name": "고승민",
        "year": 22,
        "team": "롯데",
        "pa": 262,
        "ops": 0.834,
        "avg": 0.316,
        "obp": 0.381,
        "slg": 0.453,
        "rbi": 30,
        "sb": 1,
        "hr": 5
      },
      {
        "name": "이학주",
        "year": 22,
        "team": "롯데",
        "pa": 260,
        "ops": 0.565,
        "avg": 0.207,
        "obp": 0.263,
        "slg": 0.302,
        "rbi": 15,
        "sb": 2,
        "hr": 3
      },
      {
        "name": "정훈",
        "year": 22,
        "team": "롯데",
        "pa": 340,
        "ops": 0.62,
        "avg": 0.245,
        "obp": 0.317,
        "slg": 0.303,
        "rbi": 32,
        "sb": 4,
        "hr": 3
      },
      {
        "name": "안치홍",
        "year": 22,
        "team": "롯데",
        "pa": 562,
        "ops": 0.79,
        "avg": 0.284,
        "obp": 0.354,
        "slg": 0.436,
        "rbi": 58,
        "sb": 7,
        "hr": 14
      }
    ]
  },
  {
    "generation": 28,
    "expected_score": 5.37,
    "lineup": [
      "한동희",
      "이대호",
      "황성빈",
      "피터스",
      "안치홍",
      "전준우",
      "고승민",
      "정훈",
      "이학주"
    ],
    "player_stats": [
      {
        "name": "한동희",
        "year": 22,
        "team": "롯데",
        "pa": 499,
        "ops": 0.817,
        "avg": 0.307,
        "obp": 0.359,
        "slg": 0.458,
        "rbi": 65,
        "sb": 0,
        "hr": 14
      },
      {
        "name": "이대호",
        "year": 22,
        "team": "롯데",
        "pa": 591,
        "ops": 0.881,
        "avg": 0.331,
        "obp": 0.379,
        "slg": 0.502,
        "rbi": 101,
        "sb": 0,
        "hr": 23
      },
      {
        "name": "황성빈",
        "year": 22,
        "team": "롯데",
        "pa": 353,
        "ops": 0.707,
        "avg": 0.294,
        "obp": 0.341,
        "slg": 0.366,
        "rbi": 16,
        "sb": 10,
        "hr": 1
      },
      {
        "name": "피터스",
        "year": 22,
        "team": "롯데",
        "pa": 354,
        "ops": 0.701,
        "avg": 0.228,
        "obp": 0.299,
        "slg": 0.402,
        "rbi": 48,
        "sb": 7,
        "hr": 13
      },
      {
        "name": "안치홍",
        "year": 22,
        "team": "롯데",
        "pa": 562,
        "ops": 0.79,
        "avg": 0.284,
        "obp": 0.354,
        "slg": 0.436,
        "rbi": 58,
        "sb": 7,
        "hr": 14
      },
      {
        "name": "전준우",
        "year": 22,
        "team": "롯데",
        "pa": 517,
        "ops": 0.795,
        "avg": 0.304,
        "obp": 0.35,
        "slg": 0.445,
        "rbi": 68,
        "sb": 6,
        "hr": 11
      },
      {
        "name": "고승민",
        "year": 22,
        "team": "롯데",
        "pa": 262,
        "ops": 0.834,
        "avg": 0.316,
        "obp": 0.381,
        "slg": 0.453,
        "rbi": 30,
        "sb": 1,
        "hr": 5
      },
      {
        "name": "정훈",
        "year": 22,
        "team": "롯데",
        "pa": 340,
        "ops": 0.62,
        "avg": 0.245,
        "obp": 0.317,
        "slg": 0.303,
        "rbi": 32,
        "sb": 4,
        "hr": 3
      },
      {
        "name": "이학주",
        "year": 22,
        "team": "롯데",
        "pa": 260,
        "ops": 0.565,
        "avg": 0.207,
        "obp": 0.263,
        "slg": 0.302,
        "rbi": 15,
        "sb": 2,
        "hr": 3
      }
    ]
  },
  {
    "generation": 29,
    "expected_score": 5.275,
    "lineup": [
      "황성빈",
      "안치홍",
      "정훈",
      "한동희",
      "전준우",
      "고승민",
      "이학주",
      "이대호",
      "피터스"
    ],
    "player_stats": [
      {
        "name": "황성빈",
        "year": 22,
        "team": "롯데",
        "pa": 353,
        "ops": 0.707,
        "avg": 0.294,
        "obp": 0.341,
        "slg": 0.366,
        "rbi": 16,
        "sb": 10,
        "hr": 1
      },
      {
        "name": "안치홍",
        "year": 22,
        "team": "롯데",
        "pa": 562,
        "ops": 0.79,
        "avg": 0.284,
        "obp": 0.354,
        "slg": 0.436,
        "rbi": 58,
        "sb": 7,
        "hr": 14
      },
      {
        "name": "정훈",
        "year": 22,
        "team": "롯데",
        "pa": 340,
        "ops": 0.62,
        "avg": 0.245,
        "obp": 0.317,
        "slg": 0.303,
        "rbi": 32,
        "sb": 4,
        "hr": 3
      },
      {
        "name": "한동희",
        "year": 22,
        "team": "롯데",
        "pa": 499,
        "ops": 0.817,
        "avg": 0.307,
        "obp": 0.359,
        "slg": 0.458,
        "rbi": 65,
        "sb": 0,
        "hr": 14
      },
      {
        "name": "전준우",
        "year": 22,
        "team": "롯데",
        "pa": 517,
        "ops": 0.795,
        "avg": 0.304,
        "obp": 0.35,
        "slg": 0.445,
        "rbi": 68,
        "sb": 6,
        "hr": 11
      },
      {
        "name": "고승민",
        "year": 22,
        "team": "롯데",
        "pa": 262,
        "ops": 0.834,
        "avg": 0.316,
        "obp": 0.381,
        "slg": 0.453,
        "rbi": 30,
        "sb": 1,
        "hr": 5
      },
      {
        "name": "이학주",
        "year": 22,
        "team": "롯데",
        "pa": 260,
        "ops": 0.565,
        "avg": 0.207,
        "obp": 0.263,
        "slg": 0.302,
        "rbi": 15,
        "sb": 2,
        "hr": 3
      },
      {
        "name": "이대호",
        "year": 22,
        "team": "롯데",
        "pa": 591,
        "ops": 0.881,
        "avg": 0.331,
        "obp": 0.379,
        "slg": 0.502,
        "rbi": 101,
        "sb": 0,
        "hr": 23
      },
      {
        "name": "피터스",
        "year": 22,
        "team": "롯데",
        "pa": 354,
        "ops": 0.701,
        "avg": 0.228,
        "obp": 0.299,
        "slg": 0.402,
        "rbi": 48,
        "sb": 7,
        "hr": 13
      }
    ]
  },
  {
    "generation": 30,
    "expected_score": 5.42,
    "lineup": [
      "한동희",
      "전준우",
      "황성빈",
      "피터스",
      "안치홍",
      "이대호",
      "고승민",
      "이학주",
      "정훈"
    ],
    "player_stats": [
      {
        "name": "한동희",
        "year": 22,
        "team": "롯데",
        "pa": 499,
        "ops": 0.817,
        "avg": 0.307,
        "obp": 0.359,
        "slg": 0.458,
        "rbi": 65,
        "sb": 0,
        "hr": 14
      },
      {
        "name": "전준우",
        "year": 22,
        "team": "롯데",
        "pa": 517,
        "ops": 0.795,
        "avg": 0.304,
        "obp": 0.35,
        "slg": 0.445,
        "rbi": 68,
        "sb": 6,
        "hr": 11
      },
      {
        "name": "황성빈",
        "year": 22,
        "team": "롯데",
        "pa": 353,
        "ops": 0.707,
        "avg": 0.294,
        "obp": 0.341,
        "slg": 0.366,
        "rbi": 16,
        "sb": 10,
        "hr": 1
      },
      {
        "name": "피터스",
        "year": 22,
        "team": "롯데",
        "pa": 354,
        "ops": 0.701,
        "avg": 0.228,
        "obp": 0.299,
        "slg": 0.402,
        "rbi": 48,
        "sb": 7,
        "hr": 13
      },
      {
        "name": "안치홍",
        "year": 22,
        "team": "롯데",
        "pa": 562,
        "ops": 0.79,
        "avg": 0.284,
        "obp": 0.354,
        "slg": 0.436,
        "rbi": 58,
        "sb": 7,
        "hr": 14
      },
      {
        "name": "이대호",
        "year": 22,
        "team": "롯데",
        "pa": 591,
        "ops": 0.881,
        "avg": 0.331,
        "obp": 0.379,
        "slg": 0.502,
        "rbi": 101,
        "sb": 0,
        "hr": 23
      },
      {
        "name": "고승민",
        "year": 22,
        "team": "롯데",
        "pa": 262,
        "ops": 0.834,
        "avg": 0.316,
        "obp": 0.381,
        "slg": 0.453,
        "rbi": 30,
        "sb": 1,
        "hr": 5
      },
      {
        "name": "이학주",
        "year": 22,
        "team": "롯데",
        "pa": 260,
        "ops": 0.565,
        "avg": 0.207,
        "obp": 0.263,
        "slg": 0.302,
        "rbi": 15,
        "sb": 2,
        "hr": 3
      },
      {
        "name": "정훈",
        "year": 22,
        "team": "롯데",
        "pa": 340,
        "ops": 0.62,
        "avg": 0.245,
        "obp": 0.317,
        "slg": 0.303,
        "rbi": 32,
        "sb": 4,
        "hr": 3
      }
    ]
  }
]