[
  {
    "generation": 1,
    "expected_score": 5.46,
    "lineup": [
      "정수빈",
      "김재환",
      "양석환",
      "강승호",
      "김인태",
      "박세혁",
      "페르난데스",
      "허경민",
      "안권수"
    ],
    "player_stats": [
      {
        "name": "정수빈",
        "year": 22,
        "team": "두산",
        "pa": 455,
        "ops": 0.654,
        "avg": 0.259,
        "obp": 0.323,
        "slg": 0.331,
        "rbi": 41,
        "sb": 15,
        "hr": 3
      },
      {
        "name": "김재환",
        "year": 22,
        "team": "두산",
        "pa": 517,
        "ops": 0.8,
        "avg": 0.248,
        "obp": 0.34,
        "slg": 0.46,
        "rbi": 72,
        "sb": 2,
        "hr": 23
      },
      {
        "name": "양석환",
        "year": 22,
        "team": "두산",
        "pa": 446,
        "ops": 0.741,
        "avg": 0.244,
        "obp": 0.309,
        "slg": 0.432,
        "rbi": 51,
        "sb": 1,
        "hr": 20
      },
      {
        "name": "강승호",
        "year": 22,
        "team": "두산",
        "pa": 487,
        "ops": 0.709,
        "avg": 0.264,
        "obp": 0.31,
        "slg": 0.399,
        "rbi": 62,
        "sb": 13,
        "hr": 10
      },
      {
        "name": "김인태",
        "year": 22,
        "team": "두산",
        "pa": 279,
        "ops": 0.702,
        "avg": 0.247,
        "obp": 0.366,
        "slg": 0.336,
        "rbi": 25,
        "sb": 1,
        "hr": 5
      },
      {
        "name": "박세혁",
        "year": 22,
        "team": "두산",
        "pa": 402,
        "ops": 0.636,
        "avg": 0.248,
        "obp": 0.32,
        "slg": 0.316,
        "rbi": 41,
        "sb": 2,
        "hr": 3
      },
      {
        "name": "페르난데스",
        "year": 22,
        "team": "두산",
        "pa": 550,
        "ops": 0.753,
        "avg": 0.309,
        "obp": 0.353,
        "slg": 0.4,
        "rbi": 77,
        "sb": 0,
        "hr": 6
      },
      {
        "name": "허경민",
        "year": 22,
        "team": "두산",
        "pa": 493,
        "ops": 0.758,
        "avg": 0.289,
        "obp": 0.36,
        "slg": 0.398,
        "rbi": 60,
        "sb": 10,
        "hr": 8
      },
      {
        "name": "안권수",
        "year": 22,
        "team": "두산",
        "pa": 267,
        "ops": 0.711,
        "avg": 0.297,
        "obp": 0.368,
        "slg": 0.343,
        "rbi": 20,
        "sb": 3,
        "hr": 0
      }
    ]
  },
  {
    "generation": 2,
    "expected_score": 5.355,
    "lineup": [
      "양석환",
      "박세혁",
      "정수빈",
      "허경민",
      "페르난데스",
      "안권수",
      "김인태",
      "강승호",
      "김재환"
    ],
    "player_stats": [
      {
        "name": "양석환",
        "year": 22,
        "team": "두산",
        "pa": 446,
        "ops": 0.741,
        "avg": 0.244,
        "obp": 0.309,
        "slg": 0.432,
        "rbi": 51,
        "sb": 1,
        "hr": 20
      },
      {
        "name": "박세혁",
        "year": 22,
        "team": "두산",
        "pa": 402,
        "ops": 0.636,
        "avg": 0.248,
        "obp": 0.32,
        "slg": 0.316,
        "rbi": 41,
        "sb": 2,
        "hr": 3
      },
      {
        "name": "정수빈",
        "year": 22,
        "team": "두산",
        "pa": 455,
        "ops": 0.654,
        "avg": 0.259,
        "obp": 0.323,
        "slg": 0.331,
        "rbi": 41,
        "sb": 15,
        "hr": 3
      },
      {
        "name": "허경민",
        "year": 22,
        "team": "두산",
        "pa": 493,
        "ops": 0.758,
        "avg": 0.289,
        "obp": 0.36,
        "slg": 0.398,
        "rbi": 60,
        "sb": 10,
        "hr": 8
      },
      {
        "name": "페르난데스",
        "year": 22,
        "team": "두산",
        "pa": 550,
        "ops": 0.753,
        "avg": 0.309,
        "obp": 0.353,
        "slg": 0.4,
        "rbi": 77,
        "sb": 0,
        "hr": 6
      },
      {
        "name": "안권수",
        "year": 22,
        "team": "두산",
        "pa": 267,
        "ops": 0.711,
        "avg": 0.297,
        "obp": 0.368,
        "slg": 0.343,
        "rbi": 20,
        "sb": 3,
        "hr": 0
      },
      {
        "name": "김인태",
        "year": 22,
        "team": "두산",
        "pa": 279,
        "ops": 0.702,
        "avg": 0.247,
        "obp": 0.366,
        "slg": 0.336,
        "rbi": 25,
        "sb": 1,
        "hr": 5
      },
      {
        "name": "강승호",
        "year": 22,
        "team": "두산",
        "pa": 487,
        "ops": 0.709,
        "avg": 0.264,
        "obp": 0.31,
        "slg": 0.399,
        "rbi": 62,
        "sb": 13,
        "hr": 10
      },
      {
        "name": "김재환",
        "year": 22,
        "team": "두산",
        "pa": 517,
        "ops": 0.8,
        "avg": 0.248,
        "obp": 0.34,
        "slg": 0.46,
        "rbi": 72,
        "sb": 2,
        "hr": 23
      }
    ]
  },
  {
    "generation": 3,
    "expected_score": 5.36,
    "lineup": [
      "정수빈",
      "김재환",
      "양석환",
      "강승호",
      "박세혁",
      "안권수",
      "김인태",
      "페르난데스",
      "허경민"
    ],
    "player_stats": [
      {
        "name": "정수빈",
        "year": 22,
        "team": "두산",
        "pa": 455,
        "ops": 0.654,
        "avg": 0.259,
        "obp": 0.323,
        "slg": 0.331,
        "rbi": 41,
        "sb": 15,
        "hr": 3
      },
      {
        "name": "김재환",
        "year": 22,
        "team": "두산",
        "pa": 517,
        "ops": 0.8,
        "avg": 0.248,
        "obp": 0.34,
        "slg": 0.46,
        "rbi": 72,
        "sb": 2,
        "hr": 23
      },
      {
        "name": "양석환",
        "year": 22,
        "team": "두산",
        "pa": 446,
        "ops": 0.741,
        "avg": 0.244,
        "obp": 0.309,
        "slg": 0.432,
        "rbi": 51,
        "sb": 1,
        "hr": 20
      },
      {
        "name": "강승호",
        "year": 22,
        "team": "두산",
        "pa": 487,
        "ops": 0.709,
        "avg": 0.264,
        "obp": 0.31,
        "slg": 0.399,
        "rbi": 62,
        "sb": 13,
        "hr": 10
      },
      {
        "name": "박세혁",
        "year": 22,
        "team": "두산",
        "pa": 402,
        "ops": 0.636,
        "avg": 0.248,
        "obp": 0.32,
        "slg": 0.316,
        "rbi": 41,
        "sb": 2,
        "hr": 3
      },
      {
        "name": "안권수",
        "year": 22,
        "team": "두산",
        "pa": 267,
        "ops": 0.711,
        "avg": 0.297,
        "obp": 0.368,
        "slg": 0.343,
        "rbi": 20,
        "sb": 3,
        "hr": 0
      },
      {
        "name": "김인태",
        "year": 22,
        "team": "두산",
        "pa": 279,
        "ops": 0.702,
        "avg": 0.247,
        "obp": 0.366,
        "slg": 0.336,
        "rbi": 25,
        "sb": 1,
        "hr": 5
      },
      {
        "name": "페르난데스",
        "year": 22,
        "team": "두산",
        "pa": 550,
        "ops": 0.753,
        "avg": 0.309,
        "obp": 0.353,
        "slg": 0.4,
        "rbi": 77,
        "sb": 0,
        "hr": 6
      },
      {
        "name": "허경민",
        "year": 22,
        "team": "두산",
        "pa": 493,
        "ops": 0.758,
        "avg": 0.289,
        "obp": 0.36,
        "slg": 0.398,
        "rbi": 60,
        "sb": 10,
        "hr": 8
      }
    ]
  },
  {
    "generation": 4,
    "expected_score": 5.24,
    "lineup": [
      "김재환",
      "안권수",
      "강승호",
      "정수빈",
      "허경민",
      "페르난데스",
      "양석환",
      "김인태",
      "박세혁"
    ],
    "player_stats": [
      {
        "name": "김재환",
        "year": 22,
        "team": "두산",
        "pa": 517,
        "ops": 0.8,
        "avg": 0.248,
        "obp": 0.34,
        "slg": 0.46,
        "rbi": 72,
        "sb": 2,
        "hr": 23
      },
      {
        "name": "안권수",
        "year": 22,
        "team": "두산",
        "pa": 267,
        "ops": 0.711,
        "avg": 0.297,
        "obp": 0.368,
        "slg": 0.343,
        "rbi": 20,
        "sb": 3,
        "hr": 0
      },
      {
        "name": "강승호",
        "year": 22,
        "team": "두산",
        "pa": 487,
        "ops": 0.709,
        "avg": 0.264,
        "obp": 0.31,
        "slg": 0.399,
        "rbi": 62,
        "sb": 13,
        "hr": 10
      },
      {
        "name": "정수빈",
        "year": 22,
        "team": "두산",
        "pa": 455,
        "ops": 0.654,
        "avg": 0.259,
        "obp": 0.323,
        "slg": 0.331,
        "rbi": 41,
        "sb": 15,
        "hr": 3
      },
      {
        "name": "허경민",
        "year": 22,
        "team": "두산",
        "pa": 493,
        "ops": 0.758,
        "avg": 0.289,
        "obp": 0.36,
        "slg": 0.398,
        "rbi": 60,
        "sb": 10,
        "hr": 8
      },
      {
        "name": "페르난데스",
        "year": 22,
        "team": "두산",
        "pa": 550,
        "ops": 0.753,
        "avg": 0.309,
        "obp": 0.353,
        "slg": 0.4,
        "rbi": 77,
        "sb": 0,
        "hr": 6
      },
      {
        "name": "양석환",
        "year": 22,
        "team": "두산",
        "pa": 446,
        "ops": 0.741,
        "avg": 0.244,
        "obp": 0.309,
        "slg": 0.432,
        "rbi": 51,
        "sb": 1,
        "hr": 20
      },
      {
        "name": "김인태",
        "year": 22,
        "team": "두산",
        "pa": 279,
        "ops": 0.702,
        "avg": 0.247,
        "obp": 0.366,
        "slg": 0.336,
        "rbi": 25,
        "sb": 1,
        "hr": 5
      },
      {
        "name": "박세혁",
        "year": 22,
        "team": "두산",
        "pa": 402,
        "ops": 0.636,
        "avg": 0.248,
        "obp": 0.32,
        "slg": 0.316,
        "rbi": 41,
        "sb": 2,
        "hr": 3
      }
    ]
  },
  {
    "generation": 5,
    "expected_score": 5.47,
    "lineup": [
      "김재환",
      "안권수",
      "정수빈",
      "양석환",
      "허경민",
      "페르난데스",
      "김인태",
      "박세혁",
      "강승호"
    ],
    "player_stats": [
      {
        "name": "김재환",
        "year": 22,
        "team": "두산",
        "pa": 517,
        "ops": 0.8,
        "avg": 0.248,
        "obp": 0.34,
        "slg": 0.46,
        "rbi": 72,
        "sb": 2,
        "hr": 23
      },
      {
        "name": "안권수",
        "year": 22,
        "team": "두산",
        "pa": 267,
        "ops": 0.711,
        "avg": 0.297,
        "obp": 0.368,
        "slg": 0.343,
        "rbi": 20,
        "sb": 3,
        "hr": 0
      },
      {
        "name": "정수빈",
        "year": 22,
        "team": "두산",
        "pa": 455,
        "ops": 0.654,
        "avg": 0.259,
        "obp": 0.323,
        "slg": 0.331,
        "rbi": 41,
        "sb": 15,
        "hr": 3
      },
      {
        "name": "양석환",
        "year": 22,
        "team": "두산",
        "pa": 446,
        "ops": 0.741,
        "avg": 0.244,
        "obp": 0.309,
        "slg": 0.432,
        "rbi": 51,
        "sb": 1,
        "hr": 20
      },
      {
        "name": "허경민",
        "year": 22,
        "team": "두산",
        "pa": 493,
        "ops": 0.758,
        "avg": 0.289,
        "obp": 0.36,
        "slg": 0.398,
        "rbi": 60,
        "sb": 10,
        "hr": 8
      },
      {
        "name": "페르난데스",
        "year": 22,
        "team": "두산",
        "pa": 550,
        "ops": 0.753,
        "avg": 0.309,
        "obp": 0.353,
        "slg": 0.4,
        "rbi": 77,
        "sb": 0,
        "hr": 6
      },
      {
        "name": "김인태",
        "year": 22,
        "team": "두산",
        "pa": 279,
        "ops": 0.702,
        "avg": 0.247,
        "obp": 0.366,
        "slg": 0.336,
        "rbi": 25,
        "sb": 1,
        "hr": 5
      },
      {
        "name": "박세혁",
        "year": 22,
        "team": "두산",
        "pa": 402,
        "ops": 0.636,
        "avg": 0.248,
        "obp": 0.32,
        "slg": 0.316,
        "rbi": 41,
        "sb": 2,
        "hr": 3
      },
      {
        "name": "강승호",
        "year": 22,
        "team": "두산",
        "pa": 487,
        "ops": 0.709,
        "avg": 0.264,
        "obp": 0.31,
        "slg": 0.399,
        "rbi": 62,
        "sb": 13,
        "hr": 10
      }
    ]
  },
  {
    "generation": 6,
    "expected_score": 5.5,
    "lineup": [
      "김재환",
      "정수빈",
      "양석환",
      "안권수",
      "김인태",
      "박세혁",
      "페르난데스",
      "허경민",
      "강승호"
    ],
    "player_stats": [
      {
        "name": "김재환",
        "year": 22,
        "team": "두산",
        "pa": 517,
        "ops": 0.8,
        "avg": 0.248,
        "obp": 0.34,
        "slg": 0.46,
        "rbi": 72,
        "sb": 2,
        "hr": 23
      },
      {
        "name": "정수빈",
        "year": 22,
        "team": "두산",
        "pa": 455,
        "ops": 0.654,
        "avg": 0.259,
        "obp": 0.323,
        "slg": 0.331,
        "rbi": 41,
        "sb": 15,
        "hr": 3
      },
      {
        "name": "양석환",
        "year": 22,
        "team": "두산",
        "pa": 446,
        "ops": 0.741,
        "avg": 0.244,
        "obp": 0.309,
        "slg": 0.432,
        "rbi": 51,
        "sb": 1,
        "hr": 20
      },
      {
        "name": "안권수",
        "year": 22,
        "team": "두산",
        "pa": 267,
        "ops": 0.711,
        "avg": 0.297,
        "obp": 0.368,
        "slg": 0.343,
        "rbi": 20,
        "sb": 3,
        "hr": 0
      },
      {
        "name": "김인태",
        "year": 22,
        "team": "두산",
        "pa": 279,
        "ops": 0.702,
        "avg": 0.247,
        "obp": 0.366,
        "slg": 0.336,
        "rbi": 25,
        "sb": 1,
        "hr": 5
      },
      {
        "name": "박세혁",
        "year": 22,
        "team": "두산",
        "pa": 402,
        "ops": 0.636,
        "avg": 0.248,
        "obp": 0.32,
        "slg": 0.316,
        "rbi": 41,
        "sb": 2,
        "hr": 3
      },
      {
        "name": "페르난데스",
        "year": 22,
        "team": "두산",
        "pa": 550,
        "ops": 0.753,
        "avg": 0.309,
        "obp": 0.353,
        "slg": 0.4,
        "rbi": 77,
        "sb": 0,
        "hr": 6
      },
      {
        "name": "허경민",
        "year": 22,
        "team": "두산",
        "pa": 493,
        "ops": 0.758,
        "avg": 0.289,
        "obp": 0.36,
        "slg": 0.398,
        "rbi": 60,
        "sb": 10,
        "hr": 8
      },
      {
        "name": "강승호",
        "year": 22,
        "team": "두산",
        "pa": 487,
        "ops": 0.709,
        "avg": 0.264,
        "obp": 0.31,
        "slg": 0.399,
        "rbi": 62,
        "sb": 13,
        "hr": 10
      }
    ]
  },
  {
    "generation": 7,
    "expected_score": 5.46,
    "lineup": [
      "김재환",
      "정수빈",
      "양석환",
      "안권수",
      "페르난데스",
      "김인태",
      "박세혁",
      "허경민",
      "강승호"
    ],
    "player_stats": [
      {
        "name": "김재환",
        "year": 22,
        "team": "두산",
        "pa": 517,
        "ops": 0.8,
        "avg": 0.248,
        "obp": 0.34,
        "slg": 0.46,
        "rbi": 72,
        "sb": 2,
        "hr": 23
      },
      {
        "name": "정수빈",
        "year": 22,
        "team": "두산",
        "pa": 455,
        "ops": 0.654,
        "avg": 0.259,
        "obp": 0.323,
        "slg": 0.331,
        "rbi": 41,
        "sb": 15,
        "hr": 3
      },
      {
        "name": "양석환",
        "year": 22,
        "team": "두산",
        "pa": 446,
        "ops": 0.741,
        "avg": 0.244,
        "obp": 0.309,
        "slg": 0.432,
        "rbi": 51,
        "sb": 1,
        "hr": 20
      },
      {
        "name": "안권수",
        "year": 22,
        "team": "두산",
        "pa": 267,
        "ops": 0.711,
        "avg": 0.297,
        "obp": 0.368,
        "slg": 0.343,
        "rbi": 20,
        "sb": 3,
        "hr": 0
      },
      {
        "name": "페르난데스",
        "year": 22,
        "team": "두산",
        "pa": 550,
        "ops": 0.753,
        "avg": 0.309,
        "obp": 0.353,
        "slg": 0.4,
        "rbi": 77,
        "sb": 0,
        "hr": 6
      },
      {
        "name": "김인태",
        "year": 22,
        "team": "두산",
        "pa": 279,
        "ops": 0.702,
        "avg": 0.247,
        "obp": 0.366,
        "slg": 0.336,
        "rbi": 25,
        "sb": 1,
        "hr": 5
      },
      {
        "name": "박세혁",
        "year": 22,
        "team": "두산",
        "pa": 402,
        "ops": 0.636,
        "avg": 0.248,
        "obp": 0.32,
        "slg": 0.316,
        "rbi": 41,
        "sb": 2,
        "hr": 3
      },
      {
        "name": "허경민",
        "year": 22,
        "team": "두산",
        "pa": 493,
        "ops": 0.758,
        "avg": 0.289,
        "obp": 0.36,
        "slg": 0.398,
        "rbi": 60,
        "sb": 10,
        "hr": 8
      },
      {
        "name": "강승호",
        "year": 22,
        "team": "두산",
        "pa": 487,
        "ops": 0.709,
        "avg": 0.264,
        "obp": 0.31,
        "slg": 0.399,
        "rbi": 62,
        "sb": 13,
        "hr": 10
      }
    ]
  },
  {
    "generation": 8,
    "expected_score": 5.33,
    "lineup": [
      "정수빈",
      "양석환",
      "박세혁",
      "안권수",
      "허경민",
      "페르난데스",
      "강승호",
      "김재환",
      "김인태"
    ],
    "player_stats": [
      {
        "name": "정수빈",
        "year": 22,
        "team": "두산",
        "pa": 455,
        "ops": 0.654,
        "avg": 0.259,
        "obp": 0.323,
        "slg": 0.331,
        "rbi": 41,
        "sb": 15,
        "hr": 3
      },
      {
        "name": "양석환",
        "year": 22,
        "team": "두산",
        "pa": 446,
        "ops": 0.741,
        "avg": 0.244,
        "obp": 0.309,
        "slg": 0.432,
        "rbi": 51,
        "sb": 1,
        "hr": 20
      },
      {
        "name": "박세혁",
        "year": 22,
        "team": "두산",
        "pa": 402,
        "ops": 0.636,
        "avg": 0.248,
        "obp": 0.32,
        "slg": 0.316,
        "rbi": 41,
        "sb": 2,
        "hr": 3
      },
      {
        "name": "안권수",
        "year": 22,
        "team": "두산",
        "pa": 267,
        "ops": 0.711,
        "avg": 0.297,
        "obp": 0.368,
        "slg": 0.343,
        "rbi": 20,
        "sb": 3,
        "hr": 0
      },
      {
        "name": "허경민",
        "year": 22,
        "team": "두산",
        "pa": 493,
        "ops": 0.758,
        "avg": 0.289,
        "obp": 0.36,
        "slg": 0.398,
        "rbi": 60,
        "sb": 10,
        "hr": 8
      },
      {
        "name": "페르난데스",
        "year": 22,
        "team": "두산",
        "pa": 550,
        "ops": 0.753,
        "avg": 0.309,
        "obp": 0.353,
        "slg": 0.4,
        "rbi": 77,
        "sb": 0,
        "hr": 6
      },
      {
        "name": "강승호",
        "year": 22,
        "team": "두산",
        "pa": 487,
        "ops": 0.709,
        "avg": 0.264,
        "obp": 0.31,
        "slg": 0.399,
        "rbi": 62,
        "sb": 13,
        "hr": 10
      },
      {
        "name": "김재환",
        "year": 22,
        "team": "두산",
        "pa": 517,
        "ops": 0.8,
        "avg": 0.248,
        "obp": 0.34,
        "slg": 0.46,
        "rbi": 72,
        "sb": 2,
        "hr": 23
      },
      {
        "name": "김인태",
        "year": 22,
        "team": "두산",
        "pa": 279,
        "ops": 0.702,
        "avg": 0.247,
        "obp": 0.366,
        "slg": 0.336,
        "rbi": 25,
        "sb": 1,
        "hr": 5
      }
    ]
  },
  {
    "generation": 9,
    "expected_score": 5.465,
    "lineup": [
      "허경민",
      "안권수",
      "김재환",
      "양석환",
      "정수빈",
      "박세혁",
      "강승호",
      "김인태",
      "페르난데스"
    ],
    "player_stats": [
      {
        "name": "허경민",
        "year": 22,
        "team": "두산",
        "pa": 493,
        "ops": 0.758,
        "avg": 0.289,
        "obp": 0.36,
        "slg": 0.398,
        "rbi": 60,
        "sb": 10,
        "hr": 8
      },
      {
        "name": "안권수",
        "year": 22,
        "team": "두산",
        "pa": 267,
        "ops": 0.711,
        "avg": 0.297,
        "obp": 0.368,
        "slg": 0.343,
        "rbi": 20,
        "sb": 3,
        "hr": 0
      },
      {
        "name": "김재환",
        "year": 22,
        "team": "두산",
        "pa": 517,
        "ops": 0.8,
        "avg": 0.248,
        "obp": 0.34,
        "slg": 0.46,
        "rbi": 72,
        "sb": 2,
        "hr": 23
      },
      {
        "name": "양석환",
        "year": 22,
        "team": "두산",
        "pa": 446,
        "ops": 0.741,
        "avg": 0.244,
        "obp": 0.309,
        "slg": 0.432,
        "rbi": 51,
        "sb": 1,
        "hr": 20
      },
      {
        "name": "정수빈",
        "year": 22,
        "team": "두산",
        "pa": 455,
        "ops": 0.654,
        "avg": 0.259,
        "obp": 0.323,
        "slg": 0.331,
        "rbi": 41,
        "sb": 15,
        "hr": 3
      },
      {
        "name": "박세혁",
        "year": 22,
        "team": "두산",
        "pa": 402,
        "ops": 0.636,
        "avg": 0.248,
        "obp": 0.32,
        "slg": 0.316,
        "rbi": 41,
        "sb": 2,
        "hr": 3
      },
      {
        "name": "강승호",
        "year": 22,
        "team": "두산",
        "pa": 487,
        "ops": 0.709,
        "avg": 0.264,
        "obp": 0.31,
        "slg": 0.399,
        "rbi": 62,
        "sb": 13,
        "hr": 10
      },
      {
        "name": "김인태",
        "year": 22,
        "team": "두산",
        "pa": 279,
        "ops": 0.702,
        "avg": 0.247,
        "obp": 0.366,
        "slg": 0.336,
        "rbi": 25,
        "sb": 1,
        "hr": 5
      },
      {
        "name": "페르난데스",
        "year": 22,
        "team": "두산",
        "pa": 550,
        "ops": 0.753,
        "avg": 0.309,
        "obp": 0.353,
        "slg": 0.4,
        "rbi": 77,
        "sb": 0,
        "hr": 6
      }
    ]
  },
  {
    "generation": 10,
    "expected_score": 5.64,
    "lineup": [
      "김재환",
      "강승호",
      "양석환",
      "안권수",
      "페르난데스",
      "김인태",
      "정수빈",
      "박세혁",
      "허경민"
    ],
    "player_stats": [
      {
        "name": "김재환",
        "year": 22,
        "team": "두산",
        "pa": 517,
        "ops": 0.8,
        "avg": 0.248,
        "obp": 0.34,
        "slg": 0.46,
        "rbi": 72,
        "sb": 2,
        "hr": 23
      },
      {
        "name": "강승호",
        "year": 22,
        "team": "두산",
        "pa": 487,
        "ops": 0.709,
        "avg": 0.264,
        "obp": 0.31,
        "slg": 0.399,
        "rbi": 62,
        "sb": 13,
        "hr": 10
      },
      {
        "name": "양석환",
        "year": 22,
        "team": "두산",
        "pa": 446,
        "ops": 0.741,
        "avg": 0.244,
        "obp": 0.309,
        "slg": 0.432,
        "rbi": 51,
        "sb": 1,
        "hr": 20
      },
      {
        "name": "안권수",
        "year": 22,
        "team": "두산",
        "pa": 267,
        "ops": 0.711,
        "avg": 0.297,
        "obp": 0.368,
        "slg": 0.343,
        "rbi": 20,
        "sb": 3,
        "hr": 0
      },
      {
        "name": "페르난데스",
        "year": 22,
        "team": "두산",
        "pa": 550,
        "ops": 0.753,
        "avg": 0.309,
        "obp": 0.353,
        "slg": 0.4,
        "rbi": 77,
        "sb": 0,
        "hr": 6
      },
      {
        "name": "김인태",
        "year": 22,
        "team": "두산",
        "pa": 279,
        "ops": 0.702,
        "avg": 0.247,
        "obp": 0.366,
        "slg": 0.336,
        "rbi": 25,
        "sb": 1,
        "hr": 5
      },
      {
        "name": "정수빈",
        "year": 22,
        "team": "두산",
        "pa": 455,
        "ops": 0.654,
        "avg": 0.259,
        "obp": 0.323,
        "slg": 0.331,
        "rbi": 41,
        "sb": 15,
        "hr": 3
      },
      {
        "name": "박세혁",
        "year": 22,
        "team": "두산",
        "pa": 402,
        "ops": 0.636,
        "avg": 0.248,
        "obp": 0.32,
        "slg": 0.316,
        "rbi": 41,
        "sb": 2,
        "hr": 3
      },
      {
        "name": "허경민",
        "year": 22,
        "team": "두산",
        "pa": 493,
        "ops": 0.758,
        "avg": 0.289,
        "obp": 0.36,
        "slg": 0.398,
        "rbi": 60,
        "sb": 10,
        "hr": 8
      }
    ]
  },
  {
    "generation": 11,
    "expected_score": 5.525,
    "lineup": [
      "김재환",
      "안권수",
      "페르난데스",
      "양석환",
      "정수빈",
      "박세혁",
      "허경민",
      "강승호",
      "김인태"
    ],
    "player_stats": [
      {
        "name": "김재환",
        "year": 22,
        "team": "두산",
        "pa": 517,
        "ops": 0.8,
        "avg": 0.248,
        "obp": 0.34,
        "slg": 0.46,
        "rbi": 72,
        "sb": 2,
        "hr": 23
      },
      {
        "name": "안권수",
        "year": 22,
        "team": "두산",
        "pa": 267,
        "ops": 0.711,
        "avg": 0.297,
        "obp": 0.368,
        "slg": 0.343,
        "rbi": 20,
        "sb": 3,
        "hr": 0
      },
      {
        "name": "페르난데스",
        "year": 22,
        "team": "두산",
        "pa": 550,
        "ops": 0.753,
        "avg": 0.309,
        "obp": 0.353,
        "slg": 0.4,
        "rbi": 77,
        "sb": 0,
        "hr": 6
      },
      {
        "name": "양석환",
        "year": 22,
        "team": "두산",
        "pa": 446,
        "ops": 0.741,
        "avg": 0.244,
        "obp": 0.309,
        "slg": 0.432,
        "rbi": 51,
        "sb": 1,
        "hr": 20
      },
      {
        "name": "정수빈",
        "year": 22,
        "team": "두산",
        "pa": 455,
        "ops": 0.654,
        "avg": 0.259,
        "obp": 0.323,
        "slg": 0.331,
        "rbi": 41,
        "sb": 15,
        "hr": 3
      },
      {
        "name": "박세혁",
        "year": 22,
        "team": "두산",
        "pa": 402,
        "ops": 0.636,
        "avg": 0.248,
        "obp": 0.32,
        "slg": 0.316,
        "rbi": 41,
        "sb": 2,
        "hr": 3
      },
      {
        "name": "허경민",
        "year": 22,
        "team": "두산",
        "pa": 493,
        "ops": 0.758,
        "avg": 0.289,
        "obp": 0.36,
        "slg": 0.398,
        "rbi": 60,
        "sb": 10,
        "hr": 8
      },
      {
        "name": "강승호",
        "year": 22,
        "team": "두산",
        "pa": 487,
        "ops": 0.709,
        "avg": 0.264,
        "obp": 0.31,
        "slg": 0.399,
        "rbi": 62,
        "sb": 13,
        "hr": 10
      },
      {
        "name": "김인태",
        "year": 22,
        "team": "두산",
        "pa": 279,
        "ops": 0.702,
        "avg": 0.247,
        "obp": 0.366,
        "slg": 0.336,
        "rbi": 25,
        "sb": 1,
        "hr": 5
      }
    ]
  },
  {
    "generation": 12,
    "expected_score": 5.195,
    "lineup": [
      "양석환",
      "안권수",
      "박세혁",
      "강승호",
      "허경민",
      "김인태",
      "김재환",
      "페르난데스",
      "정수빈"
    ],
    "player_stats": [
      {
        "name": "양석환",
        "year": 22,
        "team": "두산",
        "pa": 446,
        "ops": 0.741,
        "avg": 0.244,
        "obp": 0.309,
        "slg": 0.432,
        "rbi": 51,
        "sb": 1,
        "hr": 20
      },
      {
        "name": "안권수",
        "year": 22,
        "team": "두산",
        "pa": 267,
        "ops": 0.711,
        "avg": 0.297,
        "obp": 0.368,
        "slg": 0.343,
        "rbi": 20,
        "sb": 3,
        "hr": 0
      },
      {
        "name": "박세혁",
        "year": 22,
        "team": "두산",
        "pa": 402,
        "ops": 0.636,
        "avg": 0.248,
        "obp": 0.32,
        "slg": 0.316,
        "rbi": 41,
        "sb": 2,
        "hr": 3
      },
      {
        "name": "강승호",
        "year": 22,
        "team": "두산",
        "pa": 487,
        "ops": 0.709,
        "avg": 0.264,
        "obp": 0.31,
        "slg": 0.399,
        "rbi": 62,
        "sb": 13,
        "hr": 10
      },
      {
        "name": "허경민",
        "year": 22,
        "team": "두산",
        "pa": 493,
        "ops": 0.758,
        "avg": 0.289,
        "obp": 0.36,
        "slg": 0.398,
        "rbi": 60,
        "sb": 10,
        "hr": 8
      },
      {
        "name": "김인태",
        "year": 22,
        "team": "두산",
        "pa": 279,
        "ops": 0.702,
        "avg": 0.247,
        "obp": 0.366,
        "slg": 0.336,
        "rbi": 25,
        "sb": 1,
        "hr": 5
      },
      {
        "name": "김재환",
        "year": 22,
        "team": "두산",
        "pa": 517,
        "ops": 0.8,
        "avg": 0.248,
        "obp": 0.34,
        "slg": 0.46,
        "rbi": 72,
        "sb": 2,
        "hr": 23
      },
      {
        "name": "페르난데스",
        "year": 22,
        "team": "두산",
        "pa": 550,
        "ops": 0.753,
        "avg": 0.309,
        "obp": 0.353,
        "slg": 0.4,
        "rbi": 77,
        "sb": 0,
        "hr": 6
      },
      {
        "name": "정수빈",
        "year": 22,
        "team": "두산",
        "pa": 455,
        "ops": 0.654,
        "avg": 0.259,
        "obp": 0.323,
        "slg": 0.331,
        "rbi": 41,
        "sb": 15,
        "hr": 3
      }
    ]
  },
  {
    "generation": 13,
    "expected_score": 5.385,
    "lineup": [
      "김재환",
      "안권수",
      "허경민",
      "양석환",
      "김인태",
      "강승호",
      "정수빈",
      "박세혁",
      "페르난데스"
    ],
    "player_stats": [
      {
        "name": "김재환",
        "year": 22,
        "team": "두산",
        "pa": 517,
        "ops": 0.8,
        "avg": 0.248,
        "obp": 0.34,
        "slg": 0.46,
        "rbi": 72,
        "sb": 2,
        "hr": 23
      },
      {
        "name": "안권수",
        "year": 22,
        "team": "두산",
        "pa": 267,
        "ops": 0.711,
        "avg": 0.297,
        "obp": 0.368,
        "slg": 0.343,
        "rbi": 20,
        "sb": 3,
        "hr": 0
      },
      {
        "name": "허경민",
        "year": 22,
        "team": "두산",
        "pa": 493,
        "ops": 0.758,
        "avg": 0.289,
        "obp": 0.36,
        "slg": 0.398,
        "rbi": 60,
        "sb": 10,
        "hr": 8
      },
      {
        "name": "양석환",
        "year": 22,
        "team": "두산",
        "pa": 446,
        "ops": 0.741,
        "avg": 0.244,
        "obp": 0.309,
        "slg": 0.432,
        "rbi": 51,
        "sb": 1,
        "hr": 20
      },
      {
        "name": "김인태",
        "year": 22,
        "team": "두산",
        "pa": 279,
        "ops": 0.702,
        "avg": 0.247,
        "obp": 0.366,
        "slg": 0.336,
        "rbi": 25,
        "sb": 1,
        "hr": 5
      },
      {
        "name": "강승호",
        "year": 22,
        "team": "두산",
        "pa": 487,
        "ops": 0.709,
        "avg": 0.264,
        "obp": 0.31,
        "slg": 0.399,
        "rbi": 62,
        "sb": 13,
        "hr": 10
      },
      {
        "name": "정수빈",
        "year": 22,
        "team": "두산",
        "pa": 455,
        "ops": 0.654,
        "avg": 0.259,
        "obp": 0.323,
        "slg": 0.331,
        "rbi": 41,
        "sb": 15,
        "hr": 3
      },
      {
        "name": "박세혁",
        "year": 22,
        "team": "두산",
        "pa": 402,
        "ops": 0.636,
        "avg": 0.248,
        "obp": 0.32,
        "slg": 0.316,
        "rbi": 41,
        "sb": 2,
        "hr": 3
      },
      {
        "name": "페르난데스",
        "year": 22,
        "team": "두산",
        "pa": 550,
        "ops": 0.753,
        "avg": 0.309,
        "obp": 0.353,
        "slg": 0.4,
        "rbi": 77,
        "sb": 0,
        "hr": 6
      }
    ]
  },
  {
    "generation": 14,
    "expected_score": 5.33,
    "lineup": [
      "안권수",
      "양석환",
      "박세혁",
      "강승호",
      "페르난데스",
      "허경민",
      "정수빈",
      "김인태",
      "김재환"
    ],
    "player_stats": [
      {
        "name": "안권수",
        "year": 22,
        "team": "두산",
        "pa": 267,
        "ops": 0.711,
        "avg": 0.297,
        "obp": 0.368,
        "slg": 0.343,
        "rbi": 20,
        "sb": 3,
        "hr": 0
      },
      {
        "name": "양석환",
        "year": 22,
        "team": "두산",
        "pa": 446,
        "ops": 0.741,
        "avg": 0.244,
        "obp": 0.309,
        "slg": 0.432,
        "rbi": 51,
        "sb": 1,
        "hr": 20
      },
      {
        "name": "박세혁",
        "year": 22,
        "team": "두산",
        "pa": 402,
        "ops": 0.636,
        "avg": 0.248,
        "obp": 0.32,
        "slg": 0.316,
        "rbi": 41,
        "sb": 2,
        "hr": 3
      },
      {
        "name": "강승호",
        "year": 22,
        "team": "두산",
        "pa": 487,
        "ops": 0.709,
        "avg": 0.264,
        "obp": 0.31,
        "slg": 0.399,
        "rbi": 62,
        "sb": 13,
        "hr": 10
      },
      {
        "name": "페르난데스",
        "year": 22,
        "team": "두산",
        "pa": 550,
        "ops": 0.753,
        "avg": 0.309,
        "obp": 0.353,
        "slg": 0.4,
        "rbi": 77,
        "sb": 0,
        "hr": 6
      },
      {
        "name": "허경민",
        "year": 22,
        "team": "두산",
        "pa": 493,
        "ops": 0.758,
        "avg": 0.289,
        "obp": 0.36,
        "slg": 0.398,
        "rbi": 60,
        "sb": 10,
        "hr": 8
      },
      {
        "name": "정수빈",
        "year": 22,
        "team": "두산",
        "pa": 455,
        "ops": 0.654,
        "avg": 0.259,
        "obp": 0.323,
        "slg": 0.331,
        "rbi": 41,
        "sb": 15,
        "hr": 3
      },
      {
        "name": "김인태",
        "year": 22,
        "team": "두산",
        "pa": 279,
        "ops": 0.702,
        "avg": 0.247,
        "obp": 0.366,
        "slg": 0.336,
        "rbi": 25,
        "sb": 1,
        "hr": 5
      },
      {
        "name": "김재환",
        "year": 22,
        "team": "두산",
        "pa": 517,
        "ops": 0.8,
        "avg": 0.248,
        "obp": 0.34,
        "slg": 0.46,
        "rbi": 72,
        "sb": 2,
        "hr": 23
      }
    ]
  },
  {
    "generation": 15,
    "expected_score": 5.385,
    "lineup": [
      "안권수",
      "허경민",
      "양석환",
      "김인태",
      "강승호",
      "김재환",
      "페르난데스",
      "정수빈",
      "박세혁"
    ],
    "player_stats": [
      {
        "name": "안권수",
        "year": 22,
        "team": "두산",
        "pa": 267,
        "ops": 0.711,
        "avg": 0.297,
        "obp": 0.368,
        "slg": 0.343,
        "rbi": 20,
        "sb": 3,
        "hr": 0
      },
      {
        "name": "허경민",
        "year": 22,
        "team": "두산",
        "pa": 493,
        "ops": 0.758,
        "avg": 0.289,
        "obp": 0.36,
        "slg": 0.398,
        "rbi": 60,
        "sb": 10,
        "hr": 8
      },
      {
        "name": "양석환",
        "year": 22,
        "team": "두산",
        "pa": 446,
        "ops": 0.741,
        "avg": 0.244,
        "obp": 0.309,
        "slg": 0.432,
        "rbi": 51,
        "sb": 1,
        "hr": 20
      },
      {
        "name": "김인태",
        "year": 22,
        "team": "두산",
        "pa": 279,
        "ops": 0.702,
        "avg": 0.247,
        "obp": 0.366,
        "slg": 0.336,
        "rbi": 25,
        "sb": 1,
        "hr": 5
      },
      {
        "name": "강승호",
        "year": 22,
        "team": "두산",
        "pa": 487,
        "ops": 0.709,
        "avg": 0.264,
        "obp": 0.31,
        "slg": 0.399,
        "rbi": 62,
        "sb": 13,
        "hr": 10
      },
      {
        "name": "김재환",
        "year": 22,
        "team": "두산",
        "pa": 517,
        "ops": 0.8,
        "avg": 0.248,
        "obp": 0.34,
        "slg": 0.46,
        "rbi": 72,
        "sb": 2,
        "hr": 23
      },
      {
        "name": "페르난데스",
        "year": 22,
        "team": "두산",
        "pa": 550,
        "ops": 0.753,
        "avg": 0.309,
        "obp": 0.353,
        "slg": 0.4,
        "rbi": 77,
        "sb": 0,
        "hr": 6
      },
      {
        "name": "정수빈",
        "year": 22,
        "team": "두산",
        "pa": 455,
        "ops": 0.654,
        "avg": 0.259,
        "obp": 0.323,
        "slg": 0.331,
        "rbi": 41,
        "sb": 15,
        "hr": 3
      },
      {
        "name": "박세혁",
        "year": 22,
        "team": "두산",
        "pa": 402,
        "ops": 0.636,
        "avg": 0.248,
        "obp": 0.32,
        "slg": 0.316,
        "rbi": 41,
        "sb": 2,
        "hr": 3
      }
    ]
  },
  {
    "generation": 16,
    "expected_score": 5.31,
    "lineup": [
      "박세혁",
      "안권수",
      "허경민",
      "양석환",
      "강승호",
      "페르난데스",
      "정수빈",
      "김인태",
      "김재환"
    ],
    "player_stats": [
      {
        "name": "박세혁",
        "year": 22,
        "team": "두산",
        "pa": 402,
        "ops": 0.636,
        "avg": 0.248,
        "obp": 0.32,
        "slg": 0.316,
        "rbi": 41,
        "sb": 2,
        "hr": 3
      },
      {
        "name": "안권수",
        "year": 22,
        "team": "두산",
        "pa": 267,
        "ops": 0.711,
        "avg": 0.297,
        "obp": 0.368,
        "slg": 0.343,
        "rbi": 20,
        "sb": 3,
        "hr": 0
      },
      {
        "name": "허경민",
        "year": 22,
        "team": "두산",
        "pa": 493,
        "ops": 0.758,
        "avg": 0.289,
        "obp": 0.36,
        "slg": 0.398,
        "rbi": 60,
        "sb": 10,
        "hr": 8
      },
      {
        "name": "양석환",
        "year": 22,
        "team": "두산",
        "pa": 446,
        "ops": 0.741,
        "avg": 0.244,
        "obp": 0.309,
        "slg": 0.432,
        "rbi": 51,
        "sb": 1,
        "hr": 20
      },
      {
        "name": "강승호",
        "year": 22,
        "team": "두산",
        "pa": 487,
        "ops": 0.709,
        "avg": 0.264,
        "obp": 0.31,
        "slg": 0.399,
        "rbi": 62,
        "sb": 13,
        "hr": 10
      },
      {
        "name": "페르난데스",
        "year": 22,
        "team": "두산",
        "pa": 550,
        "ops": 0.753,
        "avg": 0.309,
        "obp": 0.353,
        "slg": 0.4,
        "rbi": 77,
        "sb": 0,
        "hr": 6
      },
      {
        "name": "정수빈",
        "year": 22,
        "team": "두산",
        "pa": 455,
        "ops": 0.654,
        "avg": 0.259,
        "obp": 0.323,
        "slg": 0.331,
        "rbi": 41,
        "sb": 15,
        "hr": 3
      },
      {
        "name": "김인태",
        "year": 22,
        "team": "두산",
        "pa": 279,
        "ops": 0.702,
        "avg": 0.247,
        "obp": 0.366,
        "slg": 0.336,
        "rbi": 25,
        "sb": 1,
        "hr": 5
      },
      {
        "name": "김재환",
        "year": 22,
        "team": "두산",
        "pa": 517,
        "ops": 0.8,
        "avg": 0.248,
        "obp": 0.34,
        "slg": 0.46,
        "rbi": 72,
        "sb": 2,
        "hr": 23
      }
    ]
  },
  {
    "generation": 17,
    "expected_score": 5.635,
    "lineup": [
      "안권수",
      "허경민",
      "양석환",
      "강승호",
      "김재환",
      "김인태",
      "페르난데스",
      "정수빈",
      "박세혁"
    ],
    "player_stats": [
      {
        "name": "안권수",
        "year": 22,
        "team": "두산",
        "pa": 267,
        "ops": 0.711,
        "avg": 0.297,
        "obp": 0.368,
        "slg": 0.343,
        "rbi": 20,
        "sb": 3,
        "hr": 0
      },
      {
        "name": "허경민",
        "year": 22,
        "team": "두산",
        "pa": 493,
        "ops": 0.758,
        "avg": 0.289,
        "obp": 0.36,
        "slg": 0.398,
        "rbi": 60,
        "sb": 10,
        "hr": 8
      },
      {
        "name": "양석환",
        "year": 22,
        "team": "두산",
        "pa": 446,
        "ops": 0.741,
        "avg": 0.244,
        "obp": 0.309,
        "slg": 0.432,
        "rbi": 51,
        "sb": 1,
        "hr": 20
      },
      {
        "name": "강승호",
        "year": 22,
        "team": "두산",
        "pa": 487,
        "ops": 0.709,
        "avg": 0.264,
        "obp": 0.31,
        "slg": 0.399,
        "rbi": 62,
        "sb": 13,
        "hr": 10
      },
      {
        "name": "김재환",
        "year": 22,
        "team": "두산",
        "pa": 517,
        "ops": 0.8,
        "avg": 0.248,
        "obp": 0.34,
        "slg": 0.46,
        "rbi": 72,
        "sb": 2,
        "hr": 23
      },
      {
        "name": "김인태",
        "year": 22,
        "team": "두산",
        "pa": 279,
        "ops": 0.702,
        "avg": 0.247,
        "obp": 0.366,
        "slg": 0.336,
        "rbi": 25,
        "sb": 1,
        "hr": 5
      },
      {
        "name": "페르난데스",
        "year": 22,
        "team": "두산",
        "pa": 550,
        "ops": 0.753,
        "avg": 0.309,
        "obp": 0.353,
        "slg": 0.4,
        "rbi": 77,
        "sb": 0,
        "hr": 6
      },
      {
        "name": "정수빈",
        "year": 22,
        "team": "두산",
        "pa": 455,
        "ops": 0.654,
        "avg": 0.259,
        "obp": 0.323,
        "slg": 0.331,
        "rbi": 41,
        "sb": 15,
        "hr": 3
      },
      {
        "name": "박세혁",
        "year": 22,
        "team": "두산",
        "pa": 402,
        "ops": 0.636,
        "avg": 0.248,
        "obp": 0.32,
        "slg": 0.316,
        "rbi": 41,
        "sb": 2,
        "hr": 3
      }
    ]
  },
  {
    "generation": 18,
    "expected_score": 5.425,
    "lineup": [
      "안권수",
      "양석환",
      "박세혁",
      "김재환",
      "페르난데스",
      "김인태",
      "정수빈",
      "강승호",
      "허경민"
    ],
    "player_stats": [
      {
        "name": "안권수",
        "year": 22,
        "team": "두산",
        "pa": 267,
        "ops": 0.711,
        "avg": 0.297,
        "obp": 0.368,
        "slg": 0.343,
        "rbi": 20,
        "sb": 3,
        "hr": 0
      },
      {
        "name": "양석환",
        "year": 22,
        "team": "두산",
        "pa": 446,
        "ops": 0.741,
        "avg": 0.244,
        "obp": 0.309,
        "slg": 0.432,
        "rbi": 51,
        "sb": 1,
        "hr": 20
      },
      {
        "name": "박세혁",
        "year": 22,
        "team": "두산",
        "pa": 402,
        "ops": 0.636,
        "avg": 0.248,
        "obp": 0.32,
        "slg": 0.316,
        "rbi": 41,
        "sb": 2,
        "hr": 3
      },
      {
        "name": "김재환",
        "year": 22,
        "team": "두산",
        "pa": 517,
        "ops": 0.8,
        "avg": 0.248,
        "obp": 0.34,
        "slg": 0.46,
        "rbi": 72,
        "sb": 2,
        "hr": 23
      },
      {
        "name": "페르난데스",
        "year": 22,
        "team": "두산",
        "pa": 550,
        "ops": 0.753,
        "avg": 0.309,
        "obp": 0.353,
        "slg": 0.4,
        "rbi": 77,
        "sb": 0,
        "hr": 6
      },
      {
        "name": "김인태",
        "year": 22,
        "team": "두산",
        "pa": 279,
        "ops": 0.702,
        "avg": 0.247,
        "obp": 0.366,
        "slg": 0.336,
        "rbi": 25,
        "sb": 1,
        "hr": 5
      },
      {
        "name": "정수빈",
        "year": 22,
        "team": "두산",
        "pa": 455,
        "ops": 0.654,
        "avg": 0.259,
        "obp": 0.323,
        "slg": 0.331,
        "rbi": 41,
        "sb": 15,
        "hr": 3
      },
      {
        "name": "강승호",
        "year": 22,
        "team": "두산",
        "pa": 487,
        "ops": 0.709,
        "avg": 0.264,
        "obp": 0.31,
        "slg": 0.399,
        "rbi": 62,
        "sb": 13,
        "hr": 10
      },
      {
        "name": "허경민",
        "year": 22,
        "team": "두산",
        "pa": 493,
        "ops": 0.758,
        "avg": 0.289,
        "obp": 0.36,
        "slg": 0.398,
        "rbi": 60,
        "sb": 10,
        "hr": 8
      }
    ]
  },
  {
    "generation": 19,
    "expected_score": 5.41,
    "lineup": [
      "안권수",
      "허경민",
      "양석환",
      "페르난데스",
      "김재환",
      "김인태",
      "강승호",
      "정수빈",
      "박세혁"
    ],
    "player_stats": [
      {
        "name": "안권수",
        "year": 22,
        "team": "두산",
        "pa": 267,
        "ops": 0.711,
        "avg": 0.297,
        "obp": 0.368,
        "slg": 0.343,
        "rbi": 20,
        "sb": 3,
        "hr": 0
      },
      {
        "name": "허경민",
        "year": 22,
        "team": "두산",
        "pa": 493,
        "ops": 0.758,
        "avg": 0.289,
        "obp": 0.36,
        "slg": 0.398,
        "rbi": 60,
        "sb": 10,
        "hr": 8
      },
      {
        "name": "양석환",
        "year": 22,
        "team": "두산",
        "pa": 446,
        "ops": 0.741,
        "avg": 0.244,
        "obp": 0.309,
        "slg": 0.432,
        "rbi": 51,
        "sb": 1,
        "hr": 20
      },
      {
        "name": "페르난데스",
        "year": 22,
        "team": "두산",
        "pa": 550,
        "ops": 0.753,
        "avg": 0.309,
        "obp": 0.353,
        "slg": 0.4,
        "rbi": 77,
        "sb": 0,
        "hr": 6
      },
      {
        "name": "김재환",
        "year": 22,
        "team": "두산",
        "pa": 517,
        "ops": 0.8,
        "avg": 0.248,
        "obp": 0.34,
        "slg": 0.46,
        "rbi": 72,
        "sb": 2,
        "hr": 23
      },
      {
        "name": "김인태",
        "year": 22,
        "team": "두산",
        "pa": 279,
        "ops": 0.702,
        "avg": 0.247,
        "obp": 0.366,
        "slg": 0.336,
        "rbi": 25,
        "sb": 1,
        "hr": 5
      },
      {
        "name": "강승호",
        "year": 22,
        "team": "두산",
        "pa": 487,
        "ops": 0.709,
        "avg": 0.264,
        "obp": 0.31,
        "slg": 0.399,
        "rbi": 62,
        "sb": 13,
        "hr": 10
      },
      {
        "name": "정수빈",
        "year": 22,
        "team": "두산",
        "pa": 455,
        "ops": 0.654,
        "avg": 0.259,
        "obp": 0.323,
        "slg": 0.331,
        "rbi": 41,
        "sb": 15,
        "hr": 3
      },
      {
        "name": "박세혁",
        "year": 22,
        "team": "두산",
        "pa": 402,
        "ops": 0.636,
        "avg": 0.248,
        "obp": 0.32,
        "slg": 0.316,
        "rbi": 41,
        "sb": 2,
        "hr": 3
      }
    ]
  },
  {
    "generation": 20,
    "expected_score": 5.57,
    "lineup": [
      "양석환",
      "강승호",
      "박세혁",
      "페르난데스",
      "김재환",
      "안권수",
      "허경민",
      "정수빈",
      "김인태"
    ],
    "player_stats": [
      {
        "name": "양석환",
        "year": 22,
        "team": "두산",
        "pa": 446,
        "ops": 0.741,
        "avg": 0.244,
        "obp": 0.309,
        "slg": 0.432,
        "rbi": 51,
        "sb": 1,
        "hr": 20
      },
      {
        "name": "강승호",
        "year": 22,
        "team": "두산",
        "pa": 487,
        "ops": 0.709,
        "avg": 0.264,
        "obp": 0.31,
        "slg": 0.399,
        "rbi": 62,
        "sb": 13,
        "hr": 10
      },
      {
        "name": "박세혁",
        "year": 22,
        "team": "두산",
        "pa": 402,
        "ops": 0.636,
        "avg": 0.248,
        "obp": 0.32,
        "slg": 0.316,
        "rbi": 41,
        "sb": 2,
        "hr": 3
      },
      {
        "name": "페르난데스",
        "year": 22,
        "team": "두산",
        "pa": 550,
        "ops": 0.753,
        "avg": 0.309,
        "obp": 0.353,
        "slg": 0.4,
        "rbi": 77,
        "sb": 0,
        "hr": 6
      },
      {
        "name": "김재환",
        "year": 22,
        "team": "두산",
        "pa": 517,
        "ops": 0.8,
        "avg": 0.248,
        "obp": 0.34,
        "slg": 0.46,
        "rbi": 72,
        "sb": 2,
        "hr": 23
      },
      {
        "name": "안권수",
        "year": 22,
        "team": "두산",
        "pa": 267,
        "ops": 0.711,
        "avg": 0.297,
        "obp": 0.368,
        "slg": 0.343,
        "rbi": 20,
        "sb": 3,
        "hr": 0
      },
      {
        "name": "허경민",
        "year": 22,
        "team": "두산",
        "pa": 493,
        "ops": 0.758,
        "avg": 0.289,
        "obp": 0.36,
        "slg": 0.398,
        "rbi": 60,
        "sb": 10,
        "hr": 8
      },
      {
        "name": "정수빈",
        "year": 22,
        "team": "두산",
        "pa": 455,
        "ops": 0.654,
        "avg": 0.259,
        "obp": 0.323,
        "slg": 0.331,
        "rbi": 41,
        "sb": 15,
        "hr": 3
      },
      {
        "name": "김인태",
        "year": 22,
        "team": "두산",
        "pa": 279,
        "ops": 0.702,
        "avg": 0.247,
        "obp": 0.366,
        "slg": 0.336,
        "rbi": 25,
        "sb": 1,
        "hr": 5
      }
    ]
  },
  {
    "generation": 21,
    "expected_score": 5.48,
    "lineup": [
      "안권수",
      "정수빈",
      "양석환",
      "페르난데스",
      "김재환",
      "김인태",
      "강승호",
      "박세혁",
      "허경민"
    ],
    "player_stats": [
      {
        "name": "안권수",
        "year": 22,
        "team": "두산",
        "pa": 267,
        "ops": 0.711,
        "avg": 0.297,
        "obp": 0.368,
        "slg": 0.343,
        "rbi": 20,
        "sb": 3,
        "hr": 0
      },
      {
        "name": "정수빈",
        "year": 22,
        "team": "두산",
        "pa": 455,
        "ops": 0.654,
        "avg": 0.259,
        "obp": 0.323,
        "slg": 0.331,
        "rbi": 41,
        "sb": 15,
        "hr": 3
      },
      {
        "name": "양석환",
        "year": 22,
        "team": "두산",
        "pa": 446,
        "ops": 0.741,
        "avg": 0.244,
        "obp": 0.309,
        "slg": 0.432,
        "rbi": 51,
        "sb": 1,
        "hr": 20
      },
      {
        "name": "페르난데스",
        "year": 22,
        "team": "두산",
        "pa": 550,
        "ops": 0.753,
        "avg": 0.309,
        "obp": 0.353,
        "slg": 0.4,
        "rbi": 77,
        "sb": 0,
        "hr": 6
      },
      {
        "name": "김재환",
        "year": 22,
        "team": "두산",
        "pa": 517,
        "ops": 0.8,
        "avg": 0.248,
        "obp": 0.34,
        "slg": 0.46,
        "rbi": 72,
        "sb": 2,
        "hr": 23
      },
      {
        "name": "김인태",
        "year": 22,
        "team": "두산",
        "pa": 279,
        "ops": 0.702,
        "avg": 0.247,
        "obp": 0.366,
        "slg": 0.336,
        "rbi": 25,
        "sb": 1,
        "hr": 5
      },
      {
        "name": "강승호",
        "year": 22,
        "team": "두산",
        "pa": 487,
        "ops": 0.709,
        "avg": 0.264,
        "obp": 0.31,
        "slg": 0.399,
        "rbi": 62,
        "sb": 13,
        "hr": 10
      },
      {
        "name": "박세혁",
        "year": 22,
        "team": "두산",
        "pa": 402,
        "ops": 0.636,
        "avg": 0.248,
        "obp": 0.32,
        "slg": 0.316,
        "rbi": 41,
        "sb": 2,
        "hr": 3
      },
      {
        "name": "허경민",
        "year": 22,
        "team": "두산",
        "pa": 493,
        "ops": 0.758,
        "avg": 0.289,
        "obp": 0.36,
        "slg": 0.398,
        "rbi": 60,
        "sb": 10,
        "hr": 8
      }
    ]
  },
  {
    "generation": 22,
    "expected_score": 5.265,
    "lineup": [
      "양석환",
      "안권수",
      "박세혁",
      "페르난데스",
      "강승호",
      "김재환",
      "허경민",
      "정수빈",
      "김인태"
    ],
    "player_stats": [
      {
        "name": "양석환",
        "year": 22,
        "team": "두산",
        "pa": 446,
        "ops": 0.741,
        "avg": 0.244,
        "obp": 0.309,
        "slg": 0.432,
        "rbi": 51,
        "sb": 1,
        "hr": 20
      },
      {
        "name": "안권수",
        "year": 22,
        "team": "두산",
        "pa": 267,
        "ops": 0.711,
        "avg": 0.297,
        "obp": 0.368,
        "slg": 0.343,
        "rbi": 20,
        "sb": 3,
        "hr": 0
      },
      {
        "name": "박세혁",
        "year": 22,
        "team": "두산",
        "pa": 402,
        "ops": 0.636,
        "avg": 0.248,
        "obp": 0.32,
        "slg": 0.316,
        "rbi": 41,
        "sb": 2,
        "hr": 3
      },
      {
        "name": "페르난데스",
        "year": 22,
        "team": "두산",
        "pa": 550,
        "ops": 0.753,
        "avg": 0.309,
        "obp": 0.353,
        "slg": 0.4,
        "rbi": 77,
        "sb": 0,
        "hr": 6
      },
      {
        "name": "강승호",
        "year": 22,
        "team": "두산",
        "pa": 487,
        "ops": 0.709,
        "avg": 0.264,
        "obp": 0.31,
        "slg": 0.399,
        "rbi": 62,
        "sb": 13,
        "hr": 10
      },
      {
        "name": "김재환",
        "year": 22,
        "team": "두산",
        "pa": 517,
        "ops": 0.8,
        "avg": 0.248,
        "obp": 0.34,
        "slg": 0.46,
        "rbi": 72,
        "sb": 2,
        "hr": 23
      },
      {
        "name": "허경민",
        "year": 22,
        "team": "두산",
        "pa": 493,
        "ops": 0.758,
        "avg": 0.289,
        "obp": 0.36,
        "slg": 0.398,
        "rbi": 60,
        "sb": 10,
        "hr": 8
      },
      {
        "name": "정수빈",
        "year": 22,
        "team": "두산",
        "pa": 455,
        "ops": 0.654,
        "avg": 0.259,
        "obp": 0.323,
        "slg": 0.331,
        "rbi": 41,
        "sb": 15,
        "hr": 3
      },
      {
        "name": "김인태",
        "year": 22,
        "team": "두산",
        "pa": 279,
        "ops": 0.702,
        "avg": 0.247,
        "obp": 0.366,
        "slg": 0.336,
        "rbi": 25,
        "sb": 1,
        "hr": 5
      }
    ]
  },
  {
    "generation": 23,
    "expected_score": 5.39,
    "lineup": [
      "안권수",
      "양석환",
      "김인태",
      "박세혁",
      "페르난데스",
      "허경민",
      "강승호",
      "김재환",
      "정수빈"
    ],
    "player_stats": [
      {
        "name": "안권수",
        "year": 22,
        "team": "두산",
        "pa": 267,
        "ops": 0.711,
        "avg": 0.297,
        "obp": 0.368,
        "slg": 0.343,
        "rbi": 20,
        "sb": 3,
        "hr": 0
      },
      {
        "name": "양석환",
        "year": 22,
        "team": "두산",
        "pa": 446,
        "ops": 0.741,
        "avg": 0.244,
        "obp": 0.309,
        "slg": 0.432,
        "rbi": 51,
        "sb": 1,
        "hr": 20
      },
      {
        "name": "김인태",
        "year": 22,
        "team": "두산",
        "pa": 279,
        "ops": 0.702,
        "avg": 0.247,
        "obp": 0.366,
        "slg": 0.336,
        "rbi": 25,
        "sb": 1,
        "hr": 5
      },
      {
        "name": "박세혁",
        "year": 22,
        "team": "두산",
        "pa": 402,
        "ops": 0.636,
        "avg": 0.248,
        "obp": 0.32,
        "slg": 0.316,
        "rbi": 41,
        "sb": 2,
        "hr": 3
      },
      {
        "name": "페르난데스",
        "year": 22,
        "team": "두산",
        "pa": 550,
        "ops": 0.753,
        "avg": 0.309,
        "obp": 0.353,
        "slg": 0.4,
        "rbi": 77,
        "sb": 0,
        "hr": 6
      },
      {
        "name": "허경민",
        "year": 22,
        "team": "두산",
        "pa": 493,
        "ops": 0.758,
        "avg": 0.289,
        "obp": 0.36,
        "slg": 0.398,
        "rbi": 60,
        "sb": 10,
        "hr": 8
      },
      {
        "name": "강승호",
        "year": 22,
        "team": "두산",
        "pa": 487,
        "ops": 0.709,
        "avg": 0.264,
        "obp": 0.31,
        "slg": 0.399,
        "rbi": 62,
        "sb": 13,
        "hr": 10
      },
      {
        "name": "김재환",
        "year": 22,
        "team": "두산",
        "pa": 517,
        "ops": 0.8,
        "avg": 0.248,
        "obp": 0.34,
        "slg": 0.46,
        "rbi": 72,
        "sb": 2,
        "hr": 23
      },
      {
        "name": "정수빈",
        "year": 22,
        "team": "두산",
        "pa": 455,
        "ops": 0.654,
        "avg": 0.259,
        "obp": 0.323,
        "slg": 0.331,
        "rbi": 41,
        "sb": 15,
        "hr": 3
      }
    ]
  },
  {
    "generation": 24,
    "expected_score": 5.39,
    "lineup": [
      "안권수",
      "허경민",
      "양석환",
      "김인태",
      "박세혁",
      "페르난데스",
      "정수빈",
      "강승호",
      "김재환"
    ],
    "player_stats": [
      {
        "name": "안권수",
        "year": 22,
        "team": "두산",
        "pa": 267,
        "ops": 0.711,
        "avg": 0.297,
        "obp": 0.368,
        "slg": 0.343,
        "rbi": 20,
        "sb": 3,
        "hr": 0
      },
      {
        "name": "허경민",
        "year": 22,
        "team": "두산",
        "pa": 493,
        "ops": 0.758,
        "avg": 0.289,
        "obp": 0.36,
        "slg": 0.398,
        "rbi": 60,
        "sb": 10,
        "hr": 8
      },
      {
        "name": "양석환",
        "year": 22,
        "team": "두산",
        "pa": 446,
        "ops": 0.741,
        "avg": 0.244,
        "obp": 0.309,
        "slg": 0.432,
        "rbi": 51,
        "sb": 1,
        "hr": 20
      },
      {
        "name": "김인태",
        "year": 22,
        "team": "두산",
        "pa": 279,
        "ops": 0.702,
        "avg": 0.247,
        "obp": 0.366,
        "slg": 0.336,
        "rbi": 25,
        "sb": 1,
        "hr": 5
      },
      {
        "name": "박세혁",
        "year": 22,
        "team": "두산",
        "pa": 402,
        "ops": 0.636,
        "avg": 0.248,
        "obp": 0.32,
        "slg": 0.316,
        "rbi": 41,
        "sb": 2,
        "hr": 3
      },
      {
        "name": "페르난데스",
        "year": 22,
        "team": "두산",
        "pa": 550,
        "ops": 0.753,
        "avg": 0.309,
        "obp": 0.353,
        "slg": 0.4,
        "rbi": 77,
        "sb": 0,
        "hr": 6
      },
      {
        "name": "정수빈",
        "year": 22,
        "team": "두산",
        "pa": 455,
        "ops": 0.654,
        "avg": 0.259,
        "obp": 0.323,
        "slg": 0.331,
        "rbi": 41,
        "sb": 15,
        "hr": 3
      },
      {
        "name": "강승호",
        "year": 22,
        "team": "두산",
        "pa": 487,
        "ops": 0.709,
        "avg": 0.264,
        "obp": 0.31,
        "slg": 0.399,
        "rbi": 62,
        "sb": 13,
        "hr": 10
      },
      {
        "name": "김재환",
        "year": 22,
        "team": "두산",
        "pa": 517,
        "ops": 0.8,
        "avg": 0.248,
        "obp": 0.34,
        "slg": 0.46,
        "rbi": 72,
        "sb": 2,
        "hr": 23
      }
    ]
  },
  {
    "generation": 25,
    "expected_score": 5.43,
    "lineup": [
      "안권수",
      "양석환",
      "정수빈",
      "박세혁",
      "페르난데스",
      "강승호",
      "김인태",
      "김재환",
      "허경민"
    ],
    "player_stats": [
      {
        "name": "안권수",
        "year": 22,
        "team": "두산",
        "pa": 267,
        "ops": 0.711,
        "avg": 0.297,
        "obp": 0.368,
        "slg": 0.343,
        "rbi": 20,
        "sb": 3,
        "hr": 0
      },
      {
        "name": "양석환",
        "year": 22,
        "team": "두산",
        "pa": 446,
        "ops": 0.741,
        "avg": 0.244,
        "obp": 0.309,
        "slg": 0.432,
        "rbi": 51,
        "sb": 1,
        "hr": 20
      },
      {
        "name": "정수빈",
        "year": 22,
        "team": "두산",
        "pa": 455,
        "ops": 0.654,
        "avg": 0.259,
        "obp": 0.323,
        "slg": 0.331,
        "rbi": 41,
        "sb": 15,
        "hr": 3
      },
      {
        "name": "박세혁",
        "year": 22,
        "team": "두산",
        "pa": 402,
        "ops": 0.636,
        "avg": 0.248,
        "obp": 0.32,
        "slg": 0.316,
        "rbi": 41,
        "sb": 2,
        "hr": 3
      },
      {
        "name": "페르난데스",
        "year": 22,
        "team": "두산",
        "pa": 550,
        "ops": 0.753,
        "avg": 0.309,
        "obp": 0.353,
        "slg": 0.4,
        "rbi": 77,
        "sb": 0,
        "hr": 6
      },
      {
        "name": "강승호",
        "year": 22,
        "team": "두산",
        "pa": 487,
        "ops": 0.709,
        "avg": 0.264,
        "obp": 0.31,
        "slg": 0.399,
        "rbi": 62,
        "sb": 13,
        "hr": 10
      },
      {
        "name": "김인태",
        "year": 22,
        "team": "두산",
        "pa": 279,
        "ops": 0.702,
        "avg": 0.247,
        "obp": 0.366,
        "slg": 0.336,
        "rbi": 25,
        "sb": 1,
        "hr": 5
      },
      {
        "name": "김재환",
        "year": 22,
        "team": "두산",
        "pa": 517,
        "ops": 0.8,
        "avg": 0.248,
        "obp": 0.34,
        "slg": 0.46,
        "rbi": 72,
        "sb": 2,
        "hr": 23
      },
      {
        "name": "허경민",
        "year": 22,
        "team": "두산",
        "pa": 493,
        "ops": 0.758,
        "avg": 0.289,
        "obp": 0.36,
        "slg": 0.398,
        "rbi": 60,
        "sb": 10,
        "hr": 8
      }
    ]
  },
  {
    "generation": 26,
    "expected_score": 5.49,
    "lineup": [
      "안권수",
      "양석환",
      "정수빈",
      "박세혁",
      "페르난데스",
      "강승호",
      "김인태",
      "김재환",
      "허경민"
    ],
    "player_stats": [
      {
        "name": "안권수",
        "year": 22,
        "team": "두산",
        "pa": 267,
        "ops": 0.711,
        "avg": 0.297,
        "obp": 0.368,
        "slg": 0.343,
        "rbi": 20,
        "sb": 3,
        "hr": 0
      },
      {
        "name": "양석환",
        "year": 22,
        "team": "두산",
        "pa": 446,
        "ops": 0.741,
        "avg": 0.244,
        "obp": 0.309,
        "slg": 0.432,
        "rbi": 51,
        "sb": 1,
        "hr": 20
      },
      {
        "name": "정수빈",
        "year": 22,
        "team": "두산",
        "pa": 455,
        "ops": 0.654,
        "avg": 0.259,
        "obp": 0.323,
        "slg": 0.331,
        "rbi": 41,
        "sb": 15,
        "hr": 3
      },
      {
        "name": "박세혁",
        "year": 22,
        "team": "두산",
        "pa": 402,
        "ops": 0.636,
        "avg": 0.248,
        "obp": 0.32,
        "slg": 0.316,
        "rbi": 41,
        "sb": 2,
        "hr": 3
      },
      {
        "name": "페르난데스",
        "year": 22,
        "team": "두산",
        "pa": 550,
        "ops": 0.753,
        "avg": 0.309,
        "obp": 0.353,
        "slg": 0.4,
        "rbi": 77,
        "sb": 0,
        "hr": 6
      },
      {
        "name": "강승호",
        "year": 22,
        "team": "두산",
        "pa": 487,
        "ops": 0.709,
        "avg": 0.264,
        "obp": 0.31,
        "slg": 0.399,
        "rbi": 62,
        "sb": 13,
        "hr": 10
      },
      {
        "name": "김인태",
        "year": 22,
        "team": "두산",
        "pa": 279,
        "ops": 0.702,
        "avg": 0.247,
        "obp": 0.366,
        "slg": 0.336,
        "rbi": 25,
        "sb": 1,
        "hr": 5
      },
      {
        "name": "김재환",
        "year": 22,
        "team": "두산",
        "pa": 517,
        "ops": 0.8,
        "avg": 0.248,
        "obp": 0.34,
        "slg": 0.46,
        "rbi": 72,
        "sb": 2,
        "hr": 23
      },
      {
        "name": "허경민",
        "year": 22,
        "team": "두산",
        "pa": 493,
        "ops": 0.758,
        "avg": 0.289,
        "obp": 0.36,
        "slg": 0.398,
        "rbi": 60,
        "sb": 10,
        "hr": 8
      }
    ]
  },
  {
    "generation": 27,
    "expected_score": 5.34,
    "lineup": [
      "안권수",
      "박세혁",
      "정수빈",
      "페르난데스",
      "허경민",
      "강승호",
      "김인태",
      "양석환",
      "김재환"
    ],
    "player_stats": [
      {
        "name": "안권수",
        "year": 22,
        "team": "두산",
        "pa": 267,
        "ops": 0.711,
        "avg": 0.297,
        "obp": 0.368,
        "slg": 0.343,
        "rbi": 20,
        "sb": 3,
        "hr": 0
      },
      {
        "name": "박세혁",
        "year": 22,
        "team": "두산",
        "pa": 402,
        "ops": 0.636,
        "avg": 0.248,
        "obp": 0.32,
        "slg": 0.316,
        "rbi": 41,
        "sb": 2,
        "hr": 3
      },
      {
        "name": "정수빈",
        "year": 22,
        "team": "두산",
        "pa": 455,
        "ops": 0.654,
        "avg": 0.259,
        "obp": 0.323,
        "slg": 0.331,
        "rbi": 41,
        "sb": 15,
        "hr": 3
      },
      {
        "name": "페르난데스",
        "year": 22,
        "team": "두산",
        "pa": 550,
        "ops": 0.753,
        "avg": 0.309,
        "obp": 0.353,
        "slg": 0.4,
        "rbi": 77,
        "sb": 0,
        "hr": 6
      },
      {
        "name": "허경민",
        "year": 22,
        "team": "두산",
        "pa": 493,
        "ops": 0.758,
        "avg": 0.289,
        "obp": 0.36,
        "slg": 0.398,
        "rbi": 60,
        "sb": 10,
        "hr": 8
      },
      {
        "name": "강승호",
        "year": 22,
        "team": "두산",
        "pa": 487,
        "ops": 0.709,
        "avg": 0.264,
        "obp": 0.31,
        "slg": 0.399,
        "rbi": 62,
        "sb": 13,
        "hr": 10
      },
      {
        "name": "김인태",
        "year": 22,
        "team": "두산",
        "pa": 279,
        "ops": 0.702,
        "avg": 0.247,
        "obp": 0.366,
        "slg": 0.336,
        "rbi": 25,
        "sb": 1,
        "hr": 5
      },
      {
        "name": "양석환",
        "year": 22,
        "team": "두산",
        "pa": 446,
        "ops": 0.741,
        "avg": 0.244,
        "obp": 0.309,
        "slg": 0.432,
        "rbi": 51,
        "sb": 1,
        "hr": 20
      },
      {
        "name": "김재환",
        "year": 22,
        "team": "두산",
        "pa": 517,
        "ops": 0.8,
        "avg": 0.248,
        "obp": 0.34,
        "slg": 0.46,
        "rbi": 72,
        "sb": 2,
        "hr": 23
      }
    ]
  },
  {
    "generation": 28,
    "expected_score": 5.325,
    "lineup": [
      "안권수",
      "허경민",
      "양석환",
      "페르난데스",
      "박세혁",
      "김재환",
      "정수빈",
      "강승호",
      "김인태"
    ],
    "player_stats": [
      {
        "name": "안권수",
        "year": 22,
        "team": "두산",
        "pa": 267,
        "ops": 0.711,
        "avg": 0.297,
        "obp": 0.368,
        "slg": 0.343,
        "rbi": 20,
        "sb": 3,
        "hr": 0
      },
      {
        "name": "허경민",
        "year": 22,
        "team": "두산",
        "pa": 493,
        "ops": 0.758,
        "avg": 0.289,
        "obp": 0.36,
        "slg": 0.398,
        "rbi": 60,
        "sb": 10,
        "hr": 8
      },
      {
        "name": "양석환",
        "year": 22,
        "team": "두산",
        "pa": 446,
        "ops": 0.741,
        "avg": 0.244,
        "obp": 0.309,
        "slg": 0.432,
        "rbi": 51,
        "sb": 1,
        "hr": 20
      },
      {
        "name": "페르난데스",
        "year": 22,
        "team": "두산",
        "pa": 550,
        "ops": 0.753,
        "avg": 0.309,
        "obp": 0.353,
        "slg": 0.4,
        "rbi": 77,
        "sb": 0,
        "hr": 6
      },
      {
        "name": "박세혁",
        "year": 22,
        "team": "두산",
        "pa": 402,
        "ops": 0.636,
        "avg": 0.248,
        "obp": 0.32,
        "slg": 0.316,
        "rbi": 41,
        "sb": 2,
        "hr": 3
      },
      {
        "name": "김재환",
        "year": 22,
        "team": "두산",
        "pa": 517,
        "ops": 0.8,
        "avg": 0.248,
        "obp": 0.34,
        "slg": 0.46,
        "rbi": 72,
        "sb": 2,
        "hr": 23
      },
      {
        "name": "정수빈",
        "year": 22,
        "team": "두산",
        "pa": 455,
        "ops": 0.654,
        "avg": 0.259,
        "obp": 0.323,
        "slg": 0.331,
        "rbi": 41,
        "sb": 15,
        "hr": 3
      },
      {
        "name": "강승호",
        "year": 22,
        "team": "두산",
        "pa": 487,
        "ops": 0.709,
        "avg": 0.264,
        "obp": 0.31,
        "slg": 0.399,
        "rbi": 62,
        "sb": 13,
        "hr": 10
      },
      {
        "name": "김인태",
        "year": 22,
        "team": "두산",
        "pa": 279,
        "ops": 0.702,
        "avg": 0.247,
        "obp": 0.366,
        "slg": 0.336,
        "rbi": 25,
        "sb": 1,
        "hr": 5
      }
    ]
  },
  {
    "generation": 29,
    "expected_score": 5.295,
    "lineup": [
      "안권수",
      "양석환",
      "정수빈",
      "박세혁",
      "페르난데스",
      "김재환",
      "강승호",
      "김인태",
      "허경민"
    ],
    "player_stats": [
      {
        "name": "안권수",
        "year": 22,
        "team": "두산",
        "pa": 267,
        "ops": 0.711,
        "avg": 0.297,
        "obp": 0.368,
        "slg": 0.343,
        "rbi": 20,
        "sb": 3,
        "hr": 0
      },
      {
        "name": "양석환",
        "year": 22,
        "team": "두산",
        "pa": 446,
        "ops": 0.741,
        "avg": 0.244,
        "obp": 0.309,
        "slg": 0.432,
        "rbi": 51,
        "sb": 1,
        "hr": 20
      },
      {
        "name": "정수빈",
        "year": 22,
        "team": "두산",
        "pa": 455,
        "ops": 0.654,
        "avg": 0.259,
        "obp": 0.323,
        "slg": 0.331,
        "rbi": 41,
        "sb": 15,
        "hr": 3
      },
      {
        "name": "박세혁",
        "year": 22,
        "team": "두산",
        "pa": 402,
        "ops": 0.636,
        "avg": 0.248,
        "obp": 0.32,
        "slg": 0.316,
        "rbi": 41,
        "sb": 2,
        "hr": 3
      },
      {
        "name": "페르난데스",
        "year": 22,
        "team": "두산",
        "pa": 550,
        "ops": 0.753,
        "avg": 0.309,
        "obp": 0.353,
        "slg": 0.4,
        "rbi": 77,
        "sb": 0,
        "hr": 6
      },
      {
        "name": "김재환",
        "year": 22,
        "team": "두산",
        "pa": 517,
        "ops": 0.8,
        "avg": 0.248,
        "obp": 0.34,
        "slg": 0.46,
        "rbi": 72,
        "sb": 2,
        "hr": 23
      },
      {
        "name": "강승호",
        "year": 22,
        "team": "두산",
        "pa": 487,
        "ops": 0.709,
        "avg": 0.264,
        "obp": 0.31,
        "slg": 0.399,
        "rbi": 62,
        "sb": 13,
        "hr": 10
      },
      {
        "name": "김인태",
        "year": 22,
        "team": "두산",
        "pa": 279,
        "ops": 0.702,
        "avg": 0.247,
        "obp": 0.366,
        "slg": 0.336,
        "rbi": 25,
        "sb": 1,
        "hr": 5
      },
      {
        "name": "허경민",
        "year": 22,
        "team": "두산",
        "pa": 493,
        "ops": 0.758,
        "avg": 0.289,
        "obp": 0.36,
        "slg": 0.398,
        "rbi": 60,
        "sb": 10,
        "hr": 8
      }
    ]
  },
  {
    "generation": 30,
    "expected_score": 5.28,
    "lineup": [
      "안권수",
      "박세혁",
      "정수빈",
      "페르난데스",
      "허경민",
      "강승호",
      "김인태",
      "양석환",
      "김재환"
    ],
    "player_stats": [
      {
        "name": "안권수",
        "year": 22,
        "team": "두산",
        "pa": 267,
        "ops": 0.711,
        "avg": 0.297,
        "obp": 0.368,
        "slg": 0.343,
        "rbi": 20,
        "sb": 3,
        "hr": 0
      },
      {
        "name": "박세혁",
        "year": 22,
        "team": "두산",
        "pa": 402,
        "ops": 0.636,
        "avg": 0.248,
        "obp": 0.32,
        "slg": 0.316,
        "rbi": 41,
        "sb": 2,
        "hr": 3
      },
      {
        "name": "정수빈",
        "year": 22,
        "team": "두산",
        "pa": 455,
        "ops": 0.654,
        "avg": 0.259,
        "obp": 0.323,
        "slg": 0.331,
        "rbi": 41,
        "sb": 15,
        "hr": 3
      },
      {
        "name": "페르난데스",
        "year": 22,
        "team": "두산",
        "pa": 550,
        "ops": 0.753,
        "avg": 0.309,
        "obp": 0.353,
        "slg": 0.4,
        "rbi": 77,
        "sb": 0,
        "hr": 6
      },
      {
        "name": "허경민",
        "year": 22,
        "team": "두산",
        "pa": 493,
        "ops": 0.758,
        "avg": 0.289,
        "obp": 0.36,
        "slg": 0.398,
        "rbi": 60,
        "sb": 10,
        "hr": 8
      },
      {
        "name": "강승호",
        "year": 22,
        "team": "두산",
        "pa": 487,
        "ops": 0.709,
        "avg": 0.264,
        "obp": 0.31,
        "slg": 0.399,
        "rbi": 62,
        "sb": 13,
        "hr": 10
      },
      {
        "name": "김인태",
        "year": 22,
        "team": "두산",
        "pa": 279,
        "ops": 0.702,
        "avg": 0.247,
        "obp": 0.366,
        "slg": 0.336,
        "rbi": 25,
        "sb": 1,
        "hr": 5
      },
      {
        "name": "양석환",
        "year": 22,
        "team": "두산",
        "pa": 446,
        "ops": 0.741,
        "avg": 0.244,
        "obp": 0.309,
        "slg": 0.432,
        "rbi": 51,
        "sb": 1,
        "hr": 20
      },
      {
        "name": "김재환",
        "year": 22,
        "team": "두산",
        "pa": 517,
        "ops": 0.8,
        "avg": 0.248,
        "obp": 0.34,
        "slg": 0.46,
        "rbi": 72,
        "sb": 2,
        "hr": 23
      }
    ]
  }
]