[
  {
    "generation": 1,
    "expected_score": 5.66,
    "lineup": [
      "김상수",
      "강민호",
      "구자욱",
      "이원석",
      "오재일",
      "김현준",
      "오선진",
      "피렐라",
      "김지찬"
    ],
    "player_stats": [
      {
        "name": "김상수",
        "year": 22,
        "team": "삼성",
        "pa": 260,
        "ops": 0.628,
        "avg": 0.251,
        "obp": 0.305,
        "slg": 0.323,
        "rbi": 29,
        "sb": 2,
        "hr": 2
      },
      {
        "name": "강민호",
        "year": 22,
        "team": "삼성",
        "pa": 444,
        "ops": 0.739,
        "avg": 0.258,
        "obp": 0.33,
        "slg": 0.409,
        "rbi": 66,
        "sb": 0,
        "hr": 13
      },
      {
        "name": "구자욱",
        "year": 22,
        "team": "삼성",
        "pa": 442,
        "ops": 0.741,
        "avg": 0.293,
        "obp": 0.34,
        "slg": 0.401,
        "rbi": 38,
        "sb": 11,
        "hr": 5
      },
      {
        "name": "이원석",
        "year": 22,
        "team": "삼성",
        "pa": 335,
        "ops": 0.763,
        "avg": 0.267,
        "obp": 0.346,
        "slg": 0.417,
        "rbi": 60,
        "sb": 0,
        "hr": 10
      },
      {
        "name": "오재일",
        "year": 22,
        "team": "삼성",
        "pa": 536,
        "ops": 0.836,
        "avg": 0.268,
        "obp": 0.345,
        "slg": 0.491,
        "rbi": 94,
        "sb": 2,
        "hr": 21
      },
      {
        "name": "김현준",
        "year": 22,
        "team": "삼성",
        "pa": 422,
        "ops": 0.715,
        "avg": 0.275,
        "obp": 0.365,
        "slg": 0.35,
        "rbi": 22,
        "sb": 6,
        "hr": 0
      },
      {
        "name": "오선진",
        "year": 22,
        "team": "삼성",
        "pa": 306,
        "ops": 0.668,
        "avg": 0.276,
        "obp": 0.328,
        "slg": 0.34,
        "rbi": 24,
        "sb": 2,
        "hr": 3
      },
      {
        "name": "피렐라",
        "year": 22,
        "team": "삼성",
        "pa": 630,
        "ops": 0.976,
        "avg": 0.342,
        "obp": 0.411,
        "slg": 0.565,
        "rbi": 109,
        "sb": 15,
        "hr": 28
      },
      {
        "name": "김지찬",
        "year": 22,
        "team": "삼성",
        "pa": 429,
        "ops": 0.693,
        "avg": 0.28,
        "obp": 0.361,
        "slg": 0.332,
        "rbi": 25,
        "sb": 25,
        "hr": 0
      }
    ]
  },
  {
    "generation": 2,
    "expected_score": 5.715,
    "lineup": [
      "오선진",
      "이원석",
      "강민호",
      "김현준",
      "피렐라",
      "김상수",
      "구자욱",
      "김지찬",
      "오재일"
    ],
    "player_stats": [
      {
        "name": "오선진",
        "year": 22,
        "team": "삼성",
        "pa": 306,
        "ops": 0.668,
        "avg": 0.276,
        "obp": 0.328,
        "slg": 0.34,
        "rbi": 24,
        "sb": 2,
        "hr": 3
      },
      {
        "name": "이원석",
        "year": 22,
        "team": "삼성",
        "pa": 335,
        "ops": 0.763,
        "avg": 0.267,
        "obp": 0.346,
        "slg": 0.417,
        "rbi": 60,
        "sb": 0,
        "hr": 10
      },
      {
        "name": "강민호",
        "year": 22,
        "team": "삼성",
        "pa": 444,
        "ops": 0.739,
        "avg": 0.258,
        "obp": 0.33,
        "slg": 0.409,
        "rbi": 66,
        "sb": 0,
        "hr": 13
      },
      {
        "name": "김현준",
        "year": 22,
        "team": "삼성",
        "pa": 422,
        "ops": 0.715,
        "avg": 0.275,
        "obp": 0.365,
        "slg": 0.35,
        "rbi": 22,
        "sb": 6,
        "hr": 0
      },
      {
        "name": "피렐라",
        "year": 22,
        "team": "삼성",
        "pa": 630,
        "ops": 0.976,
        "avg": 0.342,
        "obp": 0.411,
        "slg": 0.565,
        "rbi": 109,
        "sb": 15,
        "hr": 28
      },
      {
        "name": "김상수",
        "year": 22,
        "team": "삼성",
        "pa": 260,
        "ops": 0.628,
        "avg": 0.251,
        "obp": 0.305,
        "slg": 0.323,
        "rbi": 29,
        "sb": 2,
        "hr": 2
      },
      {
        "name": "구자욱",
        "year": 22,
        "team": "삼성",
        "pa": 442,
        "ops": 0.741,
        "avg": 0.293,
        "obp": 0.34,
        "slg": 0.401,
        "rbi": 38,
        "sb": 11,
        "hr": 5
      },
      {
        "name": "김지찬",
        "year": 22,
        "team": "삼성",
        "pa": 429,
        "ops": 0.693,
        "avg": 0.28,
        "obp": 0.361,
        "slg": 0.332,
        "rbi": 25,
        "sb": 25,
        "hr": 0
      },
      {
        "name": "오재일",
        "year": 22,
        "team": "삼성",
        "pa": 536,
        "ops": 0.836,
        "avg": 0.268,
        "obp": 0.345,
        "slg": 0.491,
        "rbi": 94,
        "sb": 2,
        "hr": 21
      }
    ]
  },
  {
    "generation": 3,
    "expected_score": 5.635,
    "lineup": [
      "김상수",
      "김지찬",
      "구자욱",
      "이원석",
      "오재일",
      "김현준",
      "강민호",
      "오선진",
      "피렐라"
    ],
    "player_stats": [
      {
        "name": "김상수",
        "year": 22,
        "team": "삼성",
        "pa": 260,
        "ops": 0.628,
        "avg": 0.251,
        "obp": 0.305,
        "slg": 0.323,
        "rbi": 29,
        "sb": 2,
        "hr": 2
      },
      {
        "name": "김지찬",
        "year": 22,
        "team": "삼성",
        "pa": 429,
        "ops": 0.693,
        "avg": 0.28,
        "obp": 0.361,
        "slg": 0.332,
        "rbi": 25,
        "sb": 25,
        "hr": 0
      },
      {
        "name": "구자욱",
        "year": 22,
        "team": "삼성",
        "pa": 442,
        "ops": 0.741,
        "avg": 0.293,
        "obp": 0.34,
        "slg": 0.401,
        "rbi": 38,
        "sb": 11,
        "hr": 5
      },
      {
        "name": "이원석",
        "year": 22,
        "team": "삼성",
        "pa": 335,
        "ops": 0.763,
        "avg": 0.267,
        "obp": 0.346,
        "slg": 0.417,
        "rbi": 60,
        "sb": 0,
        "hr": 10
      },
      {
        "name": "오재일",
        "year": 22,
        "team": "삼성",
        "pa": 536,
        "ops": 0.836,
        "avg": 0.268,
        "obp": 0.345,
        "slg": 0.491,
        "rbi": 94,
        "sb": 2,
        "hr": 21
      },
      {
        "name": "김현준",
        "year": 22,
        "team": "삼성",
        "pa": 422,
        "ops": 0.715,
        "avg": 0.275,
        "obp": 0.365,
        "slg": 0.35,
        "rbi": 22,
        "sb": 6,
        "hr": 0
      },
      {
        "name": "강민호",
        "year": 22,
        "team": "삼성",
        "pa": 444,
        "ops": 0.739,
        "avg": 0.258,
        "obp": 0.33,
        "slg": 0.409,
        "rbi": 66,
        "sb": 0,
        "hr": 13
      },
      {
        "name": "오선진",
        "year": 22,
        "team": "삼성",
        "pa": 306,
        "ops": 0.668,
        "avg": 0.276,
        "obp": 0.328,
        "slg": 0.34,
        "rbi": 24,
        "sb": 2,
        "hr": 3
      },
      {
        "name": "피렐라",
        "year": 22,
        "team": "삼성",
        "pa": 630,
        "ops": 0.976,
        "avg": 0.342,
        "obp": 0.411,
        "slg": 0.565,
        "rbi": 109,
        "sb": 15,
        "hr": 28
      }
    ]
  },
  {
    "generation": 4,
    "expected_score": 5.63,
    "lineup": [
      "강민호",
      "피렐라",
      "오재일",
      "구자욱",
      "오선진",
      "이원석",
      "김현준",
      "김상수",
      "김지찬"
    ],
    "player_stats": [
      {
        "name": "강민호",
        "year": 22,
        "team": "삼성",
        "pa": 444,
        "ops": 0.739,
        "avg": 0.258,
        "obp": 0.33,
        "slg": 0.409,
        "rbi": 66,
        "sb": 0,
        "hr": 13
      },
      {
        "name": "피렐라",
        "year": 22,
        "team": "삼성",
        "pa": 630,
        "ops": 0.976,
        "avg": 0.342,
        "obp": 0.411,
        "slg": 0.565,
        "rbi": 109,
        "sb": 15,
        "hr": 28
      },
      {
        "name": "오재일",
        "year": 22,
        "team": "삼성",
        "pa": 536,
        "ops": 0.836,
        "avg": 0.268,
        "obp": 0.345,
        "slg": 0.491,
        "rbi": 94,
        "sb": 2,
        "hr": 21
      },
      {
        "name": "구자욱",
        "year": 22,
        "team": "삼성",
        "pa": 442,
        "ops": 0.741,
        "avg": 0.293,
        "obp": 0.34,
        "slg": 0.401,
        "rbi": 38,
        "sb": 11,
        "hr": 5
      },
      {
        "name": "오선진",
        "year": 22,
        "team": "삼성",
        "pa": 306,
        "ops": 0.668,
        "avg": 0.276,
        "obp": 0.328,
        "slg": 0.34,
        "rbi": 24,
        "sb": 2,
        "hr": 3
      },
      {
        "name": "이원석",
        "year": 22,
        "team": "삼성",
        "pa": 335,
        "ops": 0.763,
        "avg": 0.267,
        "obp": 0.346,
        "slg": 0.417,
        "rbi": 60,
        "sb": 0,
        "hr": 10
      },
      {
        "name": "김현준",
        "year": 22,
        "team": "삼성",
        "pa": 422,
        "ops": 0.715,
        "avg": 0.275,
        "obp": 0.365,
        "slg": 0.35,
        "rbi": 22,
        "sb": 6,
        "hr": 0
      },
      {
        "name": "김상수",
        "year": 22,
        "team": "삼성",
        "pa": 260,
        "ops": 0.628,
        "avg": 0.251,
        "obp": 0.305,
        "slg": 0.323,
        "rbi": 29,
        "sb": 2,
        "hr": 2
      },
      {
        "name": "김지찬",
        "year": 22,
        "team": "삼성",
        "pa": 429,
        "ops": 0.693,
        "avg": 0.28,
        "obp": 0.361,
        "slg": 0.332,
        "rbi": 25,
        "sb": 25,
        "hr": 0
      }
    ]
  },
  {
    "generation": 5,
    "expected_score": 5.62,
    "lineup": [
      "오선진",
      "이원석",
      "오재일",
      "강민호",
      "김현준",
      "김지찬",
      "피렐라",
      "김상수",
      "구자욱"
    ],
    "player_stats": [
      {
        "name": "오선진",
        "year": 22,
        "team": "삼성",
        "pa": 306,
        "ops": 0.668,
        "avg": 0.276,
        "obp": 0.328,
        "slg": 0.34,
        "rbi": 24,
        "sb": 2,
        "hr": 3
      },
      {
        "name": "이원석",
        "year": 22,
        "team": "삼성",
        "pa": 335,
        "ops": 0.763,
        "avg": 0.267,
        "obp": 0.346,
        "slg": 0.417,
        "rbi": 60,
        "sb": 0,
        "hr": 10
      },
      {
        "name": "오재일",
        "year": 22,
        "team": "삼성",
        "pa": 536,
        "ops": 0.836,
        "avg": 0.268,
        "obp": 0.345,
        "slg": 0.491,
        "rbi": 94,
        "sb": 2,
        "hr": 21
      },
      {
        "name": "강민호",
        "year": 22,
        "team": "삼성",
        "pa": 444,
        "ops": 0.739,
        "avg": 0.258,
        "obp": 0.33,
        "slg": 0.409,
        "rbi": 66,
        "sb": 0,
        "hr": 13
      },
      {
        "name": "김현준",
        "year": 22,
        "team": "삼성",
        "pa": 422,
        "ops": 0.715,
        "avg": 0.275,
        "obp": 0.365,
        "slg": 0.35,
        "rbi": 22,
        "sb": 6,
        "hr": 0
      },
      {
        "name": "김지찬",
        "year": 22,
        "team": "삼성",
        "pa": 429,
        "ops": 0.693,
        "avg": 0.28,
        "obp": 0.361,
        "slg": 0.332,
        "rbi": 25,
        "sb": 25,
        "hr": 0
      },
      {
        "name": "피렐라",
        "year": 22,
        "team": "삼성",
        "pa": 630,
        "ops": 0.976,
        "avg": 0.342,
        "obp": 0.411,
        "slg": 0.565,
        "rbi": 109,
        "sb": 15,
        "hr": 28
      },
      {
        "name": "김상수",
        "year": 22,
        "team": "삼성",
        "pa": 260,
        "ops": 0.628,
        "avg": 0.251,
        "obp": 0.305,
        "slg": 0.323,
        "rbi": 29,
        "sb": 2,
        "hr": 2
      },
      {
        "name": "구자욱",
        "year": 22,
        "team": "삼성",
        "pa": 442,
        "ops": 0.741,
        "avg": 0.293,
        "obp": 0.34,
        "slg": 0.401,
        "rbi": 38,
        "sb": 11,
        "hr": 5
      }
    ]
  },
  {
    "generation": 6,
    "expected_score": 5.83,
    "lineup": [
      "구자욱",
      "강민호",
      "이원석",
      "김현준",
      "오선진",
      "김지찬",
      "김상수",
      "오재일",
      "피렐라"
    ],
    "player_stats": [
      {
        "name": "구자욱",
        "year": 22,
        "team": "삼성",
        "pa": 442,
        "ops": 0.741,
        "avg": 0.293,
        "obp": 0.34,
        "slg": 0.401,
        "rbi": 38,
        "sb": 11,
        "hr": 5
      },
      {
        "name": "강민호",
        "year": 22,
        "team": "삼성",
        "pa": 444,
        "ops": 0.739,
        "avg": 0.258,
        "obp": 0.33,
        "slg": 0.409,
        "rbi": 66,
        "sb": 0,
        "hr": 13
      },
      {
        "name": "이원석",
        "year": 22,
        "team": "삼성",
        "pa": 335,
        "ops": 0.763,
        "avg": 0.267,
        "obp": 0.346,
        "slg": 0.417,
        "rbi": 60,
        "sb": 0,
        "hr": 10
      },
      {
        "name": "김현준",
        "year": 22,
        "team": "삼성",
        "pa": 422,
        "ops": 0.715,
        "avg": 0.275,
        "obp": 0.365,
        "slg": 0.35,
        "rbi": 22,
        "sb": 6,
        "hr": 0
      },
      {
        "name": "오선진",
        "year": 22,
        "team": "삼성",
        "pa": 306,
        "ops": 0.668,
        "avg": 0.276,
        "obp": 0.328,
        "slg": 0.34,
        "rbi": 24,
        "sb": 2,
        "hr": 3
      },
      {
        "name": "김지찬",
        "year": 22,
        "team": "삼성",
        "pa": 429,
        "ops": 0.693,
        "avg": 0.28,
        "obp": 0.361,
        "slg": 0.332,
        "rbi": 25,
        "sb": 25,
        "hr": 0
      },
      {
        "name": "김상수",
        "year": 22,
        "team": "삼성",
        "pa": 260,
        "ops": 0.628,
        "avg": 0.251,
        "obp": 0.305,
        "slg": 0.323,
        "rbi": 29,
        "sb": 2,
        "hr": 2
      },
      {
        "name": "오재일",
        "year": 22,
        "team": "삼성",
        "pa": 536,
        "ops": 0.836,
        "avg": 0.268,
        "obp": 0.345,
        "slg": 0.491,
        "rbi": 94,
        "sb": 2,
        "hr": 21
      },
      {
        "name": "피렐라",
        "year": 22,
        "team": "삼성",
        "pa": 630,
        "ops": 0.976,
        "avg": 0.342,
        "obp": 0.411,
        "slg": 0.565,
        "rbi": 109,
        "sb": 15,
        "hr": 28
      }
    ]
  },
  {
    "generation": 7,
    "expected_score": 5.625,
    "lineup": [
      "김상수",
      "이원석",
      "오재일",
      "김지찬",
      "김현준",
      "오선진",
      "강민호",
      "피렐라",
      "구자욱"
    ],
    "player_stats": [
      {
        "name": "김상수",
        "year": 22,
        "team": "삼성",
        "pa": 260,
        "ops": 0.628,
        "avg": 0.251,
        "obp": 0.305,
        "slg": 0.323,
        "rbi": 29,
        "sb": 2,
        "hr": 2
      },
      {
        "name": "이원석",
        "year": 22,
        "team": "삼성",
        "pa": 335,
        "ops": 0.763,
        "avg": 0.267,
        "obp": 0.346,
        "slg": 0.417,
        "rbi": 60,
        "sb": 0,
        "hr": 10
      },
      {
        "name": "오재일",
        "year": 22,
        "team": "삼성",
        "pa": 536,
        "ops": 0.836,
        "avg": 0.268,
        "obp": 0.345,
        "slg": 0.491,
        "rbi": 94,
        "sb": 2,
        "hr": 21
      },
      {
        "name": "김지찬",
        "year": 22,
        "team": "삼성",
        "pa": 429,
        "ops": 0.693,
        "avg": 0.28,
        "obp": 0.361,
        "slg": 0.332,
        "rbi": 25,
        "sb": 25,
        "hr": 0
      },
      {
        "name": "김현준",
        "year": 22,
        "team": "삼성",
        "pa": 422,
        "ops": 0.715,
        "avg": 0.275,
        "obp": 0.365,
        "slg": 0.35,
        "rbi": 22,
        "sb": 6,
        "hr": 0
      },
      {
        "name": "오선진",
        "year": 22,
        "team": "삼성",
        "pa": 306,
        "ops": 0.668,
        "avg": 0.276,
        "obp": 0.328,
        "slg": 0.34,
        "rbi": 24,
        "sb": 2,
        "hr": 3
      },
      {
        "name": "강민호",
        "year": 22,
        "team": "삼성",
        "pa": 444,
        "ops": 0.739,
        "avg": 0.258,
        "obp": 0.33,
        "slg": 0.409,
        "rbi": 66,
        "sb": 0,
        "hr": 13
      },
      {
        "name": "피렐라",
        "year": 22,
        "team": "삼성",
        "pa": 630,
        "ops": 0.976,
        "avg": 0.342,
        "obp": 0.411,
        "slg": 0.565,
        "rbi": 109,
        "sb": 15,
        "hr": 28
      },
      {
        "name": "구자욱",
        "year": 22,
        "team": "삼성",
        "pa": 442,
        "ops": 0.741,
        "avg": 0.293,
        "obp": 0.34,
        "slg": 0.401,
        "rbi": 38,
        "sb": 11,
        "hr": 5
      }
    ]
  },
  {
    "generation": 8,
    "expected_score": 6.0,
    "lineup": [
      "이원석",
      "오재일",
      "강민호",
      "구자욱",
      "김현준",
      "김상수",
      "오선진",
      "피렐라",
      "김지찬"
    ],
    "player_stats": [
      {
        "name": "이원석",
        "year": 22,
        "team": "삼성",
        "pa": 335,
        "ops": 0.763,
        "avg": 0.267,
        "obp": 0.346,
        "slg": 0.417,
        "rbi": 60,
        "sb": 0,
        "hr": 10
      },
      {
        "name": "오재일",
        "year": 22,
        "team": "삼성",
        "pa": 536,
        "ops": 0.836,
        "avg": 0.268,
        "obp": 0.345,
        "slg": 0.491,
        "rbi": 94,
        "sb": 2,
        "hr": 21
      },
      {
        "name": "강민호",
        "year": 22,
        "team": "삼성",
        "pa": 444,
        "ops": 0.739,
        "avg": 0.258,
        "obp": 0.33,
        "slg": 0.409,
        "rbi": 66,
        "sb": 0,
        "hr": 13
      },
      {
        "name": "구자욱",
        "year": 22,
        "team": "삼성",
        "pa": 442,
        "ops": 0.741,
        "avg": 0.293,
        "obp": 0.34,
        "slg": 0.401,
        "rbi": 38,
        "sb": 11,
        "hr": 5
      },
      {
        "name": "김현준",
        "year": 22,
        "team": "삼성",
        "pa": 422,
        "ops": 0.715,
        "avg": 0.275,
        "obp": 0.365,
        "slg": 0.35,
        "rbi": 22,
        "sb": 6,
        "hr": 0
      },
      {
        "name": "김상수",
        "year": 22,
        "team": "삼성",
        "pa": 260,
        "ops": 0.628,
        "avg": 0.251,
        "obp": 0.305,
        "slg": 0.323,
        "rbi": 29,
        "sb": 2,
        "hr": 2
      },
      {
        "name": "오선진",
        "year": 22,
        "team": "삼성",
        "pa": 306,
        "ops": 0.668,
        "avg": 0.276,
        "obp": 0.328,
        "slg": 0.34,
        "rbi": 24,
        "sb": 2,
        "hr": 3
      },
      {
        "name": "피렐라",
        "year": 22,
        "team": "삼성",
        "pa": 630,
        "ops": 0.976,
        "avg": 0.342,
        "obp": 0.411,
        "slg": 0.565,
        "rbi": 109,
        "sb": 15,
        "hr": 28
      },
      {
        "name": "김지찬",
        "year": 22,
        "team": "삼성",
        "pa": 429,
        "ops": 0.693,
        "avg": 0.28,
        "obp": 0.361,
        "slg": 0.332,
        "rbi": 25,
        "sb": 25,
        "hr": 0
      }
    ]
  },
  {
    "generation": 9,
    "expected_score": 5.535,
    "lineup": [
      "김상수",
      "이원석",
      "김지찬",
      "구자욱",
      "오선진",
      "김현준",
      "오재일",
      "강민호",
      "피렐라"
    ],
    "player_stats": [
      {
        "name": "김상수",
        "year": 22,
        "team": "삼성",
        "pa": 260,
        "ops": 0.628,
        "avg": 0.251,
        "obp": 0.305,
        "slg": 0.323,
        "rbi": 29,
        "sb": 2,
        "hr": 2
      },
      {
        "name": "이원석",
        "year": 22,
        "team": "삼성",
        "pa": 335,
        "ops": 0.763,
        "avg": 0.267,
        "obp": 0.346,
        "slg": 0.417,
        "rbi": 60,
        "sb": 0,
        "hr": 10
      },
      {
        "name": "김지찬",
        "year": 22,
        "team": "삼성",
        "pa": 429,
        "ops": 0.693,
        "avg": 0.28,
        "obp": 0.361,
        "slg": 0.332,
        "rbi": 25,
        "sb": 25,
        "hr": 0
      },
      {
        "name": "구자욱",
        "year": 22,
        "team": "삼성",
        "pa": 442,
        "ops": 0.741,
        "avg": 0.293,
        "obp": 0.34,
        "slg": 0.401,
        "rbi": 38,
        "sb": 11,
        "hr": 5
      },
      {
        "name": "오선진",
        "year": 22,
        "team": "삼성",
        "pa": 306,
        "ops": 0.668,
        "avg": 0.276,
        "obp": 0.328,
        "slg": 0.34,
        "rbi": 24,
        "sb": 2,
        "hr": 3
      },
      {
        "name": "김현준",
        "year": 22,
        "team": "삼성",
        "pa": 422,
        "ops": 0.715,
        "avg": 0.275,
        "obp": 0.365,
        "slg": 0.35,
        "rbi": 22,
        "sb": 6,
        "hr": 0
      },
      {
        "name": "오재일",
        "year": 22,
        "team": "삼성",
        "pa": 536,
        "ops": 0.836,
        "avg": 0.268,
        "obp": 0.345,
        "slg": 0.491,
        "rbi": 94,
        "sb": 2,
        "hr": 21
      },
      {
        "name": "강민호",
        "year": 22,
        "team": "삼성",
        "pa": 444,
        "ops": 0.739,
        "avg": 0.258,
        "obp": 0.33,
        "slg": 0.409,
        "rbi": 66,
        "sb": 0,
        "hr": 13
      },
      {
        "name": "피렐라",
        "year": 22,
        "team": "삼성",
        "pa": 630,
        "ops": 0.976,
        "avg": 0.342,
        "obp": 0.411,
        "slg": 0.565,
        "rbi": 109,
        "sb": 15,
        "hr": 28
      }
    ]
  },
  {
    "generation": 10,
    "expected_score": 5.58,
    "lineup": [
      "이원석",
      "오재일",
      "강민호",
      "김상수",
      "김지찬",
      "김현준",
      "오선진",
      "피렐라",
      "구자욱"
    ],
    "player_stats": [
      {
        "name": "이원석",
        "year": 22,
        "team": "삼성",
        "pa": 335,
        "ops": 0.763,
        "avg": 0.267,
        "obp": 0.346,
        "slg": 0.417,
        "rbi": 60,
        "sb": 0,
        "hr": 10
      },
      {
        "name": "오재일",
        "year": 22,
        "team": "삼성",
        "pa": 536,
        "ops": 0.836,
        "avg": 0.268,
        "obp": 0.345,
        "slg": 0.491,
        "rbi": 94,
        "sb": 2,
        "hr": 21
      },
      {
        "name": "강민호",
        "year": 22,
        "team": "삼성",
        "pa": 444,
        "ops": 0.739,
        "avg": 0.258,
        "obp": 0.33,
        "slg": 0.409,
        "rbi": 66,
        "sb": 0,
        "hr": 13
      },
      {
        "name": "김상수",
        "year": 22,
        "team": "삼성",
        "pa": 260,
        "ops": 0.628,
        "avg": 0.251,
        "obp": 0.305,
        "slg": 0.323,
        "rbi": 29,
        "sb": 2,
        "hr": 2
      },
      {
        "name": "김지찬",
        "year": 22,
        "team": "삼성",
        "pa": 429,
        "ops": 0.693,
        "avg": 0.28,
        "obp": 0.361,
        "slg": 0.332,
        "rbi": 25,
        "sb": 25,
        "hr": 0
      },
      {
        "name": "김현준",
        "year": 22,
        "team": "삼성",
        "pa": 422,
        "ops": 0.715,
        "avg": 0.275,
        "obp": 0.365,
        "slg": 0.35,
        "rbi": 22,
        "sb": 6,
        "hr": 0
      },
      {
        "name": "오선진",
        "year": 22,
        "team": "삼성",
        "pa": 306,
        "ops": 0.668,
        "avg": 0.276,
        "obp": 0.328,
        "slg": 0.34,
        "rbi": 24,
        "sb": 2,
        "hr": 3
      },
      {
        "name": "피렐라",
        "year": 22,
        "team": "삼성",
        "pa": 630,
        "ops": 0.976,
        "avg": 0.342,
        "obp": 0.411,
        "slg": 0.565,
        "rbi": 109,
        "sb": 15,
        "hr": 28
      },
      {
        "name": "구자욱",
        "year": 22,
        "team": "삼성",
        "pa": 442,
        "ops": 0.741,
        "avg": 0.293,
        "obp": 0.34,
        "slg": 0.401,
        "rbi": 38,
        "sb": 11,
        "hr": 5
      }
    ]
  },
  {
    "generation": 11,
    "expected_score": 5.525,
    "lineup": [
      "이원석",
      "김지찬",
      "오재일",
      "구자욱",
      "김현준",
      "강민호",
      "김상수",
      "오선진",
      "피렐라"
    ],
    "player_stats": [
      {
        "name": "이원석",
        "year": 22,
        "team": "삼성",
        "pa": 335,
        "ops": 0.763,
        "avg": 0.267,
        "obp": 0.346,
        "slg": 0.417,
        "rbi": 60,
        "sb": 0,
        "hr": 10
      },
      {
        "name": "김지찬",
        "year": 22,
        "team": "삼성",
        "pa": 429,
        "ops": 0.693,
        "avg": 0.28,
        "obp": 0.361,
        "slg": 0.332,
        "rbi": 25,
        "sb": 25,
        "hr": 0
      },
      {
        "name": "오재일",
        "year": 22,
        "team": "삼성",
        "pa": 536,
        "ops": 0.836,
        "avg": 0.268,
        "obp": 0.345,
        "slg": 0.491,
        "rbi": 94,
        "sb": 2,
        "hr": 21
      },
      {
        "name": "구자욱",
        "year": 22,
        "team": "삼성",
        "pa": 442,
        "ops": 0.741,
        "avg": 0.293,
        "obp": 0.34,
        "slg": 0.401,
        "rbi": 38,
        "sb": 11,
        "hr": 5
      },
      {
        "name": "김현준",
        "year": 22,
        "team": "삼성",
        "pa": 422,
        "ops": 0.715,
        "avg": 0.275,
        "obp": 0.365,
        "slg": 0.35,
        "rbi": 22,
        "sb": 6,
        "hr": 0
      },
      {
        "name": "강민호",
        "year": 22,
        "team": "삼성",
        "pa": 444,
        "ops": 0.739,
        "avg": 0.258,
        "obp": 0.33,
        "slg": 0.409,
        "rbi": 66,
        "sb": 0,
        "hr": 13
      },
      {
        "name": "김상수",
        "year": 22,
        "team": "삼성",
        "pa": 260,
        "ops": 0.628,
        "avg": 0.251,
        "obp": 0.305,
        "slg": 0.323,
        "rbi": 29,
        "sb": 2,
        "hr": 2
      },
      {
        "name": "오선진",
        "year": 22,
        "team": "삼성",
        "pa": 306,
        "ops": 0.668,
        "avg": 0.276,
        "obp": 0.328,
        "slg": 0.34,
        "rbi": 24,
        "sb": 2,
        "hr": 3
      },
      {
        "name": "피렐라",
        "year": 22,
        "team": "삼성",
        "pa": 630,
        "ops": 0.976,
        "avg": 0.342,
        "obp": 0.411,
        "slg": 0.565,
        "rbi": 109,
        "sb": 15,
        "hr": 28
      }
    ]
  },
  {
    "generation": 12,
    "expected_score": 5.785,
    "lineup": [
      "오재일",
      "이원석",
      "구자욱",
      "김상수",
      "오선진",
      "피렐라",
      "김지찬",
      "강민호",
      "김현준"
    ],
    "player_stats": [
      {
        "name": "오재일",
        "year": 22,
        "team": "삼성",
        "pa": 536,
        "ops": 0.836,
        "avg": 0.268,
        "obp": 0.345,
        "slg": 0.491,
        "rbi": 94,
        "sb": 2,
        "hr": 21
      },
      {
        "name": "이원석",
        "year": 22,
        "team": "삼성",
        "pa": 335,
        "ops": 0.763,
        "avg": 0.267,
        "obp": 0.346,
        "slg": 0.417,
        "rbi": 60,
        "sb": 0,
        "hr": 10
      },
      {
        "name": "구자욱",
        "year": 22,
        "team": "삼성",
        "pa": 442,
        "ops": 0.741,
        "avg": 0.293,
        "obp": 0.34,
        "slg": 0.401,
        "rbi": 38,
        "sb": 11,
        "hr": 5
      },
      {
        "name": "김상수",
        "year": 22,
        "team": "삼성",
        "pa": 260,
        "ops": 0.628,
        "avg": 0.251,
        "obp": 0.305,
        "slg": 0.323,
        "rbi": 29,
        "sb": 2,
        "hr": 2
      },
      {
        "name": "오선진",
        "year": 22,
        "team": "삼성",
        "pa": 306,
        "ops": 0.668,
        "avg": 0.276,
        "obp": 0.328,
        "slg": 0.34,
        "rbi": 24,
        "sb": 2,
        "hr": 3
      },
      {
        "name": "피렐라",
        "year": 22,
        "team": "삼성",
        "pa": 630,
        "ops": 0.976,
        "avg": 0.342,
        "obp": 0.411,
        "slg": 0.565,
        "rbi": 109,
        "sb": 15,
        "hr": 28
      },
      {
        "name": "김지찬",
        "year": 22,
        "team": "삼성",
        "pa": 429,
        "ops": 0.693,
        "avg": 0.28,
        "obp": 0.361,
        "slg": 0.332,
        "rbi": 25,
        "sb": 25,
        "hr": 0
      },
      {
        "name": "강민호",
        "year": 22,
        "team": "삼성",
        "pa": 444,
        "ops": 0.739,
        "avg": 0.258,
        "obp": 0.33,
        "slg": 0.409,
        "rbi": 66,
        "sb": 0,
        "hr": 13
      },
      {
        "name": "김현준",
        "year": 22,
        "team": "삼성",
        "pa": 422,
        "ops": 0.715,
        "avg": 0.275,
        "obp": 0.365,
        "slg": 0.35,
        "rbi": 22,
        "sb": 6,
        "hr": 0
      }
    ]
  },
  {
    "generation": 13,
    "expected_score": 5.585,
    "lineup": [
      "이원석",
      "구자욱",
      "피렐라",
      "오선진",
      "김현준",
      "김지찬",
      "오재일",
      "김상수",
      "강민호"
    ],
    "player_stats": [
      {
        "name": "이원석",
        "year": 22,
        "team": "삼성",
        "pa": 335,
        "ops": 0.763,
        "avg": 0.267,
        "obp": 0.346,
        "slg": 0.417,
        "rbi": 60,
        "sb": 0,
        "hr": 10
      },
      {
        "name": "구자욱",
        "year": 22,
        "team": "삼성",
        "pa": 442,
        "ops": 0.741,
        "avg": 0.293,
        "obp": 0.34,
        "slg": 0.401,
        "rbi": 38,
        "sb": 11,
        "hr": 5
      },
      {
        "name": "피렐라",
        "year": 22,
        "team": "삼성",
        "pa": 630,
        "ops": 0.976,
        "avg": 0.342,
        "obp": 0.411,
        "slg": 0.565,
        "rbi": 109,
        "sb": 15,
        "hr": 28
      },
      {
        "name": "오선진",
        "year": 22,
        "team": "삼성",
        "pa": 306,
        "ops": 0.668,
        "avg": 0.276,
        "obp": 0.328,
        "slg": 0.34,
        "rbi": 24,
        "sb": 2,
        "hr": 3
      },
      {
        "name": "김현준",
        "year": 22,
        "team": "삼성",
        "pa": 422,
        "ops": 0.715,
        "avg": 0.275,
        "obp": 0.365,
        "slg": 0.35,
        "rbi": 22,
        "sb": 6,
        "hr": 0
      },
      {
        "name": "김지찬",
        "year": 22,
        "team": "삼성",
        "pa": 429,
        "ops": 0.693,
        "avg": 0.28,
        "obp": 0.361,
        "slg": 0.332,
        "rbi": 25,
        "sb": 25,
        "hr": 0
      },
      {
        "name": "오재일",
        "year": 22,
        "team": "삼성",
        "pa": 536,
        "ops": 0.836,
        "avg": 0.268,
        "obp": 0.345,
        "slg": 0.491,
        "rbi": 94,
        "sb": 2,
        "hr": 21
      },
      {
        "name": "김상수",
        "year": 22,
        "team": "삼성",
        "pa": 260,
        "ops": 0.628,
        "avg": 0.251,
        "obp": 0.305,
        "slg": 0.323,
        "rbi": 29,
        "sb": 2,
        "hr": 2
      },
      {
        "name": "강민호",
        "year": 22,
        "team": "삼성",
        "pa": 444,
        "ops": 0.739,
        "avg": 0.258,
        "obp": 0.33,
        "slg": 0.409,
        "rbi": 66,
        "sb": 0,
        "hr": 13
      }
    ]
  },
  {
    "generation": 14,
    "expected_score": 5.835,
    "lineup": [
      "이원석",
      "오재일",
      "구자욱",
      "김현준",
      "피렐라",
      "김상수",
      "오선진",
      "강민호",
      "김지찬"
    ],
    "player_stats": [
      {
        "name": "이원석",
        "year": 22,
        "team": "삼성",
        "pa": 335,
        "ops": 0.763,
        "avg": 0.267,
        "obp": 0.346,
        "slg": 0.417,
        "rbi": 60,
        "sb": 0,
        "hr": 10
      },
      {
        "name": "오재일",
        "year": 22,
        "team": "삼성",
        "pa": 536,
        "ops": 0.836,
        "avg": 0.268,
        "obp": 0.345,
        "slg": 0.491,
        "rbi": 94,
        "sb": 2,
        "hr": 21
      },
      {
        "name": "구자욱",
        "year": 22,
        "team": "삼성",
        "pa": 442,
        "ops": 0.741,
        "avg": 0.293,
        "obp": 0.34,
        "slg": 0.401,
        "rbi": 38,
        "sb": 11,
        "hr": 5
      },
      {
        "name": "김현준",
        "year": 22,
        "team": "삼성",
        "pa": 422,
        "ops": 0.715,
        "avg": 0.275,
        "obp": 0.365,
        "slg": 0.35,
        "rbi": 22,
        "sb": 6,
        "hr": 0
      },
      {
        "name": "피렐라",
        "year": 22,
        "team": "삼성",
        "pa": 630,
        "ops": 0.976,
        "avg": 0.342,
        "obp": 0.411,
        "slg": 0.565,
        "rbi": 109,
        "sb": 15,
        "hr": 28
      },
      {
        "name": "김상수",
        "year": 22,
        "team": "삼성",
        "pa": 260,
        "ops": 0.628,
        "avg": 0.251,
        "obp": 0.305,
        "slg": 0.323,
        "rbi": 29,
        "sb": 2,
        "hr": 2
      },
      {
        "name": "오선진",
        "year": 22,
        "team": "삼성",
        "pa": 306,
        "ops": 0.668,
        "avg": 0.276,
        "obp": 0.328,
        "slg": 0.34,
        "rbi": 24,
        "sb": 2,
        "hr": 3
      },
      {
        "name": "강민호",
        "year": 22,
        "team": "삼성",
        "pa": 444,
        "ops": 0.739,
        "avg": 0.258,
        "obp": 0.33,
        "slg": 0.409,
        "rbi": 66,
        "sb": 0,
        "hr": 13
      },
      {
        "name": "김지찬",
        "year": 22,
        "team": "삼성",
        "pa": 429,
        "ops": 0.693,
        "avg": 0.28,
        "obp": 0.361,
        "slg": 0.332,
        "rbi": 25,
        "sb": 25,
        "hr": 0
      }
    ]
  },
  {
    "generation": 15,
    "expected_score": 5.705,
    "lineup": [
      "이원석",
      "구자욱",
      "강민호",
      "김현준",
      "김지찬",
      "오재일",
      "김상수",
      "오선진",
      "피렐라"
    ],
    "player_stats": [
      {
        "name": "이원석",
        "year": 22,
        "team": "삼성",
        "pa": 335,
        "ops": 0.763,
        "avg": 0.267,
        "obp": 0.346,
        "slg": 0.417,
        "rbi": 60,
        "sb": 0,
        "hr": 10
      },
      {
        "name": "구자욱",
        "year": 22,
        "team": "삼성",
        "pa": 442,
        "ops": 0.741,
        "avg": 0.293,
        "obp": 0.34,
        "slg": 0.401,
        "rbi": 38,
        "sb": 11,
        "hr": 5
      },
      {
        "name": "강민호",
        "year": 22,
        "team": "삼성",
        "pa": 444,
        "ops": 0.739,
        "avg": 0.258,
        "obp": 0.33,
        "slg": 0.409,
        "rbi": 66,
        "sb": 0,
        "hr": 13
      },
      {
        "name": "김현준",
        "year": 22,
        "team": "삼성",
        "pa": 422,
        "ops": 0.715,
        "avg": 0.275,
        "obp": 0.365,
        "slg": 0.35,
        "rbi": 22,
        "sb": 6,
        "hr": 0
      },
      {
        "name": "김지찬",
        "year": 22,
        "team": "삼성",
        "pa": 429,
        "ops": 0.693,
        "avg": 0.28,
        "obp": 0.361,
        "slg": 0.332,
        "rbi": 25,
        "sb": 25,
        "hr": 0
      },
      {
        "name": "오재일",
        "year": 22,
        "team": "삼성",
        "pa": 536,
        "ops": 0.836,
        "avg": 0.268,
        "obp": 0.345,
        "slg": 0.491,
        "rbi": 94,
        "sb": 2,
        "hr": 21
      },
      {
        "name": "김상수",
        "year": 22,
        "team": "삼성",
        "pa": 260,
        "ops": 0.628,
        "avg": 0.251,
        "obp": 0.305,
        "slg": 0.323,
        "rbi": 29,
        "sb": 2,
        "hr": 2
      },
      {
        "name": "오선진",
        "year": 22,
        "team": "삼성",
        "pa": 306,
        "ops": 0.668,
        "avg": 0.276,
        "obp": 0.328,
        "slg": 0.34,
        "rbi": 24,
        "sb": 2,
        "hr": 3
      },
      {
        "name": "피렐라",
        "year": 22,
        "team": "삼성",
        "pa": 630,
        "ops": 0.976,
        "avg": 0.342,
        "obp": 0.411,
        "slg": 0.565,
        "rbi": 109,
        "sb": 15,
        "hr": 28
      }
    ]
  },
  {
    "generation": 16,
    "expected_score": 5.885,
    "lineup": [
      "구자욱",
      "김현준",
      "강민호",
      "오재일",
      "이원석",
      "김상수",
      "김지찬",
      "오선진",
      "피렐라"
    ],
    "player_stats": [
      {
        "name": "구자욱",
        "year": 22,
        "team": "삼성",
        "pa": 442,
        "ops": 0.741,
        "avg": 0.293,
        "obp": 0.34,
        "slg": 0.401,
        "rbi": 38,
        "sb": 11,
        "hr": 5
      },
      {
        "name": "김현준",
        "year": 22,
        "team": "삼성",
        "pa": 422,
        "ops": 0.715,
        "avg": 0.275,
        "obp": 0.365,
        "slg": 0.35,
        "rbi": 22,
        "sb": 6,
        "hr": 0
      },
      {
        "name": "강민호",
        "year": 22,
        "team": "삼성",
        "pa": 444,
        "ops": 0.739,
        "avg": 0.258,
        "obp": 0.33,
        "slg": 0.409,
        "rbi": 66,
        "sb": 0,
        "hr": 13
      },
      {
        "name": "오재일",
        "year": 22,
        "team": "삼성",
        "pa": 536,
        "ops": 0.836,
        "avg": 0.268,
        "obp": 0.345,
        "slg": 0.491,
        "rbi": 94,
        "sb": 2,
        "hr": 21
      },
      {
        "name": "이원석",
        "year": 22,
        "team": "삼성",
        "pa": 335,
        "ops": 0.763,
        "avg": 0.267,
        "obp": 0.346,
        "slg": 0.417,
        "rbi": 60,
        "sb": 0,
        "hr": 10
      },
      {
        "name": "김상수",
        "year": 22,
        "team": "삼성",
        "pa": 260,
        "ops": 0.628,
        "avg": 0.251,
        "obp": 0.305,
        "slg": 0.323,
        "rbi": 29,
        "sb": 2,
        "hr": 2
      },
      {
        "name": "김지찬",
        "year": 22,
        "team": "삼성",
        "pa": 429,
        "ops": 0.693,
        "avg": 0.28,
        "obp": 0.361,
        "slg": 0.332,
        "rbi": 25,
        "sb": 25,
        "hr": 0
      },
      {
        "name": "오선진",
        "year": 22,
        "team": "삼성",
        "pa": 306,
        "ops": 0.668,
        "avg": 0.276,
        "obp": 0.328,
        "slg": 0.34,
        "rbi": 24,
        "sb": 2,
        "hr": 3
      },
      {
        "name": "피렐라",
        "year": 22,
        "team": "삼성",
        "pa": 630,
        "ops": 0.976,
        "avg": 0.342,
        "obp": 0.411,
        "slg": 0.565,
        "rbi": 109,
        "sb": 15,
        "hr": 28
      }
    ]
  },
  {
    "generation": 17,
    "expected_score": 5.66,
    "lineup": [
      "이원석",
      "구자욱",
      "김현준",
      "강민호",
      "오재일",
      "김상수",
      "김지찬",
      "오선진",
      "피렐라"
    ],
    "player_stats": [
      {
        "name": "이원석",
        "year": 22,
        "team": "삼성",
        "pa": 335,
        "ops": 0.763,
        "avg": 0.267,
        "obp": 0.346,
        "slg": 0.417,
        "rbi": 60,
        "sb": 0,
        "hr": 10
      },
      {
        "name": "구자욱",
        "year": 22,
        "team": "삼성",
        "pa": 442,
        "ops": 0.741,
        "avg": 0.293,
        "obp": 0.34,
        "slg": 0.401,
        "rbi": 38,
        "sb": 11,
        "hr": 5
      },
      {
        "name": "김현준",
        "year": 22,
        "team": "삼성",
        "pa": 422,
        "ops": 0.715,
        "avg": 0.275,
        "obp": 0.365,
        "slg": 0.35,
        "rbi": 22,
        "sb": 6,
        "hr": 0
      },
      {
        "name": "강민호",
        "year": 22,
        "team": "삼성",
        "pa": 444,
        "ops": 0.739,
        "avg": 0.258,
        "obp": 0.33,
        "slg": 0.409,
        "rbi": 66,
        "sb": 0,
        "hr": 13
      },
      {
        "name": "오재일",
        "year": 22,
        "team": "삼성",
        "pa": 536,
        "ops": 0.836,
        "avg": 0.268,
        "obp": 0.345,
        "slg": 0.491,
        "rbi": 94,
        "sb": 2,
        "hr": 21
      },
      {
        "name": "김상수",
        "year": 22,
        "team": "삼성",
        "pa": 260,
        "ops": 0.628,
        "avg": 0.251,
        "obp": 0.305,
        "slg": 0.323,
        "rbi": 29,
        "sb": 2,
        "hr": 2
      },
      {
        "name": "김지찬",
        "year": 22,
        "team": "삼성",
        "pa": 429,
        "ops": 0.693,
        "avg": 0.28,
        "obp": 0.361,
        "slg": 0.332,
        "rbi": 25,
        "sb": 25,
        "hr": 0
      },
      {
        "name": "오선진",
        "year": 22,
        "team": "삼성",
        "pa": 306,
        "ops": 0.668,
        "avg": 0.276,
        "obp": 0.328,
        "slg": 0.34,
        "rbi": 24,
        "sb": 2,
        "hr": 3
      },
      {
        "name": "피렐라",
        "year": 22,
        "team": "삼성",
        "pa": 630,
        "ops": 0.976,
        "avg": 0.342,
        "obp": 0.411,
        "slg": 0.565,
        "rbi": 109,
        "sb": 15,
        "hr": 28
      }
    ]
  },
  {
    "generation": 18,
    "expected_score": 6.02,
    "lineup": [
      "이원석",
      "강민호",
      "김현준",
      "피렐라",
      "김상수",
      "김지찬",
      "구자욱",
      "오선진",
      "오재일"
    ],
    "player_stats": [
      {
        "name": "이원석",
        "year": 22,
        "team": "삼성",
        "pa": 335,
        "ops": 0.763,
        "avg": 0.267,
        "obp": 0.346,
        "slg": 0.417,
        "rbi": 60,
        "sb": 0,
        "hr": 10
      },
      {
        "name": "강민호",
        "year": 22,
        "team": "삼성",
        "pa": 444,
        "ops": 0.739,
        "avg": 0.258,
        "obp": 0.33,
        "slg": 0.409,
        "rbi": 66,
        "sb": 0,
        "hr": 13
      },
      {
        "name": "김현준",
        "year": 22,
        "team": "삼성",
        "pa": 422,
        "ops": 0.715,
        "avg": 0.275,
        "obp": 0.365,
        "slg": 0.35,
        "rbi": 22,
        "sb": 6,
        "hr": 0
      },
      {
        "name": "피렐라",
        "year": 22,
        "team": "삼성",
        "pa": 630,
        "ops": 0.976,
        "avg": 0.342,
        "obp": 0.411,
        "slg": 0.565,
        "rbi": 109,
        "sb": 15,
        "hr": 28
      },
      {
        "name": "김상수",
        "year": 22,
        "team": "삼성",
        "pa": 260,
        "ops": 0.628,
        "avg": 0.251,
        "obp": 0.305,
        "slg": 0.323,
        "rbi": 29,
        "sb": 2,
        "hr": 2
      },
      {
        "name": "김지찬",
        "year": 22,
        "team": "삼성",
        "pa": 429,
        "ops": 0.693,
        "avg": 0.28,
        "obp": 0.361,
        "slg": 0.332,
        "rbi": 25,
        "sb": 25,
        "hr": 0
      },
      {
        "name": "구자욱",
        "year": 22,
        "team": "삼성",
        "pa": 442,
        "ops": 0.741,
        "avg": 0.293,
        "obp": 0.34,
        "slg": 0.401,
        "rbi": 38,
        "sb": 11,
        "hr": 5
      },
      {
        "name": "오선진",
        "year": 22,
        "team": "삼성",
        "pa": 306,
        "ops": 0.668,
        "avg": 0.276,
        "obp": 0.328,
        "slg": 0.34,
        "rbi": 24,
        "sb": 2,
        "hr": 3
      },
      {
        "name": "오재일",
        "year": 22,
        "team": "삼성",
        "pa": 536,
        "ops": 0.836,
        "avg": 0.268,
        "obp": 0.345,
        "slg": 0.491,
        "rbi": 94,
        "sb": 2,
        "hr": 21
      }
    ]
  },
  {
    "generation": 19,
    "expected_score": 5.605,
    "lineup": [
      "이원석",
      "강민호",
      "김현준",
      "피렐라",
      "오재일",
      "김상수",
      "김지찬",
      "구자욱",
      "오선진"
    ],
    "player_stats": [
      {
        "name": "이원석",
        "year": 22,
        "team": "삼성",
        "pa": 335,
        "ops": 0.763,
        "avg": 0.267,
        "obp": 0.346,
        "slg": 0.417,
        "rbi": 60,
        "sb": 0,
        "hr": 10
      },
      {
        "name": "강민호",
        "year": 22,
        "team": "삼성",
        "pa": 444,
        "ops": 0.739,
        "avg": 0.258,
        "obp": 0.33,
        "slg": 0.409,
        "rbi": 66,
        "sb": 0,
        "hr": 13
      },
      {
        "name": "김현준",
        "year": 22,
        "team": "삼성",
        "pa": 422,
        "ops": 0.715,
        "avg": 0.275,
        "obp": 0.365,
        "slg": 0.35,
        "rbi": 22,
        "sb": 6,
        "hr": 0
      },
      {
        "name": "피렐라",
        "year": 22,
        "team": "삼성",
        "pa": 630,
        "ops": 0.976,
        "avg": 0.342,
        "obp": 0.411,
        "slg": 0.565,
        "rbi": 109,
        "sb": 15,
        "hr": 28
      },
      {
        "name": "오재일",
        "year": 22,
        "team": "삼성",
        "pa": 536,
        "ops": 0.836,
        "avg": 0.268,
        "obp": 0.345,
        "slg": 0.491,
        "rbi": 94,
        "sb": 2,
        "hr": 21
      },
      {
        "name": "김상수",
        "year": 22,
        "team": "삼성",
        "pa": 260,
        "ops": 0.628,
        "avg": 0.251,
        "obp": 0.305,
        "slg": 0.323,
        "rbi": 29,
        "sb": 2,
        "hr": 2
      },
      {
        "name": "김지찬",
        "year": 22,
        "team": "삼성",
        "pa": 429,
        "ops": 0.693,
        "avg": 0.28,
        "obp": 0.361,
        "slg": 0.332,
        "rbi": 25,
        "sb": 25,
        "hr": 0
      },
      {
        "name": "구자욱",
        "year": 22,
        "team": "삼성",
        "pa": 442,
        "ops": 0.741,
        "avg": 0.293,
        "obp": 0.34,
        "slg": 0.401,
        "rbi": 38,
        "sb": 11,
        "hr": 5
      },
      {
        "name": "오선진",
        "year": 22,
        "team": "삼성",
        "pa": 306,
        "ops": 0.668,
        "avg": 0.276,
        "obp": 0.328,
        "slg": 0.34,
        "rbi": 24,
        "sb": 2,
        "hr": 3
      }
    ]
  },
  {
    "generation": 20,
    "expected_score": 5.96,
    "lineup": [
      "이원석",
      "구자욱",
      "강민호",
      "피렐라",
      "김상수",
      "김현준",
      "김지찬",
      "오선진",
      "오재일"
    ],
    "player_stats": [
      {
        "name": "이원석",
        "year": 22,
        "team": "삼성",
        "pa": 335,
        "ops": 0.763,
        "avg": 0.267,
        "obp": 0.346,
        "slg": 0.417,
        "rbi": 60,
        "sb": 0,
        "hr": 10
      },
      {
        "name": "구자욱",
        "year": 22,
        "team": "삼성",
        "pa": 442,
        "ops": 0.741,
        "avg": 0.293,
        "obp": 0.34,
        "slg": 0.401,
        "rbi": 38,
        "sb": 11,
        "hr": 5
      },
      {
        "name": "강민호",
        "year": 22,
        "team": "삼성",
        "pa": 444,
        "ops": 0.739,
        "avg": 0.258,
        "obp": 0.33,
        "slg": 0.409,
        "rbi": 66,
        "sb": 0,
        "hr": 13
      },
      {
        "name": "피렐라",
        "year": 22,
        "team": "삼성",
        "pa": 630,
        "ops": 0.976,
        "avg": 0.342,
        "obp": 0.411,
        "slg": 0.565,
        "rbi": 109,
        "sb": 15,
        "hr": 28
      },
      {
        "name": "김상수",
        "year": 22,
        "team": "삼성",
        "pa": 260,
        "ops": 0.628,
        "avg": 0.251,
        "obp": 0.305,
        "slg": 0.323,
        "rbi": 29,
        "sb": 2,
        "hr": 2
      },
      {
        "name": "김현준",
        "year": 22,
        "team": "삼성",
        "pa": 422,
        "ops": 0.715,
        "avg": 0.275,
        "obp": 0.365,
        "slg": 0.35,
        "rbi": 22,
        "sb": 6,
        "hr": 0
      },
      {
        "name": "김지찬",
        "year": 22,
        "team": "삼성",
        "pa": 429,
        "ops": 0.693,
        "avg": 0.28,
        "obp": 0.361,
        "slg": 0.332,
        "rbi": 25,
        "sb": 25,
        "hr": 0
      },
      {
        "name": "오선진",
        "year": 22,
        "team": "삼성",
        "pa": 306,
        "ops": 0.668,
        "avg": 0.276,
        "obp": 0.328,
        "slg": 0.34,
        "rbi": 24,
        "sb": 2,
        "hr": 3
      },
      {
        "name": "오재일",
        "year": 22,
        "team": "삼성",
        "pa": 536,
        "ops": 0.836,
        "avg": 0.268,
        "obp": 0.345,
        "slg": 0.491,
        "rbi": 94,
        "sb": 2,
        "hr": 21
      }
    ]
  },
  {
    "generation": 21,
    "expected_score": 5.785,
    "lineup": [
      "구자욱",
      "오선진",
      "김현준",
      "이원석",
      "김상수",
      "김지찬",
      "피렐라",
      "오재일",
      "강민호"
    ],
    "player_stats": [
      {
        "name": "구자욱",
        "year": 22,
        "team": "삼성",
        "pa": 442,
        "ops": 0.741,
        "avg": 0.293,
        "obp": 0.34,
        "slg": 0.401,
        "rbi": 38,
        "sb": 11,
        "hr": 5
      },
      {
        "name": "오선진",
        "year": 22,
        "team": "삼성",
        "pa": 306,
        "ops": 0.668,
        "avg": 0.276,
        "obp": 0.328,
        "slg": 0.34,
        "rbi": 24,
        "sb": 2,
        "hr": 3
      },
      {
        "name": "김현준",
        "year": 22,
        "team": "삼성",
        "pa": 422,
        "ops": 0.715,
        "avg": 0.275,
        "obp": 0.365,
        "slg": 0.35,
        "rbi": 22,
        "sb": 6,
        "hr": 0
      },
      {
        "name": "이원석",
        "year": 22,
        "team": "삼성",
        "pa": 335,
        "ops": 0.763,
        "avg": 0.267,
        "obp": 0.346,
        "slg": 0.417,
        "rbi": 60,
        "sb": 0,
        "hr": 10
      },
      {
        "name": "김상수",
        "year": 22,
        "team": "삼성",
        "pa": 260,
        "ops": 0.628,
        "avg": 0.251,
        "obp": 0.305,
        "slg": 0.323,
        "rbi": 29,
        "sb": 2,
        "hr": 2
      },
      {
        "name": "김지찬",
        "year": 22,
        "team": "삼성",
        "pa": 429,
        "ops": 0.693,
        "avg": 0.28,
        "obp": 0.361,
        "slg": 0.332,
        "rbi": 25,
        "sb": 25,
        "hr": 0
      },
      {
        "name": "피렐라",
        "year": 22,
        "team": "삼성",
        "pa": 630,
        "ops": 0.976,
        "avg": 0.342,
        "obp": 0.411,
        "slg": 0.565,
        "rbi": 109,
        "sb": 15,
        "hr": 28
      },
      {
        "name": "오재일",
        "year": 22,
        "team": "삼성",
        "pa": 536,
        "ops": 0.836,
        "avg": 0.268,
        "obp": 0.345,
        "slg": 0.491,
        "rbi": 94,
        "sb": 2,
        "hr": 21
      },
      {
        "name": "강민호",
        "year": 22,
        "team": "삼성",
        "pa": 444,
        "ops": 0.739,
        "avg": 0.258,
        "obp": 0.33,
        "slg": 0.409,
        "rbi": 66,
        "sb": 0,
        "hr": 13
      }
    ]
  },
  {
    "generation": 22,
    "expected_score": 5.835,
    "lineup": [
      "김현준",
      "이원석",
      "구자욱",
      "피렐라",
      "오선진",
      "김상수",
      "김지찬",
      "오재일",
      "강민호"
    ],
    "player_stats": [
      {
        "name": "김현준",
        "year": 22,
        "team": "삼성",
        "pa": 422,
        "ops": 0.715,
        "avg": 0.275,
        "obp": 0.365,
        "slg": 0.35,
        "rbi": 22,
        "sb": 6,
        "hr": 0
      },
      {
        "name": "이원석",
        "year": 22,
        "team": "삼성",
        "pa": 335,
        "ops": 0.763,
        "avg": 0.267,
        "obp": 0.346,
        "slg": 0.417,
        "rbi": 60,
        "sb": 0,
        "hr": 10
      },
      {
        "name": "구자욱",
        "year": 22,
        "team": "삼성",
        "pa": 442,
        "ops": 0.741,
        "avg": 0.293,
        "obp": 0.34,
        "slg": 0.401,
        "rbi": 38,
        "sb": 11,
        "hr": 5
      },
      {
        "name": "피렐라",
        "year": 22,
        "team": "삼성",
        "pa": 630,
        "ops": 0.976,
        "avg": 0.342,
        "obp": 0.411,
        "slg": 0.565,
        "rbi": 109,
        "sb": 15,
        "hr": 28
      },
      {
        "name": "오선진",
        "year": 22,
        "team": "삼성",
        "pa": 306,
        "ops": 0.668,
        "avg": 0.276,
        "obp": 0.328,
        "slg": 0.34,
        "rbi": 24,
        "sb": 2,
        "hr": 3
      },
      {
        "name": "김상수",
        "year": 22,
        "team": "삼성",
        "pa": 260,
        "ops": 0.628,
        "avg": 0.251,
        "obp": 0.305,
        "slg": 0.323,
        "rbi": 29,
        "sb": 2,
        "hr": 2
      },
      {
        "name": "김지찬",
        "year": 22,
        "team": "삼성",
        "pa": 429,
        "ops": 0.693,
        "avg": 0.28,
        "obp": 0.361,
        "slg": 0.332,
        "rbi": 25,
        "sb": 25,
        "hr": 0
      },
      {
        "name": "오재일",
        "year": 22,
        "team": "삼성",
        "pa": 536,
        "ops": 0.836,
        "avg": 0.268,
        "obp": 0.345,
        "slg": 0.491,
        "rbi": 94,
        "sb": 2,
        "hr": 21
      },
      {
        "name": "강민호",
        "year": 22,
        "team": "삼성",
        "pa": 444,
        "ops": 0.739,
        "avg": 0.258,
        "obp": 0.33,
        "slg": 0.409,
        "rbi": 66,
        "sb": 0,
        "hr": 13
      }
    ]
  },
  {
    "generation": 23,
    "expected_score": 5.615,
    "lineup": [
      "이원석",
      "김현준",
      "구자욱",
      "피렐라",
      "오선진",
      "오재일",
      "김상수",
      "김지찬",
      "강민호"
    ],
    "player_stats": [
      {
        "name": "이원석",
        "year": 22,
        "team": "삼성",
        "pa": 335,
        "ops": 0.763,
        "avg": 0.267,
        "obp": 0.346,
        "slg": 0.417,
        "rbi": 60,
        "sb": 0,
        "hr": 10
      },
      {
        "name": "김현준",
        "year": 22,
        "team": "삼성",
        "pa": 422,
        "ops": 0.715,
        "avg": 0.275,
        "obp": 0.365,
        "slg": 0.35,
        "rbi": 22,
        "sb": 6,
        "hr": 0
      },
      {
        "name": "구자욱",
        "year": 22,
        "team": "삼성",
        "pa": 442,
        "ops": 0.741,
        "avg": 0.293,
        "obp": 0.34,
        "slg": 0.401,
        "rbi": 38,
        "sb": 11,
        "hr": 5
      },
      {
        "name": "피렐라",
        "year": 22,
        "team": "삼성",
        "pa": 630,
        "ops": 0.976,
        "avg": 0.342,
        "obp": 0.411,
        "slg": 0.565,
        "rbi": 109,
        "sb": 15,
        "hr": 28
      },
      {
        "name": "오선진",
        "year": 22,
        "team": "삼성",
        "pa": 306,
        "ops": 0.668,
        "avg": 0.276,
        "obp": 0.328,
        "slg": 0.34,
        "rbi": 24,
        "sb": 2,
        "hr": 3
      },
      {
        "name": "오재일",
        "year": 22,
        "team": "삼성",
        "pa": 536,
        "ops": 0.836,
        "avg": 0.268,
        "obp": 0.345,
        "slg": 0.491,
        "rbi": 94,
        "sb": 2,
        "hr": 21
      },
      {
        "name": "김상수",
        "year": 22,
        "team": "삼성",
        "pa": 260,
        "ops": 0.628,
        "avg": 0.251,
        "obp": 0.305,
        "slg": 0.323,
        "rbi": 29,
        "sb": 2,
        "hr": 2
      },
      {
        "name": "김지찬",
        "year": 22,
        "team": "삼성",
        "pa": 429,
        "ops": 0.693,
        "avg": 0.28,
        "obp": 0.361,
        "slg": 0.332,
        "rbi": 25,
        "sb": 25,
        "hr": 0
      },
      {
        "name": "강민호",
        "year": 22,
        "team": "삼성",
        "pa": 444,
        "ops": 0.739,
        "avg": 0.258,
        "obp": 0.33,
        "slg": 0.409,
        "rbi": 66,
        "sb": 0,
        "hr": 13
      }
    ]
  },
  {
    "generation": 24,
    "expected_score": 5.6,
    "lineup": [
      "김현준",
      "강민호",
      "구자욱",
      "피렐라",
      "오선진",
      "김상수",
      "김지찬",
      "오재일",
      "이원석"
    ],
    "player_stats": [
      {
        "name": "김현준",
        "year": 22,
        "team": "삼성",
        "pa": 422,
        "ops": 0.715,
        "avg": 0.275,
        "obp": 0.365,
        "slg": 0.35,
        "rbi": 22,
        "sb": 6,
        "hr": 0
      },
      {
        "name": "강민호",
        "year": 22,
        "team": "삼성",
        "pa": 444,
        "ops": 0.739,
        "avg": 0.258,
        "obp": 0.33,
        "slg": 0.409,
        "rbi": 66,
        "sb": 0,
        "hr": 13
      },
      {
        "name": "구자욱",
        "year": 22,
        "team": "삼성",
        "pa": 442,
        "ops": 0.741,
        "avg": 0.293,
        "obp": 0.34,
        "slg": 0.401,
        "rbi": 38,
        "sb": 11,
        "hr": 5
      },
      {
        "name": "피렐라",
        "year": 22,
        "team": "삼성",
        "pa": 630,
        "ops": 0.976,
        "avg": 0.342,
        "obp": 0.411,
        "slg": 0.565,
        "rbi": 109,
        "sb": 15,
        "hr": 28
      },
      {
        "name": "오선진",
        "year": 22,
        "team": "삼성",
        "pa": 306,
        "ops": 0.668,
        "avg": 0.276,
        "obp": 0.328,
        "slg": 0.34,
        "rbi": 24,
        "sb": 2,
        "hr": 3
      },
      {
        "name": "김상수",
        "year": 22,
        "team": "삼성",
        "pa": 260,
        "ops": 0.628,
        "avg": 0.251,
        "obp": 0.305,
        "slg": 0.323,
        "rbi": 29,
        "sb": 2,
        "hr": 2
      },
      {
        "name": "김지찬",
        "year": 22,
        "team": "삼성",
        "pa": 429,
        "ops": 0.693,
        "avg": 0.28,
        "obp": 0.361,
        "slg": 0.332,
        "rbi": 25,
        "sb": 25,
        "hr": 0
      },
      {
        "name": "오재일",
        "year": 22,
        "team": "삼성",
        "pa": 536,
        "ops": 0.836,
        "avg": 0.268,
        "obp": 0.345,
        "slg": 0.491,
        "rbi": 94,
        "sb": 2,
        "hr": 21
      },
      {
        "name": "이원석",
        "year": 22,
        "team": "삼성",
        "pa": 335,
        "ops": 0.763,
        "avg": 0.267,
        "obp": 0.346,
        "slg": 0.417,
        "rbi": 60,
        "sb": 0,
        "hr": 10
      }
    ]
  },
  {
    "generation": 25,
    "expected_score": 6.145,
    "lineup": [
      "김현준",
      "강민호",
      "피렐라",
      "이원석",
      "오재일",
      "김지찬",
      "구자욱",
      "김상수",
      "오선진"
    ],
    "player_stats": [
      {
        "name": "김현준",
        "year": 22,
        "team": "삼성",
        "pa": 422,
        "ops": 0.715,
        "avg": 0.275,
        "obp": 0.365,
        "slg": 0.35,
        "rbi": 22,
        "sb": 6,
        "hr": 0
      },
      {
        "name": "강민호",
        "year": 22,
        "team": "삼성",
        "pa": 444,
        "ops": 0.739,
        "avg": 0.258,
        "obp": 0.33,
        "slg": 0.409,
        "rbi": 66,
        "sb": 0,
        "hr": 13
      },
      {
        "name": "피렐라",
        "year": 22,
        "team": "삼성",
        "pa": 630,
        "ops": 0.976,
        "avg": 0.342,
        "obp": 0.411,
        "slg": 0.565,
        "rbi": 109,
        "sb": 15,
        "hr": 28
      },
      {
        "name": "이원석",
        "year": 22,
        "team": "삼성",
        "pa": 335,
        "ops": 0.763,
        "avg": 0.267,
        "obp": 0.346,
        "slg": 0.417,
        "rbi": 60,
        "sb": 0,
        "hr": 10
      },
      {
        "name": "오재일",
        "year": 22,
        "team": "삼성",
        "pa": 536,
        "ops": 0.836,
        "avg": 0.268,
        "obp": 0.345,
        "slg": 0.491,
        "rbi": 94,
        "sb": 2,
        "hr": 21
      },
      {
        "name": "김지찬",
        "year": 22,
        "team": "삼성",
        "pa": 429,
        "ops": 0.693,
        "avg": 0.28,
        "obp": 0.361,
        "slg": 0.332,
        "rbi": 25,
        "sb": 25,
        "hr": 0
      },
      {
        "name": "구자욱",
        "year": 22,
        "team": "삼성",
        "pa": 442,
        "ops": 0.741,
        "avg": 0.293,
        "obp": 0.34,
        "slg": 0.401,
        "rbi": 38,
        "sb": 11,
        "hr": 5
      },
      {
        "name": "김상수",
        "year": 22,
        "team": "삼성",
        "pa": 260,
        "ops": 0.628,
        "avg": 0.251,
        "obp": 0.305,
        "slg": 0.323,
        "rbi": 29,
        "sb": 2,
        "hr": 2
      },
      {
        "name": "오선진",
        "year": 22,
        "team": "삼성",
        "pa": 306,
        "ops": 0.668,
        "avg": 0.276,
        "obp": 0.328,
        "slg": 0.34,
        "rbi": 24,
        "sb": 2,
        "hr": 3
      }
    ]
  },
  {
    "generation": 26,
    "expected_score": 5.69,
    "lineup": [
      "오선진",
      "이원석",
      "피렐라",
      "김상수",
      "오재일",
      "김지찬",
      "구자욱",
      "강민호",
      "김현준"
    ],
    "player_stats": [
      {
        "name": "오선진",
        "year": 22,
        "team": "삼성",
        "pa": 306,
        "ops": 0.668,
        "avg": 0.276,
        "obp": 0.328,
        "slg": 0.34,
        "rbi": 24,
        "sb": 2,
        "hr": 3
      },
      {
        "name": "이원석",
        "year": 22,
        "team": "삼성",
        "pa": 335,
        "ops": 0.763,
        "avg": 0.267,
        "obp": 0.346,
        "slg": 0.417,
        "rbi": 60,
        "sb": 0,
        "hr": 10
      },
      {
        "name": "피렐라",
        "year": 22,
        "team": "삼성",
        "pa": 630,
        "ops": 0.976,
        "avg": 0.342,
        "obp": 0.411,
        "slg": 0.565,
        "rbi": 109,
        "sb": 15,
        "hr": 28
      },
      {
        "name": "김상수",
        "year": 22,
        "team": "삼성",
        "pa": 260,
        "ops": 0.628,
        "avg": 0.251,
        "obp": 0.305,
        "slg": 0.323,
        "rbi": 29,
        "sb": 2,
        "hr": 2
      },
      {
        "name": "오재일",
        "year": 22,
        "team": "삼성",
        "pa": 536,
        "ops": 0.836,
        "avg": 0.268,
        "obp": 0.345,
        "slg": 0.491,
        "rbi": 94,
        "sb": 2,
        "hr": 21
      },
      {
        "name": "김지찬",
        "year": 22,
        "team": "삼성",
        "pa": 429,
        "ops": 0.693,
        "avg": 0.28,
        "obp": 0.361,
        "slg": 0.332,
        "rbi": 25,
        "sb": 25,
        "hr": 0
      },
      {
        "name": "구자욱",
        "year": 22,
        "team": "삼성",
        "pa": 442,
        "ops": 0.741,
        "avg": 0.293,
        "obp": 0.34,
        "slg": 0.401,
        "rbi": 38,
        "sb": 11,
        "hr": 5
      },
      {
        "name": "강민호",
        "year": 22,
        "team": "삼성",
        "pa": 444,
        "ops": 0.739,
        "avg": 0.258,
        "obp": 0.33,
        "slg": 0.409,
        "rbi": 66,
        "sb": 0,
        "hr": 13
      },
      {
        "name": "김현준",
        "year": 22,
        "team": "삼성",
        "pa": 422,
        "ops": 0.715,
        "avg": 0.275,
        "obp": 0.365,
        "slg": 0.35,
        "rbi": 22,
        "sb": 6,
        "hr": 0
      }
    ]
  },
  {
    "generation": 27,
    "expected_score": 5.665,
    "lineup": [
      "김현준",
      "구자욱",
      "강민호",
      "피렐라",
      "이원석",
      "오선진",
      "김상수",
      "김지찬",
      "오재일"
    ],
    "player_stats": [
      {
        "name": "김현준",
        "year": 22,
        "team": "삼성",
        "pa": 422,
        "ops": 0.715,
        "avg": 0.275,
        "obp": 0.365,
        "slg": 0.35,
        "rbi": 22,
        "sb": 6,
        "hr": 0
      },
      {
        "name": "구자욱",
        "year": 22,
        "team": "삼성",
        "pa": 442,
        "ops": 0.741,
        "avg": 0.293,
        "obp": 0.34,
        "slg": 0.401,
        "rbi": 38,
        "sb": 11,
        "hr": 5
      },
      {
        "name": "강민호",
        "year": 22,
        "team": "삼성",
        "pa": 444,
        "ops": 0.739,
        "avg": 0.258,
        "obp": 0.33,
        "slg": 0.409,
        "rbi": 66,
        "sb": 0,
        "hr": 13
      },
      {
        "name": "피렐라",
        "year": 22,
        "team": "삼성",
        "pa": 630,
        "ops": 0.976,
        "avg": 0.342,
        "obp": 0.411,
        "slg": 0.565,
        "rbi": 109,
        "sb": 15,
        "hr": 28
      },
      {
        "name": "이원석",
        "year": 22,
        "team": "삼성",
        "pa": 335,
        "ops": 0.763,
        "avg": 0.267,
        "obp": 0.346,
        "slg": 0.417,
        "rbi": 60,
        "sb": 0,
        "hr": 10
      },
      {
        "name": "오선진",
        "year": 22,
        "team": "삼성",
        "pa": 306,
        "ops": 0.668,
        "avg": 0.276,
        "obp": 0.328,
        "slg": 0.34,
        "rbi": 24,
        "sb": 2,
        "hr": 3
      },
      {
        "name": "김상수",
        "year": 22,
        "team": "삼성",
        "pa": 260,
        "ops": 0.628,
        "avg": 0.251,
        "obp": 0.305,
        "slg": 0.323,
        "rbi": 29,
        "sb": 2,
        "hr": 2
      },
      {
        "name": "김지찬",
        "year": 22,
        "team": "삼성",
        "pa": 429,
        "ops": 0.693,
        "avg": 0.28,
        "obp": 0.361,
        "slg": 0.332,
        "rbi": 25,
        "sb": 25,
        "hr": 0
      },
      {
        "name": "오재일",
        "year": 22,
        "team": "삼성",
        "pa": 536,
        "ops": 0.836,
        "avg": 0.268,
        "obp": 0.345,
        "slg": 0.491,
        "rbi": 94,
        "sb": 2,
        "hr": 21
      }
    ]
  },
  {
    "generation": 28,
    "expected_score": 5.85,
    "lineup": [
      "피렐라",
      "오재일",
      "김지찬",
      "이원석",
      "김상수",
      "구자욱",
      "오선진",
      "강민호",
      "김현준"
    ],
    "player_stats": [
      {
        "name": "피렐라",
        "year": 22,
        "team": "삼성",
        "pa": 630,
        "ops": 0.976,
        "avg": 0.342,
        "obp": 0.411,
        "slg": 0.565,
        "rbi": 109,
        "sb": 15,
        "hr": 28
      },
      {
        "name": "오재일",
        "year": 22,
        "team": "삼성",
        "pa": 536,
        "ops": 0.836,
        "avg": 0.268,
        "obp": 0.345,
        "slg": 0.491,
        "rbi": 94,
        "sb": 2,
        "hr": 21
      },
      {
        "name": "김지찬",
        "year": 22,
        "team": "삼성",
        "pa": 429,
        "ops": 0.693,
        "avg": 0.28,
        "obp": 0.361,
        "slg": 0.332,
        "rbi": 25,
        "sb": 25,
        "hr": 0
      },
      {
        "name": "이원석",
        "year": 22,
        "team": "삼성",
        "pa": 335,
        "ops": 0.763,
        "avg": 0.267,
        "obp": 0.346,
        "slg": 0.417,
        "rbi": 60,
        "sb": 0,
        "hr": 10
      },
      {
        "name": "김상수",
        "year": 22,
        "team": "삼성",
        "pa": 260,
        "ops": 0.628,
        "avg": 0.251,
        "obp": 0.305,
        "slg": 0.323,
        "rbi": 29,
        "sb": 2,
        "hr": 2
      },
      {
        "name": "구자욱",
        "year": 22,
        "team": "삼성",
        "pa": 442,
        "ops": 0.741,
        "avg": 0.293,
        "obp": 0.34,
        "slg": 0.401,
        "rbi": 38,
        "sb": 11,
        "hr": 5
      },
      {
        "name": "오선진",
        "year": 22,
        "team": "삼성",
        "pa": 306,
        "ops": 0.668,
        "avg": 0.276,
        "obp": 0.328,
        "slg": 0.34,
        "rbi": 24,
        "sb": 2,
        "hr": 3
      },
      {
        "name": "강민호",
        "year": 22,
        "team": "삼성",
        "pa": 444,
        "ops": 0.739,
        "avg": 0.258,
        "obp": 0.33,
        "slg": 0.409,
        "rbi": 66,
        "sb": 0,
        "hr": 13
      },
      {
        "name": "김현준",
        "year": 22,
        "team": "삼성",
        "pa": 422,
        "ops": 0.715,
        "avg": 0.275,
        "obp": 0.365,
        "slg": 0.35,
        "rbi": 22,
        "sb": 6,
        "hr": 0
      }
    ]
  },
  {
    "generation": 29,
    "expected_score": 6.08,
    "lineup": [
      "피렐라",
      "오재일",
      "김지찬",
      "이원석",
      "김상수",
      "구자욱",
      "오선진",
      "강민호",
      "김현준"
    ],
    "player_stats": [
      {
        "name": "피렐라",
        "year": 22,
        "team": "삼성",
        "pa": 630,
        "ops": 0.976,
        "avg": 0.342,
        "obp": 0.411,
        "slg": 0.565,
        "rbi": 109,
        "sb": 15,
        "hr": 28
      },
      {
        "name": "오재일",
        "year": 22,
        "team": "삼성",
        "pa": 536,
        "ops": 0.836,
        "avg": 0.268,
        "obp": 0.345,
        "slg": 0.491,
        "rbi": 94,
        "sb": 2,
        "hr": 21
      },
      {
        "name": "김지찬",
        "year": 22,
        "team": "삼성",
        "pa": 429,
        "ops": 0.693,
        "avg": 0.28,
        "obp": 0.361,
        "slg": 0.332,
        "rbi": 25,
        "sb": 25,
        "hr": 0
      },
      {
        "name": "이원석",
        "year": 22,
        "team": "삼성",
        "pa": 335,
        "ops": 0.763,
        "avg": 0.267,
        "obp": 0.346,
        "slg": 0.417,
        "rbi": 60,
        "sb": 0,
        "hr": 10
      },
      {
        "name": "김상수",
        "year": 22,
        "team": "삼성",
        "pa": 260,
        "ops": 0.628,
        "avg": 0.251,
        "obp": 0.305,
        "slg": 0.323,
        "rbi": 29,
        "sb": 2,
        "hr": 2
      },
      {
        "name": "구자욱",
        "year": 22,
        "team": "삼성",
        "pa": 442,
        "ops": 0.741,
        "avg": 0.293,
        "obp": 0.34,
        "slg": 0.401,
        "rbi": 38,
        "sb": 11,
        "hr": 5
      },
      {
        "name": "오선진",
        "year": 22,
        "team": "삼성",
        "pa": 306,
        "ops": 0.668,
        "avg": 0.276,
        "obp": 0.328,
        "slg": 0.34,
        "rbi": 24,
        "sb": 2,
        "hr": 3
      },
      {
        "name": "강민호",
        "year": 22,
        "team": "삼성",
        "pa": 444,
        "ops": 0.739,
        "avg": 0.258,
        "obp": 0.33,
        "slg": 0.409,
        "rbi": 66,
        "sb": 0,
        "hr": 13
      },
      {
        "name": "김현준",
        "year": 22,
        "team": "삼성",
        "pa": 422,
        "ops": 0.715,
        "avg": 0.275,
        "obp": 0.365,
        "slg": 0.35,
        "rbi": 22,
        "sb": 6,
        "hr": 0
      }
    ]
  },
  {
    "generation": 30,
    "expected_score": 5.505,
    "lineup": [
      "오선진",
      "이원석",
      "피렐라",
      "오재일",
      "김지찬",
      "강민호",
      "김현준",
      "김상수",
      "구자욱"
    ],
    "player_stats": [
      {
        "name": "오선진",
        "year": 22,
        "team": "삼성",
        "pa": 306,
        "ops": 0.668,
        "avg": 0.276,
        "obp": 0.328,
        "slg": 0.34,
        "rbi": 24,
        "sb": 2,
        "hr": 3
      },
      {
        "name": "이원석",
        "year": 22,
        "team": "삼성",
        "pa": 335,
        "ops": 0.763,
        "avg": 0.267,
        "obp": 0.346,
        "slg": 0.417,
        "rbi": 60,
        "sb": 0,
        "hr": 10
      },
      {
        "name": "피렐라",
        "year": 22,
        "team": "삼성",
        "pa": 630,
        "ops": 0.976,
        "avg": 0.342,
        "obp": 0.411,
        "slg": 0.565,
        "rbi": 109,
        "sb": 15,
        "hr": 28
      },
      {
        "name": "오재일",
        "year": 22,
        "team": "삼성",
        "pa": 536,
        "ops": 0.836,
        "avg": 0.268,
        "obp": 0.345,
        "slg": 0.491,
        "rbi": 94,
        "sb": 2,
        "hr": 21
      },
      {
        "name": "김지찬",
        "year": 22,
        "team": "삼성",
        "pa": 429,
        "ops": 0.693,
        "avg": 0.28,
        "obp": 0.361,
        "slg": 0.332,
        "rbi": 25,
        "sb": 25,
        "hr": 0
      },
      {
        "name": "강민호",
        "year": 22,
        "team": "삼성",
        "pa": 444,
        "ops": 0.739,
        "avg": 0.258,
        "obp": 0.33,
        "slg": 0.409,
        "rbi": 66,
        "sb": 0,
        "hr": 13
      },
      {
        "name": "김현준",
        "year": 22,
        "team": "삼성",
        "pa": 422,
        "ops": 0.715,
        "avg": 0.275,
        "obp": 0.365,
        "slg": 0.35,
        "rbi": 22,
        "sb": 6,
        "hr": 0
      },
      {
        "name": "김상수",
        "year": 22,
        "team": "삼성",
        "pa": 260,
        "ops": 0.628,
        "avg": 0.251,
        "obp": 0.305,
        "slg": 0.323,
        "rbi": 29,
        "sb": 2,
        "hr": 2
      },
      {
        "name": "구자욱",
        "year": 22,
        "team": "삼성",
        "pa": 442,
        "ops": 0.741,
        "avg": 0.293,
        "obp": 0.34,
        "slg": 0.401,
        "rbi": 38,
        "sb": 11,
        "hr": 5
      }
    ]
  }
]