[
  {
    "generation": 1,
    "expected_score": 4.875,
    "lineup": [
      "김태연",
      "김인환",
      "노시환",
      "노수광",
      "정은원",
      "최재훈",
      "이진영",
      "터크먼",
      "하주석"
    ],
    "player_stats": [
      {
        "name": "김태연",
        "year": 22,
        "team": "한화",
        "pa": 464,
        "ops": 0.662,
        "avg": 0.24,
        "obp": 0.325,
        "slg": 0.337,
        "rbi": 53,
        "sb": 3,
        "hr": 7
      },
      {
        "name": "김인환",
        "year": 22,
        "team": "한화",
        "pa": 429,
        "ops": 0.722,
        "avg": 0.261,
        "obp": 0.305,
        "slg": 0.417,
        "rbi": 54,
        "sb": 2,
        "hr": 16
      },
      {
        "name": "노시환",
        "year": 22,
        "team": "한화",
        "pa": 490,
        "ops": 0.737,
        "avg": 0.281,
        "obp": 0.355,
        "slg": 0.382,
        "rbi": 59,
        "sb": 6,
        "hr": 6
      },
      {
        "name": "노수광",
        "year": 22,
        "team": "한화",
        "pa": 361,
        "ops": 0.661,
        "avg": 0.229,
        "obp": 0.299,
        "slg": 0.362,
        "rbi": 30,
        "sb": 17,
        "hr": 4
      },
      {
        "name": "정은원",
        "year": 22,
        "team": "한화",
        "pa": 601,
        "ops": 0.745,
        "avg": 0.274,
        "obp": 0.377,
        "slg": 0.368,
        "rbi": 49,
        "sb": 10,
        "hr": 8
      },
      {
        "name": "최재훈",
        "year": 22,
        "team": "한화",
        "pa": 437,
        "ops": 0.641,
        "avg": 0.223,
        "obp": 0.339,
        "slg": 0.302,
        "rbi": 30,
        "sb": 1,
        "hr": 5
      },
      {
        "name": "이진영",
        "year": 22,
        "team": "한화",
        "pa": 240,
        "ops": 0.627,
        "avg": 0.2,
        "obp": 0.254,
        "slg": 0.373,
        "rbi": 31,
        "sb": 2,
        "hr": 8
      },
      {
        "name": "터크먼",
        "year": 22,
        "team": "한화",
        "pa": 648,
        "ops": 0.796,
        "avg": 0.289,
        "obp": 0.366,
        "slg": 0.43,
        "rbi": 43,
        "sb": 19,
        "hr": 12
      },
      {
        "name": "하주석",
        "year": 22,
        "team": "한화",
        "pa": 483,
        "ops": 0.651,
        "avg": 0.258,
        "obp": 0.309,
        "slg": 0.342,
        "rbi": 58,
        "sb": 20,
        "hr": 5
      }
    ]
  },
  {
    "generation": 2,
    "expected_score": 4.84,
    "lineup": [
      "노시환",
      "김태연",
      "이진영",
      "하주석",
      "터크먼",
      "최재훈",
      "노수광",
      "김인환",
      "정은원"
    ],
    "player_stats": [
      {
        "name": "노시환",
        "year": 22,
        "team": "한화",
        "pa": 490,
        "ops": 0.737,
        "avg": 0.281,
        "obp": 0.355,
        "slg": 0.382,
        "rbi": 59,
        "sb": 6,
        "hr": 6
      },
      {
        "name": "김태연",
        "year": 22,
        "team": "한화",
        "pa": 464,
        "ops": 0.662,
        "avg": 0.24,
        "obp": 0.325,
        "slg": 0.337,
        "rbi": 53,
        "sb": 3,
        "hr": 7
      },
      {
        "name": "이진영",
        "year": 22,
        "team": "한화",
        "pa": 240,
        "ops": 0.627,
        "avg": 0.2,
        "obp": 0.254,
        "slg": 0.373,
        "rbi": 31,
        "sb": 2,
        "hr": 8
      },
      {
        "name": "하주석",
        "year": 22,
        "team": "한화",
        "pa": 483,
        "ops": 0.651,
        "avg": 0.258,
        "obp": 0.309,
        "slg": 0.342,
        "rbi": 58,
        "sb": 20,
        "hr": 5
      },
      {
        "name": "터크먼",
        "year": 22,
        "team": "한화",
        "pa": 648,
        "ops": 0.796,
        "avg": 0.289,
        "obp": 0.366,
        "slg": 0.43,
        "rbi": 43,
        "sb": 19,
        "hr": 12
      },
      {
        "name": "최재훈",
        "year": 22,
        "team": "한화",
        "pa": 437,
        "ops": 0.641,
        "avg": 0.223,
        "obp": 0.339,
        "slg": 0.302,
        "rbi": 30,
        "sb": 1,
        "hr": 5
      },
      {
        "name": "노수광",
        "year": 22,
        "team": "한화",
        "pa": 361,
        "ops": 0.661,
        "avg": 0.229,
        "obp": 0.299,
        "slg": 0.362,
        "rbi": 30,
        "sb": 17,
        "hr": 4
      },
      {
        "name": "김인환",
        "year": 22,
        "team": "한화",
        "pa": 429,
        "ops": 0.722,
        "avg": 0.261,
        "obp": 0.305,
        "slg": 0.417,
        "rbi": 54,
        "sb": 2,
        "hr": 16
      },
      {
        "name": "정은원",
        "year": 22,
        "team": "한화",
        "pa": 601,
        "ops": 0.745,
        "avg": 0.274,
        "obp": 0.377,
        "slg": 0.368,
        "rbi": 49,
        "sb": 10,
        "hr": 8
      }
    ]
  },
  {
    "generation": 3,
    "expected_score": 4.93,
    "lineup": [
      "노시환",
      "김태연",
      "이진영",
      "하주석",
      "터크먼",
      "최재훈",
      "노수광",
      "김인환",
      "정은원"
    ],
    "player_stats": [
      {
        "name": "노시환",
        "year": 22,
        "team": "한화",
        "pa": 490,
        "ops": 0.737,
        "avg": 0.281,
        "obp": 0.355,
        "slg": 0.382,
        "rbi": 59,
        "sb": 6,
        "hr": 6
      },
      {
        "name": "김태연",
        "year": 22,
        "team": "한화",
        "pa": 464,
        "ops": 0.662,
        "avg": 0.24,
        "obp": 0.325,
        "slg": 0.337,
        "rbi": 53,
        "sb": 3,
        "hr": 7
      },
      {
        "name": "이진영",
        "year": 22,
        "team": "한화",
        "pa": 240,
        "ops": 0.627,
        "avg": 0.2,
        "obp": 0.254,
        "slg": 0.373,
        "rbi": 31,
        "sb": 2,
        "hr": 8
      },
      {
        "name": "하주석",
        "year": 22,
        "team": "한화",
        "pa": 483,
        "ops": 0.651,
        "avg": 0.258,
        "obp": 0.309,
        "slg": 0.342,
        "rbi": 58,
        "sb": 20,
        "hr": 5
      },
      {
        "name": "터크먼",
        "year": 22,
        "team": "한화",
        "pa": 648,
        "ops": 0.796,
        "avg": 0.289,
        "obp": 0.366,
        "slg": 0.43,
        "rbi": 43,
        "sb": 19,
        "hr": 12
      },
      {
        "name": "최재훈",
        "year": 22,
        "team": "한화",
        "pa": 437,
        "ops": 0.641,
        "avg": 0.223,
        "obp": 0.339,
        "slg": 0.302,
        "rbi": 30,
        "sb": 1,
        "hr": 5
      },
      {
        "name": "노수광",
        "year": 22,
        "team": "한화",
        "pa": 361,
        "ops": 0.661,
        "avg": 0.229,
        "obp": 0.299,
        "slg": 0.362,
        "rbi": 30,
        "sb": 17,
        "hr": 4
      },
      {
        "name": "김인환",
        "year": 22,
        "team": "한화",
        "pa": 429,
        "ops": 0.722,
        "avg": 0.261,
        "obp": 0.305,
        "slg": 0.417,
        "rbi": 54,
        "sb": 2,
        "hr": 16
      },
      {
        "name": "정은원",
        "year": 22,
        "team": "한화",
        "pa": 601,
        "ops": 0.745,
        "avg": 0.274,
        "obp": 0.377,
        "slg": 0.368,
        "rbi": 49,
        "sb": 10,
        "hr": 8
      }
    ]
  },
  {
    "generation": 4,
    "expected_score": 4.82,
    "lineup": [
      "김태연",
      "하주석",
      "이진영",
      "터크먼",
      "노수광",
      "최재훈",
      "정은원",
      "노시환",
      "김인환"
    ],
    "player_stats": [
      {
        "name": "김태연",
        "year": 22,
        "team": "한화",
        "pa": 464,
        "ops": 0.662,
        "avg": 0.24,
        "obp": 0.325,
        "slg": 0.337,
        "rbi": 53,
        "sb": 3,
        "hr": 7
      },
      {
        "name": "하주석",
        "year": 22,
        "team": "한화",
        "pa": 483,
        "ops": 0.651,
        "avg": 0.258,
        "obp": 0.309,
        "slg": 0.342,
        "rbi": 58,
        "sb": 20,
        "hr": 5
      },
      {
        "name": "이진영",
        "year": 22,
        "team": "한화",
        "pa": 240,
        "ops": 0.627,
        "avg": 0.2,
        "obp": 0.254,
        "slg": 0.373,
        "rbi": 31,
        "sb": 2,
        "hr": 8
      },
      {
        "name": "터크먼",
        "year": 22,
        "team": "한화",
        "pa": 648,
        "ops": 0.796,
        "avg": 0.289,
        "obp": 0.366,
        "slg": 0.43,
        "rbi": 43,
        "sb": 19,
        "hr": 12
      },
      {
        "name": "노수광",
        "year": 22,
        "team": "한화",
        "pa": 361,
        "ops": 0.661,
        "avg": 0.229,
        "obp": 0.299,
        "slg": 0.362,
        "rbi": 30,
        "sb": 17,
        "hr": 4
      },
      {
        "name": "최재훈",
        "year": 22,
        "team": "한화",
        "pa": 437,
        "ops": 0.641,
        "avg": 0.223,
        "obp": 0.339,
        "slg": 0.302,
        "rbi": 30,
        "sb": 1,
        "hr": 5
      },
      {
        "name": "정은원",
        "year": 22,
        "team": "한화",
        "pa": 601,
        "ops": 0.745,
        "avg": 0.274,
        "obp": 0.377,
        "slg": 0.368,
        "rbi": 49,
        "sb": 10,
        "hr": 8
      },
      {
        "name": "노시환",
        "year": 22,
        "team": "한화",
        "pa": 490,
        "ops": 0.737,
        "avg": 0.281,
        "obp": 0.355,
        "slg": 0.382,
        "rbi": 59,
        "sb": 6,
        "hr": 6
      },
      {
        "name": "김인환",
        "year": 22,
        "team": "한화",
        "pa": 429,
        "ops": 0.722,
        "avg": 0.261,
        "obp": 0.305,
        "slg": 0.417,
        "rbi": 54,
        "sb": 2,
        "hr": 16
      }
    ]
  },
  {
    "generation": 5,
    "expected_score": 4.78,
    "lineup": [
      "하주석",
      "이진영",
      "정은원",
      "노시환",
      "최재훈",
      "노수광",
      "김태연",
      "터크먼",
      "김인환"
    ],
    "player_stats": [
      {
        "name": "하주석",
        "year": 22,
        "team": "한화",
        "pa": 483,
        "ops": 0.651,
        "avg": 0.258,
        "obp": 0.309,
        "slg": 0.342,
        "rbi": 58,
        "sb": 20,
        "hr": 5
      },
      {
        "name": "이진영",
        "year": 22,
        "team": "한화",
        "pa": 240,
        "ops": 0.627,
        "avg": 0.2,
        "obp": 0.254,
        "slg": 0.373,
        "rbi": 31,
        "sb": 2,
        "hr": 8
      },
      {
        "name": "정은원",
        "year": 22,
        "team": "한화",
        "pa": 601,
        "ops": 0.745,
        "avg": 0.274,
        "obp": 0.377,
        "slg": 0.368,
        "rbi": 49,
        "sb": 10,
        "hr": 8
      },
      {
        "name": "노시환",
        "year": 22,
        "team": "한화",
        "pa": 490,
        "ops": 0.737,
        "avg": 0.281,
        "obp": 0.355,
        "slg": 0.382,
        "rbi": 59,
        "sb": 6,
        "hr": 6
      },
      {
        "name": "최재훈",
        "year": 22,
        "team": "한화",
        "pa": 437,
        "ops": 0.641,
        "avg": 0.223,
        "obp": 0.339,
        "slg": 0.302,
        "rbi": 30,
        "sb": 1,
        "hr": 5
      },
      {
        "name": "노수광",
        "year": 22,
        "team": "한화",
        "pa": 361,
        "ops": 0.661,
        "avg": 0.229,
        "obp": 0.299,
        "slg": 0.362,
        "rbi": 30,
        "sb": 17,
        "hr": 4
      },
      {
        "name": "김태연",
        "year": 22,
        "team": "한화",
        "pa": 464,
        "ops": 0.662,
        "avg": 0.24,
        "obp": 0.325,
        "slg": 0.337,
        "rbi": 53,
        "sb": 3,
        "hr": 7
      },
      {
        "name": "터크먼",
        "year": 22,
        "team": "한화",
        "pa": 648,
        "ops": 0.796,
        "avg": 0.289,
        "obp": 0.366,
        "slg": 0.43,
        "rbi": 43,
        "sb": 19,
        "hr": 12
      },
      {
        "name": "김인환",
        "year": 22,
        "team": "한화",
        "pa": 429,
        "ops": 0.722,
        "avg": 0.261,
        "obp": 0.305,
        "slg": 0.417,
        "rbi": 54,
        "sb": 2,
        "hr": 16
      }
    ]
  },
  {
    "generation": 6,
    "expected_score": 4.825,
    "lineup": [
      "김태연",
      "이진영",
      "최재훈",
      "터크먼",
      "하주석",
      "김인환",
      "노시환",
      "노수광",
      "정은원"
    ],
    "player_stats": [
      {
        "name": "김태연",
        "year": 22,
        "team": "한화",
        "pa": 464,
        "ops": 0.662,
        "avg": 0.24,
        "obp": 0.325,
        "slg": 0.337,
        "rbi": 53,
        "sb": 3,
        "hr": 7
      },
      {
        "name": "이진영",
        "year": 22,
        "team": "한화",
        "pa": 240,
        "ops": 0.627,
        "avg": 0.2,
        "obp": 0.254,
        "slg": 0.373,
        "rbi": 31,
        "sb": 2,
        "hr": 8
      },
      {
        "name": "최재훈",
        "year": 22,
        "team": "한화",
        "pa": 437,
        "ops": 0.641,
        "avg": 0.223,
        "obp": 0.339,
        "slg": 0.302,
        "rbi": 30,
        "sb": 1,
        "hr": 5
      },
      {
        "name": "터크먼",
        "year": 22,
        "team": "한화",
        "pa": 648,
        "ops": 0.796,
        "avg": 0.289,
        "obp": 0.366,
        "slg": 0.43,
        "rbi": 43,
        "sb": 19,
        "hr": 12
      },
      {
        "name": "하주석",
        "year": 22,
        "team": "한화",
        "pa": 483,
        "ops": 0.651,
        "avg": 0.258,
        "obp": 0.309,
        "slg": 0.342,
        "rbi": 58,
        "sb": 20,
        "hr": 5
      },
      {
        "name": "김인환",
        "year": 22,
        "team": "한화",
        "pa": 429,
        "ops": 0.722,
        "avg": 0.261,
        "obp": 0.305,
        "slg": 0.417,
        "rbi": 54,
        "sb": 2,
        "hr": 16
      },
      {
        "name": "노시환",
        "year": 22,
        "team": "한화",
        "pa": 490,
        "ops": 0.737,
        "avg": 0.281,
        "obp": 0.355,
        "slg": 0.382,
        "rbi": 59,
        "sb": 6,
        "hr": 6
      },
      {
        "name": "노수광",
        "year": 22,
        "team": "한화",
        "pa": 361,
        "ops": 0.661,
        "avg": 0.229,
        "obp": 0.299,
        "slg": 0.362,
        "rbi": 30,
        "sb": 17,
        "hr": 4
      },
      {
        "name": "정은원",
        "year": 22,
        "team": "한화",
        "pa": 601,
        "ops": 0.745,
        "avg": 0.274,
        "obp": 0.377,
        "slg": 0.368,
        "rbi": 49,
        "sb": 10,
        "hr": 8
      }
    ]
  },
  {
    "generation": 7,
    "expected_score": 4.82,
    "lineup": [
      "정은원",
      "김태연",
      "하주석",
      "노시환",
      "김인환",
      "최재훈",
      "노수광",
      "이진영",
      "터크먼"
    ],
    "player_stats": [
      {
        "name": "정은원",
        "year": 22,
        "team": "한화",
        "pa": 601,
        "ops": 0.745,
        "avg": 0.274,
        "obp": 0.377,
        "slg": 0.368,
        "rbi": 49,
        "sb": 10,
        "hr": 8
      },
      {
        "name": "김태연",
        "year": 22,
        "team": "한화",
        "pa": 464,
        "ops": 0.662,
        "avg": 0.24,
        "obp": 0.325,
        "slg": 0.337,
        "rbi": 53,
        "sb": 3,
        "hr": 7
      },
      {
        "name": "하주석",
        "year": 22,
        "team": "한화",
        "pa": 483,
        "ops": 0.651,
        "avg": 0.258,
        "obp": 0.309,
        "slg": 0.342,
        "rbi": 58,
        "sb": 20,
        "hr": 5
      },
      {
        "name": "노시환",
        "year": 22,
        "team": "한화",
        "pa": 490,
        "ops": 0.737,
        "avg": 0.281,
        "obp": 0.355,
        "slg": 0.382,
        "rbi": 59,
        "sb": 6,
        "hr": 6
      },
      {
        "name": "김인환",
        "year": 22,
        "team": "한화",
        "pa": 429,
        "ops": 0.722,
        "avg": 0.261,
        "obp": 0.305,
        "slg": 0.417,
        "rbi": 54,
        "sb": 2,
        "hr": 16
      },
      {
        "name": "최재훈",
        "year": 22,
        "team": "한화",
        "pa": 437,
        "ops": 0.641,
        "avg": 0.223,
        "obp": 0.339,
        "slg": 0.302,
        "rbi": 30,
        "sb": 1,
        "hr": 5
      },
      {
        "name": "노수광",
        "year": 22,
        "team": "한화",
        "pa": 361,
        "ops": 0.661,
        "avg": 0.229,
        "obp": 0.299,
        "slg": 0.362,
        "rbi": 30,
        "sb": 17,
        "hr": 4
      },
      {
        "name": "이진영",
        "year": 22,
        "team": "한화",
        "pa": 240,
        "ops": 0.627,
        "avg": 0.2,
        "obp": 0.254,
        "slg": 0.373,
        "rbi": 31,
        "sb": 2,
        "hr": 8
      },
      {
        "name": "터크먼",
        "year": 22,
        "team": "한화",
        "pa": 648,
        "ops": 0.796,
        "avg": 0.289,
        "obp": 0.366,
        "slg": 0.43,
        "rbi": 43,
        "sb": 19,
        "hr": 12
      }
    ]
  },
  {
    "generation": 8,
    "expected_score": 4.84,
    "lineup": [
      "정은원",
      "이진영",
      "최재훈",
      "하주석",
      "김태연",
      "노시환",
      "터크먼",
      "김인환",
      "노수광"
    ],
    "player_stats": [
      {
        "name": "정은원",
        "year": 22,
        "team": "한화",
        "pa": 601,
        "ops": 0.745,
        "avg": 0.274,
        "obp": 0.377,
        "slg": 0.368,
        "rbi": 49,
        "sb": 10,
        "hr": 8
      },
      {
        "name": "이진영",
        "year": 22,
        "team": "한화",
        "pa": 240,
        "ops": 0.627,
        "avg": 0.2,
        "obp": 0.254,
        "slg": 0.373,
        "rbi": 31,
        "sb": 2,
        "hr": 8
      },
      {
        "name": "최재훈",
        "year": 22,
        "team": "한화",
        "pa": 437,
        "ops": 0.641,
        "avg": 0.223,
        "obp": 0.339,
        "slg": 0.302,
        "rbi": 30,
        "sb": 1,
        "hr": 5
      },
      {
        "name": "하주석",
        "year": 22,
        "team": "한화",
        "pa": 483,
        "ops": 0.651,
        "avg": 0.258,
        "obp": 0.309,
        "slg": 0.342,
        "rbi": 58,
        "sb": 20,
        "hr": 5
      },
      {
        "name": "김태연",
        "year": 22,
        "team": "한화",
        "pa": 464,
        "ops": 0.662,
        "avg": 0.24,
        "obp": 0.325,
        "slg": 0.337,
        "rbi": 53,
        "sb": 3,
        "hr": 7
      },
      {
        "name": "노시환",
        "year": 22,
        "team": "한화",
        "pa": 490,
        "ops": 0.737,
        "avg": 0.281,
        "obp": 0.355,
        "slg": 0.382,
        "rbi": 59,
        "sb": 6,
        "hr": 6
      },
      {
        "name": "터크먼",
        "year": 22,
        "team": "한화",
        "pa": 648,
        "ops": 0.796,
        "avg": 0.289,
        "obp": 0.366,
        "slg": 0.43,
        "rbi": 43,
        "sb": 19,
        "hr": 12
      },
      {
        "name": "김인환",
        "year": 22,
        "team": "한화",
        "pa": 429,
        "ops": 0.722,
        "avg": 0.261,
        "obp": 0.305,
        "slg": 0.417,
        "rbi": 54,
        "sb": 2,
        "hr": 16
      },
      {
        "name": "노수광",
        "year": 22,
        "team": "한화",
        "pa": 361,
        "ops": 0.661,
        "avg": 0.229,
        "obp": 0.299,
        "slg": 0.362,
        "rbi": 30,
        "sb": 17,
        "hr": 4
      }
    ]
  },
  {
    "generation": 9,
    "expected_score": 4.855,
    "lineup": [
      "이진영",
      "터크먼",
      "정은원",
      "김태연",
      "최재훈",
      "노수광",
      "하주석",
      "김인환",
      "노시환"
    ],
    "player_stats": [
      {
        "name": "이진영",
        "year": 22,
        "team": "한화",
        "pa": 240,
        "ops": 0.627,
        "avg": 0.2,
        "obp": 0.254,
        "slg": 0.373,
        "rbi": 31,
        "sb": 2,
        "hr": 8
      },
      {
        "name": "터크먼",
        "year": 22,
        "team": "한화",
        "pa": 648,
        "ops": 0.796,
        "avg": 0.289,
        "obp": 0.366,
        "slg": 0.43,
        "rbi": 43,
        "sb": 19,
        "hr": 12
      },
      {
        "name": "정은원",
        "year": 22,
        "team": "한화",
        "pa": 601,
        "ops": 0.745,
        "avg": 0.274,
        "obp": 0.377,
        "slg": 0.368,
        "rbi": 49,
        "sb": 10,
        "hr": 8
      },
      {
        "name": "김태연",
        "year": 22,
        "team": "한화",
        "pa": 464,
        "ops": 0.662,
        "avg": 0.24,
        "obp": 0.325,
        "slg": 0.337,
        "rbi": 53,
        "sb": 3,
        "hr": 7
      },
      {
        "name": "최재훈",
        "year": 22,
        "team": "한화",
        "pa": 437,
        "ops": 0.641,
        "avg": 0.223,
        "obp": 0.339,
        "slg": 0.302,
        "rbi": 30,
        "sb": 1,
        "hr": 5
      },
      {
        "name": "노수광",
        "year": 22,
        "team": "한화",
        "pa": 361,
        "ops": 0.661,
        "avg": 0.229,
        "obp": 0.299,
        "slg": 0.362,
        "rbi": 30,
        "sb": 17,
        "hr": 4
      },
      {
        "name": "하주석",
        "year": 22,
        "team": "한화",
        "pa": 483,
        "ops": 0.651,
        "avg": 0.258,
        "obp": 0.309,
        "slg": 0.342,
        "rbi": 58,
        "sb": 20,
        "hr": 5
      },
      {
        "name": "김인환",
        "year": 22,
        "team": "한화",
        "pa": 429,
        "ops": 0.722,
        "avg": 0.261,
        "obp": 0.305,
        "slg": 0.417,
        "rbi": 54,
        "sb": 2,
        "hr": 16
      },
      {
        "name": "노시환",
        "year": 22,
        "team": "한화",
        "pa": 490,
        "ops": 0.737,
        "avg": 0.281,
        "obp": 0.355,
        "slg": 0.382,
        "rbi": 59,
        "sb": 6,
        "hr": 6
      }
    ]
  },
  {
    "generation": 10,
    "expected_score": 4.895,
    "lineup": [
      "정은원",
      "김태연",
      "노시환",
      "하주석",
      "김인환",
      "최재훈",
      "노수광",
      "이진영",
      "터크먼"
    ],
    "player_stats": [
      {
        "name": "정은원",
        "year": 22,
        "team": "한화",
        "pa": 601,
        "ops": 0.745,
        "avg": 0.274,
        "obp": 0.377,
        "slg": 0.368,
        "rbi": 49,
        "sb": 10,
        "hr": 8
      },
      {
        "name": "김태연",
        "year": 22,
        "team": "한화",
        "pa": 464,
        "ops": 0.662,
        "avg": 0.24,
        "obp": 0.325,
        "slg": 0.337,
        "rbi": 53,
        "sb": 3,
        "hr": 7
      },
      {
        "name": "노시환",
        "year": 22,
        "team": "한화",
        "pa": 490,
        "ops": 0.737,
        "avg": 0.281,
        "obp": 0.355,
        "slg": 0.382,
        "rbi": 59,
        "sb": 6,
        "hr": 6
      },
      {
        "name": "하주석",
        "year": 22,
        "team": "한화",
        "pa": 483,
        "ops": 0.651,
        "avg": 0.258,
        "obp": 0.309,
        "slg": 0.342,
        "rbi": 58,
        "sb": 20,
        "hr": 5
      },
      {
        "name": "김인환",
        "year": 22,
        "team": "한화",
        "pa": 429,
        "ops": 0.722,
        "avg": 0.261,
        "obp": 0.305,
        "slg": 0.417,
        "rbi": 54,
        "sb": 2,
        "hr": 16
      },
      {
        "name": "최재훈",
        "year": 22,
        "team": "한화",
        "pa": 437,
        "ops": 0.641,
        "avg": 0.223,
        "obp": 0.339,
        "slg": 0.302,
        "rbi": 30,
        "sb": 1,
        "hr": 5
      },
      {
        "name": "노수광",
        "year": 22,
        "team": "한화",
        "pa": 361,
        "ops": 0.661,
        "avg": 0.229,
        "obp": 0.299,
        "slg": 0.362,
        "rbi": 30,
        "sb": 17,
        "hr": 4
      },
      {
        "name": "이진영",
        "year": 22,
        "team": "한화",
        "pa": 240,
        "ops": 0.627,
        "avg": 0.2,
        "obp": 0.254,
        "slg": 0.373,
        "rbi": 31,
        "sb": 2,
        "hr": 8
      },
      {
        "name": "터크먼",
        "year": 22,
        "team": "한화",
        "pa": 648,
        "ops": 0.796,
        "avg": 0.289,
        "obp": 0.366,
        "slg": 0.43,
        "rbi": 43,
        "sb": 19,
        "hr": 12
      }
    ]
  },
  {
    "generation": 11,
    "expected_score": 4.915,
    "lineup": [
      "김태연",
      "하주석",
      "노시환",
      "김인환",
      "터크먼",
      "정은원",
      "최재훈",
      "노수광",
      "이진영"
    ],
    "player_stats": [
      {
        "name": "김태연",
        "year": 22,
        "team": "한화",
        "pa": 464,
        "ops": 0.662,
        "avg": 0.24,
        "obp": 0.325,
        "slg": 0.337,
        "rbi": 53,
        "sb": 3,
        "hr": 7
      },
      {
        "name": "하주석",
        "year": 22,
        "team": "한화",
        "pa": 483,
        "ops": 0.651,
        "avg": 0.258,
        "obp": 0.309,
        "slg": 0.342,
        "rbi": 58,
        "sb": 20,
        "hr": 5
      },
      {
        "name": "노시환",
        "year": 22,
        "team": "한화",
        "pa": 490,
        "ops": 0.737,
        "avg": 0.281,
        "obp": 0.355,
        "slg": 0.382,
        "rbi": 59,
        "sb": 6,
        "hr": 6
      },
      {
        "name": "김인환",
        "year": 22,
        "team": "한화",
        "pa": 429,
        "ops": 0.722,
        "avg": 0.261,
        "obp": 0.305,
        "slg": 0.417,
        "rbi": 54,
        "sb": 2,
        "hr": 16
      },
      {
        "name": "터크먼",
        "year": 22,
        "team": "한화",
        "pa": 648,
        "ops": 0.796,
        "avg": 0.289,
        "obp": 0.366,
        "slg": 0.43,
        "rbi": 43,
        "sb": 19,
        "hr": 12
      },
      {
        "name": "정은원",
        "year": 22,
        "team": "한화",
        "pa": 601,
        "ops": 0.745,
        "avg": 0.274,
        "obp": 0.377,
        "slg": 0.368,
        "rbi": 49,
        "sb": 10,
        "hr": 8
      },
      {
        "name": "최재훈",
        "year": 22,
        "team": "한화",
        "pa": 437,
        "ops": 0.641,
        "avg": 0.223,
        "obp": 0.339,
        "slg": 0.302,
        "rbi": 30,
        "sb": 1,
        "hr": 5
      },
      {
        "name": "노수광",
        "year": 22,
        "team": "한화",
        "pa": 361,
        "ops": 0.661,
        "avg": 0.229,
        "obp": 0.299,
        "slg": 0.362,
        "rbi": 30,
        "sb": 17,
        "hr": 4
      },
      {
        "name": "이진영",
        "year": 22,
        "team": "한화",
        "pa": 240,
        "ops": 0.627,
        "avg": 0.2,
        "obp": 0.254,
        "slg": 0.373,
        "rbi": 31,
        "sb": 2,
        "hr": 8
      }
    ]
  },
  {
    "generation": 12,
    "expected_score": 4.7,
    "lineup": [
      "정은원",
      "노시환",
      "김태연",
      "터크먼",
      "하주석",
      "김인환",
      "최재훈",
      "노수광",
      "이진영"
    ],
    "player_stats": [
      {
        "name": "정은원",
        "year": 22,
        "team": "한화",
        "pa": 601,
        "ops": 0.745,
        "avg": 0.274,
        "obp": 0.377,
        "slg": 0.368,
        "rbi": 49,
        "sb": 10,
        "hr": 8
      },
      {
        "name": "노시환",
        "year": 22,
        "team": "한화",
        "pa": 490,
        "ops": 0.737,
        "avg": 0.281,
        "obp": 0.355,
        "slg": 0.382,
        "rbi": 59,
        "sb": 6,
        "hr": 6
      },
      {
        "name": "김태연",
        "year": 22,
        "team": "한화",
        "pa": 464,
        "ops": 0.662,
        "avg": 0.24,
        "obp": 0.325,
        "slg": 0.337,
        "rbi": 53,
        "sb": 3,
        "hr": 7
      },
      {
        "name": "터크먼",
        "year": 22,
        "team": "한화",
        "pa": 648,
        "ops": 0.796,
        "avg": 0.289,
        "obp": 0.366,
        "slg": 0.43,
        "rbi": 43,
        "sb": 19,
        "hr": 12
      },
      {
        "name": "하주석",
        "year": 22,
        "team": "한화",
        "pa": 483,
        "ops": 0.651,
        "avg": 0.258,
        "obp": 0.309,
        "slg": 0.342,
        "rbi": 58,
        "sb": 20,
        "hr": 5
      },
      {
        "name": "김인환",
        "year": 22,
        "team": "한화",
        "pa": 429,
        "ops": 0.722,
        "avg": 0.261,
        "obp": 0.305,
        "slg": 0.417,
        "rbi": 54,
        "sb": 2,
        "hr": 16
      },
      {
        "name": "최재훈",
        "year": 22,
        "team": "한화",
        "pa": 437,
        "ops": 0.641,
        "avg": 0.223,
        "obp": 0.339,
        "slg": 0.302,
        "rbi": 30,
        "sb": 1,
        "hr": 5
      },
      {
        "name": "노수광",
        "year": 22,
        "team": "한화",
        "pa": 361,
        "ops": 0.661,
        "avg": 0.229,
        "obp": 0.299,
        "slg": 0.362,
        "rbi": 30,
        "sb": 17,
        "hr": 4
      },
      {
        "name": "이진영",
        "year": 22,
        "team": "한화",
        "pa": 240,
        "ops": 0.627,
        "avg": 0.2,
        "obp": 0.254,
        "slg": 0.373,
        "rbi": 31,
        "sb": 2,
        "hr": 8
      }
    ]
  },
  {
    "generation": 13,
    "expected_score": 5.145,
    "lineup": [
      "정은원",
      "노시환",
      "김태연",
      "터크먼",
      "하주석",
      "김인환",
      "최재훈",
      "노수광",
      "이진영"
    ],
    "player_stats": [
      {
        "name": "정은원",
        "year": 22,
        "team": "한화",
        "pa": 601,
        "ops": 0.745,
        "avg": 0.274,
        "obp": 0.377,
        "slg": 0.368,
        "rbi": 49,
        "sb": 10,
        "hr": 8
      },
      {
        "name": "노시환",
        "year": 22,
        "team": "한화",
        "pa": 490,
        "ops": 0.737,
        "avg": 0.281,
        "obp": 0.355,
        "slg": 0.382,
        "rbi": 59,
        "sb": 6,
        "hr": 6
      },
      {
        "name": "김태연",
        "year": 22,
        "team": "한화",
        "pa": 464,
        "ops": 0.662,
        "avg": 0.24,
        "obp": 0.325,
        "slg": 0.337,
        "rbi": 53,
        "sb": 3,
        "hr": 7
      },
      {
        "name": "터크먼",
        "year": 22,
        "team": "한화",
        "pa": 648,
        "ops": 0.796,
        "avg": 0.289,
        "obp": 0.366,
        "slg": 0.43,
        "rbi": 43,
        "sb": 19,
        "hr": 12
      },
      {
        "name": "하주석",
        "year": 22,
        "team": "한화",
        "pa": 483,
        "ops": 0.651,
        "avg": 0.258,
        "obp": 0.309,
        "slg": 0.342,
        "rbi": 58,
        "sb": 20,
        "hr": 5
      },
      {
        "name": "김인환",
        "year": 22,
        "team": "한화",
        "pa": 429,
        "ops": 0.722,
        "avg": 0.261,
        "obp": 0.305,
        "slg": 0.417,
        "rbi": 54,
        "sb": 2,
        "hr": 16
      },
      {
        "name": "최재훈",
        "year": 22,
        "team": "한화",
        "pa": 437,
        "ops": 0.641,
        "avg": 0.223,
        "obp": 0.339,
        "slg": 0.302,
        "rbi": 30,
        "sb": 1,
        "hr": 5
      },
      {
        "name": "노수광",
        "year": 22,
        "team": "한화",
        "pa": 361,
        "ops": 0.661,
        "avg": 0.229,
        "obp": 0.299,
        "slg": 0.362,
        "rbi": 30,
        "sb": 17,
        "hr": 4
      },
      {
        "name": "이진영",
        "year": 22,
        "team": "한화",
        "pa": 240,
        "ops": 0.627,
        "avg": 0.2,
        "obp": 0.254,
        "slg": 0.373,
        "rbi": 31,
        "sb": 2,
        "hr": 8
      }
    ]
  },
  {
    "generation": 14,
    "expected_score": 4.905,
    "lineup": [
      "김태연",
      "노시환",
      "정은원",
      "터크먼",
      "하주석",
      "이진영",
      "김인환",
      "노수광",
      "최재훈"
    ],
    "player_stats": [
      {
        "name": "김태연",
        "year": 22,
        "team": "한화",
        "pa": 464,
        "ops": 0.662,
        "avg": 0.24,
        "obp": 0.325,
        "slg": 0.337,
        "rbi": 53,
        "sb": 3,
        "hr": 7
      },
      {
        "name": "노시환",
        "year": 22,
        "team": "한화",
        "pa": 490,
        "ops": 0.737,
        "avg": 0.281,
        "obp": 0.355,
        "slg": 0.382,
        "rbi": 59,
        "sb": 6,
        "hr": 6
      },
      {
        "name": "정은원",
        "year": 22,
        "team": "한화",
        "pa": 601,
        "ops": 0.745,
        "avg": 0.274,
        "obp": 0.377,
        "slg": 0.368,
        "rbi": 49,
        "sb": 10,
        "hr": 8
      },
      {
        "name": "터크먼",
        "year": 22,
        "team": "한화",
        "pa": 648,
        "ops": 0.796,
        "avg": 0.289,
        "obp": 0.366,
        "slg": 0.43,
        "rbi": 43,
        "sb": 19,
        "hr": 12
      },
      {
        "name": "하주석",
        "year": 22,
        "team": "한화",
        "pa": 483,
        "ops": 0.651,
        "avg": 0.258,
        "obp": 0.309,
        "slg": 0.342,
        "rbi": 58,
        "sb": 20,
        "hr": 5
      },
      {
        "name": "이진영",
        "year": 22,
        "team": "한화",
        "pa": 240,
        "ops": 0.627,
        "avg": 0.2,
        "obp": 0.254,
        "slg": 0.373,
        "rbi": 31,
        "sb": 2,
        "hr": 8
      },
      {
        "name": "김인환",
        "year": 22,
        "team": "한화",
        "pa": 429,
        "ops": 0.722,
        "avg": 0.261,
        "obp": 0.305,
        "slg": 0.417,
        "rbi": 54,
        "sb": 2,
        "hr": 16
      },
      {
        "name": "노수광",
        "year": 22,
        "team": "한화",
        "pa": 361,
        "ops": 0.661,
        "avg": 0.229,
        "obp": 0.299,
        "slg": 0.362,
        "rbi": 30,
        "sb": 17,
        "hr": 4
      },
      {
        "name": "최재훈",
        "year": 22,
        "team": "한화",
        "pa": 437,
        "ops": 0.641,
        "avg": 0.223,
        "obp": 0.339,
        "slg": 0.302,
        "rbi": 30,
        "sb": 1,
        "hr": 5
      }
    ]
  },
  {
    "generation": 15,
    "expected_score": 4.905,
    "lineup": [
      "김태연",
      "정은원",
      "노시환",
      "하주석",
      "터크먼",
      "김인환",
      "최재훈",
      "노수광",
      "이진영"
    ],
    "player_stats": [
      {
        "name": "김태연",
        "year": 22,
        "team": "한화",
        "pa": 464,
        "ops": 0.662,
        "avg": 0.24,
        "obp": 0.325,
        "slg": 0.337,
        "rbi": 53,
        "sb": 3,
        "hr": 7
      },
      {
        "name": "정은원",
        "year": 22,
        "team": "한화",
        "pa": 601,
        "ops": 0.745,
        "avg": 0.274,
        "obp": 0.377,
        "slg": 0.368,
        "rbi": 49,
        "sb": 10,
        "hr": 8
      },
      {
        "name": "노시환",
        "year": 22,
        "team": "한화",
        "pa": 490,
        "ops": 0.737,
        "avg": 0.281,
        "obp": 0.355,
        "slg": 0.382,
        "rbi": 59,
        "sb": 6,
        "hr": 6
      },
      {
        "name": "하주석",
        "year": 22,
        "team": "한화",
        "pa": 483,
        "ops": 0.651,
        "avg": 0.258,
        "obp": 0.309,
        "slg": 0.342,
        "rbi": 58,
        "sb": 20,
        "hr": 5
      },
      {
        "name": "터크먼",
        "year": 22,
        "team": "한화",
        "pa": 648,
        "ops": 0.796,
        "avg": 0.289,
        "obp": 0.366,
        "slg": 0.43,
        "rbi": 43,
        "sb": 19,
        "hr": 12
      },
      {
        "name": "김인환",
        "year": 22,
        "team": "한화",
        "pa": 429,
        "ops": 0.722,
        "avg": 0.261,
        "obp": 0.305,
        "slg": 0.417,
        "rbi": 54,
        "sb": 2,
        "hr": 16
      },
      {
        "name": "최재훈",
        "year": 22,
        "team": "한화",
        "pa": 437,
        "ops": 0.641,
        "avg": 0.223,
        "obp": 0.339,
        "slg": 0.302,
        "rbi": 30,
        "sb": 1,
        "hr": 5
      },
      {
        "name": "노수광",
        "year": 22,
        "team": "한화",
        "pa": 361,
        "ops": 0.661,
        "avg": 0.229,
        "obp": 0.299,
        "slg": 0.362,
        "rbi": 30,
        "sb": 17,
        "hr": 4
      },
      {
        "name": "이진영",
        "year": 22,
        "team": "한화",
        "pa": 240,
        "ops": 0.627,
        "avg": 0.2,
        "obp": 0.254,
        "slg": 0.373,
        "rbi": 31,
        "sb": 2,
        "hr": 8
      }
    ]
  },
  {
    "generation": 16,
    "expected_score": 4.765,
    "lineup": [
      "정은원",
      "김태연",
      "노시환",
      "하주석",
      "터크먼",
      "김인환",
      "이진영",
      "최재훈",
      "노수광"
    ],
    "player_stats": [
      {
        "name": "정은원",
        "year": 22,
        "team": "한화",
        "pa": 601,
        "ops": 0.745,
        "avg": 0.274,
        "obp": 0.377,
        "slg": 0.368,
        "rbi": 49,
        "sb": 10,
        "hr": 8
      },
      {
        "name": "김태연",
        "year": 22,
        "team": "한화",
        "pa": 464,
        "ops": 0.662,
        "avg": 0.24,
        "obp": 0.325,
        "slg": 0.337,
        "rbi": 53,
        "sb": 3,
        "hr": 7
      },
      {
        "name": "노시환",
        "year": 22,
        "team": "한화",
        "pa": 490,
        "ops": 0.737,
        "avg": 0.281,
        "obp": 0.355,
        "slg": 0.382,
        "rbi": 59,
        "sb": 6,
        "hr": 6
      },
      {
        "name": "하주석",
        "year": 22,
        "team": "한화",
        "pa": 483,
        "ops": 0.651,
        "avg": 0.258,
        "obp": 0.309,
        "slg": 0.342,
        "rbi": 58,
        "sb": 20,
        "hr": 5
      },
      {
        "name": "터크먼",
        "year": 22,
        "team": "한화",
        "pa": 648,
        "ops": 0.796,
        "avg": 0.289,
        "obp": 0.366,
        "slg": 0.43,
        "rbi": 43,
        "sb": 19,
        "hr": 12
      },
      {
        "name": "김인환",
        "year": 22,
        "team": "한화",
        "pa": 429,
        "ops": 0.722,
        "avg": 0.261,
        "obp": 0.305,
        "slg": 0.417,
        "rbi": 54,
        "sb": 2,
        "hr": 16
      },
      {
        "name": "이진영",
        "year": 22,
        "team": "한화",
        "pa": 240,
        "ops": 0.627,
        "avg": 0.2,
        "obp": 0.254,
        "slg": 0.373,
        "rbi": 31,
        "sb": 2,
        "hr": 8
      },
      {
        "name": "최재훈",
        "year": 22,
        "team": "한화",
        "pa": 437,
        "ops": 0.641,
        "avg": 0.223,
        "obp": 0.339,
        "slg": 0.302,
        "rbi": 30,
        "sb": 1,
        "hr": 5
      },
      {
        "name": "노수광",
        "year": 22,
        "team": "한화",
        "pa": 361,
        "ops": 0.661,
        "avg": 0.229,
        "obp": 0.299,
        "slg": 0.362,
        "rbi": 30,
        "sb": 17,
        "hr": 4
      }
    ]
  },
  {
    "generation": 17,
    "expected_score": 4.86,
    "lineup": [
      "김태연",
      "정은원",
      "노시환",
      "터크먼",
      "김인환",
      "하주석",
      "이진영",
      "노수광",
      "최재훈"
    ],
    "player_stats": [
      {
        "name": "김태연",
        "year": 22,
        "team": "한화",
        "pa": 464,
        "ops": 0.662,
        "avg": 0.24,
        "obp": 0.325,
        "slg": 0.337,
        "rbi": 53,
        "sb": 3,
        "hr": 7
      },
      {
        "name": "정은원",
        "year": 22,
        "team": "한화",
        "pa": 601,
        "ops": 0.745,
        "avg": 0.274,
        "obp": 0.377,
        "slg": 0.368,
        "rbi": 49,
        "sb": 10,
        "hr": 8
      },
      {
        "name": "노시환",
        "year": 22,
        "team": "한화",
        "pa": 490,
        "ops": 0.737,
        "avg": 0.281,
        "obp": 0.355,
        "slg": 0.382,
        "rbi": 59,
        "sb": 6,
        "hr": 6
      },
      {
        "name": "터크먼",
        "year": 22,
        "team": "한화",
        "pa": 648,
        "ops": 0.796,
        "avg": 0.289,
        "obp": 0.366,
        "slg": 0.43,
        "rbi": 43,
        "sb": 19,
        "hr": 12
      },
      {
        "name": "김인환",
        "year": 22,
        "team": "한화",
        "pa": 429,
        "ops": 0.722,
        "avg": 0.261,
        "obp": 0.305,
        "slg": 0.417,
        "rbi": 54,
        "sb": 2,
        "hr": 16
      },
      {
        "name": "하주석",
        "year": 22,
        "team": "한화",
        "pa": 483,
        "ops": 0.651,
        "avg": 0.258,
        "obp": 0.309,
        "slg": 0.342,
        "rbi": 58,
        "sb": 20,
        "hr": 5
      },
      {
        "name": "이진영",
        "year": 22,
        "team": "한화",
        "pa": 240,
        "ops": 0.627,
        "avg": 0.2,
        "obp": 0.254,
        "slg": 0.373,
        "rbi": 31,
        "sb": 2,
        "hr": 8
      },
      {
        "name": "노수광",
        "year": 22,
        "team": "한화",
        "pa": 361,
        "ops": 0.661,
        "avg": 0.229,
        "obp": 0.299,
        "slg": 0.362,
        "rbi": 30,
        "sb": 17,
        "hr": 4
      },
      {
        "name": "최재훈",
        "year": 22,
        "team": "한화",
        "pa": 437,
        "ops": 0.641,
        "avg": 0.223,
        "obp": 0.339,
        "slg": 0.302,
        "rbi": 30,
        "sb": 1,
        "hr": 5
      }
    ]
  },
  {
    "generation": 18,
    "expected_score": 4.915,
    "lineup": [
      "김태연",
      "정은원",
      "노시환",
      "터크먼",
      "하주석",
      "김인환",
      "최재훈",
      "이진영",
      "노수광"
    ],
    "player_stats": [
      {
        "name": "김태연",
        "year": 22,
        "team": "한화",
        "pa": 464,
        "ops": 0.662,
        "avg": 0.24,
        "obp": 0.325,
        "slg": 0.337,
        "rbi": 53,
        "sb": 3,
        "hr": 7
      },
      {
        "name": "정은원",
        "year": 22,
        "team": "한화",
        "pa": 601,
        "ops": 0.745,
        "avg": 0.274,
        "obp": 0.377,
        "slg": 0.368,
        "rbi": 49,
        "sb": 10,
        "hr": 8
      },
      {
        "name": "노시환",
        "year": 22,
        "team": "한화",
        "pa": 490,
        "ops": 0.737,
        "avg": 0.281,
        "obp": 0.355,
        "slg": 0.382,
        "rbi": 59,
        "sb": 6,
        "hr": 6
      },
      {
        "name": "터크먼",
        "year": 22,
        "team": "한화",
        "pa": 648,
        "ops": 0.796,
        "avg": 0.289,
        "obp": 0.366,
        "slg": 0.43,
        "rbi": 43,
        "sb": 19,
        "hr": 12
      },
      {
        "name": "하주석",
        "year": 22,
        "team": "한화",
        "pa": 483,
        "ops": 0.651,
        "avg": 0.258,
        "obp": 0.309,
        "slg": 0.342,
        "rbi": 58,
        "sb": 20,
        "hr": 5
      },
      {
        "name": "김인환",
        "year": 22,
        "team": "한화",
        "pa": 429,
        "ops": 0.722,
        "avg": 0.261,
        "obp": 0.305,
        "slg": 0.417,
        "rbi": 54,
        "sb": 2,
        "hr": 16
      },
      {
        "name": "최재훈",
        "year": 22,
        "team": "한화",
        "pa": 437,
        "ops": 0.641,
        "avg": 0.223,
        "obp": 0.339,
        "slg": 0.302,
        "rbi": 30,
        "sb": 1,
        "hr": 5
      },
      {
        "name": "이진영",
        "year": 22,
        "team": "한화",
        "pa": 240,
        "ops": 0.627,
        "avg": 0.2,
        "obp": 0.254,
        "slg": 0.373,
        "rbi": 31,
        "sb": 2,
        "hr": 8
      },
      {
        "name": "노수광",
        "year": 22,
        "team": "한화",
        "pa": 361,
        "ops": 0.661,
        "avg": 0.229,
        "obp": 0.299,
        "slg": 0.362,
        "rbi": 30,
        "sb": 17,
        "hr": 4
      }
    ]
  },
  {
    "generation": 19,
    "expected_score": 4.855,
    "lineup": [
      "김태연",
      "정은원",
      "노시환",
      "터크먼",
      "하주석",
      "김인환",
      "최재훈",
      "이진영",
      "노수광"
    ],
    "player_stats": [
      {
        "name": "김태연",
        "year": 22,
        "team": "한화",
        "pa": 464,
        "ops": 0.662,
        "avg": 0.24,
        "obp": 0.325,
        "slg": 0.337,
        "rbi": 53,
        "sb": 3,
        "hr": 7
      },
      {
        "name": "정은원",
        "year": 22,
        "team": "한화",
        "pa": 601,
        "ops": 0.745,
        "avg": 0.274,
        "obp": 0.377,
        "slg": 0.368,
        "rbi": 49,
        "sb": 10,
        "hr": 8
      },
      {
        "name": "노시환",
        "year": 22,
        "team": "한화",
        "pa": 490,
        "ops": 0.737,
        "avg": 0.281,
        "obp": 0.355,
        "slg": 0.382,
        "rbi": 59,
        "sb": 6,
        "hr": 6
      },
      {
        "name": "터크먼",
        "year": 22,
        "team": "한화",
        "pa": 648,
        "ops": 0.796,
        "avg": 0.289,
        "obp": 0.366,
        "slg": 0.43,
        "rbi": 43,
        "sb": 19,
        "hr": 12
      },
      {
        "name": "하주석",
        "year": 22,
        "team": "한화",
        "pa": 483,
        "ops": 0.651,
        "avg": 0.258,
        "obp": 0.309,
        "slg": 0.342,
        "rbi": 58,
        "sb": 20,
        "hr": 5
      },
      {
        "name": "김인환",
        "year": 22,
        "team": "한화",
        "pa": 429,
        "ops": 0.722,
        "avg": 0.261,
        "obp": 0.305,
        "slg": 0.417,
        "rbi": 54,
        "sb": 2,
        "hr": 16
      },
      {
        "name": "최재훈",
        "year": 22,
        "team": "한화",
        "pa": 437,
        "ops": 0.641,
        "avg": 0.223,
        "obp": 0.339,
        "slg": 0.302,
        "rbi": 30,
        "sb": 1,
        "hr": 5
      },
      {
        "name": "이진영",
        "year": 22,
        "team": "한화",
        "pa": 240,
        "ops": 0.627,
        "avg": 0.2,
        "obp": 0.254,
        "slg": 0.373,
        "rbi": 31,
        "sb": 2,
        "hr": 8
      },
      {
        "name": "노수광",
        "year": 22,
        "team": "한화",
        "pa": 361,
        "ops": 0.661,
        "avg": 0.229,
        "obp": 0.299,
        "slg": 0.362,
        "rbi": 30,
        "sb": 17,
        "hr": 4
      }
    ]
  },
  {
    "generation": 20,
    "expected_score": 4.77,
    "lineup": [
      "김태연",
      "정은원",
      "노시환",
      "터크먼",
      "하주석",
      "김인환",
      "최재훈",
      "노수광",
      "이진영"
    ],
    "player_stats": [
      {
        "name": "김태연",
        "year": 22,
        "team": "한화",
        "pa": 464,
        "ops": 0.662,
        "avg": 0.24,
        "obp": 0.325,
        "slg": 0.337,
        "rbi": 53,
        "sb": 3,
        "hr": 7
      },
      {
        "name": "정은원",
        "year": 22,
        "team": "한화",
        "pa": 601,
        "ops": 0.745,
        "avg": 0.274,
        "obp": 0.377,
        "slg": 0.368,
        "rbi": 49,
        "sb": 10,
        "hr": 8
      },
      {
        "name": "노시환",
        "year": 22,
        "team": "한화",
        "pa": 490,
        "ops": 0.737,
        "avg": 0.281,
        "obp": 0.355,
        "slg": 0.382,
        "rbi": 59,
        "sb": 6,
        "hr": 6
      },
      {
        "name": "터크먼",
        "year": 22,
        "team": "한화",
        "pa": 648,
        "ops": 0.796,
        "avg": 0.289,
        "obp": 0.366,
        "slg": 0.43,
        "rbi": 43,
        "sb": 19,
        "hr": 12
      },
      {
        "name": "하주석",
        "year": 22,
        "team": "한화",
        "pa": 483,
        "ops": 0.651,
        "avg": 0.258,
        "obp": 0.309,
        "slg": 0.342,
        "rbi": 58,
        "sb": 20,
        "hr": 5
      },
      {
        "name": "김인환",
        "year": 22,
        "team": "한화",
        "pa": 429,
        "ops": 0.722,
        "avg": 0.261,
        "obp": 0.305,
        "slg": 0.417,
        "rbi": 54,
        "sb": 2,
        "hr": 16
      },
      {
        "name": "최재훈",
        "year": 22,
        "team": "한화",
        "pa": 437,
        "ops": 0.641,
        "avg": 0.223,
        "obp": 0.339,
        "slg": 0.302,
        "rbi": 30,
        "sb": 1,
        "hr": 5
      },
      {
        "name": "노수광",
        "year": 22,
        "team": "한화",
        "pa": 361,
        "ops": 0.661,
        "avg": 0.229,
        "obp": 0.299,
        "slg": 0.362,
        "rbi": 30,
        "sb": 17,
        "hr": 4
      },
      {
        "name": "이진영",
        "year": 22,
        "team": "한화",
        "pa": 240,
        "ops": 0.627,
        "avg": 0.2,
        "obp": 0.254,
        "slg": 0.373,
        "rbi": 31,
        "sb": 2,
        "hr": 8
      }
    ]
  },
  {
    "generation": 21,
    "expected_score": 4.91,
    "lineup": [
      "김태연",
      "정은원",
      "노시환",
      "터크먼",
      "하주석",
      "김인환",
      "이진영",
      "최재훈",
      "노수광"
    ],
    "player_stats": [
      {
        "name": "김태연",
        "year": 22,
        "team": "한화",
        "pa": 464,
        "ops": 0.662,
        "avg": 0.24,
        "obp": 0.325,
        "slg": 0.337,
        "rbi": 53,
        "sb": 3,
        "hr": 7
      },
      {
        "name": "정은원",
        "year": 22,
        "team": "한화",
        "pa": 601,
        "ops": 0.745,
        "avg": 0.274,
        "obp": 0.377,
        "slg": 0.368,
        "rbi": 49,
        "sb": 10,
        "hr": 8
      },
      {
        "name": "노시환",
        "year": 22,
        "team": "한화",
        "pa": 490,
        "ops": 0.737,
        "avg": 0.281,
        "obp": 0.355,
        "slg": 0.382,
        "rbi": 59,
        "sb": 6,
        "hr": 6
      },
      {
        "name": "터크먼",
        "year": 22,
        "team": "한화",
        "pa": 648,
        "ops": 0.796,
        "avg": 0.289,
        "obp": 0.366,
        "slg": 0.43,
        "rbi": 43,
        "sb": 19,
        "hr": 12
      },
      {
        "name": "하주석",
        "year": 22,
        "team": "한화",
        "pa": 483,
        "ops": 0.651,
        "avg": 0.258,
        "obp": 0.309,
        "slg": 0.342,
        "rbi": 58,
        "sb": 20,
        "hr": 5
      },
      {
        "name": "김인환",
        "year": 22,
        "team": "한화",
        "pa": 429,
        "ops": 0.722,
        "avg": 0.261,
        "obp": 0.305,
        "slg": 0.417,
        "rbi": 54,
        "sb": 2,
        "hr": 16
      },
      {
        "name": "이진영",
        "year": 22,
        "team": "한화",
        "pa": 240,
        "ops": 0.627,
        "avg": 0.2,
        "obp": 0.254,
        "slg": 0.373,
        "rbi": 31,
        "sb": 2,
        "hr": 8
      },
      {
        "name": "최재훈",
        "year": 22,
        "team": "한화",
        "pa": 437,
        "ops": 0.641,
        "avg": 0.223,
        "obp": 0.339,
        "slg": 0.302,
        "rbi": 30,
        "sb": 1,
        "hr": 5
      },
      {
        "name": "노수광",
        "year": 22,
        "team": "한화",
        "pa": 361,
        "ops": 0.661,
        "avg": 0.229,
        "obp": 0.299,
        "slg": 0.362,
        "rbi": 30,
        "sb": 17,
        "hr": 4
      }
    ]
  },
  {
    "generation": 22,
    "expected_score": 4.82,
    "lineup": [
      "김태연",
      "정은원",
      "노시환",
      "터크먼",
      "하주석",
      "김인환",
      "최재훈",
      "노수광",
      "이진영"
    ],
    "player_stats": [
      {
        "name": "김태연",
        "year": 22,
        "team": "한화",
        "pa": 464,
        "ops": 0.662,
        "avg": 0.24,
        "obp": 0.325,
        "slg": 0.337,
        "rbi": 53,
        "sb": 3,
        "hr": 7
      },
      {
        "name": "정은원",
        "year": 22,
        "team": "한화",
        "pa": 601,
        "ops": 0.745,
        "avg": 0.274,
        "obp": 0.377,
        "slg": 0.368,
        "rbi": 49,
        "sb": 10,
        "hr": 8
      },
      {
        "name": "노시환",
        "year": 22,
        "team": "한화",
        "pa": 490,
        "ops": 0.737,
        "avg": 0.281,
        "obp": 0.355,
        "slg": 0.382,
        "rbi": 59,
        "sb": 6,
        "hr": 6
      },
      {
        "name": "터크먼",
        "year": 22,
        "team": "한화",
        "pa": 648,
        "ops": 0.796,
        "avg": 0.289,
        "obp": 0.366,
        "slg": 0.43,
        "rbi": 43,
        "sb": 19,
        "hr": 12
      },
      {
        "name": "하주석",
        "year": 22,
        "team": "한화",
        "pa": 483,
        "ops": 0.651,
        "avg": 0.258,
        "obp": 0.309,
        "slg": 0.342,
        "rbi": 58,
        "sb": 20,
        "hr": 5
      },
      {
        "name": "김인환",
        "year": 22,
        "team": "한화",
        "pa": 429,
        "ops": 0.722,
        "avg": 0.261,
        "obp": 0.305,
        "slg": 0.417,
        "rbi": 54,
        "sb": 2,
        "hr": 16
      },
      {
        "name": "최재훈",
        "year": 22,
        "team": "한화",
        "pa": 437,
        "ops": 0.641,
        "avg": 0.223,
        "obp": 0.339,
        "slg": 0.302,
        "rbi": 30,
        "sb": 1,
        "hr": 5
      },
      {
        "name": "노수광",
        "year": 22,
        "team": "한화",
        "pa": 361,
        "ops": 0.661,
        "avg": 0.229,
        "obp": 0.299,
        "slg": 0.362,
        "rbi": 30,
        "sb": 17,
        "hr": 4
      },
      {
        "name": "이진영",
        "year": 22,
        "team": "한화",
        "pa": 240,
        "ops": 0.627,
        "avg": 0.2,
        "obp": 0.254,
        "slg": 0.373,
        "rbi": 31,
        "sb": 2,
        "hr": 8
      }
    ]
  },
  {
    "generation": 23,
    "expected_score": 4.865,
    "lineup": [
      "김태연",
      "정은원",
      "노시환",
      "터크먼",
      "하주석",
      "김인환",
      "최재훈",
      "노수광",
      "이진영"
    ],
    "player_stats": [
      {
        "name": "김태연",
        "year": 22,
        "team": "한화",
        "pa": 464,
        "ops": 0.662,
        "avg": 0.24,
        "obp": 0.325,
        "slg": 0.337,
        "rbi": 53,
        "sb": 3,
        "hr": 7
      },
      {
        "name": "정은원",
        "year": 22,
        "team": "한화",
        "pa": 601,
        "ops": 0.745,
        "avg": 0.274,
        "obp": 0.377,
        "slg": 0.368,
        "rbi": 49,
        "sb": 10,
        "hr": 8
      },
      {
        "name": "노시환",
        "year": 22,
        "team": "한화",
        "pa": 490,
        "ops": 0.737,
        "avg": 0.281,
        "obp": 0.355,
        "slg": 0.382,
        "rbi": 59,
        "sb": 6,
        "hr": 6
      },
      {
        "name": "터크먼",
        "year": 22,
        "team": "한화",
        "pa": 648,
        "ops": 0.796,
        "avg": 0.289,
        "obp": 0.366,
        "slg": 0.43,
        "rbi": 43,
        "sb": 19,
        "hr": 12
      },
      {
        "name": "하주석",
        "year": 22,
        "team": "한화",
        "pa": 483,
        "ops": 0.651,
        "avg": 0.258,
        "obp": 0.309,
        "slg": 0.342,
        "rbi": 58,
        "sb": 20,
        "hr": 5
      },
      {
        "name": "김인환",
        "year": 22,
        "team": "한화",
        "pa": 429,
        "ops": 0.722,
        "avg": 0.261,
        "obp": 0.305,
        "slg": 0.417,
        "rbi": 54,
        "sb": 2,
        "hr": 16
      },
      {
        "name": "최재훈",
        "year": 22,
        "team": "한화",
        "pa": 437,
        "ops": 0.641,
        "avg": 0.223,
        "obp": 0.339,
        "slg": 0.302,
        "rbi": 30,
        "sb": 1,
        "hr": 5
      },
      {
        "name": "노수광",
        "year": 22,
        "team": "한화",
        "pa": 361,
        "ops": 0.661,
        "avg": 0.229,
        "obp": 0.299,
        "slg": 0.362,
        "rbi": 30,
        "sb": 17,
        "hr": 4
      },
      {
        "name": "이진영",
        "year": 22,
        "team": "한화",
        "pa": 240,
        "ops": 0.627,
        "avg": 0.2,
        "obp": 0.254,
        "slg": 0.373,
        "rbi": 31,
        "sb": 2,
        "hr": 8
      }
    ]
  },
  {
    "generation": 24,
    "expected_score": 4.84,
    "lineup": [
      "김태연",
      "정은원",
      "노시환",
      "터크먼",
      "하주석",
      "김인환",
      "이진영",
      "최재훈",
      "노수광"
    ],
    "player_stats": [
      {
        "name": "김태연",
        "year": 22,
        "team": "한화",
        "pa": 464,
        "ops": 0.662,
        "avg": 0.24,
        "obp": 0.325,
        "slg": 0.337,
        "rbi": 53,
        "sb": 3,
        "hr": 7
      },
      {
        "name": "정은원",
        "year": 22,
        "team": "한화",
        "pa": 601,
        "ops": 0.745,
        "avg": 0.274,
        "obp": 0.377,
        "slg": 0.368,
        "rbi": 49,
        "sb": 10,
        "hr": 8
      },
      {
        "name": "노시환",
        "year": 22,
        "team": "한화",
        "pa": 490,
        "ops": 0.737,
        "avg": 0.281,
        "obp": 0.355,
        "slg": 0.382,
        "rbi": 59,
        "sb": 6,
        "hr": 6
      },
      {
        "name": "터크먼",
        "year": 22,
        "team": "한화",
        "pa": 648,
        "ops": 0.796,
        "avg": 0.289,
        "obp": 0.366,
        "slg": 0.43,
        "rbi": 43,
        "sb": 19,
        "hr": 12
      },
      {
        "name": "하주석",
        "year": 22,
        "team": "한화",
        "pa": 483,
        "ops": 0.651,
        "avg": 0.258,
        "obp": 0.309,
        "slg": 0.342,
        "rbi": 58,
        "sb": 20,
        "hr": 5
      },
      {
        "name": "김인환",
        "year": 22,
        "team": "한화",
        "pa": 429,
        "ops": 0.722,
        "avg": 0.261,
        "obp": 0.305,
        "slg": 0.417,
        "rbi": 54,
        "sb": 2,
        "hr": 16
      },
      {
        "name": "이진영",
        "year": 22,
        "team": "한화",
        "pa": 240,
        "ops": 0.627,
        "avg": 0.2,
        "obp": 0.254,
        "slg": 0.373,
        "rbi": 31,
        "sb": 2,
        "hr": 8
      },
      {
        "name": "최재훈",
        "year": 22,
        "team": "한화",
        "pa": 437,
        "ops": 0.641,
        "avg": 0.223,
        "obp": 0.339,
        "slg": 0.302,
        "rbi": 30,
        "sb": 1,
        "hr": 5
      },
      {
        "name": "노수광",
        "year": 22,
        "team": "한화",
        "pa": 361,
        "ops": 0.661,
        "avg": 0.229,
        "obp": 0.299,
        "slg": 0.362,
        "rbi": 30,
        "sb": 17,
        "hr": 4
      }
    ]
  },
  {
    "generation": 25,
    "expected_score": 4.725,
    "lineup": [
      "김태연",
      "정은원",
      "노시환",
      "터크먼",
      "하주석",
      "김인환",
      "이진영",
      "최재훈",
      "노수광"
    ],
    "player_stats": [
      {
        "name": "김태연",
        "year": 22,
        "team": "한화",
        "pa": 464,
        "ops": 0.662,
        "avg": 0.24,
        "obp": 0.325,
        "slg": 0.337,
        "rbi": 53,
        "sb": 3,
        "hr": 7
      },
      {
        "name": "정은원",
        "year": 22,
        "team": "한화",
        "pa": 601,
        "ops": 0.745,
        "avg": 0.274,
        "obp": 0.377,
        "slg": 0.368,
        "rbi": 49,
        "sb": 10,
        "hr": 8
      },
      {
        "name": "노시환",
        "year": 22,
        "team": "한화",
        "pa": 490,
        "ops": 0.737,
        "avg": 0.281,
        "obp": 0.355,
        "slg": 0.382,
        "rbi": 59,
        "sb": 6,
        "hr": 6
      },
      {
        "name": "터크먼",
        "year": 22,
        "team": "한화",
        "pa": 648,
        "ops": 0.796,
        "avg": 0.289,
        "obp": 0.366,
        "slg": 0.43,
        "rbi": 43,
        "sb": 19,
        "hr": 12
      },
      {
        "name": "하주석",
        "year": 22,
        "team": "한화",
        "pa": 483,
        "ops": 0.651,
        "avg": 0.258,
        "obp": 0.309,
        "slg": 0.342,
        "rbi": 58,
        "sb": 20,
        "hr": 5
      },
      {
        "name": "김인환",
        "year": 22,
        "team": "한화",
        "pa": 429,
        "ops": 0.722,
        "avg": 0.261,
        "obp": 0.305,
        "slg": 0.417,
        "rbi": 54,
        "sb": 2,
        "hr": 16
      },
      {
        "name": "이진영",
        "year": 22,
        "team": "한화",
        "pa": 240,
        "ops": 0.627,
        "avg": 0.2,
        "obp": 0.254,
        "slg": 0.373,
        "rbi": 31,
        "sb": 2,
        "hr": 8
      },
      {
        "name": "최재훈",
        "year": 22,
        "team": "한화",
        "pa": 437,
        "ops": 0.641,
        "avg": 0.223,
        "obp": 0.339,
        "slg": 0.302,
        "rbi": 30,
        "sb": 1,
        "hr": 5
      },
      {
        "name": "노수광",
        "year": 22,
        "team": "한화",
        "pa": 361,
        "ops": 0.661,
        "avg": 0.229,
        "obp": 0.299,
        "slg": 0.362,
        "rbi": 30,
        "sb": 17,
        "hr": 4
      }
    ]
  },
  {
    "generation": 26,
    "expected_score": 4.92,
    "lineup": [
      "김태연",
      "정은원",
      "노시환",
      "터크먼",
      "하주석",
      "김인환",
      "이진영",
      "최재훈",
      "노수광"
    ],
    "player_stats": [
      {
        "name": "김태연",
        "year": 22,
        "team": "한화",
        "pa": 464,
        "ops": 0.662,
        "avg": 0.24,
        "obp": 0.325,
        "slg": 0.337,
        "rbi": 53,
        "sb": 3,
        "hr": 7
      },
      {
        "name": "정은원",
        "year": 22,
        "team": "한화",
        "pa": 601,
        "ops": 0.745,
        "avg": 0.274,
        "obp": 0.377,
        "slg": 0.368,
        "rbi": 49,
        "sb": 10,
        "hr": 8
      },
      {
        "name": "노시환",
        "year": 22,
        "team": "한화",
        "pa": 490,
        "ops": 0.737,
        "avg": 0.281,
        "obp": 0.355,
        "slg": 0.382,
        "rbi": 59,
        "sb": 6,
        "hr": 6
      },
      {
        "name": "터크먼",
        "year": 22,
        "team": "한화",
        "pa": 648,
        "ops": 0.796,
        "avg": 0.289,
        "obp": 0.366,
        "slg": 0.43,
        "rbi": 43,
        "sb": 19,
        "hr": 12
      },
      {
        "name": "하주석",
        "year": 22,
        "team": "한화",
        "pa": 483,
        "ops": 0.651,
        "avg": 0.258,
        "obp": 0.309,
        "slg": 0.342,
        "rbi": 58,
        "sb": 20,
        "hr": 5
      },
      {
        "name": "김인환",
        "year": 22,
        "team": "한화",
        "pa": 429,
        "ops": 0.722,
        "avg": 0.261,
        "obp": 0.305,
        "slg": 0.417,
        "rbi": 54,
        "sb": 2,
        "hr": 16
      },
      {
        "name": "이진영",
        "year": 22,
        "team": "한화",
        "pa": 240,
        "ops": 0.627,
        "avg": 0.2,
        "obp": 0.254,
        "slg": 0.373,
        "rbi": 31,
        "sb": 2,
        "hr": 8
      },
      {
        "name": "최재훈",
        "year": 22,
        "team": "한화",
        "pa": 437,
        "ops": 0.641,
        "avg": 0.223,
        "obp": 0.339,
        "slg": 0.302,
        "rbi": 30,
        "sb": 1,
        "hr": 5
      },
      {
        "name": "노수광",
        "year": 22,
        "team": "한화",
        "pa": 361,
        "ops": 0.661,
        "avg": 0.229,
        "obp": 0.299,
        "slg": 0.362,
        "rbi": 30,
        "sb": 17,
        "hr": 4
      }
    ]
  },
  {
    "generation": 27,
    "expected_score": 5.01,
    "lineup": [
      "김태연",
      "정은원",
      "노시환",
      "터크먼",
      "하주석",
      "김인환",
      "이진영",
      "최재훈",
      "노수광"
    ],
    "player_stats": [
      {
        "name": "김태연",
        "year": 22,
        "team": "한화",
        "pa": 464,
        "ops": 0.662,
        "avg": 0.24,
        "obp": 0.325,
        "slg": 0.337,
        "rbi": 53,
        "sb": 3,
        "hr": 7
      },
      {
        "name": "정은원",
        "year": 22,
        "team": "한화",
        "pa": 601,
        "ops": 0.745,
        "avg": 0.274,
        "obp": 0.377,
        "slg": 0.368,
        "rbi": 49,
        "sb": 10,
        "hr": 8
      },
      {
        "name": "노시환",
        "year": 22,
        "team": "한화",
        "pa": 490,
        "ops": 0.737,
        "avg": 0.281,
        "obp": 0.355,
        "slg": 0.382,
        "rbi": 59,
        "sb": 6,
        "hr": 6
      },
      {
        "name": "터크먼",
        "year": 22,
        "team": "한화",
        "pa": 648,
        "ops": 0.796,
        "avg": 0.289,
        "obp": 0.366,
        "slg": 0.43,
        "rbi": 43,
        "sb": 19,
        "hr": 12
      },
      {
        "name": "하주석",
        "year": 22,
        "team": "한화",
        "pa": 483,
        "ops": 0.651,
        "avg": 0.258,
        "obp": 0.309,
        "slg": 0.342,
        "rbi": 58,
        "sb": 20,
        "hr": 5
      },
      {
        "name": "김인환",
        "year": 22,
        "team": "한화",
        "pa": 429,
        "ops": 0.722,
        "avg": 0.261,
        "obp": 0.305,
        "slg": 0.417,
        "rbi": 54,
        "sb": 2,
        "hr": 16
      },
      {
        "name": "이진영",
        "year": 22,
        "team": "한화",
        "pa": 240,
        "ops": 0.627,
        "avg": 0.2,
        "obp": 0.254,
        "slg": 0.373,
        "rbi": 31,
        "sb": 2,
        "hr": 8
      },
      {
        "name": "최재훈",
        "year": 22,
        "team": "한화",
        "pa": 437,
        "ops": 0.641,
        "avg": 0.223,
        "obp": 0.339,
        "slg": 0.302,
        "rbi": 30,
        "sb": 1,
        "hr": 5
      },
      {
        "name": "노수광",
        "year": 22,
        "team": "한화",
        "pa": 361,
        "ops": 0.661,
        "avg": 0.229,
        "obp": 0.299,
        "slg": 0.362,
        "rbi": 30,
        "sb": 17,
        "hr": 4
      }
    ]
  },
  {
    "generation": 28,
    "expected_score": 5.025,
    "lineup": [
      "김태연",
      "정은원",
      "노시환",
      "터크먼",
      "하주석",
      "김인환",
      "이진영",
      "최재훈",
      "노수광"
    ],
    "player_stats": [
      {
        "name": "김태연",
        "year": 22,
        "team": "한화",
        "pa": 464,
        "ops": 0.662,
        "avg": 0.24,
        "obp": 0.325,
        "slg": 0.337,
        "rbi": 53,
        "sb": 3,
        "hr": 7
      },
      {
        "name": "정은원",
        "year": 22,
        "team": "한화",
        "pa": 601,
        "ops": 0.745,
        "avg": 0.274,
        "obp": 0.377,
        "slg": 0.368,
        "rbi": 49,
        "sb": 10,
        "hr": 8
      },
      {
        "name": "노시환",
        "year": 22,
        "team": "한화",
        "pa": 490,
        "ops": 0.737,
        "avg": 0.281,
        "obp": 0.355,
        "slg": 0.382,
        "rbi": 59,
        "sb": 6,
        "hr": 6
      },
      {
        "name": "터크먼",
        "year": 22,
        "team": "한화",
        "pa": 648,
        "ops": 0.796,
        "avg": 0.289,
        "obp": 0.366,
        "slg": 0.43,
        "rbi": 43,
        "sb": 19,
        "hr": 12
      },
      {
        "name": "하주석",
        "year": 22,
        "team": "한화",
        "pa": 483,
        "ops": 0.651,
        "avg": 0.258,
        "obp": 0.309,
        "slg": 0.342,
        "rbi": 58,
        "sb": 20,
        "hr": 5
      },
      {
        "name": "김인환",
        "year": 22,
        "team": "한화",
        "pa": 429,
        "ops": 0.722,
        "avg": 0.261,
        "obp": 0.305,
        "slg": 0.417,
        "rbi": 54,
        "sb": 2,
        "hr": 16
      },
      {
        "name": "이진영",
        "year": 22,
        "team": "한화",
        "pa": 240,
        "ops": 0.627,
        "avg": 0.2,
        "obp": 0.254,
        "slg": 0.373,
        "rbi": 31,
        "sb": 2,
        "hr": 8
      },
      {
        "name": "최재훈",
        "year": 22,
        "team": "한화",
        "pa": 437,
        "ops": 0.641,
        "avg": 0.223,
        "obp": 0.339,
        "slg": 0.302,
        "rbi": 30,
        "sb": 1,
        "hr": 5
      },
      {
        "name": "노수광",
        "year": 22,
        "team": "한화",
        "pa": 361,
        "ops": 0.661,
        "avg": 0.229,
        "obp": 0.299,
        "slg": 0.362,
        "rbi": 30,
        "sb": 17,
        "hr": 4
      }
    ]
  },
  {
    "generation": 29,
    "expected_score": 4.875,
    "lineup": [
      "김태연",
      "정은원",
      "노시환",
      "터크먼",
      "김인환",
      "하주석",
      "이진영",
      "최재훈",
      "노수광"
    ],
    "player_stats": [
      {
        "name": "김태연",
        "year": 22,
        "team": "한화",
        "pa": 464,
        "ops": 0.662,
        "avg": 0.24,
        "obp": 0.325,
        "slg": 0.337,
        "rbi": 53,
        "sb": 3,
        "hr": 7
      },
      {
        "name": "정은원",
        "year": 22,
        "team": "한화",
        "pa": 601,
        "ops": 0.745,
        "avg": 0.274,
        "obp": 0.377,
        "slg": 0.368,
        "rbi": 49,
        "sb": 10,
        "hr": 8
      },
      {
        "name": "노시환",
        "year": 22,
        "team": "한화",
        "pa": 490,
        "ops": 0.737,
        "avg": 0.281,
        "obp": 0.355,
        "slg": 0.382,
        "rbi": 59,
        "sb": 6,
        "hr": 6
      },
      {
        "name": "터크먼",
        "year": 22,
        "team": "한화",
        "pa": 648,
        "ops": 0.796,
        "avg": 0.289,
        "obp": 0.366,
        "slg": 0.43,
        "rbi": 43,
        "sb": 19,
        "hr": 12
      },
      {
        "name": "김인환",
        "year": 22,
        "team": "한화",
        "pa": 429,
        "ops": 0.722,
        "avg": 0.261,
        "obp": 0.305,
        "slg": 0.417,
        "rbi": 54,
        "sb": 2,
        "hr": 16
      },
      {
        "name": "하주석",
        "year": 22,
        "team": "한화",
        "pa": 483,
        "ops": 0.651,
        "avg": 0.258,
        "obp": 0.309,
        "slg": 0.342,
        "rbi": 58,
        "sb": 20,
        "hr": 5
      },
      {
        "name": "이진영",
        "year": 22,
        "team": "한화",
        "pa": 240,
        "ops": 0.627,
        "avg": 0.2,
        "obp": 0.254,
        "slg": 0.373,
        "rbi": 31,
        "sb": 2,
        "hr": 8
      },
      {
        "name": "최재훈",
        "year": 22,
        "team": "한화",
        "pa": 437,
        "ops": 0.641,
        "avg": 0.223,
        "obp": 0.339,
        "slg": 0.302,
        "rbi": 30,
        "sb": 1,
        "hr": 5
      },
      {
        "name": "노수광",
        "year": 22,
        "team": "한화",
        "pa": 361,
        "ops": 0.661,
        "avg": 0.229,
        "obp": 0.299,
        "slg": 0.362,
        "rbi": 30,
        "sb": 17,
        "hr": 4
      }
    ]
  },
  {
    "generation": 30,
    "expected_score": 4.78,
    "lineup": [
      "김태연",
      "정은원",
      "노시환",
      "터크먼",
      "하주석",
      "김인환",
      "이진영",
      "최재훈",
      "노수광"
    ],
    "player_stats": [
      {
        "name": "김태연",
        "year": 22,
        "team": "한화",
        "pa": 464,
        "ops": 0.662,
        "avg": 0.24,
        "obp": 0.325,
        "slg": 0.337,
        "rbi": 53,
        "sb": 3,
        "hr": 7
      },
      {
        "name": "정은원",
        "year": 22,
        "team": "한화",
        "pa": 601,
        "ops": 0.745,
        "avg": 0.274,
        "obp": 0.377,
        "slg": 0.368,
        "rbi": 49,
        "sb": 10,
        "hr": 8
      },
      {
        "name": "노시환",
        "year": 22,
        "team": "한화",
        "pa": 490,
        "ops": 0.737,
        "avg": 0.281,
        "obp": 0.355,
        "slg": 0.382,
        "rbi": 59,
        "sb": 6,
        "hr": 6
      },
      {
        "name": "터크먼",
        "year": 22,
        "team": "한화",
        "pa": 648,
        "ops": 0.796,
        "avg": 0.289,
        "obp": 0.366,
        "slg": 0.43,
        "rbi": 43,
        "sb": 19,
        "hr": 12
      },
      {
        "name": "하주석",
        "year": 22,
        "team": "한화",
        "pa": 483,
        "ops": 0.651,
        "avg": 0.258,
        "obp": 0.309,
        "slg": 0.342,
        "rbi": 58,
        "sb": 20,
        "hr": 5
      },
      {
        "name": "김인환",
        "year": 22,
        "team": "한화",
        "pa": 429,
        "ops": 0.722,
        "avg": 0.261,
        "obp": 0.305,
        "slg": 0.417,
        "rbi": 54,
        "sb": 2,
        "hr": 16
      },
      {
        "name": "이진영",
        "year": 22,
        "team": "한화",
        "pa": 240,
        "ops": 0.627,
        "avg": 0.2,
        "obp": 0.254,
        "slg": 0.373,
        "rbi": 31,
        "sb": 2,
        "hr": 8
      },
      {
        "name": "최재훈",
        "year": 22,
        "team": "한화",
        "pa": 437,
        "ops": 0.641,
        "avg": 0.223,
        "obp": 0.339,
        "slg": 0.302,
        "rbi": 30,
        "sb": 1,
        "hr": 5
      },
      {
        "name": "노수광",
        "year": 22,
        "team": "한화",
        "pa": 361,
        "ops": 0.661,
        "avg": 0.229,
        "obp": 0.299,
        "slg": 0.362,
        "rbi": 30,
        "sb": 17,
        "hr": 4
      }
    ]
  }
]