[
  {
    "generation": 1,
    "expected_score": 6.67,
    "lineup": [
      "강백호",
      "황재균",
      "심우준",
      "배정대",
      "로하스",
      "조용호",
      "유한준",
      "장성우",
      "박경수"
    ],
    "player_stats": [
      {
        "name": "강백호",
        "year": 20,
        "team": "KT",
        "pa": 574,
        "ops": 0.955,
        "avg": 0.33,
        "obp": 0.411,
        "slg": 0.544,
        "rbi": 89,
        "sb": 7,
        "hr": 23
      },
      {
        "name": "황재균",
        "year": 20,
        "team": "KT",
        "pa": 600,
        "ops": 0.882,
        "avg": 0.312,
        "obp": 0.37,
        "slg": 0.512,
        "rbi": 97,
        "sb": 11,
        "hr": 21
      },
      {
        "name": "심우준",
        "year": 20,
        "team": "KT",
        "pa": 535,
        "ops": 0.591,
        "avg": 0.235,
        "obp": 0.291,
        "slg": 0.3,
        "rbi": 51,
        "sb": 35,
        "hr": 3
      },
      {
        "name": "배정대",
        "year": 20,
        "team": "KT",
        "pa": 615,
        "ops": 0.792,
        "avg": 0.289,
        "obp": 0.372,
        "slg": 0.42,
        "rbi": 65,
        "sb": 22,
        "hr": 13
      },
      {
        "name": "로하스",
        "year": 20,
        "team": "KT",
        "pa": 628,
        "ops": 1.097,
        "avg": 0.349,
        "obp": 0.417,
        "slg": 0.68,
        "rbi": 135,
        "sb": 0,
        "hr": 47
      },
      {
        "name": "조용호",
        "year": 20,
        "team": "KT",
        "pa": 482,
        "ops": 0.725,
        "avg": 0.296,
        "obp": 0.392,
        "slg": 0.333,
        "rbi": 32,
        "sb": 12,
        "hr": 0
      },
      {
        "name": "유한준",
        "year": 20,
        "team": "KT",
        "pa": 428,
        "ops": 0.756,
        "avg": 0.28,
        "obp": 0.347,
        "slg": 0.409,
        "rbi": 64,
        "sb": 0,
        "hr": 11
      },
      {
        "name": "장성우",
        "year": 20,
        "team": "KT",
        "pa": 455,
        "ops": 0.75,
        "avg": 0.278,
        "obp": 0.337,
        "slg": 0.413,
        "rbi": 79,
        "sb": 0,
        "hr": 13
      },
      {
        "name": "박경수",
        "year": 20,
        "team": "KT",
        "pa": 391,
        "ops": 0.835,
        "avg": 0.281,
        "obp": 0.381,
        "slg": 0.454,
        "rbi": 59,
        "sb": 0,
        "hr": 13
      }
    ]
  },
  {
    "generation": 2,
    "expected_score": 6.7,
    "lineup": [
      "조용호",
      "심우준",
      "장성우",
      "박경수",
      "황재균",
      "유한준",
      "배정대",
      "로하스",
      "강백호"
    ],
    "player_stats": [
      {
        "name": "조용호",
        "year": 20,
        "team": "KT",
        "pa": 482,
        "ops": 0.725,
        "avg": 0.296,
        "obp": 0.392,
        "slg": 0.333,
        "rbi": 32,
        "sb": 12,
        "hr": 0
      },
      {
        "name": "심우준",
        "year": 20,
        "team": "KT",
        "pa": 535,
        "ops": 0.591,
        "avg": 0.235,
        "obp": 0.291,
        "slg": 0.3,
        "rbi": 51,
        "sb": 35,
        "hr": 3
      },
      {
        "name": "장성우",
        "year": 20,
        "team": "KT",
        "pa": 455,
        "ops": 0.75,
        "avg": 0.278,
        "obp": 0.337,
        "slg": 0.413,
        "rbi": 79,
        "sb": 0,
        "hr": 13
      },
      {
        "name": "박경수",
        "year": 20,
        "team": "KT",
        "pa": 391,
        "ops": 0.835,
        "avg": 0.281,
        "obp": 0.381,
        "slg": 0.454,
        "rbi": 59,
        "sb": 0,
        "hr": 13
      },
      {
        "name": "황재균",
        "year": 20,
        "team": "KT",
        "pa": 600,
        "ops": 0.882,
        "avg": 0.312,
        "obp": 0.37,
        "slg": 0.512,
        "rbi": 97,
        "sb": 11,
        "hr": 21
      },
      {
        "name": "유한준",
        "year": 20,
        "team": "KT",
        "pa": 428,
        "ops": 0.756,
        "avg": 0.28,
        "obp": 0.347,
        "slg": 0.409,
        "rbi": 64,
        "sb": 0,
        "hr": 11
      },
      {
        "name": "배정대",
        "year": 20,
        "team": "KT",
        "pa": 615,
        "ops": 0.792,
        "avg": 0.289,
        "obp": 0.372,
        "slg": 0.42,
        "rbi": 65,
        "sb": 22,
        "hr": 13
      },
      {
        "name": "로하스",
        "year": 20,
        "team": "KT",
        "pa": 628,
        "ops": 1.097,
        "avg": 0.349,
        "obp": 0.417,
        "slg": 0.68,
        "rbi": 135,
        "sb": 0,
        "hr": 47
      },
      {
        "name": "강백호",
        "year": 20,
        "team": "KT",
        "pa": 574,
        "ops": 0.955,
        "avg": 0.33,
        "obp": 0.411,
        "slg": 0.544,
        "rbi": 89,
        "sb": 7,
        "hr": 23
      }
    ]
  },
  {
    "generation": 3,
    "expected_score": 6.495,
    "lineup": [
      "배정대",
      "유한준",
      "황재균",
      "조용호",
      "강백호",
      "박경수",
      "심우준",
      "로하스",
      "장성우"
    ],
    "player_stats": [
      {
        "name": "배정대",
        "year": 20,
        "team": "KT",
        "pa": 615,
        "ops": 0.792,
        "avg": 0.289,
        "obp": 0.372,
        "slg": 0.42,
        "rbi": 65,
        "sb": 22,
        "hr": 13
      },
      {
        "name": "유한준",
        "year": 20,
        "team": "KT",
        "pa": 428,
        "ops": 0.756,
        "avg": 0.28,
        "obp": 0.347,
        "slg": 0.409,
        "rbi": 64,
        "sb": 0,
        "hr": 11
      },
      {
        "name": "황재균",
        "year": 20,
        "team": "KT",
        "pa": 600,
        "ops": 0.882,
        "avg": 0.312,
        "obp": 0.37,
        "slg": 0.512,
        "rbi": 97,
        "sb": 11,
        "hr": 21
      },
      {
        "name": "조용호",
        "year": 20,
        "team": "KT",
        "pa": 482,
        "ops": 0.725,
        "avg": 0.296,
        "obp": 0.392,
        "slg": 0.333,
        "rbi": 32,
        "sb": 12,
        "hr": 0
      },
      {
        "name": "강백호",
        "year": 20,
        "team": "KT",
        "pa": 574,
        "ops": 0.955,
        "avg": 0.33,
        "obp": 0.411,
        "slg": 0.544,
        "rbi": 89,
        "sb": 7,
        "hr": 23
      },
      {
        "name": "박경수",
        "year": 20,
        "team": "KT",
        "pa": 391,
        "ops": 0.835,
        "avg": 0.281,
        "obp": 0.381,
        "slg": 0.454,
        "rbi": 59,
        "sb": 0,
        "hr": 13
      },
      {
        "name": "심우준",
        "year": 20,
        "team": "KT",
        "pa": 535,
        "ops": 0.591,
        "avg": 0.235,
        "obp": 0.291,
        "slg": 0.3,
        "rbi": 51,
        "sb": 35,
        "hr": 3
      },
      {
        "name": "로하스",
        "year": 20,
        "team": "KT",
        "pa": 628,
        "ops": 1.097,
        "avg": 0.349,
        "obp": 0.417,
        "slg": 0.68,
        "rbi": 135,
        "sb": 0,
        "hr": 47
      },
      {
        "name": "장성우",
        "year": 20,
        "team": "KT",
        "pa": 455,
        "ops": 0.75,
        "avg": 0.278,
        "obp": 0.337,
        "slg": 0.413,
        "rbi": 79,
        "sb": 0,
        "hr": 13
      }
    ]
  },
  {
    "generation": 4,
    "expected_score": 6.71,
    "lineup": [
      "장성우",
      "박경수",
      "황재균",
      "조용호",
      "로하스",
      "심우준",
      "강백호",
      "배정대",
      "유한준"
    ],
    "player_stats": [
      {
        "name": "장성우",
        "year": 20,
        "team": "KT",
        "pa": 455,
        "ops": 0.75,
        "avg": 0.278,
        "obp": 0.337,
        "slg": 0.413,
        "rbi": 79,
        "sb": 0,
        "hr": 13
      },
      {
        "name": "박경수",
        "year": 20,
        "team": "KT",
        "pa": 391,
        "ops": 0.835,
        "avg": 0.281,
        "obp": 0.381,
        "slg": 0.454,
        "rbi": 59,
        "sb": 0,
        "hr": 13
      },
      {
        "name": "황재균",
        "year": 20,
        "team": "KT",
        "pa": 600,
        "ops": 0.882,
        "avg": 0.312,
        "obp": 0.37,
        "slg": 0.512,
        "rbi": 97,
        "sb": 11,
        "hr": 21
      },
      {
        "name": "조용호",
        "year": 20,
        "team": "KT",
        "pa": 482,
        "ops": 0.725,
        "avg": 0.296,
        "obp": 0.392,
        "slg": 0.333,
        "rbi": 32,
        "sb": 12,
        "hr": 0
      },
      {
        "name": "로하스",
        "year": 20,
        "team": "KT",
        "pa": 628,
        "ops": 1.097,
        "avg": 0.349,
        "obp": 0.417,
        "slg": 0.68,
        "rbi": 135,
        "sb": 0,
        "hr": 47
      },
      {
        "name": "심우준",
        "year": 20,
        "team": "KT",
        "pa": 535,
        "ops": 0.591,
        "avg": 0.235,
        "obp": 0.291,
        "slg": 0.3,
        "rbi": 51,
        "sb": 35,
        "hr": 3
      },
      {
        "name": "강백호",
        "year": 20,
        "team": "KT",
        "pa": 574,
        "ops": 0.955,
        "avg": 0.33,
        "obp": 0.411,
        "slg": 0.544,
        "rbi": 89,
        "sb": 7,
        "hr": 23
      },
      {
        "name": "배정대",
        "year": 20,
        "team": "KT",
        "pa": 615,
        "ops": 0.792,
        "avg": 0.289,
        "obp": 0.372,
        "slg": 0.42,
        "rbi": 65,
        "sb": 22,
        "hr": 13
      },
      {
        "name": "유한준",
        "year": 20,
        "team": "KT",
        "pa": 428,
        "ops": 0.756,
        "avg": 0.28,
        "obp": 0.347,
        "slg": 0.409,
        "rbi": 64,
        "sb": 0,
        "hr": 11
      }
    ]
  },
  {
    "generation": 5,
    "expected_score": 6.58,
    "lineup": [
      "조용호",
      "로하스",
      "장성우",
      "유한준",
      "강백호",
      "박경수",
      "심우준",
      "황재균",
      "배정대"
    ],
    "player_stats": [
      {
        "name": "조용호",
        "year": 20,
        "team": "KT",
        "pa": 482,
        "ops": 0.725,
        "avg": 0.296,
        "obp": 0.392,
        "slg": 0.333,
        "rbi": 32,
        "sb": 12,
        "hr": 0
      },
      {
        "name": "로하스",
        "year": 20,
        "team": "KT",
        "pa": 628,
        "ops": 1.097,
        "avg": 0.349,
        "obp": 0.417,
        "slg": 0.68,
        "rbi": 135,
        "sb": 0,
        "hr": 47
      },
      {
        "name": "장성우",
        "year": 20,
        "team": "KT",
        "pa": 455,
        "ops": 0.75,
        "avg": 0.278,
        "obp": 0.337,
        "slg": 0.413,
        "rbi": 79,
        "sb": 0,
        "hr": 13
      },
      {
        "name": "유한준",
        "year": 20,
        "team": "KT",
        "pa": 428,
        "ops": 0.756,
        "avg": 0.28,
        "obp": 0.347,
        "slg": 0.409,
        "rbi": 64,
        "sb": 0,
        "hr": 11
      },
      {
        "name": "강백호",
        "year": 20,
        "team": "KT",
        "pa": 574,
        "ops": 0.955,
        "avg": 0.33,
        "obp": 0.411,
        "slg": 0.544,
        "rbi": 89,
        "sb": 7,
        "hr": 23
      },
      {
        "name": "박경수",
        "year": 20,
        "team": "KT",
        "pa": 391,
        "ops": 0.835,
        "avg": 0.281,
        "obp": 0.381,
        "slg": 0.454,
        "rbi": 59,
        "sb": 0,
        "hr": 13
      },
      {
        "name": "심우준",
        "year": 20,
        "team": "KT",
        "pa": 535,
        "ops": 0.591,
        "avg": 0.235,
        "obp": 0.291,
        "slg": 0.3,
        "rbi": 51,
        "sb": 35,
        "hr": 3
      },
      {
        "name": "황재균",
        "year": 20,
        "team": "KT",
        "pa": 600,
        "ops": 0.882,
        "avg": 0.312,
        "obp": 0.37,
        "slg": 0.512,
        "rbi": 97,
        "sb": 11,
        "hr": 21
      },
      {
        "name": "배정대",
        "year": 20,
        "team": "KT",
        "pa": 615,
        "ops": 0.792,
        "avg": 0.289,
        "obp": 0.372,
        "slg": 0.42,
        "rbi": 65,
        "sb": 22,
        "hr": 13
      }
    ]
  },
  {
    "generation": 6,
    "expected_score": 6.59,
    "lineup": [
      "황재균",
      "유한준",
      "배정대",
      "조용호",
      "강백호",
      "심우준",
      "박경수",
      "로하스",
      "장성우"
    ],
    "player_stats": [
      {
        "name": "황재균",
        "year": 20,
        "team": "KT",
        "pa": 600,
        "ops": 0.882,
        "avg": 0.312,
        "obp": 0.37,
        "slg": 0.512,
        "rbi": 97,
        "sb": 11,
        "hr": 21
      },
      {
        "name": "유한준",
        "year": 20,
        "team": "KT",
        "pa": 428,
        "ops": 0.756,
        "avg": 0.28,
        "obp": 0.347,
        "slg": 0.409,
        "rbi": 64,
        "sb": 0,
        "hr": 11
      },
      {
        "name": "배정대",
        "year": 20,
        "team": "KT",
        "pa": 615,
        "ops": 0.792,
        "avg": 0.289,
        "obp": 0.372,
        "slg": 0.42,
        "rbi": 65,
        "sb": 22,
        "hr": 13
      },
      {
        "name": "조용호",
        "year": 20,
        "team": "KT",
        "pa": 482,
        "ops": 0.725,
        "avg": 0.296,
        "obp": 0.392,
        "slg": 0.333,
        "rbi": 32,
        "sb": 12,
        "hr": 0
      },
      {
        "name": "강백호",
        "year": 20,
        "team": "KT",
        "pa": 574,
        "ops": 0.955,
        "avg": 0.33,
        "obp": 0.411,
        "slg": 0.544,
        "rbi": 89,
        "sb": 7,
        "hr": 23
      },
      {
        "name": "심우준",
        "year": 20,
        "team": "KT",
        "pa": 535,
        "ops": 0.591,
        "avg": 0.235,
        "obp": 0.291,
        "slg": 0.3,
        "rbi": 51,
        "sb": 35,
        "hr": 3
      },
      {
        "name": "박경수",
        "year": 20,
        "team": "KT",
        "pa": 391,
        "ops": 0.835,
        "avg": 0.281,
        "obp": 0.381,
        "slg": 0.454,
        "rbi": 59,
        "sb": 0,
        "hr": 13
      },
      {
        "name": "로하스",
        "year": 20,
        "team": "KT",
        "pa": 628,
        "ops": 1.097,
        "avg": 0.349,
        "obp": 0.417,
        "slg": 0.68,
        "rbi": 135,
        "sb": 0,
        "hr": 47
      },
      {
        "name": "장성우",
        "year": 20,
        "team": "KT",
        "pa": 455,
        "ops": 0.75,
        "avg": 0.278,
        "obp": 0.337,
        "slg": 0.413,
        "rbi": 79,
        "sb": 0,
        "hr": 13
      }
    ]
  },
  {
    "generation": 7,
    "expected_score": 6.6,
    "lineup": [
      "박경수",
      "장성우",
      "황재균",
      "로하스",
      "강백호",
      "조용호",
      "유한준",
      "심우준",
      "배정대"
    ],
    "player_stats": [
      {
        "name": "박경수",
        "year": 20,
        "team": "KT",
        "pa": 391,
        "ops": 0.835,
        "avg": 0.281,
        "obp": 0.381,
        "slg": 0.454,
        "rbi": 59,
        "sb": 0,
        "hr": 13
      },
      {
        "name": "장성우",
        "year": 20,
        "team": "KT",
        "pa": 455,
        "ops": 0.75,
        "avg": 0.278,
        "obp": 0.337,
        "slg": 0.413,
        "rbi": 79,
        "sb": 0,
        "hr": 13
      },
      {
        "name": "황재균",
        "year": 20,
        "team": "KT",
        "pa": 600,
        "ops": 0.882,
        "avg": 0.312,
        "obp": 0.37,
        "slg": 0.512,
        "rbi": 97,
        "sb": 11,
        "hr": 21
      },
      {
        "name": "로하스",
        "year": 20,
        "team": "KT",
        "pa": 628,
        "ops": 1.097,
        "avg": 0.349,
        "obp": 0.417,
        "slg": 0.68,
        "rbi": 135,
        "sb": 0,
        "hr": 47
      },
      {
        "name": "강백호",
        "year": 20,
        "team": "KT",
        "pa": 574,
        "ops": 0.955,
        "avg": 0.33,
        "obp": 0.411,
        "slg": 0.544,
        "rbi": 89,
        "sb": 7,
        "hr": 23
      },
      {
        "name": "조용호",
        "year": 20,
        "team": "KT",
        "pa": 482,
        "ops": 0.725,
        "avg": 0.296,
        "obp": 0.392,
        "slg": 0.333,
        "rbi": 32,
        "sb": 12,
        "hr": 0
      },
      {
        "name": "유한준",
        "year": 20,
        "team": "KT",
        "pa": 428,
        "ops": 0.756,
        "avg": 0.28,
        "obp": 0.347,
        "slg": 0.409,
        "rbi": 64,
        "sb": 0,
        "hr": 11
      },
      {
        "name": "심우준",
        "year": 20,
        "team": "KT",
        "pa": 535,
        "ops": 0.591,
        "avg": 0.235,
        "obp": 0.291,
        "slg": 0.3,
        "rbi": 51,
        "sb": 35,
        "hr": 3
      },
      {
        "name": "배정대",
        "year": 20,
        "team": "KT",
        "pa": 615,
        "ops": 0.792,
        "avg": 0.289,
        "obp": 0.372,
        "slg": 0.42,
        "rbi": 65,
        "sb": 22,
        "hr": 13
      }
    ]
  },
  {
    "generation": 8,
    "expected_score": 6.63,
    "lineup": [
      "황재균",
      "장성우",
      "배정대",
      "조용호",
      "강백호",
      "심우준",
      "유한준",
      "박경수",
      "로하스"
    ],
    "player_stats": [
      {
        "name": "황재균",
        "year": 20,
        "team": "KT",
        "pa": 600,
        "ops": 0.882,
        "avg": 0.312,
        "obp": 0.37,
        "slg": 0.512,
        "rbi": 97,
        "sb": 11,
        "hr": 21
      },
      {
        "name": "장성우",
        "year": 20,
        "team": "KT",
        "pa": 455,
        "ops": 0.75,
        "avg": 0.278,
        "obp": 0.337,
        "slg": 0.413,
        "rbi": 79,
        "sb": 0,
        "hr": 13
      },
      {
        "name": "배정대",
        "year": 20,
        "team": "KT",
        "pa": 615,
        "ops": 0.792,
        "avg": 0.289,
        "obp": 0.372,
        "slg": 0.42,
        "rbi": 65,
        "sb": 22,
        "hr": 13
      },
      {
        "name": "조용호",
        "year": 20,
        "team": "KT",
        "pa": 482,
        "ops": 0.725,
        "avg": 0.296,
        "obp": 0.392,
        "slg": 0.333,
        "rbi": 32,
        "sb": 12,
        "hr": 0
      },
      {
        "name": "강백호",
        "year": 20,
        "team": "KT",
        "pa": 574,
        "ops": 0.955,
        "avg": 0.33,
        "obp": 0.411,
        "slg": 0.544,
        "rbi": 89,
        "sb": 7,
        "hr": 23
      },
      {
        "name": "심우준",
        "year": 20,
        "team": "KT",
        "pa": 535,
        "ops": 0.591,
        "avg": 0.235,
        "obp": 0.291,
        "slg": 0.3,
        "rbi": 51,
        "sb": 35,
        "hr": 3
      },
      {
        "name": "유한준",
        "year": 20,
        "team": "KT",
        "pa": 428,
        "ops": 0.756,
        "avg": 0.28,
        "obp": 0.347,
        "slg": 0.409,
        "rbi": 64,
        "sb": 0,
        "hr": 11
      },
      {
        "name": "박경수",
        "year": 20,
        "team": "KT",
        "pa": 391,
        "ops": 0.835,
        "avg": 0.281,
        "obp": 0.381,
        "slg": 0.454,
        "rbi": 59,
        "sb": 0,
        "hr": 13
      },
      {
        "name": "로하스",
        "year": 20,
        "team": "KT",
        "pa": 628,
        "ops": 1.097,
        "avg": 0.349,
        "obp": 0.417,
        "slg": 0.68,
        "rbi": 135,
        "sb": 0,
        "hr": 47
      }
    ]
  },
  {
    "generation": 9,
    "expected_score": 6.51,
    "lineup": [
      "황재균",
      "장성우",
      "배정대",
      "강백호",
      "심우준",
      "조용호",
      "유한준",
      "로하스",
      "박경수"
    ],
    "player_stats": [
      {
        "name": "황재균",
        "year": 20,
        "team": "KT",
        "pa": 600,
        "ops": 0.882,
        "avg": 0.312,
        "obp": 0.37,
        "slg": 0.512,
        "rbi": 97,
        "sb": 11,
        "hr": 21
      },
      {
        "name": "장성우",
        "year": 20,
        "team": "KT",
        "pa": 455,
        "ops": 0.75,
        "avg": 0.278,
        "obp": 0.337,
        "slg": 0.413,
        "rbi": 79,
        "sb": 0,
        "hr": 13
      },
      {
        "name": "배정대",
        "year": 20,
        "team": "KT",
        "pa": 615,
        "ops": 0.792,
        "avg": 0.289,
        "obp": 0.372,
        "slg": 0.42,
        "rbi": 65,
        "sb": 22,
        "hr": 13
      },
      {
        "name": "강백호",
        "year": 20,
        "team": "KT",
        "pa": 574,
        "ops": 0.955,
        "avg": 0.33,
        "obp": 0.411,
        "slg": 0.544,
        "rbi": 89,
        "sb": 7,
        "hr": 23
      },
      {
        "name": "심우준",
        "year": 20,
        "team": "KT",
        "pa": 535,
        "ops": 0.591,
        "avg": 0.235,
        "obp": 0.291,
        "slg": 0.3,
        "rbi": 51,
        "sb": 35,
        "hr": 3
      },
      {
        "name": "조용호",
        "year": 20,
        "team": "KT",
        "pa": 482,
        "ops": 0.725,
        "avg": 0.296,
        "obp": 0.392,
        "slg": 0.333,
        "rbi": 32,
        "sb": 12,
        "hr": 0
      },
      {
        "name": "유한준",
        "year": 20,
        "team": "KT",
        "pa": 428,
        "ops": 0.756,
        "avg": 0.28,
        "obp": 0.347,
        "slg": 0.409,
        "rbi": 64,
        "sb": 0,
        "hr": 11
      },
      {
        "name": "로하스",
        "year": 20,
        "team": "KT",
        "pa": 628,
        "ops": 1.097,
        "avg": 0.349,
        "obp": 0.417,
        "slg": 0.68,
        "rbi": 135,
        "sb": 0,
        "hr": 47
      },
      {
        "name": "박경수",
        "year": 20,
        "team": "KT",
        "pa": 391,
        "ops": 0.835,
        "avg": 0.281,
        "obp": 0.381,
        "slg": 0.454,
        "rbi": 59,
        "sb": 0,
        "hr": 13
      }
    ]
  },
  {
    "generation": 10,
    "expected_score": 6.655,
    "lineup": [
      "유한준",
      "배정대",
      "강백호",
      "로하스",
      "장성우",
      "심우준",
      "황재균",
      "조용호",
      "박경수"
    ],
    "player_stats": [
      {
        "name": "유한준",
        "year": 20,
        "team": "KT",
        "pa": 428,
        "ops": 0.756,
        "avg": 0.28,
        "obp": 0.347,
        "slg": 0.409,
        "rbi": 64,
        "sb": 0,
        "hr": 11
      },
      {
        "name": "배정대",
        "year": 20,
        "team": "KT",
        "pa": 615,
        "ops": 0.792,
        "avg": 0.289,
        "obp": 0.372,
        "slg": 0.42,
        "rbi": 65,
        "sb": 22,
        "hr": 13
      },
      {
        "name": "강백호",
        "year": 20,
        "team": "KT",
        "pa": 574,
        "ops": 0.955,
        "avg": 0.33,
        "obp": 0.411,
        "slg": 0.544,
        "rbi": 89,
        "sb": 7,
        "hr": 23
      },
      {
        "name": "로하스",
        "year": 20,
        "team": "KT",
        "pa": 628,
        "ops": 1.097,
        "avg": 0.349,
        "obp": 0.417,
        "slg": 0.68,
        "rbi": 135,
        "sb": 0,
        "hr": 47
      },
      {
        "name": "장성우",
        "year": 20,
        "team": "KT",
        "pa": 455,
        "ops": 0.75,
        "avg": 0.278,
        "obp": 0.337,
        "slg": 0.413,
        "rbi": 79,
        "sb": 0,
        "hr": 13
      },
      {
        "name": "심우준",
        "year": 20,
        "team": "KT",
        "pa": 535,
        "ops": 0.591,
        "avg": 0.235,
        "obp": 0.291,
        "slg": 0.3,
        "rbi": 51,
        "sb": 35,
        "hr": 3
      },
      {
        "name": "황재균",
        "year": 20,
        "team": "KT",
        "pa": 600,
        "ops": 0.882,
        "avg": 0.312,
        "obp": 0.37,
        "slg": 0.512,
        "rbi": 97,
        "sb": 11,
        "hr": 21
      },
      {
        "name": "조용호",
        "year": 20,
        "team": "KT",
        "pa": 482,
        "ops": 0.725,
        "avg": 0.296,
        "obp": 0.392,
        "slg": 0.333,
        "rbi": 32,
        "sb": 12,
        "hr": 0
      },
      {
        "name": "박경수",
        "year": 20,
        "team": "KT",
        "pa": 391,
        "ops": 0.835,
        "avg": 0.281,
        "obp": 0.381,
        "slg": 0.454,
        "rbi": 59,
        "sb": 0,
        "hr": 13
      }
    ]
  },
  {
    "generation": 11,
    "expected_score": 7.07,
    "lineup": [
      "장성우",
      "조용호",
      "유한준",
      "배정대",
      "심우준",
      "박경수",
      "황재균",
      "강백호",
      "로하스"
    ],
    "player_stats": [
      {
        "name": "장성우",
        "year": 20,
        "team": "KT",
        "pa": 455,
        "ops": 0.75,
        "avg": 0.278,
        "obp": 0.337,
        "slg": 0.413,
        "rbi": 79,
        "sb": 0,
        "hr": 13
      },
      {
        "name": "조용호",
        "year": 20,
        "team": "KT",
        "pa": 482,
        "ops": 0.725,
        "avg": 0.296,
        "obp": 0.392,
        "slg": 0.333,
        "rbi": 32,
        "sb": 12,
        "hr": 0
      },
      {
        "name": "유한준",
        "year": 20,
        "team": "KT",
        "pa": 428,
        "ops": 0.756,
        "avg": 0.28,
        "obp": 0.347,
        "slg": 0.409,
        "rbi": 64,
        "sb": 0,
        "hr": 11
      },
      {
        "name": "배정대",
        "year": 20,
        "team": "KT",
        "pa": 615,
        "ops": 0.792,
        "avg": 0.289,
        "obp": 0.372,
        "slg": 0.42,
        "rbi": 65,
        "sb": 22,
        "hr": 13
      },
      {
        "name": "심우준",
        "year": 20,
        "team": "KT",
        "pa": 535,
        "ops": 0.591,
        "avg": 0.235,
        "obp": 0.291,
        "slg": 0.3,
        "rbi": 51,
        "sb": 35,
        "hr": 3
      },
      {
        "name": "박경수",
        "year": 20,
        "team": "KT",
        "pa": 391,
        "ops": 0.835,
        "avg": 0.281,
        "obp": 0.381,
        "slg": 0.454,
        "rbi": 59,
        "sb": 0,
        "hr": 13
      },
      {
        "name": "황재균",
        "year": 20,
        "team": "KT",
        "pa": 600,
        "ops": 0.882,
        "avg": 0.312,
        "obp": 0.37,
        "slg": 0.512,
        "rbi": 97,
        "sb": 11,
        "hr": 21
      },
      {
        "name": "강백호",
        "year": 20,
        "team": "KT",
        "pa": 574,
        "ops": 0.955,
        "avg": 0.33,
        "obp": 0.411,
        "slg": 0.544,
        "rbi": 89,
        "sb": 7,
        "hr": 23
      },
      {
        "name": "로하스",
        "year": 20,
        "team": "KT",
        "pa": 628,
        "ops": 1.097,
        "avg": 0.349,
        "obp": 0.417,
        "slg": 0.68,
        "rbi": 135,
        "sb": 0,
        "hr": 47
      }
    ]
  },
  {
    "generation": 12,
    "expected_score": 6.605,
    "lineup": [
      "장성우",
      "심우준",
      "유한준",
      "배정대",
      "조용호",
      "박경수",
      "황재균",
      "강백호",
      "로하스"
    ],
    "player_stats": [
      {
        "name": "장성우",
        "year": 20,
        "team": "KT",
        "pa": 455,
        "ops": 0.75,
        "avg": 0.278,
        "obp": 0.337,
        "slg": 0.413,
        "rbi": 79,
        "sb": 0,
        "hr": 13
      },
      {
        "name": "심우준",
        "year": 20,
        "team": "KT",
        "pa": 535,
        "ops": 0.591,
        "avg": 0.235,
        "obp": 0.291,
        "slg": 0.3,
        "rbi": 51,
        "sb": 35,
        "hr": 3
      },
      {
        "name": "유한준",
        "year": 20,
        "team": "KT",
        "pa": 428,
        "ops": 0.756,
        "avg": 0.28,
        "obp": 0.347,
        "slg": 0.409,
        "rbi": 64,
        "sb": 0,
        "hr": 11
      },
      {
        "name": "배정대",
        "year": 20,
        "team": "KT",
        "pa": 615,
        "ops": 0.792,
        "avg": 0.289,
        "obp": 0.372,
        "slg": 0.42,
        "rbi": 65,
        "sb": 22,
        "hr": 13
      },
      {
        "name": "조용호",
        "year": 20,
        "team": "KT",
        "pa": 482,
        "ops": 0.725,
        "avg": 0.296,
        "obp": 0.392,
        "slg": 0.333,
        "rbi": 32,
        "sb": 12,
        "hr": 0
      },
      {
        "name": "박경수",
        "year": 20,
        "team": "KT",
        "pa": 391,
        "ops": 0.835,
        "avg": 0.281,
        "obp": 0.381,
        "slg": 0.454,
        "rbi": 59,
        "sb": 0,
        "hr": 13
      },
      {
        "name": "황재균",
        "year": 20,
        "team": "KT",
        "pa": 600,
        "ops": 0.882,
        "avg": 0.312,
        "obp": 0.37,
        "slg": 0.512,
        "rbi": 97,
        "sb": 11,
        "hr": 21
      },
      {
        "name": "강백호",
        "year": 20,
        "team": "KT",
        "pa": 574,
        "ops": 0.955,
        "avg": 0.33,
        "obp": 0.411,
        "slg": 0.544,
        "rbi": 89,
        "sb": 7,
        "hr": 23
      },
      {
        "name": "로하스",
        "year": 20,
        "team": "KT",
        "pa": 628,
        "ops": 1.097,
        "avg": 0.349,
        "obp": 0.417,
        "slg": 0.68,
        "rbi": 135,
        "sb": 0,
        "hr": 47
      }
    ]
  },
  {
    "generation": 13,
    "expected_score": 6.405,
    "lineup": [
      "박경수",
      "배정대",
      "강백호",
      "로하스",
      "장성우",
      "심우준",
      "황재균",
      "조용호",
      "유한준"
    ],
    "player_stats": [
      {
        "name": "박경수",
        "year": 20,
        "team": "KT",
        "pa": 391,
        "ops": 0.835,
        "avg": 0.281,
        "obp": 0.381,
        "slg": 0.454,
        "rbi": 59,
        "sb": 0,
        "hr": 13
      },
      {
        "name": "배정대",
        "year": 20,
        "team": "KT",
        "pa": 615,
        "ops": 0.792,
        "avg": 0.289,
        "obp": 0.372,
        "slg": 0.42,
        "rbi": 65,
        "sb": 22,
        "hr": 13
      },
      {
        "name": "강백호",
        "year": 20,
        "team": "KT",
        "pa": 574,
        "ops": 0.955,
        "avg": 0.33,
        "obp": 0.411,
        "slg": 0.544,
        "rbi": 89,
        "sb": 7,
        "hr": 23
      },
      {
        "name": "로하스",
        "year": 20,
        "team": "KT",
        "pa": 628,
        "ops": 1.097,
        "avg": 0.349,
        "obp": 0.417,
        "slg": 0.68,
        "rbi": 135,
        "sb": 0,
        "hr": 47
      },
      {
        "name": "장성우",
        "year": 20,
        "team": "KT",
        "pa": 455,
        "ops": 0.75,
        "avg": 0.278,
        "obp": 0.337,
        "slg": 0.413,
        "rbi": 79,
        "sb": 0,
        "hr": 13
      },
      {
        "name": "심우준",
        "year": 20,
        "team": "KT",
        "pa": 535,
        "ops": 0.591,
        "avg": 0.235,
        "obp": 0.291,
        "slg": 0.3,
        "rbi": 51,
        "sb": 35,
        "hr": 3
      },
      {
        "name": "황재균",
        "year": 20,
        "team": "KT",
        "pa": 600,
        "ops": 0.882,
        "avg": 0.312,
        "obp": 0.37,
        "slg": 0.512,
        "rbi": 97,
        "sb": 11,
        "hr": 21
      },
      {
        "name": "조용호",
        "year": 20,
        "team": "KT",
        "pa": 482,
        "ops": 0.725,
        "avg": 0.296,
        "obp": 0.392,
        "slg": 0.333,
        "rbi": 32,
        "sb": 12,
        "hr": 0
      },
      {
        "name": "유한준",
        "year": 20,
        "team": "KT",
        "pa": 428,
        "ops": 0.756,
        "avg": 0.28,
        "obp": 0.347,
        "slg": 0.409,
        "rbi": 64,
        "sb": 0,
        "hr": 11
      }
    ]
  },
  {
    "generation": 14,
    "expected_score": 6.725,
    "lineup": [
      "유한준",
      "로하스",
      "조용호",
      "심우준",
      "강백호",
      "장성우",
      "황재균",
      "배정대",
      "박경수"
    ],
    "player_stats": [
      {
        "name": "유한준",
        "year": 20,
        "team": "KT",
        "pa": 428,
        "ops": 0.756,
        "avg": 0.28,
        "obp": 0.347,
        "slg": 0.409,
        "rbi": 64,
        "sb": 0,
        "hr": 11
      },
      {
        "name": "로하스",
        "year": 20,
        "team": "KT",
        "pa": 628,
        "ops": 1.097,
        "avg": 0.349,
        "obp": 0.417,
        "slg": 0.68,
        "rbi": 135,
        "sb": 0,
        "hr": 47
      },
      {
        "name": "조용호",
        "year": 20,
        "team": "KT",
        "pa": 482,
        "ops": 0.725,
        "avg": 0.296,
        "obp": 0.392,
        "slg": 0.333,
        "rbi": 32,
        "sb": 12,
        "hr": 0
      },
      {
        "name": "심우준",
        "year": 20,
        "team": "KT",
        "pa": 535,
        "ops": 0.591,
        "avg": 0.235,
        "obp": 0.291,
        "slg": 0.3,
        "rbi": 51,
        "sb": 35,
        "hr": 3
      },
      {
        "name": "강백호",
        "year": 20,
        "team": "KT",
        "pa": 574,
        "ops": 0.955,
        "avg": 0.33,
        "obp": 0.411,
        "slg": 0.544,
        "rbi": 89,
        "sb": 7,
        "hr": 23
      },
      {
        "name": "장성우",
        "year": 20,
        "team": "KT",
        "pa": 455,
        "ops": 0.75,
        "avg": 0.278,
        "obp": 0.337,
        "slg": 0.413,
        "rbi": 79,
        "sb": 0,
        "hr": 13
      },
      {
        "name": "황재균",
        "year": 20,
        "team": "KT",
        "pa": 600,
        "ops": 0.882,
        "avg": 0.312,
        "obp": 0.37,
        "slg": 0.512,
        "rbi": 97,
        "sb": 11,
        "hr": 21
      },
      {
        "name": "배정대",
        "year": 20,
        "team": "KT",
        "pa": 615,
        "ops": 0.792,
        "avg": 0.289,
        "obp": 0.372,
        "slg": 0.42,
        "rbi": 65,
        "sb": 22,
        "hr": 13
      },
      {
        "name": "박경수",
        "year": 20,
        "team": "KT",
        "pa": 391,
        "ops": 0.835,
        "avg": 0.281,
        "obp": 0.381,
        "slg": 0.454,
        "rbi": 59,
        "sb": 0,
        "hr": 13
      }
    ]
  },
  {
    "generation": 15,
    "expected_score": 6.635,
    "lineup": [
      "박경수",
      "배정대",
      "강백호",
      "로하스",
      "장성우",
      "심우준",
      "황재균",
      "조용호",
      "유한준"
    ],
    "player_stats": [
      {
        "name": "박경수",
        "year": 20,
        "team": "KT",
        "pa": 391,
        "ops": 0.835,
        "avg": 0.281,
        "obp": 0.381,
        "slg": 0.454,
        "rbi": 59,
        "sb": 0,
        "hr": 13
      },
      {
        "name": "배정대",
        "year": 20,
        "team": "KT",
        "pa": 615,
        "ops": 0.792,
        "avg": 0.289,
        "obp": 0.372,
        "slg": 0.42,
        "rbi": 65,
        "sb": 22,
        "hr": 13
      },
      {
        "name": "강백호",
        "year": 20,
        "team": "KT",
        "pa": 574,
        "ops": 0.955,
        "avg": 0.33,
        "obp": 0.411,
        "slg": 0.544,
        "rbi": 89,
        "sb": 7,
        "hr": 23
      },
      {
        "name": "로하스",
        "year": 20,
        "team": "KT",
        "pa": 628,
        "ops": 1.097,
        "avg": 0.349,
        "obp": 0.417,
        "slg": 0.68,
        "rbi": 135,
        "sb": 0,
        "hr": 47
      },
      {
        "name": "장성우",
        "year": 20,
        "team": "KT",
        "pa": 455,
        "ops": 0.75,
        "avg": 0.278,
        "obp": 0.337,
        "slg": 0.413,
        "rbi": 79,
        "sb": 0,
        "hr": 13
      },
      {
        "name": "심우준",
        "year": 20,
        "team": "KT",
        "pa": 535,
        "ops": 0.591,
        "avg": 0.235,
        "obp": 0.291,
        "slg": 0.3,
        "rbi": 51,
        "sb": 35,
        "hr": 3
      },
      {
        "name": "황재균",
        "year": 20,
        "team": "KT",
        "pa": 600,
        "ops": 0.882,
        "avg": 0.312,
        "obp": 0.37,
        "slg": 0.512,
        "rbi": 97,
        "sb": 11,
        "hr": 21
      },
      {
        "name": "조용호",
        "year": 20,
        "team": "KT",
        "pa": 482,
        "ops": 0.725,
        "avg": 0.296,
        "obp": 0.392,
        "slg": 0.333,
        "rbi": 32,
        "sb": 12,
        "hr": 0
      },
      {
        "name": "유한준",
        "year": 20,
        "team": "KT",
        "pa": 428,
        "ops": 0.756,
        "avg": 0.28,
        "obp": 0.347,
        "slg": 0.409,
        "rbi": 64,
        "sb": 0,
        "hr": 11
      }
    ]
  },
  {
    "generation": 16,
    "expected_score": 6.97,
    "lineup": [
      "박경수",
      "배정대",
      "강백호",
      "로하스",
      "장성우",
      "유한준",
      "조용호",
      "심우준",
      "황재균"
    ],
    "player_stats": [
      {
        "name": "박경수",
        "year": 20,
        "team": "KT",
        "pa": 391,
        "ops": 0.835,
        "avg": 0.281,
        "obp": 0.381,
        "slg": 0.454,
        "rbi": 59,
        "sb": 0,
        "hr": 13
      },
      {
        "name": "배정대",
        "year": 20,
        "team": "KT",
        "pa": 615,
        "ops": 0.792,
        "avg": 0.289,
        "obp": 0.372,
        "slg": 0.42,
        "rbi": 65,
        "sb": 22,
        "hr": 13
      },
      {
        "name": "강백호",
        "year": 20,
        "team": "KT",
        "pa": 574,
        "ops": 0.955,
        "avg": 0.33,
        "obp": 0.411,
        "slg": 0.544,
        "rbi": 89,
        "sb": 7,
        "hr": 23
      },
      {
        "name": "로하스",
        "year": 20,
        "team": "KT",
        "pa": 628,
        "ops": 1.097,
        "avg": 0.349,
        "obp": 0.417,
        "slg": 0.68,
        "rbi": 135,
        "sb": 0,
        "hr": 47
      },
      {
        "name": "장성우",
        "year": 20,
        "team": "KT",
        "pa": 455,
        "ops": 0.75,
        "avg": 0.278,
        "obp": 0.337,
        "slg": 0.413,
        "rbi": 79,
        "sb": 0,
        "hr": 13
      },
      {
        "name": "유한준",
        "year": 20,
        "team": "KT",
        "pa": 428,
        "ops": 0.756,
        "avg": 0.28,
        "obp": 0.347,
        "slg": 0.409,
        "rbi": 64,
        "sb": 0,
        "hr": 11
      },
      {
        "name": "조용호",
        "year": 20,
        "team": "KT",
        "pa": 482,
        "ops": 0.725,
        "avg": 0.296,
        "obp": 0.392,
        "slg": 0.333,
        "rbi": 32,
        "sb": 12,
        "hr": 0
      },
      {
        "name": "심우준",
        "year": 20,
        "team": "KT",
        "pa": 535,
        "ops": 0.591,
        "avg": 0.235,
        "obp": 0.291,
        "slg": 0.3,
        "rbi": 51,
        "sb": 35,
        "hr": 3
      },
      {
        "name": "황재균",
        "year": 20,
        "team": "KT",
        "pa": 600,
        "ops": 0.882,
        "avg": 0.312,
        "obp": 0.37,
        "slg": 0.512,
        "rbi": 97,
        "sb": 11,
        "hr": 21
      }
    ]
  },
  {
    "generation": 17,
    "expected_score": 6.66,
    "lineup": [
      "로하스",
      "장성우",
      "강백호",
      "심우준",
      "유한준",
      "조용호",
      "황재균",
      "배정대",
      "박경수"
    ],
    "player_stats": [
      {
        "name": "로하스",
        "year": 20,
        "team": "KT",
        "pa": 628,
        "ops": 1.097,
        "avg": 0.349,
        "obp": 0.417,
        "slg": 0.68,
        "rbi": 135,
        "sb": 0,
        "hr": 47
      },
      {
        "name": "장성우",
        "year": 20,
        "team": "KT",
        "pa": 455,
        "ops": 0.75,
        "avg": 0.278,
        "obp": 0.337,
        "slg": 0.413,
        "rbi": 79,
        "sb": 0,
        "hr": 13
      },
      {
        "name": "강백호",
        "year": 20,
        "team": "KT",
        "pa": 574,
        "ops": 0.955,
        "avg": 0.33,
        "obp": 0.411,
        "slg": 0.544,
        "rbi": 89,
        "sb": 7,
        "hr": 23
      },
      {
        "name": "심우준",
        "year": 20,
        "team": "KT",
        "pa": 535,
        "ops": 0.591,
        "avg": 0.235,
        "obp": 0.291,
        "slg": 0.3,
        "rbi": 51,
        "sb": 35,
        "hr": 3
      },
      {
        "name": "유한준",
        "year": 20,
        "team": "KT",
        "pa": 428,
        "ops": 0.756,
        "avg": 0.28,
        "obp": 0.347,
        "slg": 0.409,
        "rbi": 64,
        "sb": 0,
        "hr": 11
      },
      {
        "name": "조용호",
        "year": 20,
        "team": "KT",
        "pa": 482,
        "ops": 0.725,
        "avg": 0.296,
        "obp": 0.392,
        "slg": 0.333,
        "rbi": 32,
        "sb": 12,
        "hr": 0
      },
      {
        "name": "황재균",
        "year": 20,
        "team": "KT",
        "pa": 600,
        "ops": 0.882,
        "avg": 0.312,
        "obp": 0.37,
        "slg": 0.512,
        "rbi": 97,
        "sb": 11,
        "hr": 21
      },
      {
        "name": "배정대",
        "year": 20,
        "team": "KT",
        "pa": 615,
        "ops": 0.792,
        "avg": 0.289,
        "obp": 0.372,
        "slg": 0.42,
        "rbi": 65,
        "sb": 22,
        "hr": 13
      },
      {
        "name": "박경수",
        "year": 20,
        "team": "KT",
        "pa": 391,
        "ops": 0.835,
        "avg": 0.281,
        "obp": 0.381,
        "slg": 0.454,
        "rbi": 59,
        "sb": 0,
        "hr": 13
      }
    ]
  },
  {
    "generation": 18,
    "expected_score": 6.83,
    "lineup": [
      "장성우",
      "강백호",
      "유한준",
      "로하스",
      "박경수",
      "황재균",
      "배정대",
      "조용호",
      "심우준"
    ],
    "player_stats": [
      {
        "name": "장성우",
        "year": 20,
        "team": "KT",
        "pa": 455,
        "ops": 0.75,
        "avg": 0.278,
        "obp": 0.337,
        "slg": 0.413,
        "rbi": 79,
        "sb": 0,
        "hr": 13
      },
      {
        "name": "강백호",
        "year": 20,
        "team": "KT",
        "pa": 574,
        "ops": 0.955,
        "avg": 0.33,
        "obp": 0.411,
        "slg": 0.544,
        "rbi": 89,
        "sb": 7,
        "hr": 23
      },
      {
        "name": "유한준",
        "year": 20,
        "team": "KT",
        "pa": 428,
        "ops": 0.756,
        "avg": 0.28,
        "obp": 0.347,
        "slg": 0.409,
        "rbi": 64,
        "sb": 0,
        "hr": 11
      },
      {
        "name": "로하스",
        "year": 20,
        "team": "KT",
        "pa": 628,
        "ops": 1.097,
        "avg": 0.349,
        "obp": 0.417,
        "slg": 0.68,
        "rbi": 135,
        "sb": 0,
        "hr": 47
      },
      {
        "name": "박경수",
        "year": 20,
        "team": "KT",
        "pa": 391,
        "ops": 0.835,
        "avg": 0.281,
        "obp": 0.381,
        "slg": 0.454,
        "rbi": 59,
        "sb": 0,
        "hr": 13
      },
      {
        "name": "황재균",
        "year": 20,
        "team": "KT",
        "pa": 600,
        "ops": 0.882,
        "avg": 0.312,
        "obp": 0.37,
        "slg": 0.512,
        "rbi": 97,
        "sb": 11,
        "hr": 21
      },
      {
        "name": "배정대",
        "year": 20,
        "team": "KT",
        "pa": 615,
        "ops": 0.792,
        "avg": 0.289,
        "obp": 0.372,
        "slg": 0.42,
        "rbi": 65,
        "sb": 22,
        "hr": 13
      },
      {
        "name": "조용호",
        "year": 20,
        "team": "KT",
        "pa": 482,
        "ops": 0.725,
        "avg": 0.296,
        "obp": 0.392,
        "slg": 0.333,
        "rbi": 32,
        "sb": 12,
        "hr": 0
      },
      {
        "name": "심우준",
        "year": 20,
        "team": "KT",
        "pa": 535,
        "ops": 0.591,
        "avg": 0.235,
        "obp": 0.291,
        "slg": 0.3,
        "rbi": 51,
        "sb": 35,
        "hr": 3
      }
    ]
  },
  {
    "generation": 19,
    "expected_score": 6.61,
    "lineup": [
      "심우준",
      "로하스",
      "조용호",
      "유한준",
      "박경수",
      "황재균",
      "강백호",
      "배정대",
      "장성우"
    ],
    "player_stats": [
      {
        "name": "심우준",
        "year": 20,
        "team": "KT",
        "pa": 535,
        "ops": 0.591,
        "avg": 0.235,
        "obp": 0.291,
        "slg": 0.3,
        "rbi": 51,
        "sb": 35,
        "hr": 3
      },
      {
        "name": "로하스",
        "year": 20,
        "team": "KT",
        "pa": 628,
        "ops": 1.097,
        "avg": 0.349,
        "obp": 0.417,
        "slg": 0.68,
        "rbi": 135,
        "sb": 0,
        "hr": 47
      },
      {
        "name": "조용호",
        "year": 20,
        "team": "KT",
        "pa": 482,
        "ops": 0.725,
        "avg": 0.296,
        "obp": 0.392,
        "slg": 0.333,
        "rbi": 32,
        "sb": 12,
        "hr": 0
      },
      {
        "name": "유한준",
        "year": 20,
        "team": "KT",
        "pa": 428,
        "ops": 0.756,
        "avg": 0.28,
        "obp": 0.347,
        "slg": 0.409,
        "rbi": 64,
        "sb": 0,
        "hr": 11
      },
      {
        "name": "박경수",
        "year": 20,
        "team": "KT",
        "pa": 391,
        "ops": 0.835,
        "avg": 0.281,
        "obp": 0.381,
        "slg": 0.454,
        "rbi": 59,
        "sb": 0,
        "hr": 13
      },
      {
        "name": "황재균",
        "year": 20,
        "team": "KT",
        "pa": 600,
        "ops": 0.882,
        "avg": 0.312,
        "obp": 0.37,
        "slg": 0.512,
        "rbi": 97,
        "sb": 11,
        "hr": 21
      },
      {
        "name": "강백호",
        "year": 20,
        "team": "KT",
        "pa": 574,
        "ops": 0.955,
        "avg": 0.33,
        "obp": 0.411,
        "slg": 0.544,
        "rbi": 89,
        "sb": 7,
        "hr": 23
      },
      {
        "name": "배정대",
        "year": 20,
        "team": "KT",
        "pa": 615,
        "ops": 0.792,
        "avg": 0.289,
        "obp": 0.372,
        "slg": 0.42,
        "rbi": 65,
        "sb": 22,
        "hr": 13
      },
      {
        "name": "장성우",
        "year": 20,
        "team": "KT",
        "pa": 455,
        "ops": 0.75,
        "avg": 0.278,
        "obp": 0.337,
        "slg": 0.413,
        "rbi": 79,
        "sb": 0,
        "hr": 13
      }
    ]
  },
  {
    "generation": 20,
    "expected_score": 6.545,
    "lineup": [
      "로하스",
      "박경수",
      "조용호",
      "황재균",
      "장성우",
      "유한준",
      "강백호",
      "심우준",
      "배정대"
    ],
    "player_stats": [
      {
        "name": "로하스",
        "year": 20,
        "team": "KT",
        "pa": 628,
        "ops": 1.097,
        "avg": 0.349,
        "obp": 0.417,
        "slg": 0.68,
        "rbi": 135,
        "sb": 0,
        "hr": 47
      },
      {
        "name": "박경수",
        "year": 20,
        "team": "KT",
        "pa": 391,
        "ops": 0.835,
        "avg": 0.281,
        "obp": 0.381,
        "slg": 0.454,
        "rbi": 59,
        "sb": 0,
        "hr": 13
      },
      {
        "name": "조용호",
        "year": 20,
        "team": "KT",
        "pa": 482,
        "ops": 0.725,
        "avg": 0.296,
        "obp": 0.392,
        "slg": 0.333,
        "rbi": 32,
        "sb": 12,
        "hr": 0
      },
      {
        "name": "황재균",
        "year": 20,
        "team": "KT",
        "pa": 600,
        "ops": 0.882,
        "avg": 0.312,
        "obp": 0.37,
        "slg": 0.512,
        "rbi": 97,
        "sb": 11,
        "hr": 21
      },
      {
        "name": "장성우",
        "year": 20,
        "team": "KT",
        "pa": 455,
        "ops": 0.75,
        "avg": 0.278,
        "obp": 0.337,
        "slg": 0.413,
        "rbi": 79,
        "sb": 0,
        "hr": 13
      },
      {
        "name": "유한준",
        "year": 20,
        "team": "KT",
        "pa": 428,
        "ops": 0.756,
        "avg": 0.28,
        "obp": 0.347,
        "slg": 0.409,
        "rbi": 64,
        "sb": 0,
        "hr": 11
      },
      {
        "name": "강백호",
        "year": 20,
        "team": "KT",
        "pa": 574,
        "ops": 0.955,
        "avg": 0.33,
        "obp": 0.411,
        "slg": 0.544,
        "rbi": 89,
        "sb": 7,
        "hr": 23
      },
      {
        "name": "심우준",
        "year": 20,
        "team": "KT",
        "pa": 535,
        "ops": 0.591,
        "avg": 0.235,
        "obp": 0.291,
        "slg": 0.3,
        "rbi": 51,
        "sb": 35,
        "hr": 3
      },
      {
        "name": "배정대",
        "year": 20,
        "team": "KT",
        "pa": 615,
        "ops": 0.792,
        "avg": 0.289,
        "obp": 0.372,
        "slg": 0.42,
        "rbi": 65,
        "sb": 22,
        "hr": 13
      }
    ]
  },
  {
    "generation": 21,
    "expected_score": 6.655,
    "lineup": [
      "로하스",
      "장성우",
      "강백호",
      "심우준",
      "유한준",
      "박경수",
      "황재균",
      "배정대",
      "조용호"
    ],
    "player_stats": [
      {
        "name": "로하스",
        "year": 20,
        "team": "KT",
        "pa": 628,
        "ops": 1.097,
        "avg": 0.349,
        "obp": 0.417,
        "slg": 0.68,
        "rbi": 135,
        "sb": 0,
        "hr": 47
      },
      {
        "name": "장성우",
        "year": 20,
        "team": "KT",
        "pa": 455,
        "ops": 0.75,
        "avg": 0.278,
        "obp": 0.337,
        "slg": 0.413,
        "rbi": 79,
        "sb": 0,
        "hr": 13
      },
      {
        "name": "강백호",
        "year": 20,
        "team": "KT",
        "pa": 574,
        "ops": 0.955,
        "avg": 0.33,
        "obp": 0.411,
        "slg": 0.544,
        "rbi": 89,
        "sb": 7,
        "hr": 23
      },
      {
        "name": "심우준",
        "year": 20,
        "team": "KT",
        "pa": 535,
        "ops": 0.591,
        "avg": 0.235,
        "obp": 0.291,
        "slg": 0.3,
        "rbi": 51,
        "sb": 35,
        "hr": 3
      },
      {
        "name": "유한준",
        "year": 20,
        "team": "KT",
        "pa": 428,
        "ops": 0.756,
        "avg": 0.28,
        "obp": 0.347,
        "slg": 0.409,
        "rbi": 64,
        "sb": 0,
        "hr": 11
      },
      {
        "name": "박경수",
        "year": 20,
        "team": "KT",
        "pa": 391,
        "ops": 0.835,
        "avg": 0.281,
        "obp": 0.381,
        "slg": 0.454,
        "rbi": 59,
        "sb": 0,
        "hr": 13
      },
      {
        "name": "황재균",
        "year": 20,
        "team": "KT",
        "pa": 600,
        "ops": 0.882,
        "avg": 0.312,
        "obp": 0.37,
        "slg": 0.512,
        "rbi": 97,
        "sb": 11,
        "hr": 21
      },
      {
        "name": "배정대",
        "year": 20,
        "team": "KT",
        "pa": 615,
        "ops": 0.792,
        "avg": 0.289,
        "obp": 0.372,
        "slg": 0.42,
        "rbi": 65,
        "sb": 22,
        "hr": 13
      },
      {
        "name": "조용호",
        "year": 20,
        "team": "KT",
        "pa": 482,
        "ops": 0.725,
        "avg": 0.296,
        "obp": 0.392,
        "slg": 0.333,
        "rbi": 32,
        "sb": 12,
        "hr": 0
      }
    ]
  },
  {
    "generation": 22,
    "expected_score": 6.67,
    "lineup": [
      "로하스",
      "장성우",
      "유한준",
      "박경수",
      "황재균",
      "강백호",
      "조용호",
      "심우준",
      "배정대"
    ],
    "player_stats": [
      {
        "name": "로하스",
        "year": 20,
        "team": "KT",
        "pa": 628,
        "ops": 1.097,
        "avg": 0.349,
        "obp": 0.417,
        "slg": 0.68,
        "rbi": 135,
        "sb": 0,
        "hr": 47
      },
      {
        "name": "장성우",
        "year": 20,
        "team": "KT",
        "pa": 455,
        "ops": 0.75,
        "avg": 0.278,
        "obp": 0.337,
        "slg": 0.413,
        "rbi": 79,
        "sb": 0,
        "hr": 13
      },
      {
        "name": "유한준",
        "year": 20,
        "team": "KT",
        "pa": 428,
        "ops": 0.756,
        "avg": 0.28,
        "obp": 0.347,
        "slg": 0.409,
        "rbi": 64,
        "sb": 0,
        "hr": 11
      },
      {
        "name": "박경수",
        "year": 20,
        "team": "KT",
        "pa": 391,
        "ops": 0.835,
        "avg": 0.281,
        "obp": 0.381,
        "slg": 0.454,
        "rbi": 59,
        "sb": 0,
        "hr": 13
      },
      {
        "name": "황재균",
        "year": 20,
        "team": "KT",
        "pa": 600,
        "ops": 0.882,
        "avg": 0.312,
        "obp": 0.37,
        "slg": 0.512,
        "rbi": 97,
        "sb": 11,
        "hr": 21
      },
      {
        "name": "강백호",
        "year": 20,
        "team": "KT",
        "pa": 574,
        "ops": 0.955,
        "avg": 0.33,
        "obp": 0.411,
        "slg": 0.544,
        "rbi": 89,
        "sb": 7,
        "hr": 23
      },
      {
        "name": "조용호",
        "year": 20,
        "team": "KT",
        "pa": 482,
        "ops": 0.725,
        "avg": 0.296,
        "obp": 0.392,
        "slg": 0.333,
        "rbi": 32,
        "sb": 12,
        "hr": 0
      },
      {
        "name": "심우준",
        "year": 20,
        "team": "KT",
        "pa": 535,
        "ops": 0.591,
        "avg": 0.235,
        "obp": 0.291,
        "slg": 0.3,
        "rbi": 51,
        "sb": 35,
        "hr": 3
      },
      {
        "name": "배정대",
        "year": 20,
        "team": "KT",
        "pa": 615,
        "ops": 0.792,
        "avg": 0.289,
        "obp": 0.372,
        "slg": 0.42,
        "rbi": 65,
        "sb": 22,
        "hr": 13
      }
    ]
  },
  {
    "generation": 23,
    "expected_score": 6.675,
    "lineup": [
      "로하스",
      "박경수",
      "조용호",
      "황재균",
      "강백호",
      "배정대",
      "심우준",
      "장성우",
      "유한준"
    ],
    "player_stats": [
      {
        "name": "로하스",
        "year": 20,
        "team": "KT",
        "pa": 628,
        "ops": 1.097,
        "avg": 0.349,
        "obp": 0.417,
        "slg": 0.68,
        "rbi": 135,
        "sb": 0,
        "hr": 47
      },
      {
        "name": "박경수",
        "year": 20,
        "team": "KT",
        "pa": 391,
        "ops": 0.835,
        "avg": 0.281,
        "obp": 0.381,
        "slg": 0.454,
        "rbi": 59,
        "sb": 0,
        "hr": 13
      },
      {
        "name": "조용호",
        "year": 20,
        "team": "KT",
        "pa": 482,
        "ops": 0.725,
        "avg": 0.296,
        "obp": 0.392,
        "slg": 0.333,
        "rbi": 32,
        "sb": 12,
        "hr": 0
      },
      {
        "name": "황재균",
        "year": 20,
        "team": "KT",
        "pa": 600,
        "ops": 0.882,
        "avg": 0.312,
        "obp": 0.37,
        "slg": 0.512,
        "rbi": 97,
        "sb": 11,
        "hr": 21
      },
      {
        "name": "강백호",
        "year": 20,
        "team": "KT",
        "pa": 574,
        "ops": 0.955,
        "avg": 0.33,
        "obp": 0.411,
        "slg": 0.544,
        "rbi": 89,
        "sb": 7,
        "hr": 23
      },
      {
        "name": "배정대",
        "year": 20,
        "team": "KT",
        "pa": 615,
        "ops": 0.792,
        "avg": 0.289,
        "obp": 0.372,
        "slg": 0.42,
        "rbi": 65,
        "sb": 22,
        "hr": 13
      },
      {
        "name": "심우준",
        "year": 20,
        "team": "KT",
        "pa": 535,
        "ops": 0.591,
        "avg": 0.235,
        "obp": 0.291,
        "slg": 0.3,
        "rbi": 51,
        "sb": 35,
        "hr": 3
      },
      {
        "name": "장성우",
        "year": 20,
        "team": "KT",
        "pa": 455,
        "ops": 0.75,
        "avg": 0.278,
        "obp": 0.337,
        "slg": 0.413,
        "rbi": 79,
        "sb": 0,
        "hr": 13
      },
      {
        "name": "유한준",
        "year": 20,
        "team": "KT",
        "pa": 428,
        "ops": 0.756,
        "avg": 0.28,
        "obp": 0.347,
        "slg": 0.409,
        "rbi": 64,
        "sb": 0,
        "hr": 11
      }
    ]
  },
  {
    "generation": 24,
    "expected_score": 6.865,
    "lineup": [
      "로하스",
      "장성우",
      "강백호",
      "심우준",
      "유한준",
      "조용호",
      "박경수",
      "황재균",
      "배정대"
    ],
    "player_stats": [
      {
        "name": "로하스",
        "year": 20,
        "team": "KT",
        "pa": 628,
        "ops": 1.097,
        "avg": 0.349,
        "obp": 0.417,
        "slg": 0.68,
        "rbi": 135,
        "sb": 0,
        "hr": 47
      },
      {
        "name": "장성우",
        "year": 20,
        "team": "KT",
        "pa": 455,
        "ops": 0.75,
        "avg": 0.278,
        "obp": 0.337,
        "slg": 0.413,
        "rbi": 79,
        "sb": 0,
        "hr": 13
      },
      {
        "name": "강백호",
        "year": 20,
        "team": "KT",
        "pa": 574,
        "ops": 0.955,
        "avg": 0.33,
        "obp": 0.411,
        "slg": 0.544,
        "rbi": 89,
        "sb": 7,
        "hr": 23
      },
      {
        "name": "심우준",
        "year": 20,
        "team": "KT",
        "pa": 535,
        "ops": 0.591,
        "avg": 0.235,
        "obp": 0.291,
        "slg": 0.3,
        "rbi": 51,
        "sb": 35,
        "hr": 3
      },
      {
        "name": "유한준",
        "year": 20,
        "team": "KT",
        "pa": 428,
        "ops": 0.756,
        "avg": 0.28,
        "obp": 0.347,
        "slg": 0.409,
        "rbi": 64,
        "sb": 0,
        "hr": 11
      },
      {
        "name": "조용호",
        "year": 20,
        "team": "KT",
        "pa": 482,
        "ops": 0.725,
        "avg": 0.296,
        "obp": 0.392,
        "slg": 0.333,
        "rbi": 32,
        "sb": 12,
        "hr": 0
      },
      {
        "name": "박경수",
        "year": 20,
        "team": "KT",
        "pa": 391,
        "ops": 0.835,
        "avg": 0.281,
        "obp": 0.381,
        "slg": 0.454,
        "rbi": 59,
        "sb": 0,
        "hr": 13
      },
      {
        "name": "황재균",
        "year": 20,
        "team": "KT",
        "pa": 600,
        "ops": 0.882,
        "avg": 0.312,
        "obp": 0.37,
        "slg": 0.512,
        "rbi": 97,
        "sb": 11,
        "hr": 21
      },
      {
        "name": "배정대",
        "year": 20,
        "team": "KT",
        "pa": 615,
        "ops": 0.792,
        "avg": 0.289,
        "obp": 0.372,
        "slg": 0.42,
        "rbi": 65,
        "sb": 22,
        "hr": 13
      }
    ]
  },
  {
    "generation": 25,
    "expected_score": 6.72,
    "lineup": [
      "로하스",
      "박경수",
      "심우준",
      "유한준",
      "조용호",
      "황재균",
      "강백호",
      "장성우",
      "배정대"
    ],
    "player_stats": [
      {
        "name": "로하스",
        "year": 20,
        "team": "KT",
        "pa": 628,
        "ops": 1.097,
        "avg": 0.349,
        "obp": 0.417,
        "slg": 0.68,
        "rbi": 135,
        "sb": 0,
        "hr": 47
      },
      {
        "name": "박경수",
        "year": 20,
        "team": "KT",
        "pa": 391,
        "ops": 0.835,
        "avg": 0.281,
        "obp": 0.381,
        "slg": 0.454,
        "rbi": 59,
        "sb": 0,
        "hr": 13
      },
      {
        "name": "심우준",
        "year": 20,
        "team": "KT",
        "pa": 535,
        "ops": 0.591,
        "avg": 0.235,
        "obp": 0.291,
        "slg": 0.3,
        "rbi": 51,
        "sb": 35,
        "hr": 3
      },
      {
        "name": "유한준",
        "year": 20,
        "team": "KT",
        "pa": 428,
        "ops": 0.756,
        "avg": 0.28,
        "obp": 0.347,
        "slg": 0.409,
        "rbi": 64,
        "sb": 0,
        "hr": 11
      },
      {
        "name": "조용호",
        "year": 20,
        "team": "KT",
        "pa": 482,
        "ops": 0.725,
        "avg": 0.296,
        "obp": 0.392,
        "slg": 0.333,
        "rbi": 32,
        "sb": 12,
        "hr": 0
      },
      {
        "name": "황재균",
        "year": 20,
        "team": "KT",
        "pa": 600,
        "ops": 0.882,
        "avg": 0.312,
        "obp": 0.37,
        "slg": 0.512,
        "rbi": 97,
        "sb": 11,
        "hr": 21
      },
      {
        "name": "강백호",
        "year": 20,
        "team": "KT",
        "pa": 574,
        "ops": 0.955,
        "avg": 0.33,
        "obp": 0.411,
        "slg": 0.544,
        "rbi": 89,
        "sb": 7,
        "hr": 23
      },
      {
        "name": "장성우",
        "year": 20,
        "team": "KT",
        "pa": 455,
        "ops": 0.75,
        "avg": 0.278,
        "obp": 0.337,
        "slg": 0.413,
        "rbi": 79,
        "sb": 0,
        "hr": 13
      },
      {
        "name": "배정대",
        "year": 20,
        "team": "KT",
        "pa": 615,
        "ops": 0.792,
        "avg": 0.289,
        "obp": 0.372,
        "slg": 0.42,
        "rbi": 65,
        "sb": 22,
        "hr": 13
      }
    ]
  },
  {
    "generation": 26,
    "expected_score": 6.545,
    "lineup": [
      "황재균",
      "박경수",
      "강백호",
      "조용호",
      "유한준",
      "장성우",
      "심우준",
      "로하스",
      "배정대"
    ],
    "player_stats": [
      {
        "name": "황재균",
        "year": 20,
        "team": "KT",
        "pa": 600,
        "ops": 0.882,
        "avg": 0.312,
        "obp": 0.37,
        "slg": 0.512,
        "rbi": 97,
        "sb": 11,
        "hr": 21
      },
      {
        "name": "박경수",
        "year": 20,
        "team": "KT",
        "pa": 391,
        "ops": 0.835,
        "avg": 0.281,
        "obp": 0.381,
        "slg": 0.454,
        "rbi": 59,
        "sb": 0,
        "hr": 13
      },
      {
        "name": "강백호",
        "year": 20,
        "team": "KT",
        "pa": 574,
        "ops": 0.955,
        "avg": 0.33,
        "obp": 0.411,
        "slg": 0.544,
        "rbi": 89,
        "sb": 7,
        "hr": 23
      },
      {
        "name": "조용호",
        "year": 20,
        "team": "KT",
        "pa": 482,
        "ops": 0.725,
        "avg": 0.296,
        "obp": 0.392,
        "slg": 0.333,
        "rbi": 32,
        "sb": 12,
        "hr": 0
      },
      {
        "name": "유한준",
        "year": 20,
        "team": "KT",
        "pa": 428,
        "ops": 0.756,
        "avg": 0.28,
        "obp": 0.347,
        "slg": 0.409,
        "rbi": 64,
        "sb": 0,
        "hr": 11
      },
      {
        "name": "장성우",
        "year": 20,
        "team": "KT",
        "pa": 455,
        "ops": 0.75,
        "avg": 0.278,
        "obp": 0.337,
        "slg": 0.413,
        "rbi": 79,
        "sb": 0,
        "hr": 13
      },
      {
        "name": "심우준",
        "year": 20,
        "team": "KT",
        "pa": 535,
        "ops": 0.591,
        "avg": 0.235,
        "obp": 0.291,
        "slg": 0.3,
        "rbi": 51,
        "sb": 35,
        "hr": 3
      },
      {
        "name": "로하스",
        "year": 20,
        "team": "KT",
        "pa": 628,
        "ops": 1.097,
        "avg": 0.349,
        "obp": 0.417,
        "slg": 0.68,
        "rbi": 135,
        "sb": 0,
        "hr": 47
      },
      {
        "name": "배정대",
        "year": 20,
        "team": "KT",
        "pa": 615,
        "ops": 0.792,
        "avg": 0.289,
        "obp": 0.372,
        "slg": 0.42,
        "rbi": 65,
        "sb": 22,
        "hr": 13
      }
    ]
  },
  {
    "generation": 27,
    "expected_score": 6.715,
    "lineup": [
      "로하스",
      "박경수",
      "유한준",
      "강백호",
      "심우준",
      "조용호",
      "황재균",
      "장성우",
      "배정대"
    ],
    "player_stats": [
      {
        "name": "로하스",
        "year": 20,
        "team": "KT",
        "pa": 628,
        "ops": 1.097,
        "avg": 0.349,
        "obp": 0.417,
        "slg": 0.68,
        "rbi": 135,
        "sb": 0,
        "hr": 47
      },
      {
        "name": "박경수",
        "year": 20,
        "team": "KT",
        "pa": 391,
        "ops": 0.835,
        "avg": 0.281,
        "obp": 0.381,
        "slg": 0.454,
        "rbi": 59,
        "sb": 0,
        "hr": 13
      },
      {
        "name": "유한준",
        "year": 20,
        "team": "KT",
        "pa": 428,
        "ops": 0.756,
        "avg": 0.28,
        "obp": 0.347,
        "slg": 0.409,
        "rbi": 64,
        "sb": 0,
        "hr": 11
      },
      {
        "name": "강백호",
        "year": 20,
        "team": "KT",
        "pa": 574,
        "ops": 0.955,
        "avg": 0.33,
        "obp": 0.411,
        "slg": 0.544,
        "rbi": 89,
        "sb": 7,
        "hr": 23
      },
      {
        "name": "심우준",
        "year": 20,
        "team": "KT",
        "pa": 535,
        "ops": 0.591,
        "avg": 0.235,
        "obp": 0.291,
        "slg": 0.3,
        "rbi": 51,
        "sb": 35,
        "hr": 3
      },
      {
        "name": "조용호",
        "year": 20,
        "team": "KT",
        "pa": 482,
        "ops": 0.725,
        "avg": 0.296,
        "obp": 0.392,
        "slg": 0.333,
        "rbi": 32,
        "sb": 12,
        "hr": 0
      },
      {
        "name": "황재균",
        "year": 20,
        "team": "KT",
        "pa": 600,
        "ops": 0.882,
        "avg": 0.312,
        "obp": 0.37,
        "slg": 0.512,
        "rbi": 97,
        "sb": 11,
        "hr": 21
      },
      {
        "name": "장성우",
        "year": 20,
        "team": "KT",
        "pa": 455,
        "ops": 0.75,
        "avg": 0.278,
        "obp": 0.337,
        "slg": 0.413,
        "rbi": 79,
        "sb": 0,
        "hr": 13
      },
      {
        "name": "배정대",
        "year": 20,
        "team": "KT",
        "pa": 615,
        "ops": 0.792,
        "avg": 0.289,
        "obp": 0.372,
        "slg": 0.42,
        "rbi": 65,
        "sb": 22,
        "hr": 13
      }
    ]
  },
  {
    "generation": 28,
    "expected_score": 6.675,
    "lineup": [
      "박경수",
      "유한준",
      "강백호",
      "황재균",
      "조용호",
      "로하스",
      "심우준",
      "배정대",
      "장성우"
    ],
    "player_stats": [
      {
        "name": "박경수",
        "year": 20,
        "team": "KT",
        "pa": 391,
        "ops": 0.835,
        "avg": 0.281,
        "obp": 0.381,
        "slg": 0.454,
        "rbi": 59,
        "sb": 0,
        "hr": 13
      },
      {
        "name": "유한준",
        "year": 20,
        "team": "KT",
        "pa": 428,
        "ops": 0.756,
        "avg": 0.28,
        "obp": 0.347,
        "slg": 0.409,
        "rbi": 64,
        "sb": 0,
        "hr": 11
      },
      {
        "name": "강백호",
        "year": 20,
        "team": "KT",
        "pa": 574,
        "ops": 0.955,
        "avg": 0.33,
        "obp": 0.411,
        "slg": 0.544,
        "rbi": 89,
        "sb": 7,
        "hr": 23
      },
      {
        "name": "황재균",
        "year": 20,
        "team": "KT",
        "pa": 600,
        "ops": 0.882,
        "avg": 0.312,
        "obp": 0.37,
        "slg": 0.512,
        "rbi": 97,
        "sb": 11,
        "hr": 21
      },
      {
        "name": "조용호",
        "year": 20,
        "team": "KT",
        "pa": 482,
        "ops": 0.725,
        "avg": 0.296,
        "obp": 0.392,
        "slg": 0.333,
        "rbi": 32,
        "sb": 12,
        "hr": 0
      },
      {
        "name": "로하스",
        "year": 20,
        "team": "KT",
        "pa": 628,
        "ops": 1.097,
        "avg": 0.349,
        "obp": 0.417,
        "slg": 0.68,
        "rbi": 135,
        "sb": 0,
        "hr": 47
      },
      {
        "name": "심우준",
        "year": 20,
        "team": "KT",
        "pa": 535,
        "ops": 0.591,
        "avg": 0.235,
        "obp": 0.291,
        "slg": 0.3,
        "rbi": 51,
        "sb": 35,
        "hr": 3
      },
      {
        "name": "배정대",
        "year": 20,
        "team": "KT",
        "pa": 615,
        "ops": 0.792,
        "avg": 0.289,
        "obp": 0.372,
        "slg": 0.42,
        "rbi": 65,
        "sb": 22,
        "hr": 13
      },
      {
        "name": "장성우",
        "year": 20,
        "team": "KT",
        "pa": 455,
        "ops": 0.75,
        "avg": 0.278,
        "obp": 0.337,
        "slg": 0.413,
        "rbi": 79,
        "sb": 0,
        "hr": 13
      }
    ]
  },
  {
    "generation": 29,
    "expected_score": 6.7,
    "lineup": [
      "로하스",
      "심우준",
      "황재균",
      "강백호",
      "박경수",
      "배정대",
      "조용호",
      "장성우",
      "유한준"
    ],
    "player_stats": [
      {
        "name": "로하스",
        "year": 20,
        "team": "KT",
        "pa": 628,
        "ops": 1.097,
        "avg": 0.349,
        "obp": 0.417,
        "slg": 0.68,
        "rbi": 135,
        "sb": 0,
        "hr": 47
      },
      {
        "name": "심우준",
        "year": 20,
        "team": "KT",
        "pa": 535,
        "ops": 0.591,
        "avg": 0.235,
        "obp": 0.291,
        "slg": 0.3,
        "rbi": 51,
        "sb": 35,
        "hr": 3
      },
      {
        "name": "황재균",
        "year": 20,
        "team": "KT",
        "pa": 600,
        "ops": 0.882,
        "avg": 0.312,
        "obp": 0.37,
        "slg": 0.512,
        "rbi": 97,
        "sb": 11,
        "hr": 21
      },
      {
        "name": "강백호",
        "year": 20,
        "team": "KT",
        "pa": 574,
        "ops": 0.955,
        "avg": 0.33,
        "obp": 0.411,
        "slg": 0.544,
        "rbi": 89,
        "sb": 7,
        "hr": 23
      },
      {
        "name": "박경수",
        "year": 20,
        "team": "KT",
        "pa": 391,
        "ops": 0.835,
        "avg": 0.281,
        "obp": 0.381,
        "slg": 0.454,
        "rbi": 59,
        "sb": 0,
        "hr": 13
      },
      {
        "name": "배정대",
        "year": 20,
        "team": "KT",
        "pa": 615,
        "ops": 0.792,
        "avg": 0.289,
        "obp": 0.372,
        "slg": 0.42,
        "rbi": 65,
        "sb": 22,
        "hr": 13
      },
      {
        "name": "조용호",
        "year": 20,
        "team": "KT",
        "pa": 482,
        "ops": 0.725,
        "avg": 0.296,
        "obp": 0.392,
        "slg": 0.333,
        "rbi": 32,
        "sb": 12,
        "hr": 0
      },
      {
        "name": "장성우",
        "year": 20,
        "team": "KT",
        "pa": 455,
        "ops": 0.75,
        "avg": 0.278,
        "obp": 0.337,
        "slg": 0.413,
        "rbi": 79,
        "sb": 0,
        "hr": 13
      },
      {
        "name": "유한준",
        "year": 20,
        "team": "KT",
        "pa": 428,
        "ops": 0.756,
        "avg": 0.28,
        "obp": 0.347,
        "slg": 0.409,
        "rbi": 64,
        "sb": 0,
        "hr": 11
      }
    ]
  },
  {
    "generation": 30,
    "expected_score": 6.47,
    "lineup": [
      "로하스",
      "황재균",
      "강백호",
      "박경수",
      "배정대",
      "조용호",
      "유한준",
      "심우준",
      "장성우"
    ],
    "player_stats": [
      {
        "name": "로하스",
        "year": 20,
        "team": "KT",
        "pa": 628,
        "ops": 1.097,
        "avg": 0.349,
        "obp": 0.417,
        "slg": 0.68,
        "rbi": 135,
        "sb": 0,
        "hr": 47
      },
      {
        "name": "황재균",
        "year": 20,
        "team": "KT",
        "pa": 600,
        "ops": 0.882,
        "avg": 0.312,
        "obp": 0.37,
        "slg": 0.512,
        "rbi": 97,
        "sb": 11,
        "hr": 21
      },
      {
        "name": "강백호",
        "year": 20,
        "team": "KT",
        "pa": 574,
        "ops": 0.955,
        "avg": 0.33,
        "obp": 0.411,
        "slg": 0.544,
        "rbi": 89,
        "sb": 7,
        "hr": 23
      },
      {
        "name": "박경수",
        "year": 20,
        "team": "KT",
        "pa": 391,
        "ops": 0.835,
        "avg": 0.281,
        "obp": 0.381,
        "slg": 0.454,
        "rbi": 59,
        "sb": 0,
        "hr": 13
      },
      {
        "name": "배정대",
        "year": 20,
        "team": "KT",
        "pa": 615,
        "ops": 0.792,
        "avg": 0.289,
        "obp": 0.372,
        "slg": 0.42,
        "rbi": 65,
        "sb": 22,
        "hr": 13
      },
      {
        "name": "조용호",
        "year": 20,
        "team": "KT",
        "pa": 482,
        "ops": 0.725,
        "avg": 0.296,
        "obp": 0.392,
        "slg": 0.333,
        "rbi": 32,
        "sb": 12,
        "hr": 0
      },
      {
        "name": "유한준",
        "year": 20,
        "team": "KT",
        "pa": 428,
        "ops": 0.756,
        "avg": 0.28,
        "obp": 0.347,
        "slg": 0.409,
        "rbi": 64,
        "sb": 0,
        "hr": 11
      },
      {
        "name": "심우준",
        "year": 20,
        "team": "KT",
        "pa": 535,
        "ops": 0.591,
        "avg": 0.235,
        "obp": 0.291,
        "slg": 0.3,
        "rbi": 51,
        "sb": 35,
        "hr": 3
      },
      {
        "name": "장성우",
        "year": 20,
        "team": "KT",
        "pa": 455,
        "ops": 0.75,
        "avg": 0.278,
        "obp": 0.337,
        "slg": 0.413,
        "rbi": 79,
        "sb": 0,
        "hr": 13
      }
    ]
  }
]