[
  {
    "generation": 1,
    "expected_score": 6.06,
    "lineup": [
      "김현수",
      "정주현",
      "이천웅",
      "오지환",
      "유강남",
      "채은성",
      "김민성",
      "홍창기",
      "라모스"
    ],
    "player_stats": [
      {
        "name": "김현수",
        "year": 20,
        "team": "LG",
        "pa": 619,
        "ops": 0.92,
        "avg": 0.331,
        "obp": 0.397,
        "slg": 0.523,
        "rbi": 119,
        "sb": 0,
        "hr": 22
      },
      {
        "name": "정주현",
        "year": 20,
        "team": "LG",
        "pa": 371,
        "ops": 0.65,
        "avg": 0.247,
        "obp": 0.312,
        "slg": 0.338,
        "rbi": 30,
        "sb": 8,
        "hr": 4
      },
      {
        "name": "이천웅",
        "year": 20,
        "team": "LG",
        "pa": 359,
        "ops": 0.666,
        "avg": 0.256,
        "obp": 0.333,
        "slg": 0.333,
        "rbi": 36,
        "sb": 8,
        "hr": 3
      },
      {
        "name": "오지환",
        "year": 20,
        "team": "LG",
        "pa": 591,
        "ops": 0.823,
        "avg": 0.3,
        "obp": 0.362,
        "slg": 0.461,
        "rbi": 71,
        "sb": 20,
        "hr": 10
      },
      {
        "name": "유강남",
        "year": 20,
        "team": "LG",
        "pa": 478,
        "ops": 0.745,
        "avg": 0.261,
        "obp": 0.33,
        "slg": 0.415,
        "rbi": 74,
        "sb": 1,
        "hr": 16
      },
      {
        "name": "채은성",
        "year": 20,
        "team": "LG",
        "pa": 464,
        "ops": 0.803,
        "avg": 0.293,
        "obp": 0.351,
        "slg": 0.452,
        "rbi": 88,
        "sb": 0,
        "hr": 15
      },
      {
        "name": "김민성",
        "year": 20,
        "team": "LG",
        "pa": 333,
        "ops": 0.709,
        "avg": 0.266,
        "obp": 0.325,
        "slg": 0.384,
        "rbi": 47,
        "sb": 2,
        "hr": 5
      },
      {
        "name": "홍창기",
        "year": 20,
        "team": "LG",
        "pa": 507,
        "ops": 0.828,
        "avg": 0.279,
        "obp": 0.411,
        "slg": 0.417,
        "rbi": 39,
        "sb": 11,
        "hr": 5
      },
      {
        "name": "라모스",
        "year": 20,
        "team": "LG",
        "pa": 494,
        "ops": 0.954,
        "avg": 0.278,
        "obp": 0.362,
        "slg": 0.592,
        "rbi": 86,
        "sb": 2,
        "hr": 38
      }
    ]
  },
  {
    "generation": 2,
    "expected_score": 5.895,
    "lineup": [
      "유강남",
      "오지환",
      "정주현",
      "채은성",
      "라모스",
      "김민성",
      "김현수",
      "이천웅",
      "홍창기"
    ],
    "player_stats": [
      {
        "name": "유강남",
        "year": 20,
        "team": "LG",
        "pa": 478,
        "ops": 0.745,
        "avg": 0.261,
        "obp": 0.33,
        "slg": 0.415,
        "rbi": 74,
        "sb": 1,
        "hr": 16
      },
      {
        "name": "오지환",
        "year": 20,
        "team": "LG",
        "pa": 591,
        "ops": 0.823,
        "avg": 0.3,
        "obp": 0.362,
        "slg": 0.461,
        "rbi": 71,
        "sb": 20,
        "hr": 10
      },
      {
        "name": "정주현",
        "year": 20,
        "team": "LG",
        "pa": 371,
        "ops": 0.65,
        "avg": 0.247,
        "obp": 0.312,
        "slg": 0.338,
        "rbi": 30,
        "sb": 8,
        "hr": 4
      },
      {
        "name": "채은성",
        "year": 20,
        "team": "LG",
        "pa": 464,
        "ops": 0.803,
        "avg": 0.293,
        "obp": 0.351,
        "slg": 0.452,
        "rbi": 88,
        "sb": 0,
        "hr": 15
      },
      {
        "name": "라모스",
        "year": 20,
        "team": "LG",
        "pa": 494,
        "ops": 0.954,
        "avg": 0.278,
        "obp": 0.362,
        "slg": 0.592,
        "rbi": 86,
        "sb": 2,
        "hr": 38
      },
      {
        "name": "김민성",
        "year": 20,
        "team": "LG",
        "pa": 333,
        "ops": 0.709,
        "avg": 0.266,
        "obp": 0.325,
        "slg": 0.384,
        "rbi": 47,
        "sb": 2,
        "hr": 5
      },
      {
        "name": "김현수",
        "year": 20,
        "team": "LG",
        "pa": 619,
        "ops": 0.92,
        "avg": 0.331,
        "obp": 0.397,
        "slg": 0.523,
        "rbi": 119,
        "sb": 0,
        "hr": 22
      },
      {
        "name": "이천웅",
        "year": 20,
        "team": "LG",
        "pa": 359,
        "ops": 0.666,
        "avg": 0.256,
        "obp": 0.333,
        "slg": 0.333,
        "rbi": 36,
        "sb": 8,
        "hr": 3
      },
      {
        "name": "홍창기",
        "year": 20,
        "team": "LG",
        "pa": 507,
        "ops": 0.828,
        "avg": 0.279,
        "obp": 0.411,
        "slg": 0.417,
        "rbi": 39,
        "sb": 11,
        "hr": 5
      }
    ]
  },
  {
    "generation": 3,
    "expected_score": 5.845,
    "lineup": [
      "김민성",
      "유강남",
      "김현수",
      "이천웅",
      "라모스",
      "오지환",
      "정주현",
      "채은성",
      "홍창기"
    ],
    "player_stats": [
      {
        "name": "김민성",
        "year": 20,
        "team": "LG",
        "pa": 333,
        "ops": 0.709,
        "avg": 0.266,
        "obp": 0.325,
        "slg": 0.384,
        "rbi": 47,
        "sb": 2,
        "hr": 5
      },
      {
        "name": "유강남",
        "year": 20,
        "team": "LG",
        "pa": 478,
        "ops": 0.745,
        "avg": 0.261,
        "obp": 0.33,
        "slg": 0.415,
        "rbi": 74,
        "sb": 1,
        "hr": 16
      },
      {
        "name": "김현수",
        "year": 20,
        "team": "LG",
        "pa": 619,
        "ops": 0.92,
        "avg": 0.331,
        "obp": 0.397,
        "slg": 0.523,
        "rbi": 119,
        "sb": 0,
        "hr": 22
      },
      {
        "name": "이천웅",
        "year": 20,
        "team": "LG",
        "pa": 359,
        "ops": 0.666,
        "avg": 0.256,
        "obp": 0.333,
        "slg": 0.333,
        "rbi": 36,
        "sb": 8,
        "hr": 3
      },
      {
        "name": "라모스",
        "year": 20,
        "team": "LG",
        "pa": 494,
        "ops": 0.954,
        "avg": 0.278,
        "obp": 0.362,
        "slg": 0.592,
        "rbi": 86,
        "sb": 2,
        "hr": 38
      },
      {
        "name": "오지환",
        "year": 20,
        "team": "LG",
        "pa": 591,
        "ops": 0.823,
        "avg": 0.3,
        "obp": 0.362,
        "slg": 0.461,
        "rbi": 71,
        "sb": 20,
        "hr": 10
      },
      {
        "name": "정주현",
        "year": 20,
        "team": "LG",
        "pa": 371,
        "ops": 0.65,
        "avg": 0.247,
        "obp": 0.312,
        "slg": 0.338,
        "rbi": 30,
        "sb": 8,
        "hr": 4
      },
      {
        "name": "채은성",
        "year": 20,
        "team": "LG",
        "pa": 464,
        "ops": 0.803,
        "avg": 0.293,
        "obp": 0.351,
        "slg": 0.452,
        "rbi": 88,
        "sb": 0,
        "hr": 15
      },
      {
        "name": "홍창기",
        "year": 20,
        "team": "LG",
        "pa": 507,
        "ops": 0.828,
        "avg": 0.279,
        "obp": 0.411,
        "slg": 0.417,
        "rbi": 39,
        "sb": 11,
        "hr": 5
      }
    ]
  },
  {
    "generation": 4,
    "expected_score": 6.06,
    "lineup": [
      "유강남",
      "김민성",
      "정주현",
      "채은성",
      "라모스",
      "오지환",
      "홍창기",
      "김현수",
      "이천웅"
    ],
    "player_stats": [
      {
        "name": "유강남",
        "year": 20,
        "team": "LG",
        "pa": 478,
        "ops": 0.745,
        "avg": 0.261,
        "obp": 0.33,
        "slg": 0.415,
        "rbi": 74,
        "sb": 1,
        "hr": 16
      },
      {
        "name": "김민성",
        "year": 20,
        "team": "LG",
        "pa": 333,
        "ops": 0.709,
        "avg": 0.266,
        "obp": 0.325,
        "slg": 0.384,
        "rbi": 47,
        "sb": 2,
        "hr": 5
      },
      {
        "name": "정주현",
        "year": 20,
        "team": "LG",
        "pa": 371,
        "ops": 0.65,
        "avg": 0.247,
        "obp": 0.312,
        "slg": 0.338,
        "rbi": 30,
        "sb": 8,
        "hr": 4
      },
      {
        "name": "채은성",
        "year": 20,
        "team": "LG",
        "pa": 464,
        "ops": 0.803,
        "avg": 0.293,
        "obp": 0.351,
        "slg": 0.452,
        "rbi": 88,
        "sb": 0,
        "hr": 15
      },
      {
        "name": "라모스",
        "year": 20,
        "team": "LG",
        "pa": 494,
        "ops": 0.954,
        "avg": 0.278,
        "obp": 0.362,
        "slg": 0.592,
        "rbi": 86,
        "sb": 2,
        "hr": 38
      },
      {
        "name": "오지환",
        "year": 20,
        "team": "LG",
        "pa": 591,
        "ops": 0.823,
        "avg": 0.3,
        "obp": 0.362,
        "slg": 0.461,
        "rbi": 71,
        "sb": 20,
        "hr": 10
      },
      {
        "name": "홍창기",
        "year": 20,
        "team": "LG",
        "pa": 507,
        "ops": 0.828,
        "avg": 0.279,
        "obp": 0.411,
        "slg": 0.417,
        "rbi": 39,
        "sb": 11,
        "hr": 5
      },
      {
        "name": "김현수",
        "year": 20,
        "team": "LG",
        "pa": 619,
        "ops": 0.92,
        "avg": 0.331,
        "obp": 0.397,
        "slg": 0.523,
        "rbi": 119,
        "sb": 0,
        "hr": 22
      },
      {
        "name": "이천웅",
        "year": 20,
        "team": "LG",
        "pa": 359,
        "ops": 0.666,
        "avg": 0.256,
        "obp": 0.333,
        "slg": 0.333,
        "rbi": 36,
        "sb": 8,
        "hr": 3
      }
    ]
  },
  {
    "generation": 5,
    "expected_score": 5.865,
    "lineup": [
      "김현수",
      "라모스",
      "채은성",
      "유강남",
      "홍창기",
      "오지환",
      "정주현",
      "김민성",
      "이천웅"
    ],
    "player_stats": [
      {
        "name": "김현수",
        "year": 20,
        "team": "LG",
        "pa": 619,
        "ops": 0.92,
        "avg": 0.331,
        "obp": 0.397,
        "slg": 0.523,
        "rbi": 119,
        "sb": 0,
        "hr": 22
      },
      {
        "name": "라모스",
        "year": 20,
        "team": "LG",
        "pa": 494,
        "ops": 0.954,
        "avg": 0.278,
        "obp": 0.362,
        "slg": 0.592,
        "rbi": 86,
        "sb": 2,
        "hr": 38
      },
      {
        "name": "채은성",
        "year": 20,
        "team": "LG",
        "pa": 464,
        "ops": 0.803,
        "avg": 0.293,
        "obp": 0.351,
        "slg": 0.452,
        "rbi": 88,
        "sb": 0,
        "hr": 15
      },
      {
        "name": "유강남",
        "year": 20,
        "team": "LG",
        "pa": 478,
        "ops": 0.745,
        "avg": 0.261,
        "obp": 0.33,
        "slg": 0.415,
        "rbi": 74,
        "sb": 1,
        "hr": 16
      },
      {
        "name": "홍창기",
        "year": 20,
        "team": "LG",
        "pa": 507,
        "ops": 0.828,
        "avg": 0.279,
        "obp": 0.411,
        "slg": 0.417,
        "rbi": 39,
        "sb": 11,
        "hr": 5
      },
      {
        "name": "오지환",
        "year": 20,
        "team": "LG",
        "pa": 591,
        "ops": 0.823,
        "avg": 0.3,
        "obp": 0.362,
        "slg": 0.461,
        "rbi": 71,
        "sb": 20,
        "hr": 10
      },
      {
        "name": "정주현",
        "year": 20,
        "team": "LG",
        "pa": 371,
        "ops": 0.65,
        "avg": 0.247,
        "obp": 0.312,
        "slg": 0.338,
        "rbi": 30,
        "sb": 8,
        "hr": 4
      },
      {
        "name": "김민성",
        "year": 20,
        "team": "LG",
        "pa": 333,
        "ops": 0.709,
        "avg": 0.266,
        "obp": 0.325,
        "slg": 0.384,
        "rbi": 47,
        "sb": 2,
        "hr": 5
      },
      {
        "name": "이천웅",
        "year": 20,
        "team": "LG",
        "pa": 359,
        "ops": 0.666,
        "avg": 0.256,
        "obp": 0.333,
        "slg": 0.333,
        "rbi": 36,
        "sb": 8,
        "hr": 3
      }
    ]
  },
  {
    "generation": 6,
    "expected_score": 6.09,
    "lineup": [
      "유강남",
      "오지환",
      "정주현",
      "김현수",
      "라모스",
      "채은성",
      "홍창기",
      "김민성",
      "이천웅"
    ],
    "player_stats": [
      {
        "name": "유강남",
        "year": 20,
        "team": "LG",
        "pa": 478,
        "ops": 0.745,
        "avg": 0.261,
        "obp": 0.33,
        "slg": 0.415,
        "rbi": 74,
        "sb": 1,
        "hr": 16
      },
      {
        "name": "오지환",
        "year": 20,
        "team": "LG",
        "pa": 591,
        "ops": 0.823,
        "avg": 0.3,
        "obp": 0.362,
        "slg": 0.461,
        "rbi": 71,
        "sb": 20,
        "hr": 10
      },
      {
        "name": "정주현",
        "year": 20,
        "team": "LG",
        "pa": 371,
        "ops": 0.65,
        "avg": 0.247,
        "obp": 0.312,
        "slg": 0.338,
        "rbi": 30,
        "sb": 8,
        "hr": 4
      },
      {
        "name": "김현수",
        "year": 20,
        "team": "LG",
        "pa": 619,
        "ops": 0.92,
        "avg": 0.331,
        "obp": 0.397,
        "slg": 0.523,
        "rbi": 119,
        "sb": 0,
        "hr": 22
      },
      {
        "name": "라모스",
        "year": 20,
        "team": "LG",
        "pa": 494,
        "ops": 0.954,
        "avg": 0.278,
        "obp": 0.362,
        "slg": 0.592,
        "rbi": 86,
        "sb": 2,
        "hr": 38
      },
      {
        "name": "채은성",
        "year": 20,
        "team": "LG",
        "pa": 464,
        "ops": 0.803,
        "avg": 0.293,
        "obp": 0.351,
        "slg": 0.452,
        "rbi": 88,
        "sb": 0,
        "hr": 15
      },
      {
        "name": "홍창기",
        "year": 20,
        "team": "LG",
        "pa": 507,
        "ops": 0.828,
        "avg": 0.279,
        "obp": 0.411,
        "slg": 0.417,
        "rbi": 39,
        "sb": 11,
        "hr": 5
      },
      {
        "name": "김민성",
        "year": 20,
        "team": "LG",
        "pa": 333,
        "ops": 0.709,
        "avg": 0.266,
        "obp": 0.325,
        "slg": 0.384,
        "rbi": 47,
        "sb": 2,
        "hr": 5
      },
      {
        "name": "이천웅",
        "year": 20,
        "team": "LG",
        "pa": 359,
        "ops": 0.666,
        "avg": 0.256,
        "obp": 0.333,
        "slg": 0.333,
        "rbi": 36,
        "sb": 8,
        "hr": 3
      }
    ]
  },
  {
    "generation": 7,
    "expected_score": 5.92,
    "lineup": [
      "유강남",
      "홍창기",
      "정주현",
      "김현수",
      "오지환",
      "김민성",
      "채은성",
      "라모스",
      "이천웅"
    ],
    "player_stats": [
      {
        "name": "유강남",
        "year": 20,
        "team": "LG",
        "pa": 478,
        "ops": 0.745,
        "avg": 0.261,
        "obp": 0.33,
        "slg": 0.415,
        "rbi": 74,
        "sb": 1,
        "hr": 16
      },
      {
        "name": "홍창기",
        "year": 20,
        "team": "LG",
        "pa": 507,
        "ops": 0.828,
        "avg": 0.279,
        "obp": 0.411,
        "slg": 0.417,
        "rbi": 39,
        "sb": 11,
        "hr": 5
      },
      {
        "name": "정주현",
        "year": 20,
        "team": "LG",
        "pa": 371,
        "ops": 0.65,
        "avg": 0.247,
        "obp": 0.312,
        "slg": 0.338,
        "rbi": 30,
        "sb": 8,
        "hr": 4
      },
      {
        "name": "김현수",
        "year": 20,
        "team": "LG",
        "pa": 619,
        "ops": 0.92,
        "avg": 0.331,
        "obp": 0.397,
        "slg": 0.523,
        "rbi": 119,
        "sb": 0,
        "hr": 22
      },
      {
        "name": "오지환",
        "year": 20,
        "team": "LG",
        "pa": 591,
        "ops": 0.823,
        "avg": 0.3,
        "obp": 0.362,
        "slg": 0.461,
        "rbi": 71,
        "sb": 20,
        "hr": 10
      },
      {
        "name": "김민성",
        "year": 20,
        "team": "LG",
        "pa": 333,
        "ops": 0.709,
        "avg": 0.266,
        "obp": 0.325,
        "slg": 0.384,
        "rbi": 47,
        "sb": 2,
        "hr": 5
      },
      {
        "name": "채은성",
        "year": 20,
        "team": "LG",
        "pa": 464,
        "ops": 0.803,
        "avg": 0.293,
        "obp": 0.351,
        "slg": 0.452,
        "rbi": 88,
        "sb": 0,
        "hr": 15
      },
      {
        "name": "라모스",
        "year": 20,
        "team": "LG",
        "pa": 494,
        "ops": 0.954,
        "avg": 0.278,
        "obp": 0.362,
        "slg": 0.592,
        "rbi": 86,
        "sb": 2,
        "hr": 38
      },
      {
        "name": "이천웅",
        "year": 20,
        "team": "LG",
        "pa": 359,
        "ops": 0.666,
        "avg": 0.256,
        "obp": 0.333,
        "slg": 0.333,
        "rbi": 36,
        "sb": 8,
        "hr": 3
      }
    ]
  },
  {
    "generation": 8,
    "expected_score": 5.915,
    "lineup": [
      "채은성",
      "홍창기",
      "김민성",
      "유강남",
      "오지환",
      "라모스",
      "이천웅",
      "김현수",
      "정주현"
    ],
    "player_stats": [
      {
        "name": "채은성",
        "year": 20,
        "team": "LG",
        "pa": 464,
        "ops": 0.803,
        "avg": 0.293,
        "obp": 0.351,
        "slg": 0.452,
        "rbi": 88,
        "sb": 0,
        "hr": 15
      },
      {
        "name": "홍창기",
        "year": 20,
        "team": "LG",
        "pa": 507,
        "ops": 0.828,
        "avg": 0.279,
        "obp": 0.411,
        "slg": 0.417,
        "rbi": 39,
        "sb": 11,
        "hr": 5
      },
      {
        "name": "김민성",
        "year": 20,
        "team": "LG",
        "pa": 333,
        "ops": 0.709,
        "avg": 0.266,
        "obp": 0.325,
        "slg": 0.384,
        "rbi": 47,
        "sb": 2,
        "hr": 5
      },
      {
        "name": "유강남",
        "year": 20,
        "team": "LG",
        "pa": 478,
        "ops": 0.745,
        "avg": 0.261,
        "obp": 0.33,
        "slg": 0.415,
        "rbi": 74,
        "sb": 1,
        "hr": 16
      },
      {
        "name": "오지환",
        "year": 20,
        "team": "LG",
        "pa": 591,
        "ops": 0.823,
        "avg": 0.3,
        "obp": 0.362,
        "slg": 0.461,
        "rbi": 71,
        "sb": 20,
        "hr": 10
      },
      {
        "name": "라모스",
        "year": 20,
        "team": "LG",
        "pa": 494,
        "ops": 0.954,
        "avg": 0.278,
        "obp": 0.362,
        "slg": 0.592,
        "rbi": 86,
        "sb": 2,
        "hr": 38
      },
      {
        "name": "이천웅",
        "year": 20,
        "team": "LG",
        "pa": 359,
        "ops": 0.666,
        "avg": 0.256,
        "obp": 0.333,
        "slg": 0.333,
        "rbi": 36,
        "sb": 8,
        "hr": 3
      },
      {
        "name": "김현수",
        "year": 20,
        "team": "LG",
        "pa": 619,
        "ops": 0.92,
        "avg": 0.331,
        "obp": 0.397,
        "slg": 0.523,
        "rbi": 119,
        "sb": 0,
        "hr": 22
      },
      {
        "name": "정주현",
        "year": 20,
        "team": "LG",
        "pa": 371,
        "ops": 0.65,
        "avg": 0.247,
        "obp": 0.312,
        "slg": 0.338,
        "rbi": 30,
        "sb": 8,
        "hr": 4
      }
    ]
  },
  {
    "generation": 9,
    "expected_score": 5.895,
    "lineup": [
      "채은성",
      "홍창기",
      "김민성",
      "유강남",
      "오지환",
      "라모스",
      "이천웅",
      "김현수",
      "정주현"
    ],
    "player_stats": [
      {
        "name": "채은성",
        "year": 20,
        "team": "LG",
        "pa": 464,
        "ops": 0.803,
        "avg": 0.293,
        "obp": 0.351,
        "slg": 0.452,
        "rbi": 88,
        "sb": 0,
        "hr": 15
      },
      {
        "name": "홍창기",
        "year": 20,
        "team": "LG",
        "pa": 507,
        "ops": 0.828,
        "avg": 0.279,
        "obp": 0.411,
        "slg": 0.417,
        "rbi": 39,
        "sb": 11,
        "hr": 5
      },
      {
        "name": "김민성",
        "year": 20,
        "team": "LG",
        "pa": 333,
        "ops": 0.709,
        "avg": 0.266,
        "obp": 0.325,
        "slg": 0.384,
        "rbi": 47,
        "sb": 2,
        "hr": 5
      },
      {
        "name": "유강남",
        "year": 20,
        "team": "LG",
        "pa": 478,
        "ops": 0.745,
        "avg": 0.261,
        "obp": 0.33,
        "slg": 0.415,
        "rbi": 74,
        "sb": 1,
        "hr": 16
      },
      {
        "name": "오지환",
        "year": 20,
        "team": "LG",
        "pa": 591,
        "ops": 0.823,
        "avg": 0.3,
        "obp": 0.362,
        "slg": 0.461,
        "rbi": 71,
        "sb": 20,
        "hr": 10
      },
      {
        "name": "라모스",
        "year": 20,
        "team": "LG",
        "pa": 494,
        "ops": 0.954,
        "avg": 0.278,
        "obp": 0.362,
        "slg": 0.592,
        "rbi": 86,
        "sb": 2,
        "hr": 38
      },
      {
        "name": "이천웅",
        "year": 20,
        "team": "LG",
        "pa": 359,
        "ops": 0.666,
        "avg": 0.256,
        "obp": 0.333,
        "slg": 0.333,
        "rbi": 36,
        "sb": 8,
        "hr": 3
      },
      {
        "name": "김현수",
        "year": 20,
        "team": "LG",
        "pa": 619,
        "ops": 0.92,
        "avg": 0.331,
        "obp": 0.397,
        "slg": 0.523,
        "rbi": 119,
        "sb": 0,
        "hr": 22
      },
      {
        "name": "정주현",
        "year": 20,
        "team": "LG",
        "pa": 371,
        "ops": 0.65,
        "avg": 0.247,
        "obp": 0.312,
        "slg": 0.338,
        "rbi": 30,
        "sb": 8,
        "hr": 4
      }
    ]
  },
  {
    "generation": 10,
    "expected_score": 5.965,
    "lineup": [
      "채은성",
      "홍창기",
      "유강남",
      "정주현",
      "김현수",
      "오지환",
      "김민성",
      "라모스",
      "이천웅"
    ],
    "player_stats": [
      {
        "name": "채은성",
        "year": 20,
        "team": "LG",
        "pa": 464,
        "ops": 0.803,
        "avg": 0.293,
        "obp": 0.351,
        "slg": 0.452,
        "rbi": 88,
        "sb": 0,
        "hr": 15
      },
      {
        "name": "홍창기",
        "year": 20,
        "team": "LG",
        "pa": 507,
        "ops": 0.828,
        "avg": 0.279,
        "obp": 0.411,
        "slg": 0.417,
        "rbi": 39,
        "sb": 11,
        "hr": 5
      },
      {
        "name": "유강남",
        "year": 20,
        "team": "LG",
        "pa": 478,
        "ops": 0.745,
        "avg": 0.261,
        "obp": 0.33,
        "slg": 0.415,
        "rbi": 74,
        "sb": 1,
        "hr": 16
      },
      {
        "name": "정주현",
        "year": 20,
        "team": "LG",
        "pa": 371,
        "ops": 0.65,
        "avg": 0.247,
        "obp": 0.312,
        "slg": 0.338,
        "rbi": 30,
        "sb": 8,
        "hr": 4
      },
      {
        "name": "김현수",
        "year": 20,
        "team": "LG",
        "pa": 619,
        "ops": 0.92,
        "avg": 0.331,
        "obp": 0.397,
        "slg": 0.523,
        "rbi": 119,
        "sb": 0,
        "hr": 22
      },
      {
        "name": "오지환",
        "year": 20,
        "team": "LG",
        "pa": 591,
        "ops": 0.823,
        "avg": 0.3,
        "obp": 0.362,
        "slg": 0.461,
        "rbi": 71,
        "sb": 20,
        "hr": 10
      },
      {
        "name": "김민성",
        "year": 20,
        "team": "LG",
        "pa": 333,
        "ops": 0.709,
        "avg": 0.266,
        "obp": 0.325,
        "slg": 0.384,
        "rbi": 47,
        "sb": 2,
        "hr": 5
      },
      {
        "name": "라모스",
        "year": 20,
        "team": "LG",
        "pa": 494,
        "ops": 0.954,
        "avg": 0.278,
        "obp": 0.362,
        "slg": 0.592,
        "rbi": 86,
        "sb": 2,
        "hr": 38
      },
      {
        "name": "이천웅",
        "year": 20,
        "team": "LG",
        "pa": 359,
        "ops": 0.666,
        "avg": 0.256,
        "obp": 0.333,
        "slg": 0.333,
        "rbi": 36,
        "sb": 8,
        "hr": 3
      }
    ]
  },
  {
    "generation": 11,
    "expected_score": 6.055,
    "lineup": [
      "홍창기",
      "채은성",
      "김민성",
      "유강남",
      "오지환",
      "김현수",
      "라모스",
      "이천웅",
      "정주현"
    ],
    "player_stats": [
      {
        "name": "홍창기",
        "year": 20,
        "team": "LG",
        "pa": 507,
        "ops": 0.828,
        "avg": 0.279,
        "obp": 0.411,
        "slg": 0.417,
        "rbi": 39,
        "sb": 11,
        "hr": 5
      },
      {
        "name": "채은성",
        "year": 20,
        "team": "LG",
        "pa": 464,
        "ops": 0.803,
        "avg": 0.293,
        "obp": 0.351,
        "slg": 0.452,
        "rbi": 88,
        "sb": 0,
        "hr": 15
      },
      {
        "name": "김민성",
        "year": 20,
        "team": "LG",
        "pa": 333,
        "ops": 0.709,
        "avg": 0.266,
        "obp": 0.325,
        "slg": 0.384,
        "rbi": 47,
        "sb": 2,
        "hr": 5
      },
      {
        "name": "유강남",
        "year": 20,
        "team": "LG",
        "pa": 478,
        "ops": 0.745,
        "avg": 0.261,
        "obp": 0.33,
        "slg": 0.415,
        "rbi": 74,
        "sb": 1,
        "hr": 16
      },
      {
        "name": "오지환",
        "year": 20,
        "team": "LG",
        "pa": 591,
        "ops": 0.823,
        "avg": 0.3,
        "obp": 0.362,
        "slg": 0.461,
        "rbi": 71,
        "sb": 20,
        "hr": 10
      },
      {
        "name": "김현수",
        "year": 20,
        "team": "LG",
        "pa": 619,
        "ops": 0.92,
        "avg": 0.331,
        "obp": 0.397,
        "slg": 0.523,
        "rbi": 119,
        "sb": 0,
        "hr": 22
      },
      {
        "name": "라모스",
        "year": 20,
        "team": "LG",
        "pa": 494,
        "ops": 0.954,
        "avg": 0.278,
        "obp": 0.362,
        "slg": 0.592,
        "rbi": 86,
        "sb": 2,
        "hr": 38
      },
      {
        "name": "이천웅",
        "year": 20,
        "team": "LG",
        "pa": 359,
        "ops": 0.666,
        "avg": 0.256,
        "obp": 0.333,
        "slg": 0.333,
        "rbi": 36,
        "sb": 8,
        "hr": 3
      },
      {
        "name": "정주현",
        "year": 20,
        "team": "LG",
        "pa": 371,
        "ops": 0.65,
        "avg": 0.247,
        "obp": 0.312,
        "slg": 0.338,
        "rbi": 30,
        "sb": 8,
        "hr": 4
      }
    ]
  },
  {
    "generation": 12,
    "expected_score": 6.09,
    "lineup": [
      "홍창기",
      "김민성",
      "채은성",
      "유강남",
      "오지환",
      "김현수",
      "라모스",
      "이천웅",
      "정주현"
    ],
    "player_stats": [
      {
        "name": "홍창기",
        "year": 20,
        "team": "LG",
        "pa": 507,
        "ops": 0.828,
        "avg": 0.279,
        "obp": 0.411,
        "slg": 0.417,
        "rbi": 39,
        "sb": 11,
        "hr": 5
      },
      {
        "name": "김민성",
        "year": 20,
        "team": "LG",
        "pa": 333,
        "ops": 0.709,
        "avg": 0.266,
        "obp": 0.325,
        "slg": 0.384,
        "rbi": 47,
        "sb": 2,
        "hr": 5
      },
      {
        "name": "채은성",
        "year": 20,
        "team": "LG",
        "pa": 464,
        "ops": 0.803,
        "avg": 0.293,
        "obp": 0.351,
        "slg": 0.452,
        "rbi": 88,
        "sb": 0,
        "hr": 15
      },
      {
        "name": "유강남",
        "year": 20,
        "team": "LG",
        "pa": 478,
        "ops": 0.745,
        "avg": 0.261,
        "obp": 0.33,
        "slg": 0.415,
        "rbi": 74,
        "sb": 1,
        "hr": 16
      },
      {
        "name": "오지환",
        "year": 20,
        "team": "LG",
        "pa": 591,
        "ops": 0.823,
        "avg": 0.3,
        "obp": 0.362,
        "slg": 0.461,
        "rbi": 71,
        "sb": 20,
        "hr": 10
      },
      {
        "name": "김현수",
        "year": 20,
        "team": "LG",
        "pa": 619,
        "ops": 0.92,
        "avg": 0.331,
        "obp": 0.397,
        "slg": 0.523,
        "rbi": 119,
        "sb": 0,
        "hr": 22
      },
      {
        "name": "라모스",
        "year": 20,
        "team": "LG",
        "pa": 494,
        "ops": 0.954,
        "avg": 0.278,
        "obp": 0.362,
        "slg": 0.592,
        "rbi": 86,
        "sb": 2,
        "hr": 38
      },
      {
        "name": "이천웅",
        "year": 20,
        "team": "LG",
        "pa": 359,
        "ops": 0.666,
        "avg": 0.256,
        "obp": 0.333,
        "slg": 0.333,
        "rbi": 36,
        "sb": 8,
        "hr": 3
      },
      {
        "name": "정주현",
        "year": 20,
        "team": "LG",
        "pa": 371,
        "ops": 0.65,
        "avg": 0.247,
        "obp": 0.312,
        "slg": 0.338,
        "rbi": 30,
        "sb": 8,
        "hr": 4
      }
    ]
  },
  {
    "generation": 13,
    "expected_score": 6.19,
    "lineup": [
      "채은성",
      "홍창기",
      "김민성",
      "유강남",
      "오지환",
      "이천웅",
      "라모스",
      "김현수",
      "정주현"
    ],
    "player_stats": [
      {
        "name": "채은성",
        "year": 20,
        "team": "LG",
        "pa": 464,
        "ops": 0.803,
        "avg": 0.293,
        "obp": 0.351,
        "slg": 0.452,
        "rbi": 88,
        "sb": 0,
        "hr": 15
      },
      {
        "name": "홍창기",
        "year": 20,
        "team": "LG",
        "pa": 507,
        "ops": 0.828,
        "avg": 0.279,
        "obp": 0.411,
        "slg": 0.417,
        "rbi": 39,
        "sb": 11,
        "hr": 5
      },
      {
        "name": "김민성",
        "year": 20,
        "team": "LG",
        "pa": 333,
        "ops": 0.709,
        "avg": 0.266,
        "obp": 0.325,
        "slg": 0.384,
        "rbi": 47,
        "sb": 2,
        "hr": 5
      },
      {
        "name": "유강남",
        "year": 20,
        "team": "LG",
        "pa": 478,
        "ops": 0.745,
        "avg": 0.261,
        "obp": 0.33,
        "slg": 0.415,
        "rbi": 74,
        "sb": 1,
        "hr": 16
      },
      {
        "name": "오지환",
        "year": 20,
        "team": "LG",
        "pa": 591,
        "ops": 0.823,
        "avg": 0.3,
        "obp": 0.362,
        "slg": 0.461,
        "rbi": 71,
        "sb": 20,
        "hr": 10
      },
      {
        "name": "이천웅",
        "year": 20,
        "team": "LG",
        "pa": 359,
        "ops": 0.666,
        "avg": 0.256,
        "obp": 0.333,
        "slg": 0.333,
        "rbi": 36,
        "sb": 8,
        "hr": 3
      },
      {
        "name": "라모스",
        "year": 20,
        "team": "LG",
        "pa": 494,
        "ops": 0.954,
        "avg": 0.278,
        "obp": 0.362,
        "slg": 0.592,
        "rbi": 86,
        "sb": 2,
        "hr": 38
      },
      {
        "name": "김현수",
        "year": 20,
        "team": "LG",
        "pa": 619,
        "ops": 0.92,
        "avg": 0.331,
        "obp": 0.397,
        "slg": 0.523,
        "rbi": 119,
        "sb": 0,
        "hr": 22
      },
      {
        "name": "정주현",
        "year": 20,
        "team": "LG",
        "pa": 371,
        "ops": 0.65,
        "avg": 0.247,
        "obp": 0.312,
        "slg": 0.338,
        "rbi": 30,
        "sb": 8,
        "hr": 4
      }
    ]
  },
  {
    "generation": 14,
    "expected_score": 6.07,
    "lineup": [
      "홍창기",
      "채은성",
      "김민성",
      "유강남",
      "오지환",
      "김현수",
      "라모스",
      "이천웅",
      "정주현"
    ],
    "player_stats": [
      {
        "name": "홍창기",
        "year": 20,
        "team": "LG",
        "pa": 507,
        "ops": 0.828,
        "avg": 0.279,
        "obp": 0.411,
        "slg": 0.417,
        "rbi": 39,
        "sb": 11,
        "hr": 5
      },
      {
        "name": "채은성",
        "year": 20,
        "team": "LG",
        "pa": 464,
        "ops": 0.803,
        "avg": 0.293,
        "obp": 0.351,
        "slg": 0.452,
        "rbi": 88,
        "sb": 0,
        "hr": 15
      },
      {
        "name": "김민성",
        "year": 20,
        "team": "LG",
        "pa": 333,
        "ops": 0.709,
        "avg": 0.266,
        "obp": 0.325,
        "slg": 0.384,
        "rbi": 47,
        "sb": 2,
        "hr": 5
      },
      {
        "name": "유강남",
        "year": 20,
        "team": "LG",
        "pa": 478,
        "ops": 0.745,
        "avg": 0.261,
        "obp": 0.33,
        "slg": 0.415,
        "rbi": 74,
        "sb": 1,
        "hr": 16
      },
      {
        "name": "오지환",
        "year": 20,
        "team": "LG",
        "pa": 591,
        "ops": 0.823,
        "avg": 0.3,
        "obp": 0.362,
        "slg": 0.461,
        "rbi": 71,
        "sb": 20,
        "hr": 10
      },
      {
        "name": "김현수",
        "year": 20,
        "team": "LG",
        "pa": 619,
        "ops": 0.92,
        "avg": 0.331,
        "obp": 0.397,
        "slg": 0.523,
        "rbi": 119,
        "sb": 0,
        "hr": 22
      },
      {
        "name": "라모스",
        "year": 20,
        "team": "LG",
        "pa": 494,
        "ops": 0.954,
        "avg": 0.278,
        "obp": 0.362,
        "slg": 0.592,
        "rbi": 86,
        "sb": 2,
        "hr": 38
      },
      {
        "name": "이천웅",
        "year": 20,
        "team": "LG",
        "pa": 359,
        "ops": 0.666,
        "avg": 0.256,
        "obp": 0.333,
        "slg": 0.333,
        "rbi": 36,
        "sb": 8,
        "hr": 3
      },
      {
        "name": "정주현",
        "year": 20,
        "team": "LG",
        "pa": 371,
        "ops": 0.65,
        "avg": 0.247,
        "obp": 0.312,
        "slg": 0.338,
        "rbi": 30,
        "sb": 8,
        "hr": 4
      }
    ]
  },
  {
    "generation": 15,
    "expected_score": 5.96,
    "lineup": [
      "홍창기",
      "채은성",
      "김민성",
      "유강남",
      "오지환",
      "이천웅",
      "김현수",
      "라모스",
      "정주현"
    ],
    "player_stats": [
      {
        "name": "홍창기",
        "year": 20,
        "team": "LG",
        "pa": 507,
        "ops": 0.828,
        "avg": 0.279,
        "obp": 0.411,
        "slg": 0.417,
        "rbi": 39,
        "sb": 11,
        "hr": 5
      },
      {
        "name": "채은성",
        "year": 20,
        "team": "LG",
        "pa": 464,
        "ops": 0.803,
        "avg": 0.293,
        "obp": 0.351,
        "slg": 0.452,
        "rbi": 88,
        "sb": 0,
        "hr": 15
      },
      {
        "name": "김민성",
        "year": 20,
        "team": "LG",
        "pa": 333,
        "ops": 0.709,
        "avg": 0.266,
        "obp": 0.325,
        "slg": 0.384,
        "rbi": 47,
        "sb": 2,
        "hr": 5
      },
      {
        "name": "유강남",
        "year": 20,
        "team": "LG",
        "pa": 478,
        "ops": 0.745,
        "avg": 0.261,
        "obp": 0.33,
        "slg": 0.415,
        "rbi": 74,
        "sb": 1,
        "hr": 16
      },
      {
        "name": "오지환",
        "year": 20,
        "team": "LG",
        "pa": 591,
        "ops": 0.823,
        "avg": 0.3,
        "obp": 0.362,
        "slg": 0.461,
        "rbi": 71,
        "sb": 20,
        "hr": 10
      },
      {
        "name": "이천웅",
        "year": 20,
        "team": "LG",
        "pa": 359,
        "ops": 0.666,
        "avg": 0.256,
        "obp": 0.333,
        "slg": 0.333,
        "rbi": 36,
        "sb": 8,
        "hr": 3
      },
      {
        "name": "김현수",
        "year": 20,
        "team": "LG",
        "pa": 619,
        "ops": 0.92,
        "avg": 0.331,
        "obp": 0.397,
        "slg": 0.523,
        "rbi": 119,
        "sb": 0,
        "hr": 22
      },
      {
        "name": "라모스",
        "year": 20,
        "team": "LG",
        "pa": 494,
        "ops": 0.954,
        "avg": 0.278,
        "obp": 0.362,
        "slg": 0.592,
        "rbi": 86,
        "sb": 2,
        "hr": 38
      },
      {
        "name": "정주현",
        "year": 20,
        "team": "LG",
        "pa": 371,
        "ops": 0.65,
        "avg": 0.247,
        "obp": 0.312,
        "slg": 0.338,
        "rbi": 30,
        "sb": 8,
        "hr": 4
      }
    ]
  },
  {
    "generation": 16,
    "expected_score": 5.965,
    "lineup": [
      "홍창기",
      "채은성",
      "김민성",
      "유강남",
      "라모스",
      "오지환",
      "김현수",
      "이천웅",
      "정주현"
    ],
    "player_stats": [
      {
        "name": "홍창기",
        "year": 20,
        "team": "LG",
        "pa": 507,
        "ops": 0.828,
        "avg": 0.279,
        "obp": 0.411,
        "slg": 0.417,
        "rbi": 39,
        "sb": 11,
        "hr": 5
      },
      {
        "name": "채은성",
        "year": 20,
        "team": "LG",
        "pa": 464,
        "ops": 0.803,
        "avg": 0.293,
        "obp": 0.351,
        "slg": 0.452,
        "rbi": 88,
        "sb": 0,
        "hr": 15
      },
      {
        "name": "김민성",
        "year": 20,
        "team": "LG",
        "pa": 333,
        "ops": 0.709,
        "avg": 0.266,
        "obp": 0.325,
        "slg": 0.384,
        "rbi": 47,
        "sb": 2,
        "hr": 5
      },
      {
        "name": "유강남",
        "year": 20,
        "team": "LG",
        "pa": 478,
        "ops": 0.745,
        "avg": 0.261,
        "obp": 0.33,
        "slg": 0.415,
        "rbi": 74,
        "sb": 1,
        "hr": 16
      },
      {
        "name": "라모스",
        "year": 20,
        "team": "LG",
        "pa": 494,
        "ops": 0.954,
        "avg": 0.278,
        "obp": 0.362,
        "slg": 0.592,
        "rbi": 86,
        "sb": 2,
        "hr": 38
      },
      {
        "name": "오지환",
        "year": 20,
        "team": "LG",
        "pa": 591,
        "ops": 0.823,
        "avg": 0.3,
        "obp": 0.362,
        "slg": 0.461,
        "rbi": 71,
        "sb": 20,
        "hr": 10
      },
      {
        "name": "김현수",
        "year": 20,
        "team": "LG",
        "pa": 619,
        "ops": 0.92,
        "avg": 0.331,
        "obp": 0.397,
        "slg": 0.523,
        "rbi": 119,
        "sb": 0,
        "hr": 22
      },
      {
        "name": "이천웅",
        "year": 20,
        "team": "LG",
        "pa": 359,
        "ops": 0.666,
        "avg": 0.256,
        "obp": 0.333,
        "slg": 0.333,
        "rbi": 36,
        "sb": 8,
        "hr": 3
      },
      {
        "name": "정주현",
        "year": 20,
        "team": "LG",
        "pa": 371,
        "ops": 0.65,
        "avg": 0.247,
        "obp": 0.312,
        "slg": 0.338,
        "rbi": 30,
        "sb": 8,
        "hr": 4
      }
    ]
  },
  {
    "generation": 17,
    "expected_score": 5.995,
    "lineup": [
      "홍창기",
      "채은성",
      "김민성",
      "유강남",
      "오지환",
      "이천웅",
      "김현수",
      "라모스",
      "정주현"
    ],
    "player_stats": [
      {
        "name": "홍창기",
        "year": 20,
        "team": "LG",
        "pa": 507,
        "ops": 0.828,
        "avg": 0.279,
        "obp": 0.411,
        "slg": 0.417,
        "rbi": 39,
        "sb": 11,
        "hr": 5
      },
      {
        "name": "채은성",
        "year": 20,
        "team": "LG",
        "pa": 464,
        "ops": 0.803,
        "avg": 0.293,
        "obp": 0.351,
        "slg": 0.452,
        "rbi": 88,
        "sb": 0,
        "hr": 15
      },
      {
        "name": "김민성",
        "year": 20,
        "team": "LG",
        "pa": 333,
        "ops": 0.709,
        "avg": 0.266,
        "obp": 0.325,
        "slg": 0.384,
        "rbi": 47,
        "sb": 2,
        "hr": 5
      },
      {
        "name": "유강남",
        "year": 20,
        "team": "LG",
        "pa": 478,
        "ops": 0.745,
        "avg": 0.261,
        "obp": 0.33,
        "slg": 0.415,
        "rbi": 74,
        "sb": 1,
        "hr": 16
      },
      {
        "name": "오지환",
        "year": 20,
        "team": "LG",
        "pa": 591,
        "ops": 0.823,
        "avg": 0.3,
        "obp": 0.362,
        "slg": 0.461,
        "rbi": 71,
        "sb": 20,
        "hr": 10
      },
      {
        "name": "이천웅",
        "year": 20,
        "team": "LG",
        "pa": 359,
        "ops": 0.666,
        "avg": 0.256,
        "obp": 0.333,
        "slg": 0.333,
        "rbi": 36,
        "sb": 8,
        "hr": 3
      },
      {
        "name": "김현수",
        "year": 20,
        "team": "LG",
        "pa": 619,
        "ops": 0.92,
        "avg": 0.331,
        "obp": 0.397,
        "slg": 0.523,
        "rbi": 119,
        "sb": 0,
        "hr": 22
      },
      {
        "name": "라모스",
        "year": 20,
        "team": "LG",
        "pa": 494,
        "ops": 0.954,
        "avg": 0.278,
        "obp": 0.362,
        "slg": 0.592,
        "rbi": 86,
        "sb": 2,
        "hr": 38
      },
      {
        "name": "정주현",
        "year": 20,
        "team": "LG",
        "pa": 371,
        "ops": 0.65,
        "avg": 0.247,
        "obp": 0.312,
        "slg": 0.338,
        "rbi": 30,
        "sb": 8,
        "hr": 4
      }
    ]
  },
  {
    "generation": 18,
    "expected_score": 6.135,
    "lineup": [
      "홍창기",
      "채은성",
      "김민성",
      "유강남",
      "오지환",
      "이천웅",
      "김현수",
      "라모스",
      "정주현"
    ],
    "player_stats": [
      {
        "name": "홍창기",
        "year": 20,
        "team": "LG",
        "pa": 507,
        "ops": 0.828,
        "avg": 0.279,
        "obp": 0.411,
        "slg": 0.417,
        "rbi": 39,
        "sb": 11,
        "hr": 5
      },
      {
        "name": "채은성",
        "year": 20,
        "team": "LG",
        "pa": 464,
        "ops": 0.803,
        "avg": 0.293,
        "obp": 0.351,
        "slg": 0.452,
        "rbi": 88,
        "sb": 0,
        "hr": 15
      },
      {
        "name": "김민성",
        "year": 20,
        "team": "LG",
        "pa": 333,
        "ops": 0.709,
        "avg": 0.266,
        "obp": 0.325,
        "slg": 0.384,
        "rbi": 47,
        "sb": 2,
        "hr": 5
      },
      {
        "name": "유강남",
        "year": 20,
        "team": "LG",
        "pa": 478,
        "ops": 0.745,
        "avg": 0.261,
        "obp": 0.33,
        "slg": 0.415,
        "rbi": 74,
        "sb": 1,
        "hr": 16
      },
      {
        "name": "오지환",
        "year": 20,
        "team": "LG",
        "pa": 591,
        "ops": 0.823,
        "avg": 0.3,
        "obp": 0.362,
        "slg": 0.461,
        "rbi": 71,
        "sb": 20,
        "hr": 10
      },
      {
        "name": "이천웅",
        "year": 20,
        "team": "LG",
        "pa": 359,
        "ops": 0.666,
        "avg": 0.256,
        "obp": 0.333,
        "slg": 0.333,
        "rbi": 36,
        "sb": 8,
        "hr": 3
      },
      {
        "name": "김현수",
        "year": 20,
        "team": "LG",
        "pa": 619,
        "ops": 0.92,
        "avg": 0.331,
        "obp": 0.397,
        "slg": 0.523,
        "rbi": 119,
        "sb": 0,
        "hr": 22
      },
      {
        "name": "라모스",
        "year": 20,
        "team": "LG",
        "pa": 494,
        "ops": 0.954,
        "avg": 0.278,
        "obp": 0.362,
        "slg": 0.592,
        "rbi": 86,
        "sb": 2,
        "hr": 38
      },
      {
        "name": "정주현",
        "year": 20,
        "team": "LG",
        "pa": 371,
        "ops": 0.65,
        "avg": 0.247,
        "obp": 0.312,
        "slg": 0.338,
        "rbi": 30,
        "sb": 8,
        "hr": 4
      }
    ]
  },
  {
    "generation": 19,
    "expected_score": 5.875,
    "lineup": [
      "채은성",
      "홍창기",
      "김민성",
      "유강남",
      "오지환",
      "이천웅",
      "김현수",
      "라모스",
      "정주현"
    ],
    "player_stats": [
      {
        "name": "채은성",
        "year": 20,
        "team": "LG",
        "pa": 464,
        "ops": 0.803,
        "avg": 0.293,
        "obp": 0.351,
        "slg": 0.452,
        "rbi": 88,
        "sb": 0,
        "hr": 15
      },
      {
        "name": "홍창기",
        "year": 20,
        "team": "LG",
        "pa": 507,
        "ops": 0.828,
        "avg": 0.279,
        "obp": 0.411,
        "slg": 0.417,
        "rbi": 39,
        "sb": 11,
        "hr": 5
      },
      {
        "name": "김민성",
        "year": 20,
        "team": "LG",
        "pa": 333,
        "ops": 0.709,
        "avg": 0.266,
        "obp": 0.325,
        "slg": 0.384,
        "rbi": 47,
        "sb": 2,
        "hr": 5
      },
      {
        "name": "유강남",
        "year": 20,
        "team": "LG",
        "pa": 478,
        "ops": 0.745,
        "avg": 0.261,
        "obp": 0.33,
        "slg": 0.415,
        "rbi": 74,
        "sb": 1,
        "hr": 16
      },
      {
        "name": "오지환",
        "year": 20,
        "team": "LG",
        "pa": 591,
        "ops": 0.823,
        "avg": 0.3,
        "obp": 0.362,
        "slg": 0.461,
        "rbi": 71,
        "sb": 20,
        "hr": 10
      },
      {
        "name": "이천웅",
        "year": 20,
        "team": "LG",
        "pa": 359,
        "ops": 0.666,
        "avg": 0.256,
        "obp": 0.333,
        "slg": 0.333,
        "rbi": 36,
        "sb": 8,
        "hr": 3
      },
      {
        "name": "김현수",
        "year": 20,
        "team": "LG",
        "pa": 619,
        "ops": 0.92,
        "avg": 0.331,
        "obp": 0.397,
        "slg": 0.523,
        "rbi": 119,
        "sb": 0,
        "hr": 22
      },
      {
        "name": "라모스",
        "year": 20,
        "team": "LG",
        "pa": 494,
        "ops": 0.954,
        "avg": 0.278,
        "obp": 0.362,
        "slg": 0.592,
        "rbi": 86,
        "sb": 2,
        "hr": 38
      },
      {
        "name": "정주현",
        "year": 20,
        "team": "LG",
        "pa": 371,
        "ops": 0.65,
        "avg": 0.247,
        "obp": 0.312,
        "slg": 0.338,
        "rbi": 30,
        "sb": 8,
        "hr": 4
      }
    ]
  },
  {
    "generation": 20,
    "expected_score": 6.055,
    "lineup": [
      "홍창기",
      "채은성",
      "김민성",
      "유강남",
      "오지환",
      "이천웅",
      "김현수",
      "라모스",
      "정주현"
    ],
    "player_stats": [
      {
        "name": "홍창기",
        "year": 20,
        "team": "LG",
        "pa": 507,
        "ops": 0.828,
        "avg": 0.279,
        "obp": 0.411,
        "slg": 0.417,
        "rbi": 39,
        "sb": 11,
        "hr": 5
      },
      {
        "name": "채은성",
        "year": 20,
        "team": "LG",
        "pa": 464,
        "ops": 0.803,
        "avg": 0.293,
        "obp": 0.351,
        "slg": 0.452,
        "rbi": 88,
        "sb": 0,
        "hr": 15
      },
      {
        "name": "김민성",
        "year": 20,
        "team": "LG",
        "pa": 333,
        "ops": 0.709,
        "avg": 0.266,
        "obp": 0.325,
        "slg": 0.384,
        "rbi": 47,
        "sb": 2,
        "hr": 5
      },
      {
        "name": "유강남",
        "year": 20,
        "team": "LG",
        "pa": 478,
        "ops": 0.745,
        "avg": 0.261,
        "obp": 0.33,
        "slg": 0.415,
        "rbi": 74,
        "sb": 1,
        "hr": 16
      },
      {
        "name": "오지환",
        "year": 20,
        "team": "LG",
        "pa": 591,
        "ops": 0.823,
        "avg": 0.3,
        "obp": 0.362,
        "slg": 0.461,
        "rbi": 71,
        "sb": 20,
        "hr": 10
      },
      {
        "name": "이천웅",
        "year": 20,
        "team": "LG",
        "pa": 359,
        "ops": 0.666,
        "avg": 0.256,
        "obp": 0.333,
        "slg": 0.333,
        "rbi": 36,
        "sb": 8,
        "hr": 3
      },
      {
        "name": "김현수",
        "year": 20,
        "team": "LG",
        "pa": 619,
        "ops": 0.92,
        "avg": 0.331,
        "obp": 0.397,
        "slg": 0.523,
        "rbi": 119,
        "sb": 0,
        "hr": 22
      },
      {
        "name": "라모스",
        "year": 20,
        "team": "LG",
        "pa": 494,
        "ops": 0.954,
        "avg": 0.278,
        "obp": 0.362,
        "slg": 0.592,
        "rbi": 86,
        "sb": 2,
        "hr": 38
      },
      {
        "name": "정주현",
        "year": 20,
        "team": "LG",
        "pa": 371,
        "ops": 0.65,
        "avg": 0.247,
        "obp": 0.312,
        "slg": 0.338,
        "rbi": 30,
        "sb": 8,
        "hr": 4
      }
    ]
  },
  {
    "generation": 21,
    "expected_score": 5.975,
    "lineup": [
      "채은성",
      "홍창기",
      "김민성",
      "유강남",
      "오지환",
      "이천웅",
      "김현수",
      "라모스",
      "정주현"
    ],
    "player_stats": [
      {
        "name": "채은성",
        "year": 20,
        "team": "LG",
        "pa": 464,
        "ops": 0.803,
        "avg": 0.293,
        "obp": 0.351,
        "slg": 0.452,
        "rbi": 88,
        "sb": 0,
        "hr": 15
      },
      {
        "name": "홍창기",
        "year": 20,
        "team": "LG",
        "pa": 507,
        "ops": 0.828,
        "avg": 0.279,
        "obp": 0.411,
        "slg": 0.417,
        "rbi": 39,
        "sb": 11,
        "hr": 5
      },
      {
        "name": "김민성",
        "year": 20,
        "team": "LG",
        "pa": 333,
        "ops": 0.709,
        "avg": 0.266,
        "obp": 0.325,
        "slg": 0.384,
        "rbi": 47,
        "sb": 2,
        "hr": 5
      },
      {
        "name": "유강남",
        "year": 20,
        "team": "LG",
        "pa": 478,
        "ops": 0.745,
        "avg": 0.261,
        "obp": 0.33,
        "slg": 0.415,
        "rbi": 74,
        "sb": 1,
        "hr": 16
      },
      {
        "name": "오지환",
        "year": 20,
        "team": "LG",
        "pa": 591,
        "ops": 0.823,
        "avg": 0.3,
        "obp": 0.362,
        "slg": 0.461,
        "rbi": 71,
        "sb": 20,
        "hr": 10
      },
      {
        "name": "이천웅",
        "year": 20,
        "team": "LG",
        "pa": 359,
        "ops": 0.666,
        "avg": 0.256,
        "obp": 0.333,
        "slg": 0.333,
        "rbi": 36,
        "sb": 8,
        "hr": 3
      },
      {
        "name": "김현수",
        "year": 20,
        "team": "LG",
        "pa": 619,
        "ops": 0.92,
        "avg": 0.331,
        "obp": 0.397,
        "slg": 0.523,
        "rbi": 119,
        "sb": 0,
        "hr": 22
      },
      {
        "name": "라모스",
        "year": 20,
        "team": "LG",
        "pa": 494,
        "ops": 0.954,
        "avg": 0.278,
        "obp": 0.362,
        "slg": 0.592,
        "rbi": 86,
        "sb": 2,
        "hr": 38
      },
      {
        "name": "정주현",
        "year": 20,
        "team": "LG",
        "pa": 371,
        "ops": 0.65,
        "avg": 0.247,
        "obp": 0.312,
        "slg": 0.338,
        "rbi": 30,
        "sb": 8,
        "hr": 4
      }
    ]
  },
  {
    "generation": 22,
    "expected_score": 5.93,
    "lineup": [
      "홍창기",
      "채은성",
      "유강남",
      "오지환",
      "김민성",
      "김현수",
      "이천웅",
      "라모스",
      "정주현"
    ],
    "player_stats": [
      {
        "name": "홍창기",
        "year": 20,
        "team": "LG",
        "pa": 507,
        "ops": 0.828,
        "avg": 0.279,
        "obp": 0.411,
        "slg": 0.417,
        "rbi": 39,
        "sb": 11,
        "hr": 5
      },
      {
        "name": "채은성",
        "year": 20,
        "team": "LG",
        "pa": 464,
        "ops": 0.803,
        "avg": 0.293,
        "obp": 0.351,
        "slg": 0.452,
        "rbi": 88,
        "sb": 0,
        "hr": 15
      },
      {
        "name": "유강남",
        "year": 20,
        "team": "LG",
        "pa": 478,
        "ops": 0.745,
        "avg": 0.261,
        "obp": 0.33,
        "slg": 0.415,
        "rbi": 74,
        "sb": 1,
        "hr": 16
      },
      {
        "name": "오지환",
        "year": 20,
        "team": "LG",
        "pa": 591,
        "ops": 0.823,
        "avg": 0.3,
        "obp": 0.362,
        "slg": 0.461,
        "rbi": 71,
        "sb": 20,
        "hr": 10
      },
      {
        "name": "김민성",
        "year": 20,
        "team": "LG",
        "pa": 333,
        "ops": 0.709,
        "avg": 0.266,
        "obp": 0.325,
        "slg": 0.384,
        "rbi": 47,
        "sb": 2,
        "hr": 5
      },
      {
        "name": "김현수",
        "year": 20,
        "team": "LG",
        "pa": 619,
        "ops": 0.92,
        "avg": 0.331,
        "obp": 0.397,
        "slg": 0.523,
        "rbi": 119,
        "sb": 0,
        "hr": 22
      },
      {
        "name": "이천웅",
        "year": 20,
        "team": "LG",
        "pa": 359,
        "ops": 0.666,
        "avg": 0.256,
        "obp": 0.333,
        "slg": 0.333,
        "rbi": 36,
        "sb": 8,
        "hr": 3
      },
      {
        "name": "라모스",
        "year": 20,
        "team": "LG",
        "pa": 494,
        "ops": 0.954,
        "avg": 0.278,
        "obp": 0.362,
        "slg": 0.592,
        "rbi": 86,
        "sb": 2,
        "hr": 38
      },
      {
        "name": "정주현",
        "year": 20,
        "team": "LG",
        "pa": 371,
        "ops": 0.65,
        "avg": 0.247,
        "obp": 0.312,
        "slg": 0.338,
        "rbi": 30,
        "sb": 8,
        "hr": 4
      }
    ]
  },
  {
    "generation": 23,
    "expected_score": 5.92,
    "lineup": [
      "홍창기",
      "채은성",
      "이천웅",
      "김민성",
      "유강남",
      "오지환",
      "김현수",
      "라모스",
      "정주현"
    ],
    "player_stats": [
      {
        "name": "홍창기",
        "year": 20,
        "team": "LG",
        "pa": 507,
        "ops": 0.828,
        "avg": 0.279,
        "obp": 0.411,
        "slg": 0.417,
        "rbi": 39,
        "sb": 11,
        "hr": 5
      },
      {
        "name": "채은성",
        "year": 20,
        "team": "LG",
        "pa": 464,
        "ops": 0.803,
        "avg": 0.293,
        "obp": 0.351,
        "slg": 0.452,
        "rbi": 88,
        "sb": 0,
        "hr": 15
      },
      {
        "name": "이천웅",
        "year": 20,
        "team": "LG",
        "pa": 359,
        "ops": 0.666,
        "avg": 0.256,
        "obp": 0.333,
        "slg": 0.333,
        "rbi": 36,
        "sb": 8,
        "hr": 3
      },
      {
        "name": "김민성",
        "year": 20,
        "team": "LG",
        "pa": 333,
        "ops": 0.709,
        "avg": 0.266,
        "obp": 0.325,
        "slg": 0.384,
        "rbi": 47,
        "sb": 2,
        "hr": 5
      },
      {
        "name": "유강남",
        "year": 20,
        "team": "LG",
        "pa": 478,
        "ops": 0.745,
        "avg": 0.261,
        "obp": 0.33,
        "slg": 0.415,
        "rbi": 74,
        "sb": 1,
        "hr": 16
      },
      {
        "name": "오지환",
        "year": 20,
        "team": "LG",
        "pa": 591,
        "ops": 0.823,
        "avg": 0.3,
        "obp": 0.362,
        "slg": 0.461,
        "rbi": 71,
        "sb": 20,
        "hr": 10
      },
      {
        "name": "김현수",
        "year": 20,
        "team": "LG",
        "pa": 619,
        "ops": 0.92,
        "avg": 0.331,
        "obp": 0.397,
        "slg": 0.523,
        "rbi": 119,
        "sb": 0,
        "hr": 22
      },
      {
        "name": "라모스",
        "year": 20,
        "team": "LG",
        "pa": 494,
        "ops": 0.954,
        "avg": 0.278,
        "obp": 0.362,
        "slg": 0.592,
        "rbi": 86,
        "sb": 2,
        "hr": 38
      },
      {
        "name": "정주현",
        "year": 20,
        "team": "LG",
        "pa": 371,
        "ops": 0.65,
        "avg": 0.247,
        "obp": 0.312,
        "slg": 0.338,
        "rbi": 30,
        "sb": 8,
        "hr": 4
      }
    ]
  },
  {
    "generation": 24,
    "expected_score": 5.925,
    "lineup": [
      "홍창기",
      "채은성",
      "유강남",
      "오지환",
      "김현수",
      "김민성",
      "이천웅",
      "정주현",
      "라모스"
    ],
    "player_stats": [
      {
        "name": "홍창기",
        "year": 20,
        "team": "LG",
        "pa": 507,
        "ops": 0.828,
        "avg": 0.279,
        "obp": 0.411,
        "slg": 0.417,
        "rbi": 39,
        "sb": 11,
        "hr": 5
      },
      {
        "name": "채은성",
        "year": 20,
        "team": "LG",
        "pa": 464,
        "ops": 0.803,
        "avg": 0.293,
        "obp": 0.351,
        "slg": 0.452,
        "rbi": 88,
        "sb": 0,
        "hr": 15
      },
      {
        "name": "유강남",
        "year": 20,
        "team": "LG",
        "pa": 478,
        "ops": 0.745,
        "avg": 0.261,
        "obp": 0.33,
        "slg": 0.415,
        "rbi": 74,
        "sb": 1,
        "hr": 16
      },
      {
        "name": "오지환",
        "year": 20,
        "team": "LG",
        "pa": 591,
        "ops": 0.823,
        "avg": 0.3,
        "obp": 0.362,
        "slg": 0.461,
        "rbi": 71,
        "sb": 20,
        "hr": 10
      },
      {
        "name": "김현수",
        "year": 20,
        "team": "LG",
        "pa": 619,
        "ops": 0.92,
        "avg": 0.331,
        "obp": 0.397,
        "slg": 0.523,
        "rbi": 119,
        "sb": 0,
        "hr": 22
      },
      {
        "name": "김민성",
        "year": 20,
        "team": "LG",
        "pa": 333,
        "ops": 0.709,
        "avg": 0.266,
        "obp": 0.325,
        "slg": 0.384,
        "rbi": 47,
        "sb": 2,
        "hr": 5
      },
      {
        "name": "이천웅",
        "year": 20,
        "team": "LG",
        "pa": 359,
        "ops": 0.666,
        "avg": 0.256,
        "obp": 0.333,
        "slg": 0.333,
        "rbi": 36,
        "sb": 8,
        "hr": 3
      },
      {
        "name": "정주현",
        "year": 20,
        "team": "LG",
        "pa": 371,
        "ops": 0.65,
        "avg": 0.247,
        "obp": 0.312,
        "slg": 0.338,
        "rbi": 30,
        "sb": 8,
        "hr": 4
      },
      {
        "name": "라모스",
        "year": 20,
        "team": "LG",
        "pa": 494,
        "ops": 0.954,
        "avg": 0.278,
        "obp": 0.362,
        "slg": 0.592,
        "rbi": 86,
        "sb": 2,
        "hr": 38
      }
    ]
  },
  {
    "generation": 25,
    "expected_score": 6.03,
    "lineup": [
      "홍창기",
      "채은성",
      "김민성",
      "유강남",
      "오지환",
      "김현수",
      "이천웅",
      "라모스",
      "정주현"
    ],
    "player_stats": [
      {
        "name": "홍창기",
        "year": 20,
        "team": "LG",
        "pa": 507,
        "ops": 0.828,
        "avg": 0.279,
        "obp": 0.411,
        "slg": 0.417,
        "rbi": 39,
        "sb": 11,
        "hr": 5
      },
      {
        "name": "채은성",
        "year": 20,
        "team": "LG",
        "pa": 464,
        "ops": 0.803,
        "avg": 0.293,
        "obp": 0.351,
        "slg": 0.452,
        "rbi": 88,
        "sb": 0,
        "hr": 15
      },
      {
        "name": "김민성",
        "year": 20,
        "team": "LG",
        "pa": 333,
        "ops": 0.709,
        "avg": 0.266,
        "obp": 0.325,
        "slg": 0.384,
        "rbi": 47,
        "sb": 2,
        "hr": 5
      },
      {
        "name": "유강남",
        "year": 20,
        "team": "LG",
        "pa": 478,
        "ops": 0.745,
        "avg": 0.261,
        "obp": 0.33,
        "slg": 0.415,
        "rbi": 74,
        "sb": 1,
        "hr": 16
      },
      {
        "name": "오지환",
        "year": 20,
        "team": "LG",
        "pa": 591,
        "ops": 0.823,
        "avg": 0.3,
        "obp": 0.362,
        "slg": 0.461,
        "rbi": 71,
        "sb": 20,
        "hr": 10
      },
      {
        "name": "김현수",
        "year": 20,
        "team": "LG",
        "pa": 619,
        "ops": 0.92,
        "avg": 0.331,
        "obp": 0.397,
        "slg": 0.523,
        "rbi": 119,
        "sb": 0,
        "hr": 22
      },
      {
        "name": "이천웅",
        "year": 20,
        "team": "LG",
        "pa": 359,
        "ops": 0.666,
        "avg": 0.256,
        "obp": 0.333,
        "slg": 0.333,
        "rbi": 36,
        "sb": 8,
        "hr": 3
      },
      {
        "name": "라모스",
        "year": 20,
        "team": "LG",
        "pa": 494,
        "ops": 0.954,
        "avg": 0.278,
        "obp": 0.362,
        "slg": 0.592,
        "rbi": 86,
        "sb": 2,
        "hr": 38
      },
      {
        "name": "정주현",
        "year": 20,
        "team": "LG",
        "pa": 371,
        "ops": 0.65,
        "avg": 0.247,
        "obp": 0.312,
        "slg": 0.338,
        "rbi": 30,
        "sb": 8,
        "hr": 4
      }
    ]
  },
  {
    "generation": 26,
    "expected_score": 6.085,
    "lineup": [
      "홍창기",
      "채은성",
      "유강남",
      "오지환",
      "김현수",
      "김민성",
      "라모스",
      "이천웅",
      "정주현"
    ],
    "player_stats": [
      {
        "name": "홍창기",
        "year": 20,
        "team": "LG",
        "pa": 507,
        "ops": 0.828,
        "avg": 0.279,
        "obp": 0.411,
        "slg": 0.417,
        "rbi": 39,
        "sb": 11,
        "hr": 5
      },
      {
        "name": "채은성",
        "year": 20,
        "team": "LG",
        "pa": 464,
        "ops": 0.803,
        "avg": 0.293,
        "obp": 0.351,
        "slg": 0.452,
        "rbi": 88,
        "sb": 0,
        "hr": 15
      },
      {
        "name": "유강남",
        "year": 20,
        "team": "LG",
        "pa": 478,
        "ops": 0.745,
        "avg": 0.261,
        "obp": 0.33,
        "slg": 0.415,
        "rbi": 74,
        "sb": 1,
        "hr": 16
      },
      {
        "name": "오지환",
        "year": 20,
        "team": "LG",
        "pa": 591,
        "ops": 0.823,
        "avg": 0.3,
        "obp": 0.362,
        "slg": 0.461,
        "rbi": 71,
        "sb": 20,
        "hr": 10
      },
      {
        "name": "김현수",
        "year": 20,
        "team": "LG",
        "pa": 619,
        "ops": 0.92,
        "avg": 0.331,
        "obp": 0.397,
        "slg": 0.523,
        "rbi": 119,
        "sb": 0,
        "hr": 22
      },
      {
        "name": "김민성",
        "year": 20,
        "team": "LG",
        "pa": 333,
        "ops": 0.709,
        "avg": 0.266,
        "obp": 0.325,
        "slg": 0.384,
        "rbi": 47,
        "sb": 2,
        "hr": 5
      },
      {
        "name": "라모스",
        "year": 20,
        "team": "LG",
        "pa": 494,
        "ops": 0.954,
        "avg": 0.278,
        "obp": 0.362,
        "slg": 0.592,
        "rbi": 86,
        "sb": 2,
        "hr": 38
      },
      {
        "name": "이천웅",
        "year": 20,
        "team": "LG",
        "pa": 359,
        "ops": 0.666,
        "avg": 0.256,
        "obp": 0.333,
        "slg": 0.333,
        "rbi": 36,
        "sb": 8,
        "hr": 3
      },
      {
        "name": "정주현",
        "year": 20,
        "team": "LG",
        "pa": 371,
        "ops": 0.65,
        "avg": 0.247,
        "obp": 0.312,
        "slg": 0.338,
        "rbi": 30,
        "sb": 8,
        "hr": 4
      }
    ]
  },
  {
    "generation": 27,
    "expected_score": 5.985,
    "lineup": [
      "채은성",
      "홍창기",
      "유강남",
      "오지환",
      "김현수",
      "김민성",
      "이천웅",
      "라모스",
      "정주현"
    ],
    "player_stats": [
      {
        "name": "채은성",
        "year": 20,
        "team": "LG",
        "pa": 464,
        "ops": 0.803,
        "avg": 0.293,
        "obp": 0.351,
        "slg": 0.452,
        "rbi": 88,
        "sb": 0,
        "hr": 15
      },
      {
        "name": "홍창기",
        "year": 20,
        "team": "LG",
        "pa": 507,
        "ops": 0.828,
        "avg": 0.279,
        "obp": 0.411,
        "slg": 0.417,
        "rbi": 39,
        "sb": 11,
        "hr": 5
      },
      {
        "name": "유강남",
        "year": 20,
        "team": "LG",
        "pa": 478,
        "ops": 0.745,
        "avg": 0.261,
        "obp": 0.33,
        "slg": 0.415,
        "rbi": 74,
        "sb": 1,
        "hr": 16
      },
      {
        "name": "오지환",
        "year": 20,
        "team": "LG",
        "pa": 591,
        "ops": 0.823,
        "avg": 0.3,
        "obp": 0.362,
        "slg": 0.461,
        "rbi": 71,
        "sb": 20,
        "hr": 10
      },
      {
        "name": "김현수",
        "year": 20,
        "team": "LG",
        "pa": 619,
        "ops": 0.92,
        "avg": 0.331,
        "obp": 0.397,
        "slg": 0.523,
        "rbi": 119,
        "sb": 0,
        "hr": 22
      },
      {
        "name": "김민성",
        "year": 20,
        "team": "LG",
        "pa": 333,
        "ops": 0.709,
        "avg": 0.266,
        "obp": 0.325,
        "slg": 0.384,
        "rbi": 47,
        "sb": 2,
        "hr": 5
      },
      {
        "name": "이천웅",
        "year": 20,
        "team": "LG",
        "pa": 359,
        "ops": 0.666,
        "avg": 0.256,
        "obp": 0.333,
        "slg": 0.333,
        "rbi": 36,
        "sb": 8,
        "hr": 3
      },
      {
        "name": "라모스",
        "year": 20,
        "team": "LG",
        "pa": 494,
        "ops": 0.954,
        "avg": 0.278,
        "obp": 0.362,
        "slg": 0.592,
        "rbi": 86,
        "sb": 2,
        "hr": 38
      },
      {
        "name": "정주현",
        "year": 20,
        "team": "LG",
        "pa": 371,
        "ops": 0.65,
        "avg": 0.247,
        "obp": 0.312,
        "slg": 0.338,
        "rbi": 30,
        "sb": 8,
        "hr": 4
      }
    ]
  },
  {
    "generation": 28,
    "expected_score": 6.135,
    "lineup": [
      "홍창기",
      "채은성",
      "유강남",
      "오지환",
      "김민성",
      "김현수",
      "라모스",
      "이천웅",
      "정주현"
    ],
    "player_stats": [
      {
        "name": "홍창기",
        "year": 20,
        "team": "LG",
        "pa": 507,
        "ops": 0.828,
        "avg": 0.279,
        "obp": 0.411,
        "slg": 0.417,
        "rbi": 39,
        "sb": 11,
        "hr": 5
      },
      {
        "name": "채은성",
        "year": 20,
        "team": "LG",
        "pa": 464,
        "ops": 0.803,
        "avg": 0.293,
        "obp": 0.351,
        "slg": 0.452,
        "rbi": 88,
        "sb": 0,
        "hr": 15
      },
      {
        "name": "유강남",
        "year": 20,
        "team": "LG",
        "pa": 478,
        "ops": 0.745,
        "avg": 0.261,
        "obp": 0.33,
        "slg": 0.415,
        "rbi": 74,
        "sb": 1,
        "hr": 16
      },
      {
        "name": "오지환",
        "year": 20,
        "team": "LG",
        "pa": 591,
        "ops": 0.823,
        "avg": 0.3,
        "obp": 0.362,
        "slg": 0.461,
        "rbi": 71,
        "sb": 20,
        "hr": 10
      },
      {
        "name": "김민성",
        "year": 20,
        "team": "LG",
        "pa": 333,
        "ops": 0.709,
        "avg": 0.266,
        "obp": 0.325,
        "slg": 0.384,
        "rbi": 47,
        "sb": 2,
        "hr": 5
      },
      {
        "name": "김현수",
        "year": 20,
        "team": "LG",
        "pa": 619,
        "ops": 0.92,
        "avg": 0.331,
        "obp": 0.397,
        "slg": 0.523,
        "rbi": 119,
        "sb": 0,
        "hr": 22
      },
      {
        "name": "라모스",
        "year": 20,
        "team": "LG",
        "pa": 494,
        "ops": 0.954,
        "avg": 0.278,
        "obp": 0.362,
        "slg": 0.592,
        "rbi": 86,
        "sb": 2,
        "hr": 38
      },
      {
        "name": "이천웅",
        "year": 20,
        "team": "LG",
        "pa": 359,
        "ops": 0.666,
        "avg": 0.256,
        "obp": 0.333,
        "slg": 0.333,
        "rbi": 36,
        "sb": 8,
        "hr": 3
      },
      {
        "name": "정주현",
        "year": 20,
        "team": "LG",
        "pa": 371,
        "ops": 0.65,
        "avg": 0.247,
        "obp": 0.312,
        "slg": 0.338,
        "rbi": 30,
        "sb": 8,
        "hr": 4
      }
    ]
  },
  {
    "generation": 29,
    "expected_score": 6.05,
    "lineup": [
      "홍창기",
      "채은성",
      "유강남",
      "오지환",
      "김민성",
      "김현수",
      "라모스",
      "이천웅",
      "정주현"
    ],
    "player_stats": [
      {
        "name": "홍창기",
        "year": 20,
        "team": "LG",
        "pa": 507,
        "ops": 0.828,
        "avg": 0.279,
        "obp": 0.411,
        "slg": 0.417,
        "rbi": 39,
        "sb": 11,
        "hr": 5
      },
      {
        "name": "채은성",
        "year": 20,
        "team": "LG",
        "pa": 464,
        "ops": 0.803,
        "avg": 0.293,
        "obp": 0.351,
        "slg": 0.452,
        "rbi": 88,
        "sb": 0,
        "hr": 15
      },
      {
        "name": "유강남",
        "year": 20,
        "team": "LG",
        "pa": 478,
        "ops": 0.745,
        "avg": 0.261,
        "obp": 0.33,
        "slg": 0.415,
        "rbi": 74,
        "sb": 1,
        "hr": 16
      },
      {
        "name": "오지환",
        "year": 20,
        "team": "LG",
        "pa": 591,
        "ops": 0.823,
        "avg": 0.3,
        "obp": 0.362,
        "slg": 0.461,
        "rbi": 71,
        "sb": 20,
        "hr": 10
      },
      {
        "name": "김민성",
        "year": 20,
        "team": "LG",
        "pa": 333,
        "ops": 0.709,
        "avg": 0.266,
        "obp": 0.325,
        "slg": 0.384,
        "rbi": 47,
        "sb": 2,
        "hr": 5
      },
      {
        "name": "김현수",
        "year": 20,
        "team": "LG",
        "pa": 619,
        "ops": 0.92,
        "avg": 0.331,
        "obp": 0.397,
        "slg": 0.523,
        "rbi": 119,
        "sb": 0,
        "hr": 22
      },
      {
        "name": "라모스",
        "year": 20,
        "team": "LG",
        "pa": 494,
        "ops": 0.954,
        "avg": 0.278,
        "obp": 0.362,
        "slg": 0.592,
        "rbi": 86,
        "sb": 2,
        "hr": 38
      },
      {
        "name": "이천웅",
        "year": 20,
        "team": "LG",
        "pa": 359,
        "ops": 0.666,
        "avg": 0.256,
        "obp": 0.333,
        "slg": 0.333,
        "rbi": 36,
        "sb": 8,
        "hr": 3
      },
      {
        "name": "정주현",
        "year": 20,
        "team": "LG",
        "pa": 371,
        "ops": 0.65,
        "avg": 0.247,
        "obp": 0.312,
        "slg": 0.338,
        "rbi": 30,
        "sb": 8,
        "hr": 4
      }
    ]
  },
  {
    "generation": 30,
    "expected_score": 6.1,
    "lineup": [
      "홍창기",
      "채은성",
      "유강남",
      "오지환",
      "김민성",
      "김현수",
      "라모스",
      "이천웅",
      "정주현"
    ],
    "player_stats": [
      {
        "name": "홍창기",
        "year": 20,
        "team": "LG",
        "pa": 507,
        "ops": 0.828,
        "avg": 0.279,
        "obp": 0.411,
        "slg": 0.417,
        "rbi": 39,
        "sb": 11,
        "hr": 5
      },
      {
        "name": "채은성",
        "year": 20,
        "team": "LG",
        "pa": 464,
        "ops": 0.803,
        "avg": 0.293,
        "obp": 0.351,
        "slg": 0.452,
        "rbi": 88,
        "sb": 0,
        "hr": 15
      },
      {
        "name": "유강남",
        "year": 20,
        "team": "LG",
        "pa": 478,
        "ops": 0.745,
        "avg": 0.261,
        "obp": 0.33,
        "slg": 0.415,
        "rbi": 74,
        "sb": 1,
        "hr": 16
      },
      {
        "name": "오지환",
        "year": 20,
        "team": "LG",
        "pa": 591,
        "ops": 0.823,
        "avg": 0.3,
        "obp": 0.362,
        "slg": 0.461,
        "rbi": 71,
        "sb": 20,
        "hr": 10
      },
      {
        "name": "김민성",
        "year": 20,
        "team": "LG",
        "pa": 333,
        "ops": 0.709,
        "avg": 0.266,
        "obp": 0.325,
        "slg": 0.384,
        "rbi": 47,
        "sb": 2,
        "hr": 5
      },
      {
        "name": "김현수",
        "year": 20,
        "team": "LG",
        "pa": 619,
        "ops": 0.92,
        "avg": 0.331,
        "obp": 0.397,
        "slg": 0.523,
        "rbi": 119,
        "sb": 0,
        "hr": 22
      },
      {
        "name": "라모스",
        "year": 20,
        "team": "LG",
        "pa": 494,
        "ops": 0.954,
        "avg": 0.278,
        "obp": 0.362,
        "slg": 0.592,
        "rbi": 86,
        "sb": 2,
        "hr": 38
      },
      {
        "name": "이천웅",
        "year": 20,
        "team": "LG",
        "pa": 359,
        "ops": 0.666,
        "avg": 0.256,
        "obp": 0.333,
        "slg": 0.333,
        "rbi": 36,
        "sb": 8,
        "hr": 3
      },
      {
        "name": "정주현",
        "year": 20,
        "team": "LG",
        "pa": 371,
        "ops": 0.65,
        "avg": 0.247,
        "obp": 0.312,
        "slg": 0.338,
        "rbi": 30,
        "sb": 8,
        "hr": 4
      }
    ]
  }
]