[
  {
    "generation": 1,
    "expected_score": 7.275,
    "lineup": [
      "권희동",
      "박민우",
      "양의지",
      "이명기",
      "나성범",
      "노진혁",
      "알테어",
      "강진성",
      "박석민"
    ],
    "player_stats": [
      {
        "name": "권희동",
        "year": 20,
        "team": "NC",
        "pa": 426,
        "ops": 0.789,
        "avg": 0.26,
        "obp": 0.379,
        "slg": 0.41,
        "rbi": 50,
        "sb": 3,
        "hr": 12
      },
      {
        "name": "박민우",
        "year": 20,
        "team": "NC",
        "pa": 530,
        "ops": 0.877,
        "avg": 0.345,
        "obp": 0.402,
        "slg": 0.475,
        "rbi": 63,
        "sb": 13,
        "hr": 8
      },
      {
        "name": "양의지",
        "year": 20,
        "team": "NC",
        "pa": 528,
        "ops": 1.003,
        "avg": 0.328,
        "obp": 0.4,
        "slg": 0.603,
        "rbi": 124,
        "sb": 5,
        "hr": 33
      },
      {
        "name": "이명기",
        "year": 20,
        "team": "NC",
        "pa": 540,
        "ops": 0.743,
        "avg": 0.306,
        "obp": 0.374,
        "slg": 0.369,
        "rbi": 45,
        "sb": 12,
        "hr": 2
      },
      {
        "name": "나성범",
        "year": 20,
        "team": "NC",
        "pa": 584,
        "ops": 0.986,
        "avg": 0.324,
        "obp": 0.39,
        "slg": 0.596,
        "rbi": 112,
        "sb": 3,
        "hr": 34
      },
      {
        "name": "노진혁",
        "year": 20,
        "team": "NC",
        "pa": 484,
        "ops": 0.836,
        "avg": 0.274,
        "obp": 0.356,
        "slg": 0.48,
        "rbi": 82,
        "sb": 0,
        "hr": 20
      },
      {
        "name": "알테어",
        "year": 20,
        "team": "NC",
        "pa": 546,
        "ops": 0.893,
        "avg": 0.278,
        "obp": 0.352,
        "slg": 0.541,
        "rbi": 108,
        "sb": 22,
        "hr": 31
      },
      {
        "name": "강진성",
        "year": 20,
        "team": "NC",
        "pa": 432,
        "ops": 0.814,
        "avg": 0.309,
        "obp": 0.351,
        "slg": 0.463,
        "rbi": 70,
        "sb": 9,
        "hr": 12
      },
      {
        "name": "박석민",
        "year": 20,
        "team": "NC",
        "pa": 448,
        "ops": 0.902,
        "avg": 0.306,
        "obp": 0.436,
        "slg": 0.466,
        "rbi": 63,
        "sb": 0,
        "hr": 14
      }
    ]
  },
  {
    "generation": 2,
    "expected_score": 7.11,
    "lineup": [
      "양의지",
      "박석민",
      "강진성",
      "권희동",
      "알테어",
      "박민우",
      "나성범",
      "노진혁",
      "이명기"
    ],
    "player_stats": [
      {
        "name": "양의지",
        "year": 20,
        "team": "NC",
        "pa": 528,
        "ops": 1.003,
        "avg": 0.328,
        "obp": 0.4,
        "slg": 0.603,
        "rbi": 124,
        "sb": 5,
        "hr": 33
      },
      {
        "name": "박석민",
        "year": 20,
        "team": "NC",
        "pa": 448,
        "ops": 0.902,
        "avg": 0.306,
        "obp": 0.436,
        "slg": 0.466,
        "rbi": 63,
        "sb": 0,
        "hr": 14
      },
      {
        "name": "강진성",
        "year": 20,
        "team": "NC",
        "pa": 432,
        "ops": 0.814,
        "avg": 0.309,
        "obp": 0.351,
        "slg": 0.463,
        "rbi": 70,
        "sb": 9,
        "hr": 12
      },
      {
        "name": "권희동",
        "year": 20,
        "team": "NC",
        "pa": 426,
        "ops": 0.789,
        "avg": 0.26,
        "obp": 0.379,
        "slg": 0.41,
        "rbi": 50,
        "sb": 3,
        "hr": 12
      },
      {
        "name": "알테어",
        "year": 20,
        "team": "NC",
        "pa": 546,
        "ops": 0.893,
        "avg": 0.278,
        "obp": 0.352,
        "slg": 0.541,
        "rbi": 108,
        "sb": 22,
        "hr": 31
      },
      {
        "name": "박민우",
        "year": 20,
        "team": "NC",
        "pa": 530,
        "ops": 0.877,
        "avg": 0.345,
        "obp": 0.402,
        "slg": 0.475,
        "rbi": 63,
        "sb": 13,
        "hr": 8
      },
      {
        "name": "나성범",
        "year": 20,
        "team": "NC",
        "pa": 584,
        "ops": 0.986,
        "avg": 0.324,
        "obp": 0.39,
        "slg": 0.596,
        "rbi": 112,
        "sb": 3,
        "hr": 34
      },
      {
        "name": "노진혁",
        "year": 20,
        "team": "NC",
        "pa": 484,
        "ops": 0.836,
        "avg": 0.274,
        "obp": 0.356,
        "slg": 0.48,
        "rbi": 82,
        "sb": 0,
        "hr": 20
      },
      {
        "name": "이명기",
        "year": 20,
        "team": "NC",
        "pa": 540,
        "ops": 0.743,
        "avg": 0.306,
        "obp": 0.374,
        "slg": 0.369,
        "rbi": 45,
        "sb": 12,
        "hr": 2
      }
    ]
  },
  {
    "generation": 3,
    "expected_score": 7.305,
    "lineup": [
      "양의지",
      "박석민",
      "강진성",
      "권희동",
      "알테어",
      "노진혁",
      "박민우",
      "나성범",
      "이명기"
    ],
    "player_stats": [
      {
        "name": "양의지",
        "year": 20,
        "team": "NC",
        "pa": 528,
        "ops": 1.003,
        "avg": 0.328,
        "obp": 0.4,
        "slg": 0.603,
        "rbi": 124,
        "sb": 5,
        "hr": 33
      },
      {
        "name": "박석민",
        "year": 20,
        "team": "NC",
        "pa": 448,
        "ops": 0.902,
        "avg": 0.306,
        "obp": 0.436,
        "slg": 0.466,
        "rbi": 63,
        "sb": 0,
        "hr": 14
      },
      {
        "name": "강진성",
        "year": 20,
        "team": "NC",
        "pa": 432,
        "ops": 0.814,
        "avg": 0.309,
        "obp": 0.351,
        "slg": 0.463,
        "rbi": 70,
        "sb": 9,
        "hr": 12
      },
      {
        "name": "권희동",
        "year": 20,
        "team": "NC",
        "pa": 426,
        "ops": 0.789,
        "avg": 0.26,
        "obp": 0.379,
        "slg": 0.41,
        "rbi": 50,
        "sb": 3,
        "hr": 12
      },
      {
        "name": "알테어",
        "year": 20,
        "team": "NC",
        "pa": 546,
        "ops": 0.893,
        "avg": 0.278,
        "obp": 0.352,
        "slg": 0.541,
        "rbi": 108,
        "sb": 22,
        "hr": 31
      },
      {
        "name": "노진혁",
        "year": 20,
        "team": "NC",
        "pa": 484,
        "ops": 0.836,
        "avg": 0.274,
        "obp": 0.356,
        "slg": 0.48,
        "rbi": 82,
        "sb": 0,
        "hr": 20
      },
      {
        "name": "박민우",
        "year": 20,
        "team": "NC",
        "pa": 530,
        "ops": 0.877,
        "avg": 0.345,
        "obp": 0.402,
        "slg": 0.475,
        "rbi": 63,
        "sb": 13,
        "hr": 8
      },
      {
        "name": "나성범",
        "year": 20,
        "team": "NC",
        "pa": 584,
        "ops": 0.986,
        "avg": 0.324,
        "obp": 0.39,
        "slg": 0.596,
        "rbi": 112,
        "sb": 3,
        "hr": 34
      },
      {
        "name": "이명기",
        "year": 20,
        "team": "NC",
        "pa": 540,
        "ops": 0.743,
        "avg": 0.306,
        "obp": 0.374,
        "slg": 0.369,
        "rbi": 45,
        "sb": 12,
        "hr": 2
      }
    ]
  },
  {
    "generation": 4,
    "expected_score": 7.39,
    "lineup": [
      "이명기",
      "나성범",
      "권희동",
      "박석민",
      "알테어",
      "노진혁",
      "강진성",
      "박민우",
      "양의지"
    ],
    "player_stats": [
      {
        "name": "이명기",
        "year": 20,
        "team": "NC",
        "pa": 540,
        "ops": 0.743,
        "avg": 0.306,
        "obp": 0.374,
        "slg": 0.369,
        "rbi": 45,
        "sb": 12,
        "hr": 2
      },
      {
        "name": "나성범",
        "year": 20,
        "team": "NC",
        "pa": 584,
        "ops": 0.986,
        "avg": 0.324,
        "obp": 0.39,
        "slg": 0.596,
        "rbi": 112,
        "sb": 3,
        "hr": 34
      },
      {
        "name": "권희동",
        "year": 20,
        "team": "NC",
        "pa": 426,
        "ops": 0.789,
        "avg": 0.26,
        "obp": 0.379,
        "slg": 0.41,
        "rbi": 50,
        "sb": 3,
        "hr": 12
      },
      {
        "name": "박석민",
        "year": 20,
        "team": "NC",
        "pa": 448,
        "ops": 0.902,
        "avg": 0.306,
        "obp": 0.436,
        "slg": 0.466,
        "rbi": 63,
        "sb": 0,
        "hr": 14
      },
      {
        "name": "알테어",
        "year": 20,
        "team": "NC",
        "pa": 546,
        "ops": 0.893,
        "avg": 0.278,
        "obp": 0.352,
        "slg": 0.541,
        "rbi": 108,
        "sb": 22,
        "hr": 31
      },
      {
        "name": "노진혁",
        "year": 20,
        "team": "NC",
        "pa": 484,
        "ops": 0.836,
        "avg": 0.274,
        "obp": 0.356,
        "slg": 0.48,
        "rbi": 82,
        "sb": 0,
        "hr": 20
      },
      {
        "name": "강진성",
        "year": 20,
        "team": "NC",
        "pa": 432,
        "ops": 0.814,
        "avg": 0.309,
        "obp": 0.351,
        "slg": 0.463,
        "rbi": 70,
        "sb": 9,
        "hr": 12
      },
      {
        "name": "박민우",
        "year": 20,
        "team": "NC",
        "pa": 530,
        "ops": 0.877,
        "avg": 0.345,
        "obp": 0.402,
        "slg": 0.475,
        "rbi": 63,
        "sb": 13,
        "hr": 8
      },
      {
        "name": "양의지",
        "year": 20,
        "team": "NC",
        "pa": 528,
        "ops": 1.003,
        "avg": 0.328,
        "obp": 0.4,
        "slg": 0.603,
        "rbi": 124,
        "sb": 5,
        "hr": 33
      }
    ]
  },
  {
    "generation": 5,
    "expected_score": 7.3,
    "lineup": [
      "박석민",
      "권희동",
      "박민우",
      "이명기",
      "나성범",
      "노진혁",
      "알테어",
      "강진성",
      "양의지"
    ],
    "player_stats": [
      {
        "name": "박석민",
        "year": 20,
        "team": "NC",
        "pa": 448,
        "ops": 0.902,
        "avg": 0.306,
        "obp": 0.436,
        "slg": 0.466,
        "rbi": 63,
        "sb": 0,
        "hr": 14
      },
      {
        "name": "권희동",
        "year": 20,
        "team": "NC",
        "pa": 426,
        "ops": 0.789,
        "avg": 0.26,
        "obp": 0.379,
        "slg": 0.41,
        "rbi": 50,
        "sb": 3,
        "hr": 12
      },
      {
        "name": "박민우",
        "year": 20,
        "team": "NC",
        "pa": 530,
        "ops": 0.877,
        "avg": 0.345,
        "obp": 0.402,
        "slg": 0.475,
        "rbi": 63,
        "sb": 13,
        "hr": 8
      },
      {
        "name": "이명기",
        "year": 20,
        "team": "NC",
        "pa": 540,
        "ops": 0.743,
        "avg": 0.306,
        "obp": 0.374,
        "slg": 0.369,
        "rbi": 45,
        "sb": 12,
        "hr": 2
      },
      {
        "name": "나성범",
        "year": 20,
        "team": "NC",
        "pa": 584,
        "ops": 0.986,
        "avg": 0.324,
        "obp": 0.39,
        "slg": 0.596,
        "rbi": 112,
        "sb": 3,
        "hr": 34
      },
      {
        "name": "노진혁",
        "year": 20,
        "team": "NC",
        "pa": 484,
        "ops": 0.836,
        "avg": 0.274,
        "obp": 0.356,
        "slg": 0.48,
        "rbi": 82,
        "sb": 0,
        "hr": 20
      },
      {
        "name": "알테어",
        "year": 20,
        "team": "NC",
        "pa": 546,
        "ops": 0.893,
        "avg": 0.278,
        "obp": 0.352,
        "slg": 0.541,
        "rbi": 108,
        "sb": 22,
        "hr": 31
      },
      {
        "name": "강진성",
        "year": 20,
        "team": "NC",
        "pa": 432,
        "ops": 0.814,
        "avg": 0.309,
        "obp": 0.351,
        "slg": 0.463,
        "rbi": 70,
        "sb": 9,
        "hr": 12
      },
      {
        "name": "양의지",
        "year": 20,
        "team": "NC",
        "pa": 528,
        "ops": 1.003,
        "avg": 0.328,
        "obp": 0.4,
        "slg": 0.603,
        "rbi": 124,
        "sb": 5,
        "hr": 33
      }
    ]
  },
  {
    "generation": 6,
    "expected_score": 7.78,
    "lineup": [
      "권희동",
      "이명기",
      "나성범",
      "강진성",
      "양의지",
      "박석민",
      "박민우",
      "노진혁",
      "알테어"
    ],
    "player_stats": [
      {
        "name": "권희동",
        "year": 20,
        "team": "NC",
        "pa": 426,
        "ops": 0.789,
        "avg": 0.26,
        "obp": 0.379,
        "slg": 0.41,
        "rbi": 50,
        "sb": 3,
        "hr": 12
      },
      {
        "name": "이명기",
        "year": 20,
        "team": "NC",
        "pa": 540,
        "ops": 0.743,
        "avg": 0.306,
        "obp": 0.374,
        "slg": 0.369,
        "rbi": 45,
        "sb": 12,
        "hr": 2
      },
      {
        "name": "나성범",
        "year": 20,
        "team": "NC",
        "pa": 584,
        "ops": 0.986,
        "avg": 0.324,
        "obp": 0.39,
        "slg": 0.596,
        "rbi": 112,
        "sb": 3,
        "hr": 34
      },
      {
        "name": "강진성",
        "year": 20,
        "team": "NC",
        "pa": 432,
        "ops": 0.814,
        "avg": 0.309,
        "obp": 0.351,
        "slg": 0.463,
        "rbi": 70,
        "sb": 9,
        "hr": 12
      },
      {
        "name": "양의지",
        "year": 20,
        "team": "NC",
        "pa": 528,
        "ops": 1.003,
        "avg": 0.328,
        "obp": 0.4,
        "slg": 0.603,
        "rbi": 124,
        "sb": 5,
        "hr": 33
      },
      {
        "name": "박석민",
        "year": 20,
        "team": "NC",
        "pa": 448,
        "ops": 0.902,
        "avg": 0.306,
        "obp": 0.436,
        "slg": 0.466,
        "rbi": 63,
        "sb": 0,
        "hr": 14
      },
      {
        "name": "박민우",
        "year": 20,
        "team": "NC",
        "pa": 530,
        "ops": 0.877,
        "avg": 0.345,
        "obp": 0.402,
        "slg": 0.475,
        "rbi": 63,
        "sb": 13,
        "hr": 8
      },
      {
        "name": "노진혁",
        "year": 20,
        "team": "NC",
        "pa": 484,
        "ops": 0.836,
        "avg": 0.274,
        "obp": 0.356,
        "slg": 0.48,
        "rbi": 82,
        "sb": 0,
        "hr": 20
      },
      {
        "name": "알테어",
        "year": 20,
        "team": "NC",
        "pa": 546,
        "ops": 0.893,
        "avg": 0.278,
        "obp": 0.352,
        "slg": 0.541,
        "rbi": 108,
        "sb": 22,
        "hr": 31
      }
    ]
  },
  {
    "generation": 7,
    "expected_score": 7.1,
    "lineup": [
      "박석민",
      "권희동",
      "이명기",
      "나성범",
      "알테어",
      "양의지",
      "노진혁",
      "강진성",
      "박민우"
    ],
    "player_stats": [
      {
        "name": "박석민",
        "year": 20,
        "team": "NC",
        "pa": 448,
        "ops": 0.902,
        "avg": 0.306,
        "obp": 0.436,
        "slg": 0.466,
        "rbi": 63,
        "sb": 0,
        "hr": 14
      },
      {
        "name": "권희동",
        "year": 20,
        "team": "NC",
        "pa": 426,
        "ops": 0.789,
        "avg": 0.26,
        "obp": 0.379,
        "slg": 0.41,
        "rbi": 50,
        "sb": 3,
        "hr": 12
      },
      {
        "name": "이명기",
        "year": 20,
        "team": "NC",
        "pa": 540,
        "ops": 0.743,
        "avg": 0.306,
        "obp": 0.374,
        "slg": 0.369,
        "rbi": 45,
        "sb": 12,
        "hr": 2
      },
      {
        "name": "나성범",
        "year": 20,
        "team": "NC",
        "pa": 584,
        "ops": 0.986,
        "avg": 0.324,
        "obp": 0.39,
        "slg": 0.596,
        "rbi": 112,
        "sb": 3,
        "hr": 34
      },
      {
        "name": "알테어",
        "year": 20,
        "team": "NC",
        "pa": 546,
        "ops": 0.893,
        "avg": 0.278,
        "obp": 0.352,
        "slg": 0.541,
        "rbi": 108,
        "sb": 22,
        "hr": 31
      },
      {
        "name": "양의지",
        "year": 20,
        "team": "NC",
        "pa": 528,
        "ops": 1.003,
        "avg": 0.328,
        "obp": 0.4,
        "slg": 0.603,
        "rbi": 124,
        "sb": 5,
        "hr": 33
      },
      {
        "name": "노진혁",
        "year": 20,
        "team": "NC",
        "pa": 484,
        "ops": 0.836,
        "avg": 0.274,
        "obp": 0.356,
        "slg": 0.48,
        "rbi": 82,
        "sb": 0,
        "hr": 20
      },
      {
        "name": "강진성",
        "year": 20,
        "team": "NC",
        "pa": 432,
        "ops": 0.814,
        "avg": 0.309,
        "obp": 0.351,
        "slg": 0.463,
        "rbi": 70,
        "sb": 9,
        "hr": 12
      },
      {
        "name": "박민우",
        "year": 20,
        "team": "NC",
        "pa": 530,
        "ops": 0.877,
        "avg": 0.345,
        "obp": 0.402,
        "slg": 0.475,
        "rbi": 63,
        "sb": 13,
        "hr": 8
      }
    ]
  },
  {
    "generation": 8,
    "expected_score": 7.22,
    "lineup": [
      "박석민",
      "권희동",
      "이명기",
      "박민우",
      "나성범",
      "노진혁",
      "알테어",
      "강진성",
      "양의지"
    ],
    "player_stats": [
      {
        "name": "박석민",
        "year": 20,
        "team": "NC",
        "pa": 448,
        "ops": 0.902,
        "avg": 0.306,
        "obp": 0.436,
        "slg": 0.466,
        "rbi": 63,
        "sb": 0,
        "hr": 14
      },
      {
        "name": "권희동",
        "year": 20,
        "team": "NC",
        "pa": 426,
        "ops": 0.789,
        "avg": 0.26,
        "obp": 0.379,
        "slg": 0.41,
        "rbi": 50,
        "sb": 3,
        "hr": 12
      },
      {
        "name": "이명기",
        "year": 20,
        "team": "NC",
        "pa": 540,
        "ops": 0.743,
        "avg": 0.306,
        "obp": 0.374,
        "slg": 0.369,
        "rbi": 45,
        "sb": 12,
        "hr": 2
      },
      {
        "name": "박민우",
        "year": 20,
        "team": "NC",
        "pa": 530,
        "ops": 0.877,
        "avg": 0.345,
        "obp": 0.402,
        "slg": 0.475,
        "rbi": 63,
        "sb": 13,
        "hr": 8
      },
      {
        "name": "나성범",
        "year": 20,
        "team": "NC",
        "pa": 584,
        "ops": 0.986,
        "avg": 0.324,
        "obp": 0.39,
        "slg": 0.596,
        "rbi": 112,
        "sb": 3,
        "hr": 34
      },
      {
        "name": "노진혁",
        "year": 20,
        "team": "NC",
        "pa": 484,
        "ops": 0.836,
        "avg": 0.274,
        "obp": 0.356,
        "slg": 0.48,
        "rbi": 82,
        "sb": 0,
        "hr": 20
      },
      {
        "name": "알테어",
        "year": 20,
        "team": "NC",
        "pa": 546,
        "ops": 0.893,
        "avg": 0.278,
        "obp": 0.352,
        "slg": 0.541,
        "rbi": 108,
        "sb": 22,
        "hr": 31
      },
      {
        "name": "강진성",
        "year": 20,
        "team": "NC",
        "pa": 432,
        "ops": 0.814,
        "avg": 0.309,
        "obp": 0.351,
        "slg": 0.463,
        "rbi": 70,
        "sb": 9,
        "hr": 12
      },
      {
        "name": "양의지",
        "year": 20,
        "team": "NC",
        "pa": 528,
        "ops": 1.003,
        "avg": 0.328,
        "obp": 0.4,
        "slg": 0.603,
        "rbi": 124,
        "sb": 5,
        "hr": 33
      }
    ]
  },
  {
    "generation": 9,
    "expected_score": 7.395,
    "lineup": [
      "이명기",
      "박석민",
      "강진성",
      "권희동",
      "나성범",
      "양의지",
      "노진혁",
      "박민우",
      "알테어"
    ],
    "player_stats": [
      {
        "name": "이명기",
        "year": 20,
        "team": "NC",
        "pa": 540,
        "ops": 0.743,
        "avg": 0.306,
        "obp": 0.374,
        "slg": 0.369,
        "rbi": 45,
        "sb": 12,
        "hr": 2
      },
      {
        "name": "박석민",
        "year": 20,
        "team": "NC",
        "pa": 448,
        "ops": 0.902,
        "avg": 0.306,
        "obp": 0.436,
        "slg": 0.466,
        "rbi": 63,
        "sb": 0,
        "hr": 14
      },
      {
        "name": "강진성",
        "year": 20,
        "team": "NC",
        "pa": 432,
        "ops": 0.814,
        "avg": 0.309,
        "obp": 0.351,
        "slg": 0.463,
        "rbi": 70,
        "sb": 9,
        "hr": 12
      },
      {
        "name": "권희동",
        "year": 20,
        "team": "NC",
        "pa": 426,
        "ops": 0.789,
        "avg": 0.26,
        "obp": 0.379,
        "slg": 0.41,
        "rbi": 50,
        "sb": 3,
        "hr": 12
      },
      {
        "name": "나성범",
        "year": 20,
        "team": "NC",
        "pa": 584,
        "ops": 0.986,
        "avg": 0.324,
        "obp": 0.39,
        "slg": 0.596,
        "rbi": 112,
        "sb": 3,
        "hr": 34
      },
      {
        "name": "양의지",
        "year": 20,
        "team": "NC",
        "pa": 528,
        "ops": 1.003,
        "avg": 0.328,
        "obp": 0.4,
        "slg": 0.603,
        "rbi": 124,
        "sb": 5,
        "hr": 33
      },
      {
        "name": "노진혁",
        "year": 20,
        "team": "NC",
        "pa": 484,
        "ops": 0.836,
        "avg": 0.274,
        "obp": 0.356,
        "slg": 0.48,
        "rbi": 82,
        "sb": 0,
        "hr": 20
      },
      {
        "name": "박민우",
        "year": 20,
        "team": "NC",
        "pa": 530,
        "ops": 0.877,
        "avg": 0.345,
        "obp": 0.402,
        "slg": 0.475,
        "rbi": 63,
        "sb": 13,
        "hr": 8
      },
      {
        "name": "알테어",
        "year": 20,
        "team": "NC",
        "pa": 546,
        "ops": 0.893,
        "avg": 0.278,
        "obp": 0.352,
        "slg": 0.541,
        "rbi": 108,
        "sb": 22,
        "hr": 31
      }
    ]
  },
  {
    "generation": 10,
    "expected_score": 7.19,
    "lineup": [
      "이명기",
      "박석민",
      "강진성",
      "노진혁",
      "나성범",
      "알테어",
      "권희동",
      "양의지",
      "박민우"
    ],
    "player_stats": [
      {
        "name": "이명기",
        "year": 20,
        "team": "NC",
        "pa": 540,
        "ops": 0.743,
        "avg": 0.306,
        "obp": 0.374,
        "slg": 0.369,
        "rbi": 45,
        "sb": 12,
        "hr": 2
      },
      {
        "name": "박석민",
        "year": 20,
        "team": "NC",
        "pa": 448,
        "ops": 0.902,
        "avg": 0.306,
        "obp": 0.436,
        "slg": 0.466,
        "rbi": 63,
        "sb": 0,
        "hr": 14
      },
      {
        "name": "강진성",
        "year": 20,
        "team": "NC",
        "pa": 432,
        "ops": 0.814,
        "avg": 0.309,
        "obp": 0.351,
        "slg": 0.463,
        "rbi": 70,
        "sb": 9,
        "hr": 12
      },
      {
        "name": "노진혁",
        "year": 20,
        "team": "NC",
        "pa": 484,
        "ops": 0.836,
        "avg": 0.274,
        "obp": 0.356,
        "slg": 0.48,
        "rbi": 82,
        "sb": 0,
        "hr": 20
      },
      {
        "name": "나성범",
        "year": 20,
        "team": "NC",
        "pa": 584,
        "ops": 0.986,
        "avg": 0.324,
        "obp": 0.39,
        "slg": 0.596,
        "rbi": 112,
        "sb": 3,
        "hr": 34
      },
      {
        "name": "알테어",
        "year": 20,
        "team": "NC",
        "pa": 546,
        "ops": 0.893,
        "avg": 0.278,
        "obp": 0.352,
        "slg": 0.541,
        "rbi": 108,
        "sb": 22,
        "hr": 31
      },
      {
        "name": "권희동",
        "year": 20,
        "team": "NC",
        "pa": 426,
        "ops": 0.789,
        "avg": 0.26,
        "obp": 0.379,
        "slg": 0.41,
        "rbi": 50,
        "sb": 3,
        "hr": 12
      },
      {
        "name": "양의지",
        "year": 20,
        "team": "NC",
        "pa": 528,
        "ops": 1.003,
        "avg": 0.328,
        "obp": 0.4,
        "slg": 0.603,
        "rbi": 124,
        "sb": 5,
        "hr": 33
      },
      {
        "name": "박민우",
        "year": 20,
        "team": "NC",
        "pa": 530,
        "ops": 0.877,
        "avg": 0.345,
        "obp": 0.402,
        "slg": 0.475,
        "rbi": 63,
        "sb": 13,
        "hr": 8
      }
    ]
  },
  {
    "generation": 11,
    "expected_score": 7.35,
    "lineup": [
      "박석민",
      "이명기",
      "양의지",
      "박민우",
      "나성범",
      "강진성",
      "알테어",
      "권희동",
      "노진혁"
    ],
    "player_stats": [
      {
        "name": "박석민",
        "year": 20,
        "team": "NC",
        "pa": 448,
        "ops": 0.902,
        "avg": 0.306,
        "obp": 0.436,
        "slg": 0.466,
        "rbi": 63,
        "sb": 0,
        "hr": 14
      },
      {
        "name": "이명기",
        "year": 20,
        "team": "NC",
        "pa": 540,
        "ops": 0.743,
        "avg": 0.306,
        "obp": 0.374,
        "slg": 0.369,
        "rbi": 45,
        "sb": 12,
        "hr": 2
      },
      {
        "name": "양의지",
        "year": 20,
        "team": "NC",
        "pa": 528,
        "ops": 1.003,
        "avg": 0.328,
        "obp": 0.4,
        "slg": 0.603,
        "rbi": 124,
        "sb": 5,
        "hr": 33
      },
      {
        "name": "박민우",
        "year": 20,
        "team": "NC",
        "pa": 530,
        "ops": 0.877,
        "avg": 0.345,
        "obp": 0.402,
        "slg": 0.475,
        "rbi": 63,
        "sb": 13,
        "hr": 8
      },
      {
        "name": "나성범",
        "year": 20,
        "team": "NC",
        "pa": 584,
        "ops": 0.986,
        "avg": 0.324,
        "obp": 0.39,
        "slg": 0.596,
        "rbi": 112,
        "sb": 3,
        "hr": 34
      },
      {
        "name": "강진성",
        "year": 20,
        "team": "NC",
        "pa": 432,
        "ops": 0.814,
        "avg": 0.309,
        "obp": 0.351,
        "slg": 0.463,
        "rbi": 70,
        "sb": 9,
        "hr": 12
      },
      {
        "name": "알테어",
        "year": 20,
        "team": "NC",
        "pa": 546,
        "ops": 0.893,
        "avg": 0.278,
        "obp": 0.352,
        "slg": 0.541,
        "rbi": 108,
        "sb": 22,
        "hr": 31
      },
      {
        "name": "권희동",
        "year": 20,
        "team": "NC",
        "pa": 426,
        "ops": 0.789,
        "avg": 0.26,
        "obp": 0.379,
        "slg": 0.41,
        "rbi": 50,
        "sb": 3,
        "hr": 12
      },
      {
        "name": "노진혁",
        "year": 20,
        "team": "NC",
        "pa": 484,
        "ops": 0.836,
        "avg": 0.274,
        "obp": 0.356,
        "slg": 0.48,
        "rbi": 82,
        "sb": 0,
        "hr": 20
      }
    ]
  },
  {
    "generation": 12,
    "expected_score": 7.51,
    "lineup": [
      "권희동",
      "이명기",
      "나성범",
      "노진혁",
      "알테어",
      "박석민",
      "강진성",
      "박민우",
      "양의지"
    ],
    "player_stats": [
      {
        "name": "권희동",
        "year": 20,
        "team": "NC",
        "pa": 426,
        "ops": 0.789,
        "avg": 0.26,
        "obp": 0.379,
        "slg": 0.41,
        "rbi": 50,
        "sb": 3,
        "hr": 12
      },
      {
        "name": "이명기",
        "year": 20,
        "team": "NC",
        "pa": 540,
        "ops": 0.743,
        "avg": 0.306,
        "obp": 0.374,
        "slg": 0.369,
        "rbi": 45,
        "sb": 12,
        "hr": 2
      },
      {
        "name": "나성범",
        "year": 20,
        "team": "NC",
        "pa": 584,
        "ops": 0.986,
        "avg": 0.324,
        "obp": 0.39,
        "slg": 0.596,
        "rbi": 112,
        "sb": 3,
        "hr": 34
      },
      {
        "name": "노진혁",
        "year": 20,
        "team": "NC",
        "pa": 484,
        "ops": 0.836,
        "avg": 0.274,
        "obp": 0.356,
        "slg": 0.48,
        "rbi": 82,
        "sb": 0,
        "hr": 20
      },
      {
        "name": "알테어",
        "year": 20,
        "team": "NC",
        "pa": 546,
        "ops": 0.893,
        "avg": 0.278,
        "obp": 0.352,
        "slg": 0.541,
        "rbi": 108,
        "sb": 22,
        "hr": 31
      },
      {
        "name": "박석민",
        "year": 20,
        "team": "NC",
        "pa": 448,
        "ops": 0.902,
        "avg": 0.306,
        "obp": 0.436,
        "slg": 0.466,
        "rbi": 63,
        "sb": 0,
        "hr": 14
      },
      {
        "name": "강진성",
        "year": 20,
        "team": "NC",
        "pa": 432,
        "ops": 0.814,
        "avg": 0.309,
        "obp": 0.351,
        "slg": 0.463,
        "rbi": 70,
        "sb": 9,
        "hr": 12
      },
      {
        "name": "박민우",
        "year": 20,
        "team": "NC",
        "pa": 530,
        "ops": 0.877,
        "avg": 0.345,
        "obp": 0.402,
        "slg": 0.475,
        "rbi": 63,
        "sb": 13,
        "hr": 8
      },
      {
        "name": "양의지",
        "year": 20,
        "team": "NC",
        "pa": 528,
        "ops": 1.003,
        "avg": 0.328,
        "obp": 0.4,
        "slg": 0.603,
        "rbi": 124,
        "sb": 5,
        "hr": 33
      }
    ]
  },
  {
    "generation": 13,
    "expected_score": 7.29,
    "lineup": [
      "권희동",
      "강진성",
      "나성범",
      "박석민",
      "이명기",
      "양의지",
      "노진혁",
      "박민우",
      "알테어"
    ],
    "player_stats": [
      {
        "name": "권희동",
        "year": 20,
        "team": "NC",
        "pa": 426,
        "ops": 0.789,
        "avg": 0.26,
        "obp": 0.379,
        "slg": 0.41,
        "rbi": 50,
        "sb": 3,
        "hr": 12
      },
      {
        "name": "강진성",
        "year": 20,
        "team": "NC",
        "pa": 432,
        "ops": 0.814,
        "avg": 0.309,
        "obp": 0.351,
        "slg": 0.463,
        "rbi": 70,
        "sb": 9,
        "hr": 12
      },
      {
        "name": "나성범",
        "year": 20,
        "team": "NC",
        "pa": 584,
        "ops": 0.986,
        "avg": 0.324,
        "obp": 0.39,
        "slg": 0.596,
        "rbi": 112,
        "sb": 3,
        "hr": 34
      },
      {
        "name": "박석민",
        "year": 20,
        "team": "NC",
        "pa": 448,
        "ops": 0.902,
        "avg": 0.306,
        "obp": 0.436,
        "slg": 0.466,
        "rbi": 63,
        "sb": 0,
        "hr": 14
      },
      {
        "name": "이명기",
        "year": 20,
        "team": "NC",
        "pa": 540,
        "ops": 0.743,
        "avg": 0.306,
        "obp": 0.374,
        "slg": 0.369,
        "rbi": 45,
        "sb": 12,
        "hr": 2
      },
      {
        "name": "양의지",
        "year": 20,
        "team": "NC",
        "pa": 528,
        "ops": 1.003,
        "avg": 0.328,
        "obp": 0.4,
        "slg": 0.603,
        "rbi": 124,
        "sb": 5,
        "hr": 33
      },
      {
        "name": "노진혁",
        "year": 20,
        "team": "NC",
        "pa": 484,
        "ops": 0.836,
        "avg": 0.274,
        "obp": 0.356,
        "slg": 0.48,
        "rbi": 82,
        "sb": 0,
        "hr": 20
      },
      {
        "name": "박민우",
        "year": 20,
        "team": "NC",
        "pa": 530,
        "ops": 0.877,
        "avg": 0.345,
        "obp": 0.402,
        "slg": 0.475,
        "rbi": 63,
        "sb": 13,
        "hr": 8
      },
      {
        "name": "알테어",
        "year": 20,
        "team": "NC",
        "pa": 546,
        "ops": 0.893,
        "avg": 0.278,
        "obp": 0.352,
        "slg": 0.541,
        "rbi": 108,
        "sb": 22,
        "hr": 31
      }
    ]
  },
  {
    "generation": 14,
    "expected_score": 7.19,
    "lineup": [
      "이명기",
      "노진혁",
      "강진성",
      "박민우",
      "나성범",
      "박석민",
      "양의지",
      "권희동",
      "알테어"
    ],
    "player_stats": [
      {
        "name": "이명기",
        "year": 20,
        "team": "NC",
        "pa": 540,
        "ops": 0.743,
        "avg": 0.306,
        "obp": 0.374,
        "slg": 0.369,
        "rbi": 45,
        "sb": 12,
        "hr": 2
      },
      {
        "name": "노진혁",
        "year": 20,
        "team": "NC",
        "pa": 484,
        "ops": 0.836,
        "avg": 0.274,
        "obp": 0.356,
        "slg": 0.48,
        "rbi": 82,
        "sb": 0,
        "hr": 20
      },
      {
        "name": "강진성",
        "year": 20,
        "team": "NC",
        "pa": 432,
        "ops": 0.814,
        "avg": 0.309,
        "obp": 0.351,
        "slg": 0.463,
        "rbi": 70,
        "sb": 9,
        "hr": 12
      },
      {
        "name": "박민우",
        "year": 20,
        "team": "NC",
        "pa": 530,
        "ops": 0.877,
        "avg": 0.345,
        "obp": 0.402,
        "slg": 0.475,
        "rbi": 63,
        "sb": 13,
        "hr": 8
      },
      {
        "name": "나성범",
        "year": 20,
        "team": "NC",
        "pa": 584,
        "ops": 0.986,
        "avg": 0.324,
        "obp": 0.39,
        "slg": 0.596,
        "rbi": 112,
        "sb": 3,
        "hr": 34
      },
      {
        "name": "박석민",
        "year": 20,
        "team": "NC",
        "pa": 448,
        "ops": 0.902,
        "avg": 0.306,
        "obp": 0.436,
        "slg": 0.466,
        "rbi": 63,
        "sb": 0,
        "hr": 14
      },
      {
        "name": "양의지",
        "year": 20,
        "team": "NC",
        "pa": 528,
        "ops": 1.003,
        "avg": 0.328,
        "obp": 0.4,
        "slg": 0.603,
        "rbi": 124,
        "sb": 5,
        "hr": 33
      },
      {
        "name": "권희동",
        "year": 20,
        "team": "NC",
        "pa": 426,
        "ops": 0.789,
        "avg": 0.26,
        "obp": 0.379,
        "slg": 0.41,
        "rbi": 50,
        "sb": 3,
        "hr": 12
      },
      {
        "name": "알테어",
        "year": 20,
        "team": "NC",
        "pa": 546,
        "ops": 0.893,
        "avg": 0.278,
        "obp": 0.352,
        "slg": 0.541,
        "rbi": 108,
        "sb": 22,
        "hr": 31
      }
    ]
  },
  {
    "generation": 15,
    "expected_score": 7.565,
    "lineup": [
      "권희동",
      "이명기",
      "나성범",
      "강진성",
      "양의지",
      "박민우",
      "노진혁",
      "박석민",
      "알테어"
    ],
    "player_stats": [
      {
        "name": "권희동",
        "year": 20,
        "team": "NC",
        "pa": 426,
        "ops": 0.789,
        "avg": 0.26,
        "obp": 0.379,
        "slg": 0.41,
        "rbi": 50,
        "sb": 3,
        "hr": 12
      },
      {
        "name": "이명기",
        "year": 20,
        "team": "NC",
        "pa": 540,
        "ops": 0.743,
        "avg": 0.306,
        "obp": 0.374,
        "slg": 0.369,
        "rbi": 45,
        "sb": 12,
        "hr": 2
      },
      {
        "name": "나성범",
        "year": 20,
        "team": "NC",
        "pa": 584,
        "ops": 0.986,
        "avg": 0.324,
        "obp": 0.39,
        "slg": 0.596,
        "rbi": 112,
        "sb": 3,
        "hr": 34
      },
      {
        "name": "강진성",
        "year": 20,
        "team": "NC",
        "pa": 432,
        "ops": 0.814,
        "avg": 0.309,
        "obp": 0.351,
        "slg": 0.463,
        "rbi": 70,
        "sb": 9,
        "hr": 12
      },
      {
        "name": "양의지",
        "year": 20,
        "team": "NC",
        "pa": 528,
        "ops": 1.003,
        "avg": 0.328,
        "obp": 0.4,
        "slg": 0.603,
        "rbi": 124,
        "sb": 5,
        "hr": 33
      },
      {
        "name": "박민우",
        "year": 20,
        "team": "NC",
        "pa": 530,
        "ops": 0.877,
        "avg": 0.345,
        "obp": 0.402,
        "slg": 0.475,
        "rbi": 63,
        "sb": 13,
        "hr": 8
      },
      {
        "name": "노진혁",
        "year": 20,
        "team": "NC",
        "pa": 484,
        "ops": 0.836,
        "avg": 0.274,
        "obp": 0.356,
        "slg": 0.48,
        "rbi": 82,
        "sb": 0,
        "hr": 20
      },
      {
        "name": "박석민",
        "year": 20,
        "team": "NC",
        "pa": 448,
        "ops": 0.902,
        "avg": 0.306,
        "obp": 0.436,
        "slg": 0.466,
        "rbi": 63,
        "sb": 0,
        "hr": 14
      },
      {
        "name": "알테어",
        "year": 20,
        "team": "NC",
        "pa": 546,
        "ops": 0.893,
        "avg": 0.278,
        "obp": 0.352,
        "slg": 0.541,
        "rbi": 108,
        "sb": 22,
        "hr": 31
      }
    ]
  },
  {
    "generation": 16,
    "expected_score": 7.51,
    "lineup": [
      "이명기",
      "강진성",
      "박민우",
      "노진혁",
      "박석민",
      "양의지",
      "권희동",
      "나성범",
      "알테어"
    ],
    "player_stats": [
      {
        "name": "이명기",
        "year": 20,
        "team": "NC",
        "pa": 540,
        "ops": 0.743,
        "avg": 0.306,
        "obp": 0.374,
        "slg": 0.369,
        "rbi": 45,
        "sb": 12,
        "hr": 2
      },
      {
        "name": "강진성",
        "year": 20,
        "team": "NC",
        "pa": 432,
        "ops": 0.814,
        "avg": 0.309,
        "obp": 0.351,
        "slg": 0.463,
        "rbi": 70,
        "sb": 9,
        "hr": 12
      },
      {
        "name": "박민우",
        "year": 20,
        "team": "NC",
        "pa": 530,
        "ops": 0.877,
        "avg": 0.345,
        "obp": 0.402,
        "slg": 0.475,
        "rbi": 63,
        "sb": 13,
        "hr": 8
      },
      {
        "name": "노진혁",
        "year": 20,
        "team": "NC",
        "pa": 484,
        "ops": 0.836,
        "avg": 0.274,
        "obp": 0.356,
        "slg": 0.48,
        "rbi": 82,
        "sb": 0,
        "hr": 20
      },
      {
        "name": "박석민",
        "year": 20,
        "team": "NC",
        "pa": 448,
        "ops": 0.902,
        "avg": 0.306,
        "obp": 0.436,
        "slg": 0.466,
        "rbi": 63,
        "sb": 0,
        "hr": 14
      },
      {
        "name": "양의지",
        "year": 20,
        "team": "NC",
        "pa": 528,
        "ops": 1.003,
        "avg": 0.328,
        "obp": 0.4,
        "slg": 0.603,
        "rbi": 124,
        "sb": 5,
        "hr": 33
      },
      {
        "name": "권희동",
        "year": 20,
        "team": "NC",
        "pa": 426,
        "ops": 0.789,
        "avg": 0.26,
        "obp": 0.379,
        "slg": 0.41,
        "rbi": 50,
        "sb": 3,
        "hr": 12
      },
      {
        "name": "나성범",
        "year": 20,
        "team": "NC",
        "pa": 584,
        "ops": 0.986,
        "avg": 0.324,
        "obp": 0.39,
        "slg": 0.596,
        "rbi": 112,
        "sb": 3,
        "hr": 34
      },
      {
        "name": "알테어",
        "year": 20,
        "team": "NC",
        "pa": 546,
        "ops": 0.893,
        "avg": 0.278,
        "obp": 0.352,
        "slg": 0.541,
        "rbi": 108,
        "sb": 22,
        "hr": 31
      }
    ]
  },
  {
    "generation": 17,
    "expected_score": 7.715,
    "lineup": [
      "양의지",
      "강진성",
      "박석민",
      "권희동",
      "알테어",
      "박민우",
      "이명기",
      "나성범",
      "노진혁"
    ],
    "player_stats": [
      {
        "name": "양의지",
        "year": 20,
        "team": "NC",
        "pa": 528,
        "ops": 1.003,
        "avg": 0.328,
        "obp": 0.4,
        "slg": 0.603,
        "rbi": 124,
        "sb": 5,
        "hr": 33
      },
      {
        "name": "강진성",
        "year": 20,
        "team": "NC",
        "pa": 432,
        "ops": 0.814,
        "avg": 0.309,
        "obp": 0.351,
        "slg": 0.463,
        "rbi": 70,
        "sb": 9,
        "hr": 12
      },
      {
        "name": "박석민",
        "year": 20,
        "team": "NC",
        "pa": 448,
        "ops": 0.902,
        "avg": 0.306,
        "obp": 0.436,
        "slg": 0.466,
        "rbi": 63,
        "sb": 0,
        "hr": 14
      },
      {
        "name": "권희동",
        "year": 20,
        "team": "NC",
        "pa": 426,
        "ops": 0.789,
        "avg": 0.26,
        "obp": 0.379,
        "slg": 0.41,
        "rbi": 50,
        "sb": 3,
        "hr": 12
      },
      {
        "name": "알테어",
        "year": 20,
        "team": "NC",
        "pa": 546,
        "ops": 0.893,
        "avg": 0.278,
        "obp": 0.352,
        "slg": 0.541,
        "rbi": 108,
        "sb": 22,
        "hr": 31
      },
      {
        "name": "박민우",
        "year": 20,
        "team": "NC",
        "pa": 530,
        "ops": 0.877,
        "avg": 0.345,
        "obp": 0.402,
        "slg": 0.475,
        "rbi": 63,
        "sb": 13,
        "hr": 8
      },
      {
        "name": "이명기",
        "year": 20,
        "team": "NC",
        "pa": 540,
        "ops": 0.743,
        "avg": 0.306,
        "obp": 0.374,
        "slg": 0.369,
        "rbi": 45,
        "sb": 12,
        "hr": 2
      },
      {
        "name": "나성범",
        "year": 20,
        "team": "NC",
        "pa": 584,
        "ops": 0.986,
        "avg": 0.324,
        "obp": 0.39,
        "slg": 0.596,
        "rbi": 112,
        "sb": 3,
        "hr": 34
      },
      {
        "name": "노진혁",
        "year": 20,
        "team": "NC",
        "pa": 484,
        "ops": 0.836,
        "avg": 0.274,
        "obp": 0.356,
        "slg": 0.48,
        "rbi": 82,
        "sb": 0,
        "hr": 20
      }
    ]
  },
  {
    "generation": 18,
    "expected_score": 7.39,
    "lineup": [
      "나성범",
      "박석민",
      "알테어",
      "이명기",
      "강진성",
      "박민우",
      "노진혁",
      "양의지",
      "권희동"
    ],
    "player_stats": [
      {
        "name": "나성범",
        "year": 20,
        "team": "NC",
        "pa": 584,
        "ops": 0.986,
        "avg": 0.324,
        "obp": 0.39,
        "slg": 0.596,
        "rbi": 112,
        "sb": 3,
        "hr": 34
      },
      {
        "name": "박석민",
        "year": 20,
        "team": "NC",
        "pa": 448,
        "ops": 0.902,
        "avg": 0.306,
        "obp": 0.436,
        "slg": 0.466,
        "rbi": 63,
        "sb": 0,
        "hr": 14
      },
      {
        "name": "알테어",
        "year": 20,
        "team": "NC",
        "pa": 546,
        "ops": 0.893,
        "avg": 0.278,
        "obp": 0.352,
        "slg": 0.541,
        "rbi": 108,
        "sb": 22,
        "hr": 31
      },
      {
        "name": "이명기",
        "year": 20,
        "team": "NC",
        "pa": 540,
        "ops": 0.743,
        "avg": 0.306,
        "obp": 0.374,
        "slg": 0.369,
        "rbi": 45,
        "sb": 12,
        "hr": 2
      },
      {
        "name": "강진성",
        "year": 20,
        "team": "NC",
        "pa": 432,
        "ops": 0.814,
        "avg": 0.309,
        "obp": 0.351,
        "slg": 0.463,
        "rbi": 70,
        "sb": 9,
        "hr": 12
      },
      {
        "name": "박민우",
        "year": 20,
        "team": "NC",
        "pa": 530,
        "ops": 0.877,
        "avg": 0.345,
        "obp": 0.402,
        "slg": 0.475,
        "rbi": 63,
        "sb": 13,
        "hr": 8
      },
      {
        "name": "노진혁",
        "year": 20,
        "team": "NC",
        "pa": 484,
        "ops": 0.836,
        "avg": 0.274,
        "obp": 0.356,
        "slg": 0.48,
        "rbi": 82,
        "sb": 0,
        "hr": 20
      },
      {
        "name": "양의지",
        "year": 20,
        "team": "NC",
        "pa": 528,
        "ops": 1.003,
        "avg": 0.328,
        "obp": 0.4,
        "slg": 0.603,
        "rbi": 124,
        "sb": 5,
        "hr": 33
      },
      {
        "name": "권희동",
        "year": 20,
        "team": "NC",
        "pa": 426,
        "ops": 0.789,
        "avg": 0.26,
        "obp": 0.379,
        "slg": 0.41,
        "rbi": 50,
        "sb": 3,
        "hr": 12
      }
    ]
  },
  {
    "generation": 19,
    "expected_score": 7.43,
    "lineup": [
      "나성범",
      "권희동",
      "박석민",
      "이명기",
      "강진성",
      "박민우",
      "노진혁",
      "양의지",
      "알테어"
    ],
    "player_stats": [
      {
        "name": "나성범",
        "year": 20,
        "team": "NC",
        "pa": 584,
        "ops": 0.986,
        "avg": 0.324,
        "obp": 0.39,
        "slg": 0.596,
        "rbi": 112,
        "sb": 3,
        "hr": 34
      },
      {
        "name": "권희동",
        "year": 20,
        "team": "NC",
        "pa": 426,
        "ops": 0.789,
        "avg": 0.26,
        "obp": 0.379,
        "slg": 0.41,
        "rbi": 50,
        "sb": 3,
        "hr": 12
      },
      {
        "name": "박석민",
        "year": 20,
        "team": "NC",
        "pa": 448,
        "ops": 0.902,
        "avg": 0.306,
        "obp": 0.436,
        "slg": 0.466,
        "rbi": 63,
        "sb": 0,
        "hr": 14
      },
      {
        "name": "이명기",
        "year": 20,
        "team": "NC",
        "pa": 540,
        "ops": 0.743,
        "avg": 0.306,
        "obp": 0.374,
        "slg": 0.369,
        "rbi": 45,
        "sb": 12,
        "hr": 2
      },
      {
        "name": "강진성",
        "year": 20,
        "team": "NC",
        "pa": 432,
        "ops": 0.814,
        "avg": 0.309,
        "obp": 0.351,
        "slg": 0.463,
        "rbi": 70,
        "sb": 9,
        "hr": 12
      },
      {
        "name": "박민우",
        "year": 20,
        "team": "NC",
        "pa": 530,
        "ops": 0.877,
        "avg": 0.345,
        "obp": 0.402,
        "slg": 0.475,
        "rbi": 63,
        "sb": 13,
        "hr": 8
      },
      {
        "name": "노진혁",
        "year": 20,
        "team": "NC",
        "pa": 484,
        "ops": 0.836,
        "avg": 0.274,
        "obp": 0.356,
        "slg": 0.48,
        "rbi": 82,
        "sb": 0,
        "hr": 20
      },
      {
        "name": "양의지",
        "year": 20,
        "team": "NC",
        "pa": 528,
        "ops": 1.003,
        "avg": 0.328,
        "obp": 0.4,
        "slg": 0.603,
        "rbi": 124,
        "sb": 5,
        "hr": 33
      },
      {
        "name": "알테어",
        "year": 20,
        "team": "NC",
        "pa": 546,
        "ops": 0.893,
        "avg": 0.278,
        "obp": 0.352,
        "slg": 0.541,
        "rbi": 108,
        "sb": 22,
        "hr": 31
      }
    ]
  },
  {
    "generation": 20,
    "expected_score": 7.3,
    "lineup": [
      "권희동",
      "박석민",
      "양의지",
      "나성범",
      "박민우",
      "알테어",
      "이명기",
      "강진성",
      "노진혁"
    ],
    "player_stats": [
      {
        "name": "권희동",
        "year": 20,
        "team": "NC",
        "pa": 426,
        "ops": 0.789,
        "avg": 0.26,
        "obp": 0.379,
        "slg": 0.41,
        "rbi": 50,
        "sb": 3,
        "hr": 12
      },
      {
        "name": "박석민",
        "year": 20,
        "team": "NC",
        "pa": 448,
        "ops": 0.902,
        "avg": 0.306,
        "obp": 0.436,
        "slg": 0.466,
        "rbi": 63,
        "sb": 0,
        "hr": 14
      },
      {
        "name": "양의지",
        "year": 20,
        "team": "NC",
        "pa": 528,
        "ops": 1.003,
        "avg": 0.328,
        "obp": 0.4,
        "slg": 0.603,
        "rbi": 124,
        "sb": 5,
        "hr": 33
      },
      {
        "name": "나성범",
        "year": 20,
        "team": "NC",
        "pa": 584,
        "ops": 0.986,
        "avg": 0.324,
        "obp": 0.39,
        "slg": 0.596,
        "rbi": 112,
        "sb": 3,
        "hr": 34
      },
      {
        "name": "박민우",
        "year": 20,
        "team": "NC",
        "pa": 530,
        "ops": 0.877,
        "avg": 0.345,
        "obp": 0.402,
        "slg": 0.475,
        "rbi": 63,
        "sb": 13,
        "hr": 8
      },
      {
        "name": "알테어",
        "year": 20,
        "team": "NC",
        "pa": 546,
        "ops": 0.893,
        "avg": 0.278,
        "obp": 0.352,
        "slg": 0.541,
        "rbi": 108,
        "sb": 22,
        "hr": 31
      },
      {
        "name": "이명기",
        "year": 20,
        "team": "NC",
        "pa": 540,
        "ops": 0.743,
        "avg": 0.306,
        "obp": 0.374,
        "slg": 0.369,
        "rbi": 45,
        "sb": 12,
        "hr": 2
      },
      {
        "name": "강진성",
        "year": 20,
        "team": "NC",
        "pa": 432,
        "ops": 0.814,
        "avg": 0.309,
        "obp": 0.351,
        "slg": 0.463,
        "rbi": 70,
        "sb": 9,
        "hr": 12
      },
      {
        "name": "노진혁",
        "year": 20,
        "team": "NC",
        "pa": 484,
        "ops": 0.836,
        "avg": 0.274,
        "obp": 0.356,
        "slg": 0.48,
        "rbi": 82,
        "sb": 0,
        "hr": 20
      }
    ]
  },
  {
    "generation": 21,
    "expected_score": 7.48,
    "lineup": [
      "권희동",
      "강진성",
      "박석민",
      "노진혁",
      "박민우",
      "양의지",
      "이명기",
      "알테어",
      "나성범"
    ],
    "player_stats": [
      {
        "name": "권희동",
        "year": 20,
        "team": "NC",
        "pa": 426,
        "ops": 0.789,
        "avg": 0.26,
        "obp": 0.379,
        "slg": 0.41,
        "rbi": 50,
        "sb": 3,
        "hr": 12
      },
      {
        "name": "강진성",
        "year": 20,
        "team": "NC",
        "pa": 432,
        "ops": 0.814,
        "avg": 0.309,
        "obp": 0.351,
        "slg": 0.463,
        "rbi": 70,
        "sb": 9,
        "hr": 12
      },
      {
        "name": "박석민",
        "year": 20,
        "team": "NC",
        "pa": 448,
        "ops": 0.902,
        "avg": 0.306,
        "obp": 0.436,
        "slg": 0.466,
        "rbi": 63,
        "sb": 0,
        "hr": 14
      },
      {
        "name": "노진혁",
        "year": 20,
        "team": "NC",
        "pa": 484,
        "ops": 0.836,
        "avg": 0.274,
        "obp": 0.356,
        "slg": 0.48,
        "rbi": 82,
        "sb": 0,
        "hr": 20
      },
      {
        "name": "박민우",
        "year": 20,
        "team": "NC",
        "pa": 530,
        "ops": 0.877,
        "avg": 0.345,
        "obp": 0.402,
        "slg": 0.475,
        "rbi": 63,
        "sb": 13,
        "hr": 8
      },
      {
        "name": "양의지",
        "year": 20,
        "team": "NC",
        "pa": 528,
        "ops": 1.003,
        "avg": 0.328,
        "obp": 0.4,
        "slg": 0.603,
        "rbi": 124,
        "sb": 5,
        "hr": 33
      },
      {
        "name": "이명기",
        "year": 20,
        "team": "NC",
        "pa": 540,
        "ops": 0.743,
        "avg": 0.306,
        "obp": 0.374,
        "slg": 0.369,
        "rbi": 45,
        "sb": 12,
        "hr": 2
      },
      {
        "name": "알테어",
        "year": 20,
        "team": "NC",
        "pa": 546,
        "ops": 0.893,
        "avg": 0.278,
        "obp": 0.352,
        "slg": 0.541,
        "rbi": 108,
        "sb": 22,
        "hr": 31
      },
      {
        "name": "나성범",
        "year": 20,
        "team": "NC",
        "pa": 584,
        "ops": 0.986,
        "avg": 0.324,
        "obp": 0.39,
        "slg": 0.596,
        "rbi": 112,
        "sb": 3,
        "hr": 34
      }
    ]
  },
  {
    "generation": 22,
    "expected_score": 7.25,
    "lineup": [
      "나성범",
      "박석민",
      "권희동",
      "박민우",
      "알테어",
      "양의지",
      "노진혁",
      "이명기",
      "강진성"
    ],
    "player_stats": [
      {
        "name": "나성범",
        "year": 20,
        "team": "NC",
        "pa": 584,
        "ops": 0.986,
        "avg": 0.324,
        "obp": 0.39,
        "slg": 0.596,
        "rbi": 112,
        "sb": 3,
        "hr": 34
      },
      {
        "name": "박석민",
        "year": 20,
        "team": "NC",
        "pa": 448,
        "ops": 0.902,
        "avg": 0.306,
        "obp": 0.436,
        "slg": 0.466,
        "rbi": 63,
        "sb": 0,
        "hr": 14
      },
      {
        "name": "권희동",
        "year": 20,
        "team": "NC",
        "pa": 426,
        "ops": 0.789,
        "avg": 0.26,
        "obp": 0.379,
        "slg": 0.41,
        "rbi": 50,
        "sb": 3,
        "hr": 12
      },
      {
        "name": "박민우",
        "year": 20,
        "team": "NC",
        "pa": 530,
        "ops": 0.877,
        "avg": 0.345,
        "obp": 0.402,
        "slg": 0.475,
        "rbi": 63,
        "sb": 13,
        "hr": 8
      },
      {
        "name": "알테어",
        "year": 20,
        "team": "NC",
        "pa": 546,
        "ops": 0.893,
        "avg": 0.278,
        "obp": 0.352,
        "slg": 0.541,
        "rbi": 108,
        "sb": 22,
        "hr": 31
      },
      {
        "name": "양의지",
        "year": 20,
        "team": "NC",
        "pa": 528,
        "ops": 1.003,
        "avg": 0.328,
        "obp": 0.4,
        "slg": 0.603,
        "rbi": 124,
        "sb": 5,
        "hr": 33
      },
      {
        "name": "노진혁",
        "year": 20,
        "team": "NC",
        "pa": 484,
        "ops": 0.836,
        "avg": 0.274,
        "obp": 0.356,
        "slg": 0.48,
        "rbi": 82,
        "sb": 0,
        "hr": 20
      },
      {
        "name": "이명기",
        "year": 20,
        "team": "NC",
        "pa": 540,
        "ops": 0.743,
        "avg": 0.306,
        "obp": 0.374,
        "slg": 0.369,
        "rbi": 45,
        "sb": 12,
        "hr": 2
      },
      {
        "name": "강진성",
        "year": 20,
        "team": "NC",
        "pa": 432,
        "ops": 0.814,
        "avg": 0.309,
        "obp": 0.351,
        "slg": 0.463,
        "rbi": 70,
        "sb": 9,
        "hr": 12
      }
    ]
  },
  {
    "generation": 23,
    "expected_score": 7.11,
    "lineup": [
      "박민우",
      "나성범",
      "박석민",
      "권희동",
      "알테어",
      "이명기",
      "노진혁",
      "양의지",
      "강진성"
    ],
    "player_stats": [
      {
        "name": "박민우",
        "year": 20,
        "team": "NC",
        "pa": 530,
        "ops": 0.877,
        "avg": 0.345,
        "obp": 0.402,
        "slg": 0.475,
        "rbi": 63,
        "sb": 13,
        "hr": 8
      },
      {
        "name": "나성범",
        "year": 20,
        "team": "NC",
        "pa": 584,
        "ops": 0.986,
        "avg": 0.324,
        "obp": 0.39,
        "slg": 0.596,
        "rbi": 112,
        "sb": 3,
        "hr": 34
      },
      {
        "name": "박석민",
        "year": 20,
        "team": "NC",
        "pa": 448,
        "ops": 0.902,
        "avg": 0.306,
        "obp": 0.436,
        "slg": 0.466,
        "rbi": 63,
        "sb": 0,
        "hr": 14
      },
      {
        "name": "권희동",
        "year": 20,
        "team": "NC",
        "pa": 426,
        "ops": 0.789,
        "avg": 0.26,
        "obp": 0.379,
        "slg": 0.41,
        "rbi": 50,
        "sb": 3,
        "hr": 12
      },
      {
        "name": "알테어",
        "year": 20,
        "team": "NC",
        "pa": 546,
        "ops": 0.893,
        "avg": 0.278,
        "obp": 0.352,
        "slg": 0.541,
        "rbi": 108,
        "sb": 22,
        "hr": 31
      },
      {
        "name": "이명기",
        "year": 20,
        "team": "NC",
        "pa": 540,
        "ops": 0.743,
        "avg": 0.306,
        "obp": 0.374,
        "slg": 0.369,
        "rbi": 45,
        "sb": 12,
        "hr": 2
      },
      {
        "name": "노진혁",
        "year": 20,
        "team": "NC",
        "pa": 484,
        "ops": 0.836,
        "avg": 0.274,
        "obp": 0.356,
        "slg": 0.48,
        "rbi": 82,
        "sb": 0,
        "hr": 20
      },
      {
        "name": "양의지",
        "year": 20,
        "team": "NC",
        "pa": 528,
        "ops": 1.003,
        "avg": 0.328,
        "obp": 0.4,
        "slg": 0.603,
        "rbi": 124,
        "sb": 5,
        "hr": 33
      },
      {
        "name": "강진성",
        "year": 20,
        "team": "NC",
        "pa": 432,
        "ops": 0.814,
        "avg": 0.309,
        "obp": 0.351,
        "slg": 0.463,
        "rbi": 70,
        "sb": 9,
        "hr": 12
      }
    ]
  },
  {
    "generation": 24,
    "expected_score": 7.14,
    "lineup": [
      "나성범",
      "권희동",
      "박석민",
      "이명기",
      "박민우",
      "노진혁",
      "알테어",
      "강진성",
      "양의지"
    ],
    "player_stats": [
      {
        "name": "나성범",
        "year": 20,
        "team": "NC",
        "pa": 584,
        "ops": 0.986,
        "avg": 0.324,
        "obp": 0.39,
        "slg": 0.596,
        "rbi": 112,
        "sb": 3,
        "hr": 34
      },
      {
        "name": "권희동",
        "year": 20,
        "team": "NC",
        "pa": 426,
        "ops": 0.789,
        "avg": 0.26,
        "obp": 0.379,
        "slg": 0.41,
        "rbi": 50,
        "sb": 3,
        "hr": 12
      },
      {
        "name": "박석민",
        "year": 20,
        "team": "NC",
        "pa": 448,
        "ops": 0.902,
        "avg": 0.306,
        "obp": 0.436,
        "slg": 0.466,
        "rbi": 63,
        "sb": 0,
        "hr": 14
      },
      {
        "name": "이명기",
        "year": 20,
        "team": "NC",
        "pa": 540,
        "ops": 0.743,
        "avg": 0.306,
        "obp": 0.374,
        "slg": 0.369,
        "rbi": 45,
        "sb": 12,
        "hr": 2
      },
      {
        "name": "박민우",
        "year": 20,
        "team": "NC",
        "pa": 530,
        "ops": 0.877,
        "avg": 0.345,
        "obp": 0.402,
        "slg": 0.475,
        "rbi": 63,
        "sb": 13,
        "hr": 8
      },
      {
        "name": "노진혁",
        "year": 20,
        "team": "NC",
        "pa": 484,
        "ops": 0.836,
        "avg": 0.274,
        "obp": 0.356,
        "slg": 0.48,
        "rbi": 82,
        "sb": 0,
        "hr": 20
      },
      {
        "name": "알테어",
        "year": 20,
        "team": "NC",
        "pa": 546,
        "ops": 0.893,
        "avg": 0.278,
        "obp": 0.352,
        "slg": 0.541,
        "rbi": 108,
        "sb": 22,
        "hr": 31
      },
      {
        "name": "강진성",
        "year": 20,
        "team": "NC",
        "pa": 432,
        "ops": 0.814,
        "avg": 0.309,
        "obp": 0.351,
        "slg": 0.463,
        "rbi": 70,
        "sb": 9,
        "hr": 12
      },
      {
        "name": "양의지",
        "year": 20,
        "team": "NC",
        "pa": 528,
        "ops": 1.003,
        "avg": 0.328,
        "obp": 0.4,
        "slg": 0.603,
        "rbi": 124,
        "sb": 5,
        "hr": 33
      }
    ]
  },
  {
    "generation": 25,
    "expected_score": 7.31,
    "lineup": [
      "박민우",
      "박석민",
      "권희동",
      "이명기",
      "노진혁",
      "양의지",
      "알테어",
      "나성범",
      "강진성"
    ],
    "player_stats": [
      {
        "name": "박민우",
        "year": 20,
        "team": "NC",
        "pa": 530,
        "ops": 0.877,
        "avg": 0.345,
        "obp": 0.402,
        "slg": 0.475,
        "rbi": 63,
        "sb": 13,
        "hr": 8
      },
      {
        "name": "박석민",
        "year": 20,
        "team": "NC",
        "pa": 448,
        "ops": 0.902,
        "avg": 0.306,
        "obp": 0.436,
        "slg": 0.466,
        "rbi": 63,
        "sb": 0,
        "hr": 14
      },
      {
        "name": "권희동",
        "year": 20,
        "team": "NC",
        "pa": 426,
        "ops": 0.789,
        "avg": 0.26,
        "obp": 0.379,
        "slg": 0.41,
        "rbi": 50,
        "sb": 3,
        "hr": 12
      },
      {
        "name": "이명기",
        "year": 20,
        "team": "NC",
        "pa": 540,
        "ops": 0.743,
        "avg": 0.306,
        "obp": 0.374,
        "slg": 0.369,
        "rbi": 45,
        "sb": 12,
        "hr": 2
      },
      {
        "name": "노진혁",
        "year": 20,
        "team": "NC",
        "pa": 484,
        "ops": 0.836,
        "avg": 0.274,
        "obp": 0.356,
        "slg": 0.48,
        "rbi": 82,
        "sb": 0,
        "hr": 20
      },
      {
        "name": "양의지",
        "year": 20,
        "team": "NC",
        "pa": 528,
        "ops": 1.003,
        "avg": 0.328,
        "obp": 0.4,
        "slg": 0.603,
        "rbi": 124,
        "sb": 5,
        "hr": 33
      },
      {
        "name": "알테어",
        "year": 20,
        "team": "NC",
        "pa": 546,
        "ops": 0.893,
        "avg": 0.278,
        "obp": 0.352,
        "slg": 0.541,
        "rbi": 108,
        "sb": 22,
        "hr": 31
      },
      {
        "name": "나성범",
        "year": 20,
        "team": "NC",
        "pa": 584,
        "ops": 0.986,
        "avg": 0.324,
        "obp": 0.39,
        "slg": 0.596,
        "rbi": 112,
        "sb": 3,
        "hr": 34
      },
      {
        "name": "강진성",
        "year": 20,
        "team": "NC",
        "pa": 432,
        "ops": 0.814,
        "avg": 0.309,
        "obp": 0.351,
        "slg": 0.463,
        "rbi": 70,
        "sb": 9,
        "hr": 12
      }
    ]
  },
  {
    "generation": 26,
    "expected_score": 7.35,
    "lineup": [
      "권희동",
      "나성범",
      "이명기",
      "박민우",
      "양의지",
      "박석민",
      "강진성",
      "알테어",
      "노진혁"
    ],
    "player_stats": [
      {
        "name": "권희동",
        "year": 20,
        "team": "NC",
        "pa": 426,
        "ops": 0.789,
        "avg": 0.26,
        "obp": 0.379,
        "slg": 0.41,
        "rbi": 50,
        "sb": 3,
        "hr": 12
      },
      {
        "name": "나성범",
        "year": 20,
        "team": "NC",
        "pa": 584,
        "ops": 0.986,
        "avg": 0.324,
        "obp": 0.39,
        "slg": 0.596,
        "rbi": 112,
        "sb": 3,
        "hr": 34
      },
      {
        "name": "이명기",
        "year": 20,
        "team": "NC",
        "pa": 540,
        "ops": 0.743,
        "avg": 0.306,
        "obp": 0.374,
        "slg": 0.369,
        "rbi": 45,
        "sb": 12,
        "hr": 2
      },
      {
        "name": "박민우",
        "year": 20,
        "team": "NC",
        "pa": 530,
        "ops": 0.877,
        "avg": 0.345,
        "obp": 0.402,
        "slg": 0.475,
        "rbi": 63,
        "sb": 13,
        "hr": 8
      },
      {
        "name": "양의지",
        "year": 20,
        "team": "NC",
        "pa": 528,
        "ops": 1.003,
        "avg": 0.328,
        "obp": 0.4,
        "slg": 0.603,
        "rbi": 124,
        "sb": 5,
        "hr": 33
      },
      {
        "name": "박석민",
        "year": 20,
        "team": "NC",
        "pa": 448,
        "ops": 0.902,
        "avg": 0.306,
        "obp": 0.436,
        "slg": 0.466,
        "rbi": 63,
        "sb": 0,
        "hr": 14
      },
      {
        "name": "강진성",
        "year": 20,
        "team": "NC",
        "pa": 432,
        "ops": 0.814,
        "avg": 0.309,
        "obp": 0.351,
        "slg": 0.463,
        "rbi": 70,
        "sb": 9,
        "hr": 12
      },
      {
        "name": "알테어",
        "year": 20,
        "team": "NC",
        "pa": 546,
        "ops": 0.893,
        "avg": 0.278,
        "obp": 0.352,
        "slg": 0.541,
        "rbi": 108,
        "sb": 22,
        "hr": 31
      },
      {
        "name": "노진혁",
        "year": 20,
        "team": "NC",
        "pa": 484,
        "ops": 0.836,
        "avg": 0.274,
        "obp": 0.356,
        "slg": 0.48,
        "rbi": 82,
        "sb": 0,
        "hr": 20
      }
    ]
  },
  {
    "generation": 27,
    "expected_score": 7.42,
    "lineup": [
      "박석민",
      "나성범",
      "권희동",
      "양의지",
      "박민우",
      "노진혁",
      "이명기",
      "알테어",
      "강진성"
    ],
    "player_stats": [
      {
        "name": "박석민",
        "year": 20,
        "team": "NC",
        "pa": 448,
        "ops": 0.902,
        "avg": 0.306,
        "obp": 0.436,
        "slg": 0.466,
        "rbi": 63,
        "sb": 0,
        "hr": 14
      },
      {
        "name": "나성범",
        "year": 20,
        "team": "NC",
        "pa": 584,
        "ops": 0.986,
        "avg": 0.324,
        "obp": 0.39,
        "slg": 0.596,
        "rbi": 112,
        "sb": 3,
        "hr": 34
      },
      {
        "name": "권희동",
        "year": 20,
        "team": "NC",
        "pa": 426,
        "ops": 0.789,
        "avg": 0.26,
        "obp": 0.379,
        "slg": 0.41,
        "rbi": 50,
        "sb": 3,
        "hr": 12
      },
      {
        "name": "양의지",
        "year": 20,
        "team": "NC",
        "pa": 528,
        "ops": 1.003,
        "avg": 0.328,
        "obp": 0.4,
        "slg": 0.603,
        "rbi": 124,
        "sb": 5,
        "hr": 33
      },
      {
        "name": "박민우",
        "year": 20,
        "team": "NC",
        "pa": 530,
        "ops": 0.877,
        "avg": 0.345,
        "obp": 0.402,
        "slg": 0.475,
        "rbi": 63,
        "sb": 13,
        "hr": 8
      },
      {
        "name": "노진혁",
        "year": 20,
        "team": "NC",
        "pa": 484,
        "ops": 0.836,
        "avg": 0.274,
        "obp": 0.356,
        "slg": 0.48,
        "rbi": 82,
        "sb": 0,
        "hr": 20
      },
      {
        "name": "이명기",
        "year": 20,
        "team": "NC",
        "pa": 540,
        "ops": 0.743,
        "avg": 0.306,
        "obp": 0.374,
        "slg": 0.369,
        "rbi": 45,
        "sb": 12,
        "hr": 2
      },
      {
        "name": "알테어",
        "year": 20,
        "team": "NC",
        "pa": 546,
        "ops": 0.893,
        "avg": 0.278,
        "obp": 0.352,
        "slg": 0.541,
        "rbi": 108,
        "sb": 22,
        "hr": 31
      },
      {
        "name": "강진성",
        "year": 20,
        "team": "NC",
        "pa": 432,
        "ops": 0.814,
        "avg": 0.309,
        "obp": 0.351,
        "slg": 0.463,
        "rbi": 70,
        "sb": 9,
        "hr": 12
      }
    ]
  },
  {
    "generation": 28,
    "expected_score": 7.65,
    "lineup": [
      "나성범",
      "노진혁",
      "이명기",
      "박민우",
      "양의지",
      "박석민",
      "강진성",
      "알테어",
      "권희동"
    ],
    "player_stats": [
      {
        "name": "나성범",
        "year": 20,
        "team": "NC",
        "pa": 584,
        "ops": 0.986,
        "avg": 0.324,
        "obp": 0.39,
        "slg": 0.596,
        "rbi": 112,
        "sb": 3,
        "hr": 34
      },
      {
        "name": "노진혁",
        "year": 20,
        "team": "NC",
        "pa": 484,
        "ops": 0.836,
        "avg": 0.274,
        "obp": 0.356,
        "slg": 0.48,
        "rbi": 82,
        "sb": 0,
        "hr": 20
      },
      {
        "name": "이명기",
        "year": 20,
        "team": "NC",
        "pa": 540,
        "ops": 0.743,
        "avg": 0.306,
        "obp": 0.374,
        "slg": 0.369,
        "rbi": 45,
        "sb": 12,
        "hr": 2
      },
      {
        "name": "박민우",
        "year": 20,
        "team": "NC",
        "pa": 530,
        "ops": 0.877,
        "avg": 0.345,
        "obp": 0.402,
        "slg": 0.475,
        "rbi": 63,
        "sb": 13,
        "hr": 8
      },
      {
        "name": "양의지",
        "year": 20,
        "team": "NC",
        "pa": 528,
        "ops": 1.003,
        "avg": 0.328,
        "obp": 0.4,
        "slg": 0.603,
        "rbi": 124,
        "sb": 5,
        "hr": 33
      },
      {
        "name": "박석민",
        "year": 20,
        "team": "NC",
        "pa": 448,
        "ops": 0.902,
        "avg": 0.306,
        "obp": 0.436,
        "slg": 0.466,
        "rbi": 63,
        "sb": 0,
        "hr": 14
      },
      {
        "name": "강진성",
        "year": 20,
        "team": "NC",
        "pa": 432,
        "ops": 0.814,
        "avg": 0.309,
        "obp": 0.351,
        "slg": 0.463,
        "rbi": 70,
        "sb": 9,
        "hr": 12
      },
      {
        "name": "알테어",
        "year": 20,
        "team": "NC",
        "pa": 546,
        "ops": 0.893,
        "avg": 0.278,
        "obp": 0.352,
        "slg": 0.541,
        "rbi": 108,
        "sb": 22,
        "hr": 31
      },
      {
        "name": "권희동",
        "year": 20,
        "team": "NC",
        "pa": 426,
        "ops": 0.789,
        "avg": 0.26,
        "obp": 0.379,
        "slg": 0.41,
        "rbi": 50,
        "sb": 3,
        "hr": 12
      }
    ]
  },
  {
    "generation": 29,
    "expected_score": 7.26,
    "lineup": [
      "박민우",
      "권희동",
      "이명기",
      "노진혁",
      "박석민",
      "양의지",
      "강진성",
      "알테어",
      "나성범"
    ],
    "player_stats": [
      {
        "name": "박민우",
        "year": 20,
        "team": "NC",
        "pa": 530,
        "ops": 0.877,
        "avg": 0.345,
        "obp": 0.402,
        "slg": 0.475,
        "rbi": 63,
        "sb": 13,
        "hr": 8
      },
      {
        "name": "권희동",
        "year": 20,
        "team": "NC",
        "pa": 426,
        "ops": 0.789,
        "avg": 0.26,
        "obp": 0.379,
        "slg": 0.41,
        "rbi": 50,
        "sb": 3,
        "hr": 12
      },
      {
        "name": "이명기",
        "year": 20,
        "team": "NC",
        "pa": 540,
        "ops": 0.743,
        "avg": 0.306,
        "obp": 0.374,
        "slg": 0.369,
        "rbi": 45,
        "sb": 12,
        "hr": 2
      },
      {
        "name": "노진혁",
        "year": 20,
        "team": "NC",
        "pa": 484,
        "ops": 0.836,
        "avg": 0.274,
        "obp": 0.356,
        "slg": 0.48,
        "rbi": 82,
        "sb": 0,
        "hr": 20
      },
      {
        "name": "박석민",
        "year": 20,
        "team": "NC",
        "pa": 448,
        "ops": 0.902,
        "avg": 0.306,
        "obp": 0.436,
        "slg": 0.466,
        "rbi": 63,
        "sb": 0,
        "hr": 14
      },
      {
        "name": "양의지",
        "year": 20,
        "team": "NC",
        "pa": 528,
        "ops": 1.003,
        "avg": 0.328,
        "obp": 0.4,
        "slg": 0.603,
        "rbi": 124,
        "sb": 5,
        "hr": 33
      },
      {
        "name": "강진성",
        "year": 20,
        "team": "NC",
        "pa": 432,
        "ops": 0.814,
        "avg": 0.309,
        "obp": 0.351,
        "slg": 0.463,
        "rbi": 70,
        "sb": 9,
        "hr": 12
      },
      {
        "name": "알테어",
        "year": 20,
        "team": "NC",
        "pa": 546,
        "ops": 0.893,
        "avg": 0.278,
        "obp": 0.352,
        "slg": 0.541,
        "rbi": 108,
        "sb": 22,
        "hr": 31
      },
      {
        "name": "나성범",
        "year": 20,
        "team": "NC",
        "pa": 584,
        "ops": 0.986,
        "avg": 0.324,
        "obp": 0.39,
        "slg": 0.596,
        "rbi": 112,
        "sb": 3,
        "hr": 34
      }
    ]
  },
  {
    "generation": 30,
    "expected_score": 7.4,
    "lineup": [
      "나성범",
      "양의지",
      "이명기",
      "박석민",
      "박민우",
      "권희동",
      "강진성",
      "알테어",
      "노진혁"
    ],
    "player_stats": [
      {
        "name": "나성범",
        "year": 20,
        "team": "NC",
        "pa": 584,
        "ops": 0.986,
        "avg": 0.324,
        "obp": 0.39,
        "slg": 0.596,
        "rbi": 112,
        "sb": 3,
        "hr": 34
      },
      {
        "name": "양의지",
        "year": 20,
        "team": "NC",
        "pa": 528,
        "ops": 1.003,
        "avg": 0.328,
        "obp": 0.4,
        "slg": 0.603,
        "rbi": 124,
        "sb": 5,
        "hr": 33
      },
      {
        "name": "이명기",
        "year": 20,
        "team": "NC",
        "pa": 540,
        "ops": 0.743,
        "avg": 0.306,
        "obp": 0.374,
        "slg": 0.369,
        "rbi": 45,
        "sb": 12,
        "hr": 2
      },
      {
        "name": "박석민",
        "year": 20,
        "team": "NC",
        "pa": 448,
        "ops": 0.902,
        "avg": 0.306,
        "obp": 0.436,
        "slg": 0.466,
        "rbi": 63,
        "sb": 0,
        "hr": 14
      },
      {
        "name": "박민우",
        "year": 20,
        "team": "NC",
        "pa": 530,
        "ops": 0.877,
        "avg": 0.345,
        "obp": 0.402,
        "slg": 0.475,
        "rbi": 63,
        "sb": 13,
        "hr": 8
      },
      {
        "name": "권희동",
        "year": 20,
        "team": "NC",
        "pa": 426,
        "ops": 0.789,
        "avg": 0.26,
        "obp": 0.379,
        "slg": 0.41,
        "rbi": 50,
        "sb": 3,
        "hr": 12
      },
      {
        "name": "강진성",
        "year": 20,
        "team": "NC",
        "pa": 432,
        "ops": 0.814,
        "avg": 0.309,
        "obp": 0.351,
        "slg": 0.463,
        "rbi": 70,
        "sb": 9,
        "hr": 12
      },
      {
        "name": "알테어",
        "year": 20,
        "team": "NC",
        "pa": 546,
        "ops": 0.893,
        "avg": 0.278,
        "obp": 0.352,
        "slg": 0.541,
        "rbi": 108,
        "sb": 22,
        "hr": 31
      },
      {
        "name": "노진혁",
        "year": 20,
        "team": "NC",
        "pa": 484,
        "ops": 0.836,
        "avg": 0.274,
        "obp": 0.356,
        "slg": 0.48,
        "rbi": 82,
        "sb": 0,
        "hr": 20
      }
    ]
  }
]