[
  {
    "generation": 1,
    "expected_score": 7.145,
    "lineup": [
      "박세혁",
      "김재호",
      "김재환",
      "박건우",
      "페르난데스",
      "허경민",
      "최주환",
      "정수빈",
      "오재일"
    ],
    "player_stats": [
      {
        "name": "박세혁",
        "year": 20,
        "team": "두산",
        "pa": 423,
        "ops": 0.712,
        "avg": 0.269,
        "obp": 0.348,
        "slg": 0.364,
        "rbi": 51,
        "sb": 5,
        "hr": 4
      },
      {
        "name": "김재호",
        "year": 20,
        "team": "두산",
        "pa": 458,
        "ops": 0.708,
        "avg": 0.289,
        "obp": 0.362,
        "slg": 0.346,
        "rbi": 39,
        "sb": 6,
        "hr": 2
      },
      {
        "name": "김재환",
        "year": 20,
        "team": "두산",
        "pa": 614,
        "ops": 0.867,
        "avg": 0.266,
        "obp": 0.373,
        "slg": 0.494,
        "rbi": 113,
        "sb": 6,
        "hr": 30
      },
      {
        "name": "박건우",
        "year": 20,
        "team": "두산",
        "pa": 551,
        "ops": 0.841,
        "avg": 0.304,
        "obp": 0.369,
        "slg": 0.472,
        "rbi": 70,
        "sb": 8,
        "hr": 14
      },
      {
        "name": "페르난데스",
        "year": 20,
        "team": "두산",
        "pa": 668,
        "ops": 0.901,
        "avg": 0.34,
        "obp": 0.404,
        "slg": 0.497,
        "rbi": 105,
        "sb": 0,
        "hr": 21
      },
      {
        "name": "허경민",
        "year": 20,
        "team": "두산",
        "pa": 487,
        "ops": 0.824,
        "avg": 0.332,
        "obp": 0.382,
        "slg": 0.442,
        "rbi": 58,
        "sb": 14,
        "hr": 7
      },
      {
        "name": "최주환",
        "year": 20,
        "team": "두산",
        "pa": 574,
        "ops": 0.839,
        "avg": 0.306,
        "obp": 0.366,
        "slg": 0.473,
        "rbi": 88,
        "sb": 2,
        "hr": 16
      },
      {
        "name": "정수빈",
        "year": 20,
        "team": "두산",
        "pa": 559,
        "ops": 0.764,
        "avg": 0.298,
        "obp": 0.368,
        "slg": 0.396,
        "rbi": 59,
        "sb": 15,
        "hr": 5
      },
      {
        "name": "오재일",
        "year": 20,
        "team": "두산",
        "pa": 534,
        "ops": 0.872,
        "avg": 0.312,
        "obp": 0.39,
        "slg": 0.482,
        "rbi": 89,
        "sb": 2,
        "hr": 16
      }
    ]
  },
  {
    "generation": 2,
    "expected_score": 6.82,
    "lineup": [
      "오재일",
      "페르난데스",
      "허경민",
      "정수빈",
      "박건우",
      "박세혁",
      "김재호",
      "김재환",
      "최주환"
    ],
    "player_stats": [
      {
        "name": "오재일",
        "year": 20,
        "team": "두산",
        "pa": 534,
        "ops": 0.872,
        "avg": 0.312,
        "obp": 0.39,
        "slg": 0.482,
        "rbi": 89,
        "sb": 2,
        "hr": 16
      },
      {
        "name": "페르난데스",
        "year": 20,
        "team": "두산",
        "pa": 668,
        "ops": 0.901,
        "avg": 0.34,
        "obp": 0.404,
        "slg": 0.497,
        "rbi": 105,
        "sb": 0,
        "hr": 21
      },
      {
        "name": "허경민",
        "year": 20,
        "team": "두산",
        "pa": 487,
        "ops": 0.824,
        "avg": 0.332,
        "obp": 0.382,
        "slg": 0.442,
        "rbi": 58,
        "sb": 14,
        "hr": 7
      },
      {
        "name": "정수빈",
        "year": 20,
        "team": "두산",
        "pa": 559,
        "ops": 0.764,
        "avg": 0.298,
        "obp": 0.368,
        "slg": 0.396,
        "rbi": 59,
        "sb": 15,
        "hr": 5
      },
      {
        "name": "박건우",
        "year": 20,
        "team": "두산",
        "pa": 551,
        "ops": 0.841,
        "avg": 0.304,
        "obp": 0.369,
        "slg": 0.472,
        "rbi": 70,
        "sb": 8,
        "hr": 14
      },
      {
        "name": "박세혁",
        "year": 20,
        "team": "두산",
        "pa": 423,
        "ops": 0.712,
        "avg": 0.269,
        "obp": 0.348,
        "slg": 0.364,
        "rbi": 51,
        "sb": 5,
        "hr": 4
      },
      {
        "name": "김재호",
        "year": 20,
        "team": "두산",
        "pa": 458,
        "ops": 0.708,
        "avg": 0.289,
        "obp": 0.362,
        "slg": 0.346,
        "rbi": 39,
        "sb": 6,
        "hr": 2
      },
      {
        "name": "김재환",
        "year": 20,
        "team": "두산",
        "pa": 614,
        "ops": 0.867,
        "avg": 0.266,
        "obp": 0.373,
        "slg": 0.494,
        "rbi": 113,
        "sb": 6,
        "hr": 30
      },
      {
        "name": "최주환",
        "year": 20,
        "team": "두산",
        "pa": 574,
        "ops": 0.839,
        "avg": 0.306,
        "obp": 0.366,
        "slg": 0.473,
        "rbi": 88,
        "sb": 2,
        "hr": 16
      }
    ]
  },
  {
    "generation": 3,
    "expected_score": 6.72,
    "lineup": [
      "정수빈",
      "박건우",
      "김재호",
      "김재환",
      "최주환",
      "허경민",
      "페르난데스",
      "박세혁",
      "오재일"
    ],
    "player_stats": [
      {
        "name": "정수빈",
        "year": 20,
        "team": "두산",
        "pa": 559,
        "ops": 0.764,
        "avg": 0.298,
        "obp": 0.368,
        "slg": 0.396,
        "rbi": 59,
        "sb": 15,
        "hr": 5
      },
      {
        "name": "박건우",
        "year": 20,
        "team": "두산",
        "pa": 551,
        "ops": 0.841,
        "avg": 0.304,
        "obp": 0.369,
        "slg": 0.472,
        "rbi": 70,
        "sb": 8,
        "hr": 14
      },
      {
        "name": "김재호",
        "year": 20,
        "team": "두산",
        "pa": 458,
        "ops": 0.708,
        "avg": 0.289,
        "obp": 0.362,
        "slg": 0.346,
        "rbi": 39,
        "sb": 6,
        "hr": 2
      },
      {
        "name": "김재환",
        "year": 20,
        "team": "두산",
        "pa": 614,
        "ops": 0.867,
        "avg": 0.266,
        "obp": 0.373,
        "slg": 0.494,
        "rbi": 113,
        "sb": 6,
        "hr": 30
      },
      {
        "name": "최주환",
        "year": 20,
        "team": "두산",
        "pa": 574,
        "ops": 0.839,
        "avg": 0.306,
        "obp": 0.366,
        "slg": 0.473,
        "rbi": 88,
        "sb": 2,
        "hr": 16
      },
      {
        "name": "허경민",
        "year": 20,
        "team": "두산",
        "pa": 487,
        "ops": 0.824,
        "avg": 0.332,
        "obp": 0.382,
        "slg": 0.442,
        "rbi": 58,
        "sb": 14,
        "hr": 7
      },
      {
        "name": "페르난데스",
        "year": 20,
        "team": "두산",
        "pa": 668,
        "ops": 0.901,
        "avg": 0.34,
        "obp": 0.404,
        "slg": 0.497,
        "rbi": 105,
        "sb": 0,
        "hr": 21
      },
      {
        "name": "박세혁",
        "year": 20,
        "team": "두산",
        "pa": 423,
        "ops": 0.712,
        "avg": 0.269,
        "obp": 0.348,
        "slg": 0.364,
        "rbi": 51,
        "sb": 5,
        "hr": 4
      },
      {
        "name": "오재일",
        "year": 20,
        "team": "두산",
        "pa": 534,
        "ops": 0.872,
        "avg": 0.312,
        "obp": 0.39,
        "slg": 0.482,
        "rbi": 89,
        "sb": 2,
        "hr": 16
      }
    ]
  },
  {
    "generation": 4,
    "expected_score": 6.71,
    "lineup": [
      "박세혁",
      "오재일",
      "정수빈",
      "페르난데스",
      "김재환",
      "허경민",
      "박건우",
      "김재호",
      "최주환"
    ],
    "player_stats": [
      {
        "name": "박세혁",
        "year": 20,
        "team": "두산",
        "pa": 423,
        "ops": 0.712,
        "avg": 0.269,
        "obp": 0.348,
        "slg": 0.364,
        "rbi": 51,
        "sb": 5,
        "hr": 4
      },
      {
        "name": "오재일",
        "year": 20,
        "team": "두산",
        "pa": 534,
        "ops": 0.872,
        "avg": 0.312,
        "obp": 0.39,
        "slg": 0.482,
        "rbi": 89,
        "sb": 2,
        "hr": 16
      },
      {
        "name": "정수빈",
        "year": 20,
        "team": "두산",
        "pa": 559,
        "ops": 0.764,
        "avg": 0.298,
        "obp": 0.368,
        "slg": 0.396,
        "rbi": 59,
        "sb": 15,
        "hr": 5
      },
      {
        "name": "페르난데스",
        "year": 20,
        "team": "두산",
        "pa": 668,
        "ops": 0.901,
        "avg": 0.34,
        "obp": 0.404,
        "slg": 0.497,
        "rbi": 105,
        "sb": 0,
        "hr": 21
      },
      {
        "name": "김재환",
        "year": 20,
        "team": "두산",
        "pa": 614,
        "ops": 0.867,
        "avg": 0.266,
        "obp": 0.373,
        "slg": 0.494,
        "rbi": 113,
        "sb": 6,
        "hr": 30
      },
      {
        "name": "허경민",
        "year": 20,
        "team": "두산",
        "pa": 487,
        "ops": 0.824,
        "avg": 0.332,
        "obp": 0.382,
        "slg": 0.442,
        "rbi": 58,
        "sb": 14,
        "hr": 7
      },
      {
        "name": "박건우",
        "year": 20,
        "team": "두산",
        "pa": 551,
        "ops": 0.841,
        "avg": 0.304,
        "obp": 0.369,
        "slg": 0.472,
        "rbi": 70,
        "sb": 8,
        "hr": 14
      },
      {
        "name": "김재호",
        "year": 20,
        "team": "두산",
        "pa": 458,
        "ops": 0.708,
        "avg": 0.289,
        "obp": 0.362,
        "slg": 0.346,
        "rbi": 39,
        "sb": 6,
        "hr": 2
      },
      {
        "name": "최주환",
        "year": 20,
        "team": "두산",
        "pa": 574,
        "ops": 0.839,
        "avg": 0.306,
        "obp": 0.366,
        "slg": 0.473,
        "rbi": 88,
        "sb": 2,
        "hr": 16
      }
    ]
  },
  {
    "generation": 5,
    "expected_score": 6.955,
    "lineup": [
      "정수빈",
      "허경민",
      "김재환",
      "박건우",
      "오재일",
      "최주환",
      "페르난데스",
      "박세혁",
      "김재호"
    ],
    "player_stats": [
      {
        "name": "정수빈",
        "year": 20,
        "team": "두산",
        "pa": 559,
        "ops": 0.764,
        "avg": 0.298,
        "obp": 0.368,
        "slg": 0.396,
        "rbi": 59,
        "sb": 15,
        "hr": 5
      },
      {
        "name": "허경민",
        "year": 20,
        "team": "두산",
        "pa": 487,
        "ops": 0.824,
        "avg": 0.332,
        "obp": 0.382,
        "slg": 0.442,
        "rbi": 58,
        "sb": 14,
        "hr": 7
      },
      {
        "name": "김재환",
        "year": 20,
        "team": "두산",
        "pa": 614,
        "ops": 0.867,
        "avg": 0.266,
        "obp": 0.373,
        "slg": 0.494,
        "rbi": 113,
        "sb": 6,
        "hr": 30
      },
      {
        "name": "박건우",
        "year": 20,
        "team": "두산",
        "pa": 551,
        "ops": 0.841,
        "avg": 0.304,
        "obp": 0.369,
        "slg": 0.472,
        "rbi": 70,
        "sb": 8,
        "hr": 14
      },
      {
        "name": "오재일",
        "year": 20,
        "team": "두산",
        "pa": 534,
        "ops": 0.872,
        "avg": 0.312,
        "obp": 0.39,
        "slg": 0.482,
        "rbi": 89,
        "sb": 2,
        "hr": 16
      },
      {
        "name": "최주환",
        "year": 20,
        "team": "두산",
        "pa": 574,
        "ops": 0.839,
        "avg": 0.306,
        "obp": 0.366,
        "slg": 0.473,
        "rbi": 88,
        "sb": 2,
        "hr": 16
      },
      {
        "name": "페르난데스",
        "year": 20,
        "team": "두산",
        "pa": 668,
        "ops": 0.901,
        "avg": 0.34,
        "obp": 0.404,
        "slg": 0.497,
        "rbi": 105,
        "sb": 0,
        "hr": 21
      },
      {
        "name": "박세혁",
        "year": 20,
        "team": "두산",
        "pa": 423,
        "ops": 0.712,
        "avg": 0.269,
        "obp": 0.348,
        "slg": 0.364,
        "rbi": 51,
        "sb": 5,
        "hr": 4
      },
      {
        "name": "김재호",
        "year": 20,
        "team": "두산",
        "pa": 458,
        "ops": 0.708,
        "avg": 0.289,
        "obp": 0.362,
        "slg": 0.346,
        "rbi": 39,
        "sb": 6,
        "hr": 2
      }
    ]
  },
  {
    "generation": 6,
    "expected_score": 6.8,
    "lineup": [
      "페르난데스",
      "박세혁",
      "정수빈",
      "허경민",
      "오재일",
      "박건우",
      "최주환",
      "김재환",
      "김재호"
    ],
    "player_stats": [
      {
        "name": "페르난데스",
        "year": 20,
        "team": "두산",
        "pa": 668,
        "ops": 0.901,
        "avg": 0.34,
        "obp": 0.404,
        "slg": 0.497,
        "rbi": 105,
        "sb": 0,
        "hr": 21
      },
      {
        "name": "박세혁",
        "year": 20,
        "team": "두산",
        "pa": 423,
        "ops": 0.712,
        "avg": 0.269,
        "obp": 0.348,
        "slg": 0.364,
        "rbi": 51,
        "sb": 5,
        "hr": 4
      },
      {
        "name": "정수빈",
        "year": 20,
        "team": "두산",
        "pa": 559,
        "ops": 0.764,
        "avg": 0.298,
        "obp": 0.368,
        "slg": 0.396,
        "rbi": 59,
        "sb": 15,
        "hr": 5
      },
      {
        "name": "허경민",
        "year": 20,
        "team": "두산",
        "pa": 487,
        "ops": 0.824,
        "avg": 0.332,
        "obp": 0.382,
        "slg": 0.442,
        "rbi": 58,
        "sb": 14,
        "hr": 7
      },
      {
        "name": "오재일",
        "year": 20,
        "team": "두산",
        "pa": 534,
        "ops": 0.872,
        "avg": 0.312,
        "obp": 0.39,
        "slg": 0.482,
        "rbi": 89,
        "sb": 2,
        "hr": 16
      },
      {
        "name": "박건우",
        "year": 20,
        "team": "두산",
        "pa": 551,
        "ops": 0.841,
        "avg": 0.304,
        "obp": 0.369,
        "slg": 0.472,
        "rbi": 70,
        "sb": 8,
        "hr": 14
      },
      {
        "name": "최주환",
        "year": 20,
        "team": "두산",
        "pa": 574,
        "ops": 0.839,
        "avg": 0.306,
        "obp": 0.366,
        "slg": 0.473,
        "rbi": 88,
        "sb": 2,
        "hr": 16
      },
      {
        "name": "김재환",
        "year": 20,
        "team": "두산",
        "pa": 614,
        "ops": 0.867,
        "avg": 0.266,
        "obp": 0.373,
        "slg": 0.494,
        "rbi": 113,
        "sb": 6,
        "hr": 30
      },
      {
        "name": "김재호",
        "year": 20,
        "team": "두산",
        "pa": 458,
        "ops": 0.708,
        "avg": 0.289,
        "obp": 0.362,
        "slg": 0.346,
        "rbi": 39,
        "sb": 6,
        "hr": 2
      }
    ]
  },
  {
    "generation": 7,
    "expected_score": 6.765,
    "lineup": [
      "최주환",
      "박건우",
      "정수빈",
      "페르난데스",
      "박세혁",
      "김재호",
      "김재환",
      "오재일",
      "허경민"
    ],
    "player_stats": [
      {
        "name": "최주환",
        "year": 20,
        "team": "두산",
        "pa": 574,
        "ops": 0.839,
        "avg": 0.306,
        "obp": 0.366,
        "slg": 0.473,
        "rbi": 88,
        "sb": 2,
        "hr": 16
      },
      {
        "name": "박건우",
        "year": 20,
        "team": "두산",
        "pa": 551,
        "ops": 0.841,
        "avg": 0.304,
        "obp": 0.369,
        "slg": 0.472,
        "rbi": 70,
        "sb": 8,
        "hr": 14
      },
      {
        "name": "정수빈",
        "year": 20,
        "team": "두산",
        "pa": 559,
        "ops": 0.764,
        "avg": 0.298,
        "obp": 0.368,
        "slg": 0.396,
        "rbi": 59,
        "sb": 15,
        "hr": 5
      },
      {
        "name": "페르난데스",
        "year": 20,
        "team": "두산",
        "pa": 668,
        "ops": 0.901,
        "avg": 0.34,
        "obp": 0.404,
        "slg": 0.497,
        "rbi": 105,
        "sb": 0,
        "hr": 21
      },
      {
        "name": "박세혁",
        "year": 20,
        "team": "두산",
        "pa": 423,
        "ops": 0.712,
        "avg": 0.269,
        "obp": 0.348,
        "slg": 0.364,
        "rbi": 51,
        "sb": 5,
        "hr": 4
      },
      {
        "name": "김재호",
        "year": 20,
        "team": "두산",
        "pa": 458,
        "ops": 0.708,
        "avg": 0.289,
        "obp": 0.362,
        "slg": 0.346,
        "rbi": 39,
        "sb": 6,
        "hr": 2
      },
      {
        "name": "김재환",
        "year": 20,
        "team": "두산",
        "pa": 614,
        "ops": 0.867,
        "avg": 0.266,
        "obp": 0.373,
        "slg": 0.494,
        "rbi": 113,
        "sb": 6,
        "hr": 30
      },
      {
        "name": "오재일",
        "year": 20,
        "team": "두산",
        "pa": 534,
        "ops": 0.872,
        "avg": 0.312,
        "obp": 0.39,
        "slg": 0.482,
        "rbi": 89,
        "sb": 2,
        "hr": 16
      },
      {
        "name": "허경민",
        "year": 20,
        "team": "두산",
        "pa": 487,
        "ops": 0.824,
        "avg": 0.332,
        "obp": 0.382,
        "slg": 0.442,
        "rbi": 58,
        "sb": 14,
        "hr": 7
      }
    ]
  },
  {
    "generation": 8,
    "expected_score": 6.695,
    "lineup": [
      "정수빈",
      "오재일",
      "허경민",
      "박건우",
      "김재환",
      "최주환",
      "페르난데스",
      "박세혁",
      "김재호"
    ],
    "player_stats": [
      {
        "name": "정수빈",
        "year": 20,
        "team": "두산",
        "pa": 559,
        "ops": 0.764,
        "avg": 0.298,
        "obp": 0.368,
        "slg": 0.396,
        "rbi": 59,
        "sb": 15,
        "hr": 5
      },
      {
        "name": "오재일",
        "year": 20,
        "team": "두산",
        "pa": 534,
        "ops": 0.872,
        "avg": 0.312,
        "obp": 0.39,
        "slg": 0.482,
        "rbi": 89,
        "sb": 2,
        "hr": 16
      },
      {
        "name": "허경민",
        "year": 20,
        "team": "두산",
        "pa": 487,
        "ops": 0.824,
        "avg": 0.332,
        "obp": 0.382,
        "slg": 0.442,
        "rbi": 58,
        "sb": 14,
        "hr": 7
      },
      {
        "name": "박건우",
        "year": 20,
        "team": "두산",
        "pa": 551,
        "ops": 0.841,
        "avg": 0.304,
        "obp": 0.369,
        "slg": 0.472,
        "rbi": 70,
        "sb": 8,
        "hr": 14
      },
      {
        "name": "김재환",
        "year": 20,
        "team": "두산",
        "pa": 614,
        "ops": 0.867,
        "avg": 0.266,
        "obp": 0.373,
        "slg": 0.494,
        "rbi": 113,
        "sb": 6,
        "hr": 30
      },
      {
        "name": "최주환",
        "year": 20,
        "team": "두산",
        "pa": 574,
        "ops": 0.839,
        "avg": 0.306,
        "obp": 0.366,
        "slg": 0.473,
        "rbi": 88,
        "sb": 2,
        "hr": 16
      },
      {
        "name": "페르난데스",
        "year": 20,
        "team": "두산",
        "pa": 668,
        "ops": 0.901,
        "avg": 0.34,
        "obp": 0.404,
        "slg": 0.497,
        "rbi": 105,
        "sb": 0,
        "hr": 21
      },
      {
        "name": "박세혁",
        "year": 20,
        "team": "두산",
        "pa": 423,
        "ops": 0.712,
        "avg": 0.269,
        "obp": 0.348,
        "slg": 0.364,
        "rbi": 51,
        "sb": 5,
        "hr": 4
      },
      {
        "name": "김재호",
        "year": 20,
        "team": "두산",
        "pa": 458,
        "ops": 0.708,
        "avg": 0.289,
        "obp": 0.362,
        "slg": 0.346,
        "rbi": 39,
        "sb": 6,
        "hr": 2
      }
    ]
  },
  {
    "generation": 9,
    "expected_score": 6.885,
    "lineup": [
      "허경민",
      "정수빈",
      "박건우",
      "페르난데스",
      "박세혁",
      "김재호",
      "김재환",
      "오재일",
      "최주환"
    ],
    "player_stats": [
      {
        "name": "허경민",
        "year": 20,
        "team": "두산",
        "pa": 487,
        "ops": 0.824,
        "avg": 0.332,
        "obp": 0.382,
        "slg": 0.442,
        "rbi": 58,
        "sb": 14,
        "hr": 7
      },
      {
        "name": "정수빈",
        "year": 20,
        "team": "두산",
        "pa": 559,
        "ops": 0.764,
        "avg": 0.298,
        "obp": 0.368,
        "slg": 0.396,
        "rbi": 59,
        "sb": 15,
        "hr": 5
      },
      {
        "name": "박건우",
        "year": 20,
        "team": "두산",
        "pa": 551,
        "ops": 0.841,
        "avg": 0.304,
        "obp": 0.369,
        "slg": 0.472,
        "rbi": 70,
        "sb": 8,
        "hr": 14
      },
      {
        "name": "페르난데스",
        "year": 20,
        "team": "두산",
        "pa": 668,
        "ops": 0.901,
        "avg": 0.34,
        "obp": 0.404,
        "slg": 0.497,
        "rbi": 105,
        "sb": 0,
        "hr": 21
      },
      {
        "name": "박세혁",
        "year": 20,
        "team": "두산",
        "pa": 423,
        "ops": 0.712,
        "avg": 0.269,
        "obp": 0.348,
        "slg": 0.364,
        "rbi": 51,
        "sb": 5,
        "hr": 4
      },
      {
        "name": "김재호",
        "year": 20,
        "team": "두산",
        "pa": 458,
        "ops": 0.708,
        "avg": 0.289,
        "obp": 0.362,
        "slg": 0.346,
        "rbi": 39,
        "sb": 6,
        "hr": 2
      },
      {
        "name": "김재환",
        "year": 20,
        "team": "두산",
        "pa": 614,
        "ops": 0.867,
        "avg": 0.266,
        "obp": 0.373,
        "slg": 0.494,
        "rbi": 113,
        "sb": 6,
        "hr": 30
      },
      {
        "name": "오재일",
        "year": 20,
        "team": "두산",
        "pa": 534,
        "ops": 0.872,
        "avg": 0.312,
        "obp": 0.39,
        "slg": 0.482,
        "rbi": 89,
        "sb": 2,
        "hr": 16
      },
      {
        "name": "최주환",
        "year": 20,
        "team": "두산",
        "pa": 574,
        "ops": 0.839,
        "avg": 0.306,
        "obp": 0.366,
        "slg": 0.473,
        "rbi": 88,
        "sb": 2,
        "hr": 16
      }
    ]
  },
  {
    "generation": 10,
    "expected_score": 6.92,
    "lineup": [
      "허경민",
      "정수빈",
      "박건우",
      "페르난데스",
      "박세혁",
      "김재호",
      "김재환",
      "오재일",
      "최주환"
    ],
    "player_stats": [
      {
        "name": "허경민",
        "year": 20,
        "team": "두산",
        "pa": 487,
        "ops": 0.824,
        "avg": 0.332,
        "obp": 0.382,
        "slg": 0.442,
        "rbi": 58,
        "sb": 14,
        "hr": 7
      },
      {
        "name": "정수빈",
        "year": 20,
        "team": "두산",
        "pa": 559,
        "ops": 0.764,
        "avg": 0.298,
        "obp": 0.368,
        "slg": 0.396,
        "rbi": 59,
        "sb": 15,
        "hr": 5
      },
      {
        "name": "박건우",
        "year": 20,
        "team": "두산",
        "pa": 551,
        "ops": 0.841,
        "avg": 0.304,
        "obp": 0.369,
        "slg": 0.472,
        "rbi": 70,
        "sb": 8,
        "hr": 14
      },
      {
        "name": "페르난데스",
        "year": 20,
        "team": "두산",
        "pa": 668,
        "ops": 0.901,
        "avg": 0.34,
        "obp": 0.404,
        "slg": 0.497,
        "rbi": 105,
        "sb": 0,
        "hr": 21
      },
      {
        "name": "박세혁",
        "year": 20,
        "team": "두산",
        "pa": 423,
        "ops": 0.712,
        "avg": 0.269,
        "obp": 0.348,
        "slg": 0.364,
        "rbi": 51,
        "sb": 5,
        "hr": 4
      },
      {
        "name": "김재호",
        "year": 20,
        "team": "두산",
        "pa": 458,
        "ops": 0.708,
        "avg": 0.289,
        "obp": 0.362,
        "slg": 0.346,
        "rbi": 39,
        "sb": 6,
        "hr": 2
      },
      {
        "name": "김재환",
        "year": 20,
        "team": "두산",
        "pa": 614,
        "ops": 0.867,
        "avg": 0.266,
        "obp": 0.373,
        "slg": 0.494,
        "rbi": 113,
        "sb": 6,
        "hr": 30
      },
      {
        "name": "오재일",
        "year": 20,
        "team": "두산",
        "pa": 534,
        "ops": 0.872,
        "avg": 0.312,
        "obp": 0.39,
        "slg": 0.482,
        "rbi": 89,
        "sb": 2,
        "hr": 16
      },
      {
        "name": "최주환",
        "year": 20,
        "team": "두산",
        "pa": 574,
        "ops": 0.839,
        "avg": 0.306,
        "obp": 0.366,
        "slg": 0.473,
        "rbi": 88,
        "sb": 2,
        "hr": 16
      }
    ]
  },
  {
    "generation": 11,
    "expected_score": 6.815,
    "lineup": [
      "허경민",
      "정수빈",
      "페르난데스",
      "오재일",
      "김재환",
      "최주환",
      "박세혁",
      "김재호",
      "박건우"
    ],
    "player_stats": [
      {
        "name": "허경민",
        "year": 20,
        "team": "두산",
        "pa": 487,
        "ops": 0.824,
        "avg": 0.332,
        "obp": 0.382,
        "slg": 0.442,
        "rbi": 58,
        "sb": 14,
        "hr": 7
      },
      {
        "name": "정수빈",
        "year": 20,
        "team": "두산",
        "pa": 559,
        "ops": 0.764,
        "avg": 0.298,
        "obp": 0.368,
        "slg": 0.396,
        "rbi": 59,
        "sb": 15,
        "hr": 5
      },
      {
        "name": "페르난데스",
        "year": 20,
        "team": "두산",
        "pa": 668,
        "ops": 0.901,
        "avg": 0.34,
        "obp": 0.404,
        "slg": 0.497,
        "rbi": 105,
        "sb": 0,
        "hr": 21
      },
      {
        "name": "오재일",
        "year": 20,
        "team": "두산",
        "pa": 534,
        "ops": 0.872,
        "avg": 0.312,
        "obp": 0.39,
        "slg": 0.482,
        "rbi": 89,
        "sb": 2,
        "hr": 16
      },
      {
        "name": "김재환",
        "year": 20,
        "team": "두산",
        "pa": 614,
        "ops": 0.867,
        "avg": 0.266,
        "obp": 0.373,
        "slg": 0.494,
        "rbi": 113,
        "sb": 6,
        "hr": 30
      },
      {
        "name": "최주환",
        "year": 20,
        "team": "두산",
        "pa": 574,
        "ops": 0.839,
        "avg": 0.306,
        "obp": 0.366,
        "slg": 0.473,
        "rbi": 88,
        "sb": 2,
        "hr": 16
      },
      {
        "name": "박세혁",
        "year": 20,
        "team": "두산",
        "pa": 423,
        "ops": 0.712,
        "avg": 0.269,
        "obp": 0.348,
        "slg": 0.364,
        "rbi": 51,
        "sb": 5,
        "hr": 4
      },
      {
        "name": "김재호",
        "year": 20,
        "team": "두산",
        "pa": 458,
        "ops": 0.708,
        "avg": 0.289,
        "obp": 0.362,
        "slg": 0.346,
        "rbi": 39,
        "sb": 6,
        "hr": 2
      },
      {
        "name": "박건우",
        "year": 20,
        "team": "두산",
        "pa": 551,
        "ops": 0.841,
        "avg": 0.304,
        "obp": 0.369,
        "slg": 0.472,
        "rbi": 70,
        "sb": 8,
        "hr": 14
      }
    ]
  },
  {
    "generation": 12,
    "expected_score": 6.875,
    "lineup": [
      "정수빈",
      "허경민",
      "오재일",
      "김재환",
      "박건우",
      "페르난데스",
      "박세혁",
      "김재호",
      "최주환"
    ],
    "player_stats": [
      {
        "name": "정수빈",
        "year": 20,
        "team": "두산",
        "pa": 559,
        "ops": 0.764,
        "avg": 0.298,
        "obp": 0.368,
        "slg": 0.396,
        "rbi": 59,
        "sb": 15,
        "hr": 5
      },
      {
        "name": "허경민",
        "year": 20,
        "team": "두산",
        "pa": 487,
        "ops": 0.824,
        "avg": 0.332,
        "obp": 0.382,
        "slg": 0.442,
        "rbi": 58,
        "sb": 14,
        "hr": 7
      },
      {
        "name": "오재일",
        "year": 20,
        "team": "두산",
        "pa": 534,
        "ops": 0.872,
        "avg": 0.312,
        "obp": 0.39,
        "slg": 0.482,
        "rbi": 89,
        "sb": 2,
        "hr": 16
      },
      {
        "name": "김재환",
        "year": 20,
        "team": "두산",
        "pa": 614,
        "ops": 0.867,
        "avg": 0.266,
        "obp": 0.373,
        "slg": 0.494,
        "rbi": 113,
        "sb": 6,
        "hr": 30
      },
      {
        "name": "박건우",
        "year": 20,
        "team": "두산",
        "pa": 551,
        "ops": 0.841,
        "avg": 0.304,
        "obp": 0.369,
        "slg": 0.472,
        "rbi": 70,
        "sb": 8,
        "hr": 14
      },
      {
        "name": "페르난데스",
        "year": 20,
        "team": "두산",
        "pa": 668,
        "ops": 0.901,
        "avg": 0.34,
        "obp": 0.404,
        "slg": 0.497,
        "rbi": 105,
        "sb": 0,
        "hr": 21
      },
      {
        "name": "박세혁",
        "year": 20,
        "team": "두산",
        "pa": 423,
        "ops": 0.712,
        "avg": 0.269,
        "obp": 0.348,
        "slg": 0.364,
        "rbi": 51,
        "sb": 5,
        "hr": 4
      },
      {
        "name": "김재호",
        "year": 20,
        "team": "두산",
        "pa": 458,
        "ops": 0.708,
        "avg": 0.289,
        "obp": 0.362,
        "slg": 0.346,
        "rbi": 39,
        "sb": 6,
        "hr": 2
      },
      {
        "name": "최주환",
        "year": 20,
        "team": "두산",
        "pa": 574,
        "ops": 0.839,
        "avg": 0.306,
        "obp": 0.366,
        "slg": 0.473,
        "rbi": 88,
        "sb": 2,
        "hr": 16
      }
    ]
  },
  {
    "generation": 13,
    "expected_score": 6.72,
    "lineup": [
      "허경민",
      "박건우",
      "정수빈",
      "박세혁",
      "오재일",
      "페르난데스",
      "김재호",
      "김재환",
      "최주환"
    ],
    "player_stats": [
      {
        "name": "허경민",
        "year": 20,
        "team": "두산",
        "pa": 487,
        "ops": 0.824,
        "avg": 0.332,
        "obp": 0.382,
        "slg": 0.442,
        "rbi": 58,
        "sb": 14,
        "hr": 7
      },
      {
        "name": "박건우",
        "year": 20,
        "team": "두산",
        "pa": 551,
        "ops": 0.841,
        "avg": 0.304,
        "obp": 0.369,
        "slg": 0.472,
        "rbi": 70,
        "sb": 8,
        "hr": 14
      },
      {
        "name": "정수빈",
        "year": 20,
        "team": "두산",
        "pa": 559,
        "ops": 0.764,
        "avg": 0.298,
        "obp": 0.368,
        "slg": 0.396,
        "rbi": 59,
        "sb": 15,
        "hr": 5
      },
      {
        "name": "박세혁",
        "year": 20,
        "team": "두산",
        "pa": 423,
        "ops": 0.712,
        "avg": 0.269,
        "obp": 0.348,
        "slg": 0.364,
        "rbi": 51,
        "sb": 5,
        "hr": 4
      },
      {
        "name": "오재일",
        "year": 20,
        "team": "두산",
        "pa": 534,
        "ops": 0.872,
        "avg": 0.312,
        "obp": 0.39,
        "slg": 0.482,
        "rbi": 89,
        "sb": 2,
        "hr": 16
      },
      {
        "name": "페르난데스",
        "year": 20,
        "team": "두산",
        "pa": 668,
        "ops": 0.901,
        "avg": 0.34,
        "obp": 0.404,
        "slg": 0.497,
        "rbi": 105,
        "sb": 0,
        "hr": 21
      },
      {
        "name": "김재호",
        "year": 20,
        "team": "두산",
        "pa": 458,
        "ops": 0.708,
        "avg": 0.289,
        "obp": 0.362,
        "slg": 0.346,
        "rbi": 39,
        "sb": 6,
        "hr": 2
      },
      {
        "name": "김재환",
        "year": 20,
        "team": "두산",
        "pa": 614,
        "ops": 0.867,
        "avg": 0.266,
        "obp": 0.373,
        "slg": 0.494,
        "rbi": 113,
        "sb": 6,
        "hr": 30
      },
      {
        "name": "최주환",
        "year": 20,
        "team": "두산",
        "pa": 574,
        "ops": 0.839,
        "avg": 0.306,
        "obp": 0.366,
        "slg": 0.473,
        "rbi": 88,
        "sb": 2,
        "hr": 16
      }
    ]
  },
  {
    "generation": 14,
    "expected_score": 6.955,
    "lineup": [
      "허경민",
      "정수빈",
      "오재일",
      "김재호",
      "박건우",
      "페르난데스",
      "박세혁",
      "최주환",
      "김재환"
    ],
    "player_stats": [
      {
        "name": "허경민",
        "year": 20,
        "team": "두산",
        "pa": 487,
        "ops": 0.824,
        "avg": 0.332,
        "obp": 0.382,
        "slg": 0.442,
        "rbi": 58,
        "sb": 14,
        "hr": 7
      },
      {
        "name": "정수빈",
        "year": 20,
        "team": "두산",
        "pa": 559,
        "ops": 0.764,
        "avg": 0.298,
        "obp": 0.368,
        "slg": 0.396,
        "rbi": 59,
        "sb": 15,
        "hr": 5
      },
      {
        "name": "오재일",
        "year": 20,
        "team": "두산",
        "pa": 534,
        "ops": 0.872,
        "avg": 0.312,
        "obp": 0.39,
        "slg": 0.482,
        "rbi": 89,
        "sb": 2,
        "hr": 16
      },
      {
        "name": "김재호",
        "year": 20,
        "team": "두산",
        "pa": 458,
        "ops": 0.708,
        "avg": 0.289,
        "obp": 0.362,
        "slg": 0.346,
        "rbi": 39,
        "sb": 6,
        "hr": 2
      },
      {
        "name": "박건우",
        "year": 20,
        "team": "두산",
        "pa": 551,
        "ops": 0.841,
        "avg": 0.304,
        "obp": 0.369,
        "slg": 0.472,
        "rbi": 70,
        "sb": 8,
        "hr": 14
      },
      {
        "name": "페르난데스",
        "year": 20,
        "team": "두산",
        "pa": 668,
        "ops": 0.901,
        "avg": 0.34,
        "obp": 0.404,
        "slg": 0.497,
        "rbi": 105,
        "sb": 0,
        "hr": 21
      },
      {
        "name": "박세혁",
        "year": 20,
        "team": "두산",
        "pa": 423,
        "ops": 0.712,
        "avg": 0.269,
        "obp": 0.348,
        "slg": 0.364,
        "rbi": 51,
        "sb": 5,
        "hr": 4
      },
      {
        "name": "최주환",
        "year": 20,
        "team": "두산",
        "pa": 574,
        "ops": 0.839,
        "avg": 0.306,
        "obp": 0.366,
        "slg": 0.473,
        "rbi": 88,
        "sb": 2,
        "hr": 16
      },
      {
        "name": "김재환",
        "year": 20,
        "team": "두산",
        "pa": 614,
        "ops": 0.867,
        "avg": 0.266,
        "obp": 0.373,
        "slg": 0.494,
        "rbi": 113,
        "sb": 6,
        "hr": 30
      }
    ]
  },
  {
    "generation": 15,
    "expected_score": 7.215,
    "lineup": [
      "정수빈",
      "허경민",
      "오재일",
      "김재호",
      "박건우",
      "페르난데스",
      "박세혁",
      "최주환",
      "김재환"
    ],
    "player_stats": [
      {
        "name": "정수빈",
        "year": 20,
        "team": "두산",
        "pa": 559,
        "ops": 0.764,
        "avg": 0.298,
        "obp": 0.368,
        "slg": 0.396,
        "rbi": 59,
        "sb": 15,
        "hr": 5
      },
      {
        "name": "허경민",
        "year": 20,
        "team": "두산",
        "pa": 487,
        "ops": 0.824,
        "avg": 0.332,
        "obp": 0.382,
        "slg": 0.442,
        "rbi": 58,
        "sb": 14,
        "hr": 7
      },
      {
        "name": "오재일",
        "year": 20,
        "team": "두산",
        "pa": 534,
        "ops": 0.872,
        "avg": 0.312,
        "obp": 0.39,
        "slg": 0.482,
        "rbi": 89,
        "sb": 2,
        "hr": 16
      },
      {
        "name": "김재호",
        "year": 20,
        "team": "두산",
        "pa": 458,
        "ops": 0.708,
        "avg": 0.289,
        "obp": 0.362,
        "slg": 0.346,
        "rbi": 39,
        "sb": 6,
        "hr": 2
      },
      {
        "name": "박건우",
        "year": 20,
        "team": "두산",
        "pa": 551,
        "ops": 0.841,
        "avg": 0.304,
        "obp": 0.369,
        "slg": 0.472,
        "rbi": 70,
        "sb": 8,
        "hr": 14
      },
      {
        "name": "페르난데스",
        "year": 20,
        "team": "두산",
        "pa": 668,
        "ops": 0.901,
        "avg": 0.34,
        "obp": 0.404,
        "slg": 0.497,
        "rbi": 105,
        "sb": 0,
        "hr": 21
      },
      {
        "name": "박세혁",
        "year": 20,
        "team": "두산",
        "pa": 423,
        "ops": 0.712,
        "avg": 0.269,
        "obp": 0.348,
        "slg": 0.364,
        "rbi": 51,
        "sb": 5,
        "hr": 4
      },
      {
        "name": "최주환",
        "year": 20,
        "team": "두산",
        "pa": 574,
        "ops": 0.839,
        "avg": 0.306,
        "obp": 0.366,
        "slg": 0.473,
        "rbi": 88,
        "sb": 2,
        "hr": 16
      },
      {
        "name": "김재환",
        "year": 20,
        "team": "두산",
        "pa": 614,
        "ops": 0.867,
        "avg": 0.266,
        "obp": 0.373,
        "slg": 0.494,
        "rbi": 113,
        "sb": 6,
        "hr": 30
      }
    ]
  },
  {
    "generation": 16,
    "expected_score": 6.825,
    "lineup": [
      "허경민",
      "정수빈",
      "페르난데스",
      "오재일",
      "박세혁",
      "김재호",
      "박건우",
      "김재환",
      "최주환"
    ],
    "player_stats": [
      {
        "name": "허경민",
        "year": 20,
        "team": "두산",
        "pa": 487,
        "ops": 0.824,
        "avg": 0.332,
        "obp": 0.382,
        "slg": 0.442,
        "rbi": 58,
        "sb": 14,
        "hr": 7
      },
      {
        "name": "정수빈",
        "year": 20,
        "team": "두산",
        "pa": 559,
        "ops": 0.764,
        "avg": 0.298,
        "obp": 0.368,
        "slg": 0.396,
        "rbi": 59,
        "sb": 15,
        "hr": 5
      },
      {
        "name": "페르난데스",
        "year": 20,
        "team": "두산",
        "pa": 668,
        "ops": 0.901,
        "avg": 0.34,
        "obp": 0.404,
        "slg": 0.497,
        "rbi": 105,
        "sb": 0,
        "hr": 21
      },
      {
        "name": "오재일",
        "year": 20,
        "team": "두산",
        "pa": 534,
        "ops": 0.872,
        "avg": 0.312,
        "obp": 0.39,
        "slg": 0.482,
        "rbi": 89,
        "sb": 2,
        "hr": 16
      },
      {
        "name": "박세혁",
        "year": 20,
        "team": "두산",
        "pa": 423,
        "ops": 0.712,
        "avg": 0.269,
        "obp": 0.348,
        "slg": 0.364,
        "rbi": 51,
        "sb": 5,
        "hr": 4
      },
      {
        "name": "김재호",
        "year": 20,
        "team": "두산",
        "pa": 458,
        "ops": 0.708,
        "avg": 0.289,
        "obp": 0.362,
        "slg": 0.346,
        "rbi": 39,
        "sb": 6,
        "hr": 2
      },
      {
        "name": "박건우",
        "year": 20,
        "team": "두산",
        "pa": 551,
        "ops": 0.841,
        "avg": 0.304,
        "obp": 0.369,
        "slg": 0.472,
        "rbi": 70,
        "sb": 8,
        "hr": 14
      },
      {
        "name": "김재환",
        "year": 20,
        "team": "두산",
        "pa": 614,
        "ops": 0.867,
        "avg": 0.266,
        "obp": 0.373,
        "slg": 0.494,
        "rbi": 113,
        "sb": 6,
        "hr": 30
      },
      {
        "name": "최주환",
        "year": 20,
        "team": "두산",
        "pa": 574,
        "ops": 0.839,
        "avg": 0.306,
        "obp": 0.366,
        "slg": 0.473,
        "rbi": 88,
        "sb": 2,
        "hr": 16
      }
    ]
  },
  {
    "generation": 17,
    "expected_score": 6.98,
    "lineup": [
      "허경민",
      "정수빈",
      "오재일",
      "페르난데스",
      "김재환",
      "박건우",
      "박세혁",
      "최주환",
      "김재호"
    ],
    "player_stats": [
      {
        "name": "허경민",
        "year": 20,
        "team": "두산",
        "pa": 487,
        "ops": 0.824,
        "avg": 0.332,
        "obp": 0.382,
        "slg": 0.442,
        "rbi": 58,
        "sb": 14,
        "hr": 7
      },
      {
        "name": "정수빈",
        "year": 20,
        "team": "두산",
        "pa": 559,
        "ops": 0.764,
        "avg": 0.298,
        "obp": 0.368,
        "slg": 0.396,
        "rbi": 59,
        "sb": 15,
        "hr": 5
      },
      {
        "name": "오재일",
        "year": 20,
        "team": "두산",
        "pa": 534,
        "ops": 0.872,
        "avg": 0.312,
        "obp": 0.39,
        "slg": 0.482,
        "rbi": 89,
        "sb": 2,
        "hr": 16
      },
      {
        "name": "페르난데스",
        "year": 20,
        "team": "두산",
        "pa": 668,
        "ops": 0.901,
        "avg": 0.34,
        "obp": 0.404,
        "slg": 0.497,
        "rbi": 105,
        "sb": 0,
        "hr": 21
      },
      {
        "name": "김재환",
        "year": 20,
        "team": "두산",
        "pa": 614,
        "ops": 0.867,
        "avg": 0.266,
        "obp": 0.373,
        "slg": 0.494,
        "rbi": 113,
        "sb": 6,
        "hr": 30
      },
      {
        "name": "박건우",
        "year": 20,
        "team": "두산",
        "pa": 551,
        "ops": 0.841,
        "avg": 0.304,
        "obp": 0.369,
        "slg": 0.472,
        "rbi": 70,
        "sb": 8,
        "hr": 14
      },
      {
        "name": "박세혁",
        "year": 20,
        "team": "두산",
        "pa": 423,
        "ops": 0.712,
        "avg": 0.269,
        "obp": 0.348,
        "slg": 0.364,
        "rbi": 51,
        "sb": 5,
        "hr": 4
      },
      {
        "name": "최주환",
        "year": 20,
        "team": "두산",
        "pa": 574,
        "ops": 0.839,
        "avg": 0.306,
        "obp": 0.366,
        "slg": 0.473,
        "rbi": 88,
        "sb": 2,
        "hr": 16
      },
      {
        "name": "김재호",
        "year": 20,
        "team": "두산",
        "pa": 458,
        "ops": 0.708,
        "avg": 0.289,
        "obp": 0.362,
        "slg": 0.346,
        "rbi": 39,
        "sb": 6,
        "hr": 2
      }
    ]
  },
  {
    "generation": 18,
    "expected_score": 6.7,
    "lineup": [
      "정수빈",
      "허경민",
      "오재일",
      "김재호",
      "페르난데스",
      "김재환",
      "최주환",
      "박세혁",
      "박건우"
    ],
    "player_stats": [
      {
        "name": "정수빈",
        "year": 20,
        "team": "두산",
        "pa": 559,
        "ops": 0.764,
        "avg": 0.298,
        "obp": 0.368,
        "slg": 0.396,
        "rbi": 59,
        "sb": 15,
        "hr": 5
      },
      {
        "name": "허경민",
        "year": 20,
        "team": "두산",
        "pa": 487,
        "ops": 0.824,
        "avg": 0.332,
        "obp": 0.382,
        "slg": 0.442,
        "rbi": 58,
        "sb": 14,
        "hr": 7
      },
      {
        "name": "오재일",
        "year": 20,
        "team": "두산",
        "pa": 534,
        "ops": 0.872,
        "avg": 0.312,
        "obp": 0.39,
        "slg": 0.482,
        "rbi": 89,
        "sb": 2,
        "hr": 16
      },
      {
        "name": "김재호",
        "year": 20,
        "team": "두산",
        "pa": 458,
        "ops": 0.708,
        "avg": 0.289,
        "obp": 0.362,
        "slg": 0.346,
        "rbi": 39,
        "sb": 6,
        "hr": 2
      },
      {
        "name": "페르난데스",
        "year": 20,
        "team": "두산",
        "pa": 668,
        "ops": 0.901,
        "avg": 0.34,
        "obp": 0.404,
        "slg": 0.497,
        "rbi": 105,
        "sb": 0,
        "hr": 21
      },
      {
        "name": "김재환",
        "year": 20,
        "team": "두산",
        "pa": 614,
        "ops": 0.867,
        "avg": 0.266,
        "obp": 0.373,
        "slg": 0.494,
        "rbi": 113,
        "sb": 6,
        "hr": 30
      },
      {
        "name": "최주환",
        "year": 20,
        "team": "두산",
        "pa": 574,
        "ops": 0.839,
        "avg": 0.306,
        "obp": 0.366,
        "slg": 0.473,
        "rbi": 88,
        "sb": 2,
        "hr": 16
      },
      {
        "name": "박세혁",
        "year": 20,
        "team": "두산",
        "pa": 423,
        "ops": 0.712,
        "avg": 0.269,
        "obp": 0.348,
        "slg": 0.364,
        "rbi": 51,
        "sb": 5,
        "hr": 4
      },
      {
        "name": "박건우",
        "year": 20,
        "team": "두산",
        "pa": 551,
        "ops": 0.841,
        "avg": 0.304,
        "obp": 0.369,
        "slg": 0.472,
        "rbi": 70,
        "sb": 8,
        "hr": 14
      }
    ]
  },
  {
    "generation": 19,
    "expected_score": 6.995,
    "lineup": [
      "정수빈",
      "허경민",
      "오재일",
      "페르난데스",
      "박건우",
      "김재환",
      "박세혁",
      "김재호",
      "최주환"
    ],
    "player_stats": [
      {
        "name": "정수빈",
        "year": 20,
        "team": "두산",
        "pa": 559,
        "ops": 0.764,
        "avg": 0.298,
        "obp": 0.368,
        "slg": 0.396,
        "rbi": 59,
        "sb": 15,
        "hr": 5
      },
      {
        "name": "허경민",
        "year": 20,
        "team": "두산",
        "pa": 487,
        "ops": 0.824,
        "avg": 0.332,
        "obp": 0.382,
        "slg": 0.442,
        "rbi": 58,
        "sb": 14,
        "hr": 7
      },
      {
        "name": "오재일",
        "year": 20,
        "team": "두산",
        "pa": 534,
        "ops": 0.872,
        "avg": 0.312,
        "obp": 0.39,
        "slg": 0.482,
        "rbi": 89,
        "sb": 2,
        "hr": 16
      },
      {
        "name": "페르난데스",
        "year": 20,
        "team": "두산",
        "pa": 668,
        "ops": 0.901,
        "avg": 0.34,
        "obp": 0.404,
        "slg": 0.497,
        "rbi": 105,
        "sb": 0,
        "hr": 21
      },
      {
        "name": "박건우",
        "year": 20,
        "team": "두산",
        "pa": 551,
        "ops": 0.841,
        "avg": 0.304,
        "obp": 0.369,
        "slg": 0.472,
        "rbi": 70,
        "sb": 8,
        "hr": 14
      },
      {
        "name": "김재환",
        "year": 20,
        "team": "두산",
        "pa": 614,
        "ops": 0.867,
        "avg": 0.266,
        "obp": 0.373,
        "slg": 0.494,
        "rbi": 113,
        "sb": 6,
        "hr": 30
      },
      {
        "name": "박세혁",
        "year": 20,
        "team": "두산",
        "pa": 423,
        "ops": 0.712,
        "avg": 0.269,
        "obp": 0.348,
        "slg": 0.364,
        "rbi": 51,
        "sb": 5,
        "hr": 4
      },
      {
        "name": "김재호",
        "year": 20,
        "team": "두산",
        "pa": 458,
        "ops": 0.708,
        "avg": 0.289,
        "obp": 0.362,
        "slg": 0.346,
        "rbi": 39,
        "sb": 6,
        "hr": 2
      },
      {
        "name": "최주환",
        "year": 20,
        "team": "두산",
        "pa": 574,
        "ops": 0.839,
        "avg": 0.306,
        "obp": 0.366,
        "slg": 0.473,
        "rbi": 88,
        "sb": 2,
        "hr": 16
      }
    ]
  },
  {
    "generation": 20,
    "expected_score": 6.91,
    "lineup": [
      "정수빈",
      "허경민",
      "오재일",
      "김재환",
      "박세혁",
      "박건우",
      "최주환",
      "김재호",
      "페르난데스"
    ],
    "player_stats": [
      {
        "name": "정수빈",
        "year": 20,
        "team": "두산",
        "pa": 559,
        "ops": 0.764,
        "avg": 0.298,
        "obp": 0.368,
        "slg": 0.396,
        "rbi": 59,
        "sb": 15,
        "hr": 5
      },
      {
        "name": "허경민",
        "year": 20,
        "team": "두산",
        "pa": 487,
        "ops": 0.824,
        "avg": 0.332,
        "obp": 0.382,
        "slg": 0.442,
        "rbi": 58,
        "sb": 14,
        "hr": 7
      },
      {
        "name": "오재일",
        "year": 20,
        "team": "두산",
        "pa": 534,
        "ops": 0.872,
        "avg": 0.312,
        "obp": 0.39,
        "slg": 0.482,
        "rbi": 89,
        "sb": 2,
        "hr": 16
      },
      {
        "name": "김재환",
        "year": 20,
        "team": "두산",
        "pa": 614,
        "ops": 0.867,
        "avg": 0.266,
        "obp": 0.373,
        "slg": 0.494,
        "rbi": 113,
        "sb": 6,
        "hr": 30
      },
      {
        "name": "박세혁",
        "year": 20,
        "team": "두산",
        "pa": 423,
        "ops": 0.712,
        "avg": 0.269,
        "obp": 0.348,
        "slg": 0.364,
        "rbi": 51,
        "sb": 5,
        "hr": 4
      },
      {
        "name": "박건우",
        "year": 20,
        "team": "두산",
        "pa": 551,
        "ops": 0.841,
        "avg": 0.304,
        "obp": 0.369,
        "slg": 0.472,
        "rbi": 70,
        "sb": 8,
        "hr": 14
      },
      {
        "name": "최주환",
        "year": 20,
        "team": "두산",
        "pa": 574,
        "ops": 0.839,
        "avg": 0.306,
        "obp": 0.366,
        "slg": 0.473,
        "rbi": 88,
        "sb": 2,
        "hr": 16
      },
      {
        "name": "김재호",
        "year": 20,
        "team": "두산",
        "pa": 458,
        "ops": 0.708,
        "avg": 0.289,
        "obp": 0.362,
        "slg": 0.346,
        "rbi": 39,
        "sb": 6,
        "hr": 2
      },
      {
        "name": "페르난데스",
        "year": 20,
        "team": "두산",
        "pa": 668,
        "ops": 0.901,
        "avg": 0.34,
        "obp": 0.404,
        "slg": 0.497,
        "rbi": 105,
        "sb": 0,
        "hr": 21
      }
    ]
  },
  {
    "generation": 21,
    "expected_score": 6.9,
    "lineup": [
      "정수빈",
      "허경민",
      "오재일",
      "페르난데스",
      "박건우",
      "김재환",
      "박세혁",
      "최주환",
      "김재호"
    ],
    "player_stats": [
      {
        "name": "정수빈",
        "year": 20,
        "team": "두산",
        "pa": 559,
        "ops": 0.764,
        "avg": 0.298,
        "obp": 0.368,
        "slg": 0.396,
        "rbi": 59,
        "sb": 15,
        "hr": 5
      },
      {
        "name": "허경민",
        "year": 20,
        "team": "두산",
        "pa": 487,
        "ops": 0.824,
        "avg": 0.332,
        "obp": 0.382,
        "slg": 0.442,
        "rbi": 58,
        "sb": 14,
        "hr": 7
      },
      {
        "name": "오재일",
        "year": 20,
        "team": "두산",
        "pa": 534,
        "ops": 0.872,
        "avg": 0.312,
        "obp": 0.39,
        "slg": 0.482,
        "rbi": 89,
        "sb": 2,
        "hr": 16
      },
      {
        "name": "페르난데스",
        "year": 20,
        "team": "두산",
        "pa": 668,
        "ops": 0.901,
        "avg": 0.34,
        "obp": 0.404,
        "slg": 0.497,
        "rbi": 105,
        "sb": 0,
        "hr": 21
      },
      {
        "name": "박건우",
        "year": 20,
        "team": "두산",
        "pa": 551,
        "ops": 0.841,
        "avg": 0.304,
        "obp": 0.369,
        "slg": 0.472,
        "rbi": 70,
        "sb": 8,
        "hr": 14
      },
      {
        "name": "김재환",
        "year": 20,
        "team": "두산",
        "pa": 614,
        "ops": 0.867,
        "avg": 0.266,
        "obp": 0.373,
        "slg": 0.494,
        "rbi": 113,
        "sb": 6,
        "hr": 30
      },
      {
        "name": "박세혁",
        "year": 20,
        "team": "두산",
        "pa": 423,
        "ops": 0.712,
        "avg": 0.269,
        "obp": 0.348,
        "slg": 0.364,
        "rbi": 51,
        "sb": 5,
        "hr": 4
      },
      {
        "name": "최주환",
        "year": 20,
        "team": "두산",
        "pa": 574,
        "ops": 0.839,
        "avg": 0.306,
        "obp": 0.366,
        "slg": 0.473,
        "rbi": 88,
        "sb": 2,
        "hr": 16
      },
      {
        "name": "김재호",
        "year": 20,
        "team": "두산",
        "pa": 458,
        "ops": 0.708,
        "avg": 0.289,
        "obp": 0.362,
        "slg": 0.346,
        "rbi": 39,
        "sb": 6,
        "hr": 2
      }
    ]
  },
  {
    "generation": 22,
    "expected_score": 7.015,
    "lineup": [
      "허경민",
      "정수빈",
      "오재일",
      "김재호",
      "페르난데스",
      "김재환",
      "최주환",
      "박세혁",
      "박건우"
    ],
    "player_stats": [
      {
        "name": "허경민",
        "year": 20,
        "team": "두산",
        "pa": 487,
        "ops": 0.824,
        "avg": 0.332,
        "obp": 0.382,
        "slg": 0.442,
        "rbi": 58,
        "sb": 14,
        "hr": 7
      },
      {
        "name": "정수빈",
        "year": 20,
        "team": "두산",
        "pa": 559,
        "ops": 0.764,
        "avg": 0.298,
        "obp": 0.368,
        "slg": 0.396,
        "rbi": 59,
        "sb": 15,
        "hr": 5
      },
      {
        "name": "오재일",
        "year": 20,
        "team": "두산",
        "pa": 534,
        "ops": 0.872,
        "avg": 0.312,
        "obp": 0.39,
        "slg": 0.482,
        "rbi": 89,
        "sb": 2,
        "hr": 16
      },
      {
        "name": "김재호",
        "year": 20,
        "team": "두산",
        "pa": 458,
        "ops": 0.708,
        "avg": 0.289,
        "obp": 0.362,
        "slg": 0.346,
        "rbi": 39,
        "sb": 6,
        "hr": 2
      },
      {
        "name": "페르난데스",
        "year": 20,
        "team": "두산",
        "pa": 668,
        "ops": 0.901,
        "avg": 0.34,
        "obp": 0.404,
        "slg": 0.497,
        "rbi": 105,
        "sb": 0,
        "hr": 21
      },
      {
        "name": "김재환",
        "year": 20,
        "team": "두산",
        "pa": 614,
        "ops": 0.867,
        "avg": 0.266,
        "obp": 0.373,
        "slg": 0.494,
        "rbi": 113,
        "sb": 6,
        "hr": 30
      },
      {
        "name": "최주환",
        "year": 20,
        "team": "두산",
        "pa": 574,
        "ops": 0.839,
        "avg": 0.306,
        "obp": 0.366,
        "slg": 0.473,
        "rbi": 88,
        "sb": 2,
        "hr": 16
      },
      {
        "name": "박세혁",
        "year": 20,
        "team": "두산",
        "pa": 423,
        "ops": 0.712,
        "avg": 0.269,
        "obp": 0.348,
        "slg": 0.364,
        "rbi": 51,
        "sb": 5,
        "hr": 4
      },
      {
        "name": "박건우",
        "year": 20,
        "team": "두산",
        "pa": 551,
        "ops": 0.841,
        "avg": 0.304,
        "obp": 0.369,
        "slg": 0.472,
        "rbi": 70,
        "sb": 8,
        "hr": 14
      }
    ]
  },
  {
    "generation": 23,
    "expected_score": 6.975,
    "lineup": [
      "정수빈",
      "허경민",
      "오재일",
      "김재환",
      "박건우",
      "박세혁",
      "페르난데스",
      "최주환",
      "김재호"
    ],
    "player_stats": [
      {
        "name": "정수빈",
        "year": 20,
        "team": "두산",
        "pa": 559,
        "ops": 0.764,
        "avg": 0.298,
        "obp": 0.368,
        "slg": 0.396,
        "rbi": 59,
        "sb": 15,
        "hr": 5
      },
      {
        "name": "허경민",
        "year": 20,
        "team": "두산",
        "pa": 487,
        "ops": 0.824,
        "avg": 0.332,
        "obp": 0.382,
        "slg": 0.442,
        "rbi": 58,
        "sb": 14,
        "hr": 7
      },
      {
        "name": "오재일",
        "year": 20,
        "team": "두산",
        "pa": 534,
        "ops": 0.872,
        "avg": 0.312,
        "obp": 0.39,
        "slg": 0.482,
        "rbi": 89,
        "sb": 2,
        "hr": 16
      },
      {
        "name": "김재환",
        "year": 20,
        "team": "두산",
        "pa": 614,
        "ops": 0.867,
        "avg": 0.266,
        "obp": 0.373,
        "slg": 0.494,
        "rbi": 113,
        "sb": 6,
        "hr": 30
      },
      {
        "name": "박건우",
        "year": 20,
        "team": "두산",
        "pa": 551,
        "ops": 0.841,
        "avg": 0.304,
        "obp": 0.369,
        "slg": 0.472,
        "rbi": 70,
        "sb": 8,
        "hr": 14
      },
      {
        "name": "박세혁",
        "year": 20,
        "team": "두산",
        "pa": 423,
        "ops": 0.712,
        "avg": 0.269,
        "obp": 0.348,
        "slg": 0.364,
        "rbi": 51,
        "sb": 5,
        "hr": 4
      },
      {
        "name": "페르난데스",
        "year": 20,
        "team": "두산",
        "pa": 668,
        "ops": 0.901,
        "avg": 0.34,
        "obp": 0.404,
        "slg": 0.497,
        "rbi": 105,
        "sb": 0,
        "hr": 21
      },
      {
        "name": "최주환",
        "year": 20,
        "team": "두산",
        "pa": 574,
        "ops": 0.839,
        "avg": 0.306,
        "obp": 0.366,
        "slg": 0.473,
        "rbi": 88,
        "sb": 2,
        "hr": 16
      },
      {
        "name": "김재호",
        "year": 20,
        "team": "두산",
        "pa": 458,
        "ops": 0.708,
        "avg": 0.289,
        "obp": 0.362,
        "slg": 0.346,
        "rbi": 39,
        "sb": 6,
        "hr": 2
      }
    ]
  },
  {
    "generation": 24,
    "expected_score": 6.805,
    "lineup": [
      "허경민",
      "정수빈",
      "오재일",
      "김재호",
      "페르난데스",
      "김재환",
      "최주환",
      "박세혁",
      "박건우"
    ],
    "player_stats": [
      {
        "name": "허경민",
        "year": 20,
        "team": "두산",
        "pa": 487,
        "ops": 0.824,
        "avg": 0.332,
        "obp": 0.382,
        "slg": 0.442,
        "rbi": 58,
        "sb": 14,
        "hr": 7
      },
      {
        "name": "정수빈",
        "year": 20,
        "team": "두산",
        "pa": 559,
        "ops": 0.764,
        "avg": 0.298,
        "obp": 0.368,
        "slg": 0.396,
        "rbi": 59,
        "sb": 15,
        "hr": 5
      },
      {
        "name": "오재일",
        "year": 20,
        "team": "두산",
        "pa": 534,
        "ops": 0.872,
        "avg": 0.312,
        "obp": 0.39,
        "slg": 0.482,
        "rbi": 89,
        "sb": 2,
        "hr": 16
      },
      {
        "name": "김재호",
        "year": 20,
        "team": "두산",
        "pa": 458,
        "ops": 0.708,
        "avg": 0.289,
        "obp": 0.362,
        "slg": 0.346,
        "rbi": 39,
        "sb": 6,
        "hr": 2
      },
      {
        "name": "페르난데스",
        "year": 20,
        "team": "두산",
        "pa": 668,
        "ops": 0.901,
        "avg": 0.34,
        "obp": 0.404,
        "slg": 0.497,
        "rbi": 105,
        "sb": 0,
        "hr": 21
      },
      {
        "name": "김재환",
        "year": 20,
        "team": "두산",
        "pa": 614,
        "ops": 0.867,
        "avg": 0.266,
        "obp": 0.373,
        "slg": 0.494,
        "rbi": 113,
        "sb": 6,
        "hr": 30
      },
      {
        "name": "최주환",
        "year": 20,
        "team": "두산",
        "pa": 574,
        "ops": 0.839,
        "avg": 0.306,
        "obp": 0.366,
        "slg": 0.473,
        "rbi": 88,
        "sb": 2,
        "hr": 16
      },
      {
        "name": "박세혁",
        "year": 20,
        "team": "두산",
        "pa": 423,
        "ops": 0.712,
        "avg": 0.269,
        "obp": 0.348,
        "slg": 0.364,
        "rbi": 51,
        "sb": 5,
        "hr": 4
      },
      {
        "name": "박건우",
        "year": 20,
        "team": "두산",
        "pa": 551,
        "ops": 0.841,
        "avg": 0.304,
        "obp": 0.369,
        "slg": 0.472,
        "rbi": 70,
        "sb": 8,
        "hr": 14
      }
    ]
  },
  {
    "generation": 25,
    "expected_score": 6.925,
    "lineup": [
      "허경민",
      "정수빈",
      "오재일",
      "페르난데스",
      "김재환",
      "박세혁",
      "박건우",
      "최주환",
      "김재호"
    ],
    "player_stats": [
      {
        "name": "허경민",
        "year": 20,
        "team": "두산",
        "pa": 487,
        "ops": 0.824,
        "avg": 0.332,
        "obp": 0.382,
        "slg": 0.442,
        "rbi": 58,
        "sb": 14,
        "hr": 7
      },
      {
        "name": "정수빈",
        "year": 20,
        "team": "두산",
        "pa": 559,
        "ops": 0.764,
        "avg": 0.298,
        "obp": 0.368,
        "slg": 0.396,
        "rbi": 59,
        "sb": 15,
        "hr": 5
      },
      {
        "name": "오재일",
        "year": 20,
        "team": "두산",
        "pa": 534,
        "ops": 0.872,
        "avg": 0.312,
        "obp": 0.39,
        "slg": 0.482,
        "rbi": 89,
        "sb": 2,
        "hr": 16
      },
      {
        "name": "페르난데스",
        "year": 20,
        "team": "두산",
        "pa": 668,
        "ops": 0.901,
        "avg": 0.34,
        "obp": 0.404,
        "slg": 0.497,
        "rbi": 105,
        "sb": 0,
        "hr": 21
      },
      {
        "name": "김재환",
        "year": 20,
        "team": "두산",
        "pa": 614,
        "ops": 0.867,
        "avg": 0.266,
        "obp": 0.373,
        "slg": 0.494,
        "rbi": 113,
        "sb": 6,
        "hr": 30
      },
      {
        "name": "박세혁",
        "year": 20,
        "team": "두산",
        "pa": 423,
        "ops": 0.712,
        "avg": 0.269,
        "obp": 0.348,
        "slg": 0.364,
        "rbi": 51,
        "sb": 5,
        "hr": 4
      },
      {
        "name": "박건우",
        "year": 20,
        "team": "두산",
        "pa": 551,
        "ops": 0.841,
        "avg": 0.304,
        "obp": 0.369,
        "slg": 0.472,
        "rbi": 70,
        "sb": 8,
        "hr": 14
      },
      {
        "name": "최주환",
        "year": 20,
        "team": "두산",
        "pa": 574,
        "ops": 0.839,
        "avg": 0.306,
        "obp": 0.366,
        "slg": 0.473,
        "rbi": 88,
        "sb": 2,
        "hr": 16
      },
      {
        "name": "김재호",
        "year": 20,
        "team": "두산",
        "pa": 458,
        "ops": 0.708,
        "avg": 0.289,
        "obp": 0.362,
        "slg": 0.346,
        "rbi": 39,
        "sb": 6,
        "hr": 2
      }
    ]
  },
  {
    "generation": 26,
    "expected_score": 6.92,
    "lineup": [
      "허경민",
      "정수빈",
      "오재일",
      "김재호",
      "페르난데스",
      "김재환",
      "박건우",
      "최주환",
      "박세혁"
    ],
    "player_stats": [
      {
        "name": "허경민",
        "year": 20,
        "team": "두산",
        "pa": 487,
        "ops": 0.824,
        "avg": 0.332,
        "obp": 0.382,
        "slg": 0.442,
        "rbi": 58,
        "sb": 14,
        "hr": 7
      },
      {
        "name": "정수빈",
        "year": 20,
        "team": "두산",
        "pa": 559,
        "ops": 0.764,
        "avg": 0.298,
        "obp": 0.368,
        "slg": 0.396,
        "rbi": 59,
        "sb": 15,
        "hr": 5
      },
      {
        "name": "오재일",
        "year": 20,
        "team": "두산",
        "pa": 534,
        "ops": 0.872,
        "avg": 0.312,
        "obp": 0.39,
        "slg": 0.482,
        "rbi": 89,
        "sb": 2,
        "hr": 16
      },
      {
        "name": "김재호",
        "year": 20,
        "team": "두산",
        "pa": 458,
        "ops": 0.708,
        "avg": 0.289,
        "obp": 0.362,
        "slg": 0.346,
        "rbi": 39,
        "sb": 6,
        "hr": 2
      },
      {
        "name": "페르난데스",
        "year": 20,
        "team": "두산",
        "pa": 668,
        "ops": 0.901,
        "avg": 0.34,
        "obp": 0.404,
        "slg": 0.497,
        "rbi": 105,
        "sb": 0,
        "hr": 21
      },
      {
        "name": "김재환",
        "year": 20,
        "team": "두산",
        "pa": 614,
        "ops": 0.867,
        "avg": 0.266,
        "obp": 0.373,
        "slg": 0.494,
        "rbi": 113,
        "sb": 6,
        "hr": 30
      },
      {
        "name": "박건우",
        "year": 20,
        "team": "두산",
        "pa": 551,
        "ops": 0.841,
        "avg": 0.304,
        "obp": 0.369,
        "slg": 0.472,
        "rbi": 70,
        "sb": 8,
        "hr": 14
      },
      {
        "name": "최주환",
        "year": 20,
        "team": "두산",
        "pa": 574,
        "ops": 0.839,
        "avg": 0.306,
        "obp": 0.366,
        "slg": 0.473,
        "rbi": 88,
        "sb": 2,
        "hr": 16
      },
      {
        "name": "박세혁",
        "year": 20,
        "team": "두산",
        "pa": 423,
        "ops": 0.712,
        "avg": 0.269,
        "obp": 0.348,
        "slg": 0.364,
        "rbi": 51,
        "sb": 5,
        "hr": 4
      }
    ]
  },
  {
    "generation": 27,
    "expected_score": 6.9,
    "lineup": [
      "정수빈",
      "허경민",
      "오재일",
      "김재호",
      "페르난데스",
      "김재환",
      "박건우",
      "최주환",
      "박세혁"
    ],
    "player_stats": [
      {
        "name": "정수빈",
        "year": 20,
        "team": "두산",
        "pa": 559,
        "ops": 0.764,
        "avg": 0.298,
        "obp": 0.368,
        "slg": 0.396,
        "rbi": 59,
        "sb": 15,
        "hr": 5
      },
      {
        "name": "허경민",
        "year": 20,
        "team": "두산",
        "pa": 487,
        "ops": 0.824,
        "avg": 0.332,
        "obp": 0.382,
        "slg": 0.442,
        "rbi": 58,
        "sb": 14,
        "hr": 7
      },
      {
        "name": "오재일",
        "year": 20,
        "team": "두산",
        "pa": 534,
        "ops": 0.872,
        "avg": 0.312,
        "obp": 0.39,
        "slg": 0.482,
        "rbi": 89,
        "sb": 2,
        "hr": 16
      },
      {
        "name": "김재호",
        "year": 20,
        "team": "두산",
        "pa": 458,
        "ops": 0.708,
        "avg": 0.289,
        "obp": 0.362,
        "slg": 0.346,
        "rbi": 39,
        "sb": 6,
        "hr": 2
      },
      {
        "name": "페르난데스",
        "year": 20,
        "team": "두산",
        "pa": 668,
        "ops": 0.901,
        "avg": 0.34,
        "obp": 0.404,
        "slg": 0.497,
        "rbi": 105,
        "sb": 0,
        "hr": 21
      },
      {
        "name": "김재환",
        "year": 20,
        "team": "두산",
        "pa": 614,
        "ops": 0.867,
        "avg": 0.266,
        "obp": 0.373,
        "slg": 0.494,
        "rbi": 113,
        "sb": 6,
        "hr": 30
      },
      {
        "name": "박건우",
        "year": 20,
        "team": "두산",
        "pa": 551,
        "ops": 0.841,
        "avg": 0.304,
        "obp": 0.369,
        "slg": 0.472,
        "rbi": 70,
        "sb": 8,
        "hr": 14
      },
      {
        "name": "최주환",
        "year": 20,
        "team": "두산",
        "pa": 574,
        "ops": 0.839,
        "avg": 0.306,
        "obp": 0.366,
        "slg": 0.473,
        "rbi": 88,
        "sb": 2,
        "hr": 16
      },
      {
        "name": "박세혁",
        "year": 20,
        "team": "두산",
        "pa": 423,
        "ops": 0.712,
        "avg": 0.269,
        "obp": 0.348,
        "slg": 0.364,
        "rbi": 51,
        "sb": 5,
        "hr": 4
      }
    ]
  },
  {
    "generation": 28,
    "expected_score": 6.715,
    "lineup": [
      "정수빈",
      "허경민",
      "오재일",
      "김재환",
      "김재호",
      "페르난데스",
      "박건우",
      "최주환",
      "박세혁"
    ],
    "player_stats": [
      {
        "name": "정수빈",
        "year": 20,
        "team": "두산",
        "pa": 559,
        "ops": 0.764,
        "avg": 0.298,
        "obp": 0.368,
        "slg": 0.396,
        "rbi": 59,
        "sb": 15,
        "hr": 5
      },
      {
        "name": "허경민",
        "year": 20,
        "team": "두산",
        "pa": 487,
        "ops": 0.824,
        "avg": 0.332,
        "obp": 0.382,
        "slg": 0.442,
        "rbi": 58,
        "sb": 14,
        "hr": 7
      },
      {
        "name": "오재일",
        "year": 20,
        "team": "두산",
        "pa": 534,
        "ops": 0.872,
        "avg": 0.312,
        "obp": 0.39,
        "slg": 0.482,
        "rbi": 89,
        "sb": 2,
        "hr": 16
      },
      {
        "name": "김재환",
        "year": 20,
        "team": "두산",
        "pa": 614,
        "ops": 0.867,
        "avg": 0.266,
        "obp": 0.373,
        "slg": 0.494,
        "rbi": 113,
        "sb": 6,
        "hr": 30
      },
      {
        "name": "김재호",
        "year": 20,
        "team": "두산",
        "pa": 458,
        "ops": 0.708,
        "avg": 0.289,
        "obp": 0.362,
        "slg": 0.346,
        "rbi": 39,
        "sb": 6,
        "hr": 2
      },
      {
        "name": "페르난데스",
        "year": 20,
        "team": "두산",
        "pa": 668,
        "ops": 0.901,
        "avg": 0.34,
        "obp": 0.404,
        "slg": 0.497,
        "rbi": 105,
        "sb": 0,
        "hr": 21
      },
      {
        "name": "박건우",
        "year": 20,
        "team": "두산",
        "pa": 551,
        "ops": 0.841,
        "avg": 0.304,
        "obp": 0.369,
        "slg": 0.472,
        "rbi": 70,
        "sb": 8,
        "hr": 14
      },
      {
        "name": "최주환",
        "year": 20,
        "team": "두산",
        "pa": 574,
        "ops": 0.839,
        "avg": 0.306,
        "obp": 0.366,
        "slg": 0.473,
        "rbi": 88,
        "sb": 2,
        "hr": 16
      },
      {
        "name": "박세혁",
        "year": 20,
        "team": "두산",
        "pa": 423,
        "ops": 0.712,
        "avg": 0.269,
        "obp": 0.348,
        "slg": 0.364,
        "rbi": 51,
        "sb": 5,
        "hr": 4
      }
    ]
  },
  {
    "generation": 29,
    "expected_score": 6.865,
    "lineup": [
      "허경민",
      "최주환",
      "오재일",
      "박세혁",
      "페르난데스",
      "김재환",
      "박건우",
      "정수빈",
      "김재호"
    ],
    "player_stats": [
      {
        "name": "허경민",
        "year": 20,
        "team": "두산",
        "pa": 487,
        "ops": 0.824,
        "avg": 0.332,
        "obp": 0.382,
        "slg": 0.442,
        "rbi": 58,
        "sb": 14,
        "hr": 7
      },
      {
        "name": "최주환",
        "year": 20,
        "team": "두산",
        "pa": 574,
        "ops": 0.839,
        "avg": 0.306,
        "obp": 0.366,
        "slg": 0.473,
        "rbi": 88,
        "sb": 2,
        "hr": 16
      },
      {
        "name": "오재일",
        "year": 20,
        "team": "두산",
        "pa": 534,
        "ops": 0.872,
        "avg": 0.312,
        "obp": 0.39,
        "slg": 0.482,
        "rbi": 89,
        "sb": 2,
        "hr": 16
      },
      {
        "name": "박세혁",
        "year": 20,
        "team": "두산",
        "pa": 423,
        "ops": 0.712,
        "avg": 0.269,
        "obp": 0.348,
        "slg": 0.364,
        "rbi": 51,
        "sb": 5,
        "hr": 4
      },
      {
        "name": "페르난데스",
        "year": 20,
        "team": "두산",
        "pa": 668,
        "ops": 0.901,
        "avg": 0.34,
        "obp": 0.404,
        "slg": 0.497,
        "rbi": 105,
        "sb": 0,
        "hr": 21
      },
      {
        "name": "김재환",
        "year": 20,
        "team": "두산",
        "pa": 614,
        "ops": 0.867,
        "avg": 0.266,
        "obp": 0.373,
        "slg": 0.494,
        "rbi": 113,
        "sb": 6,
        "hr": 30
      },
      {
        "name": "박건우",
        "year": 20,
        "team": "두산",
        "pa": 551,
        "ops": 0.841,
        "avg": 0.304,
        "obp": 0.369,
        "slg": 0.472,
        "rbi": 70,
        "sb": 8,
        "hr": 14
      },
      {
        "name": "정수빈",
        "year": 20,
        "team": "두산",
        "pa": 559,
        "ops": 0.764,
        "avg": 0.298,
        "obp": 0.368,
        "slg": 0.396,
        "rbi": 59,
        "sb": 15,
        "hr": 5
      },
      {
        "name": "김재호",
        "year": 20,
        "team": "두산",
        "pa": 458,
        "ops": 0.708,
        "avg": 0.289,
        "obp": 0.362,
        "slg": 0.346,
        "rbi": 39,
        "sb": 6,
        "hr": 2
      }
    ]
  },
  {
    "generation": 30,
    "expected_score": 6.76,
    "lineup": [
      "정수빈",
      "허경민",
      "오재일",
      "김재환",
      "김재호",
      "페르난데스",
      "박건우",
      "최주환",
      "박세혁"
    ],
    "player_stats": [
      {
        "name": "정수빈",
        "year": 20,
        "team": "두산",
        "pa": 559,
        "ops": 0.764,
        "avg": 0.298,
        "obp": 0.368,
        "slg": 0.396,
        "rbi": 59,
        "sb": 15,
        "hr": 5
      },
      {
        "name": "허경민",
        "year": 20,
        "team": "두산",
        "pa": 487,
        "ops": 0.824,
        "avg": 0.332,
        "obp": 0.382,
        "slg": 0.442,
        "rbi": 58,
        "sb": 14,
        "hr": 7
      },
      {
        "name": "오재일",
        "year": 20,
        "team": "두산",
        "pa": 534,
        "ops": 0.872,
        "avg": 0.312,
        "obp": 0.39,
        "slg": 0.482,
        "rbi": 89,
        "sb": 2,
        "hr": 16
      },
      {
        "name": "김재환",
        "year": 20,
        "team": "두산",
        "pa": 614,
        "ops": 0.867,
        "avg": 0.266,
        "obp": 0.373,
        "slg": 0.494,
        "rbi": 113,
        "sb": 6,
        "hr": 30
      },
      {
        "name": "김재호",
        "year": 20,
        "team": "두산",
        "pa": 458,
        "ops": 0.708,
        "avg": 0.289,
        "obp": 0.362,
        "slg": 0.346,
        "rbi": 39,
        "sb": 6,
        "hr": 2
      },
      {
        "name": "페르난데스",
        "year": 20,
        "team": "두산",
        "pa": 668,
        "ops": 0.901,
        "avg": 0.34,
        "obp": 0.404,
        "slg": 0.497,
        "rbi": 105,
        "sb": 0,
        "hr": 21
      },
      {
        "name": "박건우",
        "year": 20,
        "team": "두산",
        "pa": 551,
        "ops": 0.841,
        "avg": 0.304,
        "obp": 0.369,
        "slg": 0.472,
        "rbi": 70,
        "sb": 8,
        "hr": 14
      },
      {
        "name": "최주환",
        "year": 20,
        "team": "두산",
        "pa": 574,
        "ops": 0.839,
        "avg": 0.306,
        "obp": 0.366,
        "slg": 0.473,
        "rbi": 88,
        "sb": 2,
        "hr": 16
      },
      {
        "name": "박세혁",
        "year": 20,
        "team": "두산",
        "pa": 423,
        "ops": 0.712,
        "avg": 0.269,
        "obp": 0.348,
        "slg": 0.364,
        "rbi": 51,
        "sb": 5,
        "hr": 4
      }
    ]
  }
]