[
  {
    "generation": 1,
    "expected_score": 5.815,
    "lineup": [
      "정훈",
      "김준태",
      "이대호",
      "마차도",
      "한동희",
      "손아섭",
      "민병헌",
      "안치홍",
      "전준우"
    ],
    "player_stats": [
      {
        "name": "정훈",
        "year": 20,
        "team": "롯데",
        "pa": 476,
        "ops": 0.809,
        "avg": 0.295,
        "obp": 0.382,
        "slg": 0.427,
        "rbi": 58,
        "sb": 11,
        "hr": 11
      },
      {
        "name": "김준태",
        "year": 20,
        "team": "롯데",
        "pa": 369,
        "ops": 0.671,
        "avg": 0.225,
        "obp": 0.344,
        "slg": 0.327,
        "rbi": 43,
        "sb": 2,
        "hr": 5
      },
      {
        "name": "이대호",
        "year": 20,
        "team": "롯데",
        "pa": 611,
        "ops": 0.806,
        "avg": 0.292,
        "obp": 0.354,
        "slg": 0.452,
        "rbi": 110,
        "sb": 1,
        "hr": 20
      },
      {
        "name": "마차도",
        "year": 20,
        "team": "롯데",
        "pa": 560,
        "ops": 0.778,
        "avg": 0.28,
        "obp": 0.356,
        "slg": 0.422,
        "rbi": 67,
        "sb": 15,
        "hr": 12
      },
      {
        "name": "한동희",
        "year": 20,
        "team": "롯데",
        "pa": 531,
        "ops": 0.797,
        "avg": 0.278,
        "obp": 0.361,
        "slg": 0.436,
        "rbi": 67,
        "sb": 0,
        "hr": 17
      },
      {
        "name": "손아섭",
        "year": 20,
        "team": "롯데",
        "pa": 611,
        "ops": 0.908,
        "avg": 0.352,
        "obp": 0.415,
        "slg": 0.493,
        "rbi": 85,
        "sb": 5,
        "hr": 11
      },
      {
        "name": "민병헌",
        "year": 20,
        "team": "롯데",
        "pa": 342,
        "ops": 0.582,
        "avg": 0.233,
        "obp": 0.291,
        "slg": 0.291,
        "rbi": 23,
        "sb": 10,
        "hr": 2
      },
      {
        "name": "안치홍",
        "year": 20,
        "team": "롯데",
        "pa": 460,
        "ops": 0.764,
        "avg": 0.286,
        "obp": 0.351,
        "slg": 0.413,
        "rbi": 54,
        "sb": 14,
        "hr": 8
      },
      {
        "name": "전준우",
        "year": 20,
        "team": "롯데",
        "pa": 628,
        "ops": 0.829,
        "avg": 0.279,
        "obp": 0.347,
        "slg": 0.482,
        "rbi": 96,
        "sb": 5,
        "hr": 26
      }
    ]
  },
  {
    "generation": 2,
    "expected_score": 6.125,
    "lineup": [
      "안치홍",
      "손아섭",
      "마차도",
      "전준우",
      "한동희",
      "이대호",
      "민병헌",
      "정훈",
      "김준태"
    ],
    "player_stats": [
      {
        "name": "안치홍",
        "year": 20,
        "team": "롯데",
        "pa": 460,
        "ops": 0.764,
        "avg": 0.286,
        "obp": 0.351,
        "slg": 0.413,
        "rbi": 54,
        "sb": 14,
        "hr": 8
      },
      {
        "name": "손아섭",
        "year": 20,
        "team": "롯데",
        "pa": 611,
        "ops": 0.908,
        "avg": 0.352,
        "obp": 0.415,
        "slg": 0.493,
        "rbi": 85,
        "sb": 5,
        "hr": 11
      },
      {
        "name": "마차도",
        "year": 20,
        "team": "롯데",
        "pa": 560,
        "ops": 0.778,
        "avg": 0.28,
        "obp": 0.356,
        "slg": 0.422,
        "rbi": 67,
        "sb": 15,
        "hr": 12
      },
      {
        "name": "전준우",
        "year": 20,
        "team": "롯데",
        "pa": 628,
        "ops": 0.829,
        "avg": 0.279,
        "obp": 0.347,
        "slg": 0.482,
        "rbi": 96,
        "sb": 5,
        "hr": 26
      },
      {
        "name": "한동희",
        "year": 20,
        "team": "롯데",
        "pa": 531,
        "ops": 0.797,
        "avg": 0.278,
        "obp": 0.361,
        "slg": 0.436,
        "rbi": 67,
        "sb": 0,
        "hr": 17
      },
      {
        "name": "이대호",
        "year": 20,
        "team": "롯데",
        "pa": 611,
        "ops": 0.806,
        "avg": 0.292,
        "obp": 0.354,
        "slg": 0.452,
        "rbi": 110,
        "sb": 1,
        "hr": 20
      },
      {
        "name": "민병헌",
        "year": 20,
        "team": "롯데",
        "pa": 342,
        "ops": 0.582,
        "avg": 0.233,
        "obp": 0.291,
        "slg": 0.291,
        "rbi": 23,
        "sb": 10,
        "hr": 2
      },
      {
        "name": "정훈",
        "year": 20,
        "team": "롯데",
        "pa": 476,
        "ops": 0.809,
        "avg": 0.295,
        "obp": 0.382,
        "slg": 0.427,
        "rbi": 58,
        "sb": 11,
        "hr": 11
      },
      {
        "name": "김준태",
        "year": 20,
        "team": "롯데",
        "pa": 369,
        "ops": 0.671,
        "avg": 0.225,
        "obp": 0.344,
        "slg": 0.327,
        "rbi": 43,
        "sb": 2,
        "hr": 5
      }
    ]
  },
  {
    "generation": 3,
    "expected_score": 6.08,
    "lineup": [
      "이대호",
      "손아섭",
      "김준태",
      "한동희",
      "정훈",
      "민병헌",
      "마차도",
      "전준우",
      "안치홍"
    ],
    "player_stats": [
      {
        "name": "이대호",
        "year": 20,
        "team": "롯데",
        "pa": 611,
        "ops": 0.806,
        "avg": 0.292,
        "obp": 0.354,
        "slg": 0.452,
        "rbi": 110,
        "sb": 1,
        "hr": 20
      },
      {
        "name": "손아섭",
        "year": 20,
        "team": "롯데",
        "pa": 611,
        "ops": 0.908,
        "avg": 0.352,
        "obp": 0.415,
        "slg": 0.493,
        "rbi": 85,
        "sb": 5,
        "hr": 11
      },
      {
        "name": "김준태",
        "year": 20,
        "team": "롯데",
        "pa": 369,
        "ops": 0.671,
        "avg": 0.225,
        "obp": 0.344,
        "slg": 0.327,
        "rbi": 43,
        "sb": 2,
        "hr": 5
      },
      {
        "name": "한동희",
        "year": 20,
        "team": "롯데",
        "pa": 531,
        "ops": 0.797,
        "avg": 0.278,
        "obp": 0.361,
        "slg": 0.436,
        "rbi": 67,
        "sb": 0,
        "hr": 17
      },
      {
        "name": "정훈",
        "year": 20,
        "team": "롯데",
        "pa": 476,
        "ops": 0.809,
        "avg": 0.295,
        "obp": 0.382,
        "slg": 0.427,
        "rbi": 58,
        "sb": 11,
        "hr": 11
      },
      {
        "name": "민병헌",
        "year": 20,
        "team": "롯데",
        "pa": 342,
        "ops": 0.582,
        "avg": 0.233,
        "obp": 0.291,
        "slg": 0.291,
        "rbi": 23,
        "sb": 10,
        "hr": 2
      },
      {
        "name": "마차도",
        "year": 20,
        "team": "롯데",
        "pa": 560,
        "ops": 0.778,
        "avg": 0.28,
        "obp": 0.356,
        "slg": 0.422,
        "rbi": 67,
        "sb": 15,
        "hr": 12
      },
      {
        "name": "전준우",
        "year": 20,
        "team": "롯데",
        "pa": 628,
        "ops": 0.829,
        "avg": 0.279,
        "obp": 0.347,
        "slg": 0.482,
        "rbi": 96,
        "sb": 5,
        "hr": 26
      },
      {
        "name": "안치홍",
        "year": 20,
        "team": "롯데",
        "pa": 460,
        "ops": 0.764,
        "avg": 0.286,
        "obp": 0.351,
        "slg": 0.413,
        "rbi": 54,
        "sb": 14,
        "hr": 8
      }
    ]
  },
  {
    "generation": 4,
    "expected_score": 6.205,
    "lineup": [
      "이대호",
      "손아섭",
      "김준태",
      "한동희",
      "정훈",
      "민병헌",
      "마차도",
      "전준우",
      "안치홍"
    ],
    "player_stats": [
      {
        "name": "이대호",
        "year": 20,
        "team": "롯데",
        "pa": 611,
        "ops": 0.806,
        "avg": 0.292,
        "obp": 0.354,
        "slg": 0.452,
        "rbi": 110,
        "sb": 1,
        "hr": 20
      },
      {
        "name": "손아섭",
        "year": 20,
        "team": "롯데",
        "pa": 611,
        "ops": 0.908,
        "avg": 0.352,
        "obp": 0.415,
        "slg": 0.493,
        "rbi": 85,
        "sb": 5,
        "hr": 11
      },
      {
        "name": "김준태",
        "year": 20,
        "team": "롯데",
        "pa": 369,
        "ops": 0.671,
        "avg": 0.225,
        "obp": 0.344,
        "slg": 0.327,
        "rbi": 43,
        "sb": 2,
        "hr": 5
      },
      {
        "name": "한동희",
        "year": 20,
        "team": "롯데",
        "pa": 531,
        "ops": 0.797,
        "avg": 0.278,
        "obp": 0.361,
        "slg": 0.436,
        "rbi": 67,
        "sb": 0,
        "hr": 17
      },
      {
        "name": "정훈",
        "year": 20,
        "team": "롯데",
        "pa": 476,
        "ops": 0.809,
        "avg": 0.295,
        "obp": 0.382,
        "slg": 0.427,
        "rbi": 58,
        "sb": 11,
        "hr": 11
      },
      {
        "name": "민병헌",
        "year": 20,
        "team": "롯데",
        "pa": 342,
        "ops": 0.582,
        "avg": 0.233,
        "obp": 0.291,
        "slg": 0.291,
        "rbi": 23,
        "sb": 10,
        "hr": 2
      },
      {
        "name": "마차도",
        "year": 20,
        "team": "롯데",
        "pa": 560,
        "ops": 0.778,
        "avg": 0.28,
        "obp": 0.356,
        "slg": 0.422,
        "rbi": 67,
        "sb": 15,
        "hr": 12
      },
      {
        "name": "전준우",
        "year": 20,
        "team": "롯데",
        "pa": 628,
        "ops": 0.829,
        "avg": 0.279,
        "obp": 0.347,
        "slg": 0.482,
        "rbi": 96,
        "sb": 5,
        "hr": 26
      },
      {
        "name": "안치홍",
        "year": 20,
        "team": "롯데",
        "pa": 460,
        "ops": 0.764,
        "avg": 0.286,
        "obp": 0.351,
        "slg": 0.413,
        "rbi": 54,
        "sb": 14,
        "hr": 8
      }
    ]
  },
  {
    "generation": 5,
    "expected_score": 5.965,
    "lineup": [
      "정훈",
      "이대호",
      "안치홍",
      "김준태",
      "손아섭",
      "마차도",
      "전준우",
      "한동희",
      "민병헌"
    ],
    "player_stats": [
      {
        "name": "정훈",
        "year": 20,
        "team": "롯데",
        "pa": 476,
        "ops": 0.809,
        "avg": 0.295,
        "obp": 0.382,
        "slg": 0.427,
        "rbi": 58,
        "sb": 11,
        "hr": 11
      },
      {
        "name": "이대호",
        "year": 20,
        "team": "롯데",
        "pa": 611,
        "ops": 0.806,
        "avg": 0.292,
        "obp": 0.354,
        "slg": 0.452,
        "rbi": 110,
        "sb": 1,
        "hr": 20
      },
      {
        "name": "안치홍",
        "year": 20,
        "team": "롯데",
        "pa": 460,
        "ops": 0.764,
        "avg": 0.286,
        "obp": 0.351,
        "slg": 0.413,
        "rbi": 54,
        "sb": 14,
        "hr": 8
      },
      {
        "name": "김준태",
        "year": 20,
        "team": "롯데",
        "pa": 369,
        "ops": 0.671,
        "avg": 0.225,
        "obp": 0.344,
        "slg": 0.327,
        "rbi": 43,
        "sb": 2,
        "hr": 5
      },
      {
        "name": "손아섭",
        "year": 20,
        "team": "롯데",
        "pa": 611,
        "ops": 0.908,
        "avg": 0.352,
        "obp": 0.415,
        "slg": 0.493,
        "rbi": 85,
        "sb": 5,
        "hr": 11
      },
      {
        "name": "마차도",
        "year": 20,
        "team": "롯데",
        "pa": 560,
        "ops": 0.778,
        "avg": 0.28,
        "obp": 0.356,
        "slg": 0.422,
        "rbi": 67,
        "sb": 15,
        "hr": 12
      },
      {
        "name": "전준우",
        "year": 20,
        "team": "롯데",
        "pa": 628,
        "ops": 0.829,
        "avg": 0.279,
        "obp": 0.347,
        "slg": 0.482,
        "rbi": 96,
        "sb": 5,
        "hr": 26
      },
      {
        "name": "한동희",
        "year": 20,
        "team": "롯데",
        "pa": 531,
        "ops": 0.797,
        "avg": 0.278,
        "obp": 0.361,
        "slg": 0.436,
        "rbi": 67,
        "sb": 0,
        "hr": 17
      },
      {
        "name": "민병헌",
        "year": 20,
        "team": "롯데",
        "pa": 342,
        "ops": 0.582,
        "avg": 0.233,
        "obp": 0.291,
        "slg": 0.291,
        "rbi": 23,
        "sb": 10,
        "hr": 2
      }
    ]
  },
  {
    "generation": 6,
    "expected_score": 6.065,
    "lineup": [
      "손아섭",
      "정훈",
      "민병헌",
      "마차도",
      "이대호",
      "김준태",
      "한동희",
      "전준우",
      "안치홍"
    ],
    "player_stats": [
      {
        "name": "손아섭",
        "year": 20,
        "team": "롯데",
        "pa": 611,
        "ops": 0.908,
        "avg": 0.352,
        "obp": 0.415,
        "slg": 0.493,
        "rbi": 85,
        "sb": 5,
        "hr": 11
      },
      {
        "name": "정훈",
        "year": 20,
        "team": "롯데",
        "pa": 476,
        "ops": 0.809,
        "avg": 0.295,
        "obp": 0.382,
        "slg": 0.427,
        "rbi": 58,
        "sb": 11,
        "hr": 11
      },
      {
        "name": "민병헌",
        "year": 20,
        "team": "롯데",
        "pa": 342,
        "ops": 0.582,
        "avg": 0.233,
        "obp": 0.291,
        "slg": 0.291,
        "rbi": 23,
        "sb": 10,
        "hr": 2
      },
      {
        "name": "마차도",
        "year": 20,
        "team": "롯데",
        "pa": 560,
        "ops": 0.778,
        "avg": 0.28,
        "obp": 0.356,
        "slg": 0.422,
        "rbi": 67,
        "sb": 15,
        "hr": 12
      },
      {
        "name": "이대호",
        "year": 20,
        "team": "롯데",
        "pa": 611,
        "ops": 0.806,
        "avg": 0.292,
        "obp": 0.354,
        "slg": 0.452,
        "rbi": 110,
        "sb": 1,
        "hr": 20
      },
      {
        "name": "김준태",
        "year": 20,
        "team": "롯데",
        "pa": 369,
        "ops": 0.671,
        "avg": 0.225,
        "obp": 0.344,
        "slg": 0.327,
        "rbi": 43,
        "sb": 2,
        "hr": 5
      },
      {
        "name": "한동희",
        "year": 20,
        "team": "롯데",
        "pa": 531,
        "ops": 0.797,
        "avg": 0.278,
        "obp": 0.361,
        "slg": 0.436,
        "rbi": 67,
        "sb": 0,
        "hr": 17
      },
      {
        "name": "전준우",
        "year": 20,
        "team": "롯데",
        "pa": 628,
        "ops": 0.829,
        "avg": 0.279,
        "obp": 0.347,
        "slg": 0.482,
        "rbi": 96,
        "sb": 5,
        "hr": 26
      },
      {
        "name": "안치홍",
        "year": 20,
        "team": "롯데",
        "pa": 460,
        "ops": 0.764,
        "avg": 0.286,
        "obp": 0.351,
        "slg": 0.413,
        "rbi": 54,
        "sb": 14,
        "hr": 8
      }
    ]
  },
  {
    "generation": 7,
    "expected_score": 6.105,
    "lineup": [
      "안치홍",
      "한동희",
      "마차도",
      "전준우",
      "민병헌",
      "김준태",
      "정훈",
      "손아섭",
      "이대호"
    ],
    "player_stats": [
      {
        "name": "안치홍",
        "year": 20,
        "team": "롯데",
        "pa": 460,
        "ops": 0.764,
        "avg": 0.286,
        "obp": 0.351,
        "slg": 0.413,
        "rbi": 54,
        "sb": 14,
        "hr": 8
      },
      {
        "name": "한동희",
        "year": 20,
        "team": "롯데",
        "pa": 531,
        "ops": 0.797,
        "avg": 0.278,
        "obp": 0.361,
        "slg": 0.436,
        "rbi": 67,
        "sb": 0,
        "hr": 17
      },
      {
        "name": "마차도",
        "year": 20,
        "team": "롯데",
        "pa": 560,
        "ops": 0.778,
        "avg": 0.28,
        "obp": 0.356,
        "slg": 0.422,
        "rbi": 67,
        "sb": 15,
        "hr": 12
      },
      {
        "name": "전준우",
        "year": 20,
        "team": "롯데",
        "pa": 628,
        "ops": 0.829,
        "avg": 0.279,
        "obp": 0.347,
        "slg": 0.482,
        "rbi": 96,
        "sb": 5,
        "hr": 26
      },
      {
        "name": "민병헌",
        "year": 20,
        "team": "롯데",
        "pa": 342,
        "ops": 0.582,
        "avg": 0.233,
        "obp": 0.291,
        "slg": 0.291,
        "rbi": 23,
        "sb": 10,
        "hr": 2
      },
      {
        "name": "김준태",
        "year": 20,
        "team": "롯데",
        "pa": 369,
        "ops": 0.671,
        "avg": 0.225,
        "obp": 0.344,
        "slg": 0.327,
        "rbi": 43,
        "sb": 2,
        "hr": 5
      },
      {
        "name": "정훈",
        "year": 20,
        "team": "롯데",
        "pa": 476,
        "ops": 0.809,
        "avg": 0.295,
        "obp": 0.382,
        "slg": 0.427,
        "rbi": 58,
        "sb": 11,
        "hr": 11
      },
      {
        "name": "손아섭",
        "year": 20,
        "team": "롯데",
        "pa": 611,
        "ops": 0.908,
        "avg": 0.352,
        "obp": 0.415,
        "slg": 0.493,
        "rbi": 85,
        "sb": 5,
        "hr": 11
      },
      {
        "name": "이대호",
        "year": 20,
        "team": "롯데",
        "pa": 611,
        "ops": 0.806,
        "avg": 0.292,
        "obp": 0.354,
        "slg": 0.452,
        "rbi": 110,
        "sb": 1,
        "hr": 20
      }
    ]
  },
  {
    "generation": 8,
    "expected_score": 6.14,
    "lineup": [
      "정훈",
      "안치홍",
      "민병헌",
      "김준태",
      "이대호",
      "마차도",
      "손아섭",
      "전준우",
      "한동희"
    ],
    "player_stats": [
      {
        "name": "정훈",
        "year": 20,
        "team": "롯데",
        "pa": 476,
        "ops": 0.809,
        "avg": 0.295,
        "obp": 0.382,
        "slg": 0.427,
        "rbi": 58,
        "sb": 11,
        "hr": 11
      },
      {
        "name": "안치홍",
        "year": 20,
        "team": "롯데",
        "pa": 460,
        "ops": 0.764,
        "avg": 0.286,
        "obp": 0.351,
        "slg": 0.413,
        "rbi": 54,
        "sb": 14,
        "hr": 8
      },
      {
        "name": "민병헌",
        "year": 20,
        "team": "롯데",
        "pa": 342,
        "ops": 0.582,
        "avg": 0.233,
        "obp": 0.291,
        "slg": 0.291,
        "rbi": 23,
        "sb": 10,
        "hr": 2
      },
      {
        "name": "김준태",
        "year": 20,
        "team": "롯데",
        "pa": 369,
        "ops": 0.671,
        "avg": 0.225,
        "obp": 0.344,
        "slg": 0.327,
        "rbi": 43,
        "sb": 2,
        "hr": 5
      },
      {
        "name": "이대호",
        "year": 20,
        "team": "롯데",
        "pa": 611,
        "ops": 0.806,
        "avg": 0.292,
        "obp": 0.354,
        "slg": 0.452,
        "rbi": 110,
        "sb": 1,
        "hr": 20
      },
      {
        "name": "마차도",
        "year": 20,
        "team": "롯데",
        "pa": 560,
        "ops": 0.778,
        "avg": 0.28,
        "obp": 0.356,
        "slg": 0.422,
        "rbi": 67,
        "sb": 15,
        "hr": 12
      },
      {
        "name": "손아섭",
        "year": 20,
        "team": "롯데",
        "pa": 611,
        "ops": 0.908,
        "avg": 0.352,
        "obp": 0.415,
        "slg": 0.493,
        "rbi": 85,
        "sb": 5,
        "hr": 11
      },
      {
        "name": "전준우",
        "year": 20,
        "team": "롯데",
        "pa": 628,
        "ops": 0.829,
        "avg": 0.279,
        "obp": 0.347,
        "slg": 0.482,
        "rbi": 96,
        "sb": 5,
        "hr": 26
      },
      {
        "name": "한동희",
        "year": 20,
        "team": "롯데",
        "pa": 531,
        "ops": 0.797,
        "avg": 0.278,
        "obp": 0.361,
        "slg": 0.436,
        "rbi": 67,
        "sb": 0,
        "hr": 17
      }
    ]
  },
  {
    "generation": 9,
    "expected_score": 5.92,
    "lineup": [
      "안치홍",
      "민병헌",
      "김준태",
      "손아섭",
      "이대호",
      "한동희",
      "마차도",
      "정훈",
      "전준우"
    ],
    "player_stats": [
      {
        "name": "안치홍",
        "year": 20,
        "team": "롯데",
        "pa": 460,
        "ops": 0.764,
        "avg": 0.286,
        "obp": 0.351,
        "slg": 0.413,
        "rbi": 54,
        "sb": 14,
        "hr": 8
      },
      {
        "name": "민병헌",
        "year": 20,
        "team": "롯데",
        "pa": 342,
        "ops": 0.582,
        "avg": 0.233,
        "obp": 0.291,
        "slg": 0.291,
        "rbi": 23,
        "sb": 10,
        "hr": 2
      },
      {
        "name": "김준태",
        "year": 20,
        "team": "롯데",
        "pa": 369,
        "ops": 0.671,
        "avg": 0.225,
        "obp": 0.344,
        "slg": 0.327,
        "rbi": 43,
        "sb": 2,
        "hr": 5
      },
      {
        "name": "손아섭",
        "year": 20,
        "team": "롯데",
        "pa": 611,
        "ops": 0.908,
        "avg": 0.352,
        "obp": 0.415,
        "slg": 0.493,
        "rbi": 85,
        "sb": 5,
        "hr": 11
      },
      {
        "name": "이대호",
        "year": 20,
        "team": "롯데",
        "pa": 611,
        "ops": 0.806,
        "avg": 0.292,
        "obp": 0.354,
        "slg": 0.452,
        "rbi": 110,
        "sb": 1,
        "hr": 20
      },
      {
        "name": "한동희",
        "year": 20,
        "team": "롯데",
        "pa": 531,
        "ops": 0.797,
        "avg": 0.278,
        "obp": 0.361,
        "slg": 0.436,
        "rbi": 67,
        "sb": 0,
        "hr": 17
      },
      {
        "name": "마차도",
        "year": 20,
        "team": "롯데",
        "pa": 560,
        "ops": 0.778,
        "avg": 0.28,
        "obp": 0.356,
        "slg": 0.422,
        "rbi": 67,
        "sb": 15,
        "hr": 12
      },
      {
        "name": "정훈",
        "year": 20,
        "team": "롯데",
        "pa": 476,
        "ops": 0.809,
        "avg": 0.295,
        "obp": 0.382,
        "slg": 0.427,
        "rbi": 58,
        "sb": 11,
        "hr": 11
      },
      {
        "name": "전준우",
        "year": 20,
        "team": "롯데",
        "pa": 628,
        "ops": 0.829,
        "avg": 0.279,
        "obp": 0.347,
        "slg": 0.482,
        "rbi": 96,
        "sb": 5,
        "hr": 26
      }
    ]
  },
  {
    "generation": 10,
    "expected_score": 6.065,
    "lineup": [
      "안치홍",
      "민병헌",
      "김준태",
      "손아섭",
      "한동희",
      "마차도",
      "이대호",
      "정훈",
      "전준우"
    ],
    "player_stats": [
      {
        "name": "안치홍",
        "year": 20,
        "team": "롯데",
        "pa": 460,
        "ops": 0.764,
        "avg": 0.286,
        "obp": 0.351,
        "slg": 0.413,
        "rbi": 54,
        "sb": 14,
        "hr": 8
      },
      {
        "name": "민병헌",
        "year": 20,
        "team": "롯데",
        "pa": 342,
        "ops": 0.582,
        "avg": 0.233,
        "obp": 0.291,
        "slg": 0.291,
        "rbi": 23,
        "sb": 10,
        "hr": 2
      },
      {
        "name": "김준태",
        "year": 20,
        "team": "롯데",
        "pa": 369,
        "ops": 0.671,
        "avg": 0.225,
        "obp": 0.344,
        "slg": 0.327,
        "rbi": 43,
        "sb": 2,
        "hr": 5
      },
      {
        "name": "손아섭",
        "year": 20,
        "team": "롯데",
        "pa": 611,
        "ops": 0.908,
        "avg": 0.352,
        "obp": 0.415,
        "slg": 0.493,
        "rbi": 85,
        "sb": 5,
        "hr": 11
      },
      {
        "name": "한동희",
        "year": 20,
        "team": "롯데",
        "pa": 531,
        "ops": 0.797,
        "avg": 0.278,
        "obp": 0.361,
        "slg": 0.436,
        "rbi": 67,
        "sb": 0,
        "hr": 17
      },
      {
        "name": "마차도",
        "year": 20,
        "team": "롯데",
        "pa": 560,
        "ops": 0.778,
        "avg": 0.28,
        "obp": 0.356,
        "slg": 0.422,
        "rbi": 67,
        "sb": 15,
        "hr": 12
      },
      {
        "name": "이대호",
        "year": 20,
        "team": "롯데",
        "pa": 611,
        "ops": 0.806,
        "avg": 0.292,
        "obp": 0.354,
        "slg": 0.452,
        "rbi": 110,
        "sb": 1,
        "hr": 20
      },
      {
        "name": "정훈",
        "year": 20,
        "team": "롯데",
        "pa": 476,
        "ops": 0.809,
        "avg": 0.295,
        "obp": 0.382,
        "slg": 0.427,
        "rbi": 58,
        "sb": 11,
        "hr": 11
      },
      {
        "name": "전준우",
        "year": 20,
        "team": "롯데",
        "pa": 628,
        "ops": 0.829,
        "avg": 0.279,
        "obp": 0.347,
        "slg": 0.482,
        "rbi": 96,
        "sb": 5,
        "hr": 26
      }
    ]
  },
  {
    "generation": 11,
    "expected_score": 6.035,
    "lineup": [
      "한동희",
      "민병헌",
      "안치홍",
      "마차도",
      "손아섭",
      "김준태",
      "이대호",
      "전준우",
      "정훈"
    ],
    "player_stats": [
      {
        "name": "한동희",
        "year": 20,
        "team": "롯데",
        "pa": 531,
        "ops": 0.797,
        "avg": 0.278,
        "obp": 0.361,
        "slg": 0.436,
        "rbi": 67,
        "sb": 0,
        "hr": 17
      },
      {
        "name": "민병헌",
        "year": 20,
        "team": "롯데",
        "pa": 342,
        "ops": 0.582,
        "avg": 0.233,
        "obp": 0.291,
        "slg": 0.291,
        "rbi": 23,
        "sb": 10,
        "hr": 2
      },
      {
        "name": "안치홍",
        "year": 20,
        "team": "롯데",
        "pa": 460,
        "ops": 0.764,
        "avg": 0.286,
        "obp": 0.351,
        "slg": 0.413,
        "rbi": 54,
        "sb": 14,
        "hr": 8
      },
      {
        "name": "마차도",
        "year": 20,
        "team": "롯데",
        "pa": 560,
        "ops": 0.778,
        "avg": 0.28,
        "obp": 0.356,
        "slg": 0.422,
        "rbi": 67,
        "sb": 15,
        "hr": 12
      },
      {
        "name": "손아섭",
        "year": 20,
        "team": "롯데",
        "pa": 611,
        "ops": 0.908,
        "avg": 0.352,
        "obp": 0.415,
        "slg": 0.493,
        "rbi": 85,
        "sb": 5,
        "hr": 11
      },
      {
        "name": "김준태",
        "year": 20,
        "team": "롯데",
        "pa": 369,
        "ops": 0.671,
        "avg": 0.225,
        "obp": 0.344,
        "slg": 0.327,
        "rbi": 43,
        "sb": 2,
        "hr": 5
      },
      {
        "name": "이대호",
        "year": 20,
        "team": "롯데",
        "pa": 611,
        "ops": 0.806,
        "avg": 0.292,
        "obp": 0.354,
        "slg": 0.452,
        "rbi": 110,
        "sb": 1,
        "hr": 20
      },
      {
        "name": "전준우",
        "year": 20,
        "team": "롯데",
        "pa": 628,
        "ops": 0.829,
        "avg": 0.279,
        "obp": 0.347,
        "slg": 0.482,
        "rbi": 96,
        "sb": 5,
        "hr": 26
      },
      {
        "name": "정훈",
        "year": 20,
        "team": "롯데",
        "pa": 476,
        "ops": 0.809,
        "avg": 0.295,
        "obp": 0.382,
        "slg": 0.427,
        "rbi": 58,
        "sb": 11,
        "hr": 11
      }
    ]
  },
  {
    "generation": 12,
    "expected_score": 5.99,
    "lineup": [
      "한동희",
      "민병헌",
      "손아섭",
      "김준태",
      "이대호",
      "전준우",
      "안치홍",
      "마차도",
      "정훈"
    ],
    "player_stats": [
      {
        "name": "한동희",
        "year": 20,
        "team": "롯데",
        "pa": 531,
        "ops": 0.797,
        "avg": 0.278,
        "obp": 0.361,
        "slg": 0.436,
        "rbi": 67,
        "sb": 0,
        "hr": 17
      },
      {
        "name": "민병헌",
        "year": 20,
        "team": "롯데",
        "pa": 342,
        "ops": 0.582,
        "avg": 0.233,
        "obp": 0.291,
        "slg": 0.291,
        "rbi": 23,
        "sb": 10,
        "hr": 2
      },
      {
        "name": "손아섭",
        "year": 20,
        "team": "롯데",
        "pa": 611,
        "ops": 0.908,
        "avg": 0.352,
        "obp": 0.415,
        "slg": 0.493,
        "rbi": 85,
        "sb": 5,
        "hr": 11
      },
      {
        "name": "김준태",
        "year": 20,
        "team": "롯데",
        "pa": 369,
        "ops": 0.671,
        "avg": 0.225,
        "obp": 0.344,
        "slg": 0.327,
        "rbi": 43,
        "sb": 2,
        "hr": 5
      },
      {
        "name": "이대호",
        "year": 20,
        "team": "롯데",
        "pa": 611,
        "ops": 0.806,
        "avg": 0.292,
        "obp": 0.354,
        "slg": 0.452,
        "rbi": 110,
        "sb": 1,
        "hr": 20
      },
      {
        "name": "전준우",
        "year": 20,
        "team": "롯데",
        "pa": 628,
        "ops": 0.829,
        "avg": 0.279,
        "obp": 0.347,
        "slg": 0.482,
        "rbi": 96,
        "sb": 5,
        "hr": 26
      },
      {
        "name": "안치홍",
        "year": 20,
        "team": "롯데",
        "pa": 460,
        "ops": 0.764,
        "avg": 0.286,
        "obp": 0.351,
        "slg": 0.413,
        "rbi": 54,
        "sb": 14,
        "hr": 8
      },
      {
        "name": "마차도",
        "year": 20,
        "team": "롯데",
        "pa": 560,
        "ops": 0.778,
        "avg": 0.28,
        "obp": 0.356,
        "slg": 0.422,
        "rbi": 67,
        "sb": 15,
        "hr": 12
      },
      {
        "name": "정훈",
        "year": 20,
        "team": "롯데",
        "pa": 476,
        "ops": 0.809,
        "avg": 0.295,
        "obp": 0.382,
        "slg": 0.427,
        "rbi": 58,
        "sb": 11,
        "hr": 11
      }
    ]
  },
  {
    "generation": 13,
    "expected_score": 6.115,
    "lineup": [
      "한동희",
      "안치홍",
      "김준태",
      "손아섭",
      "이대호",
      "마차도",
      "전준우",
      "민병헌",
      "정훈"
    ],
    "player_stats": [
      {
        "name": "한동희",
        "year": 20,
        "team": "롯데",
        "pa": 531,
        "ops": 0.797,
        "avg": 0.278,
        "obp": 0.361,
        "slg": 0.436,
        "rbi": 67,
        "sb": 0,
        "hr": 17
      },
      {
        "name": "안치홍",
        "year": 20,
        "team": "롯데",
        "pa": 460,
        "ops": 0.764,
        "avg": 0.286,
        "obp": 0.351,
        "slg": 0.413,
        "rbi": 54,
        "sb": 14,
        "hr": 8
      },
      {
        "name": "김준태",
        "year": 20,
        "team": "롯데",
        "pa": 369,
        "ops": 0.671,
        "avg": 0.225,
        "obp": 0.344,
        "slg": 0.327,
        "rbi": 43,
        "sb": 2,
        "hr": 5
      },
      {
        "name": "손아섭",
        "year": 20,
        "team": "롯데",
        "pa": 611,
        "ops": 0.908,
        "avg": 0.352,
        "obp": 0.415,
        "slg": 0.493,
        "rbi": 85,
        "sb": 5,
        "hr": 11
      },
      {
        "name": "이대호",
        "year": 20,
        "team": "롯데",
        "pa": 611,
        "ops": 0.806,
        "avg": 0.292,
        "obp": 0.354,
        "slg": 0.452,
        "rbi": 110,
        "sb": 1,
        "hr": 20
      },
      {
        "name": "마차도",
        "year": 20,
        "team": "롯데",
        "pa": 560,
        "ops": 0.778,
        "avg": 0.28,
        "obp": 0.356,
        "slg": 0.422,
        "rbi": 67,
        "sb": 15,
        "hr": 12
      },
      {
        "name": "전준우",
        "year": 20,
        "team": "롯데",
        "pa": 628,
        "ops": 0.829,
        "avg": 0.279,
        "obp": 0.347,
        "slg": 0.482,
        "rbi": 96,
        "sb": 5,
        "hr": 26
      },
      {
        "name": "민병헌",
        "year": 20,
        "team": "롯데",
        "pa": 342,
        "ops": 0.582,
        "avg": 0.233,
        "obp": 0.291,
        "slg": 0.291,
        "rbi": 23,
        "sb": 10,
        "hr": 2
      },
      {
        "name": "정훈",
        "year": 20,
        "team": "롯데",
        "pa": 476,
        "ops": 0.809,
        "avg": 0.295,
        "obp": 0.382,
        "slg": 0.427,
        "rbi": 58,
        "sb": 11,
        "hr": 11
      }
    ]
  },
  {
    "generation": 14,
    "expected_score": 6.155,
    "lineup": [
      "한동희",
      "민병헌",
      "손아섭",
      "김준태",
      "이대호",
      "전준우",
      "안치홍",
      "마차도",
      "정훈"
    ],
    "player_stats": [
      {
        "name": "한동희",
        "year": 20,
        "team": "롯데",
        "pa": 531,
        "ops": 0.797,
        "avg": 0.278,
        "obp": 0.361,
        "slg": 0.436,
        "rbi": 67,
        "sb": 0,
        "hr": 17
      },
      {
        "name": "민병헌",
        "year": 20,
        "team": "롯데",
        "pa": 342,
        "ops": 0.582,
        "avg": 0.233,
        "obp": 0.291,
        "slg": 0.291,
        "rbi": 23,
        "sb": 10,
        "hr": 2
      },
      {
        "name": "손아섭",
        "year": 20,
        "team": "롯데",
        "pa": 611,
        "ops": 0.908,
        "avg": 0.352,
        "obp": 0.415,
        "slg": 0.493,
        "rbi": 85,
        "sb": 5,
        "hr": 11
      },
      {
        "name": "김준태",
        "year": 20,
        "team": "롯데",
        "pa": 369,
        "ops": 0.671,
        "avg": 0.225,
        "obp": 0.344,
        "slg": 0.327,
        "rbi": 43,
        "sb": 2,
        "hr": 5
      },
      {
        "name": "이대호",
        "year": 20,
        "team": "롯데",
        "pa": 611,
        "ops": 0.806,
        "avg": 0.292,
        "obp": 0.354,
        "slg": 0.452,
        "rbi": 110,
        "sb": 1,
        "hr": 20
      },
      {
        "name": "전준우",
        "year": 20,
        "team": "롯데",
        "pa": 628,
        "ops": 0.829,
        "avg": 0.279,
        "obp": 0.347,
        "slg": 0.482,
        "rbi": 96,
        "sb": 5,
        "hr": 26
      },
      {
        "name": "안치홍",
        "year": 20,
        "team": "롯데",
        "pa": 460,
        "ops": 0.764,
        "avg": 0.286,
        "obp": 0.351,
        "slg": 0.413,
        "rbi": 54,
        "sb": 14,
        "hr": 8
      },
      {
        "name": "마차도",
        "year": 20,
        "team": "롯데",
        "pa": 560,
        "ops": 0.778,
        "avg": 0.28,
        "obp": 0.356,
        "slg": 0.422,
        "rbi": 67,
        "sb": 15,
        "hr": 12
      },
      {
        "name": "정훈",
        "year": 20,
        "team": "롯데",
        "pa": 476,
        "ops": 0.809,
        "avg": 0.295,
        "obp": 0.382,
        "slg": 0.427,
        "rbi": 58,
        "sb": 11,
        "hr": 11
      }
    ]
  },
  {
    "generation": 15,
    "expected_score": 6.19,
    "lineup": [
      "한동희",
      "민병헌",
      "손아섭",
      "안치홍",
      "전준우",
      "이대호",
      "정훈",
      "김준태",
      "마차도"
    ],
    "player_stats": [
      {
        "name": "한동희",
        "year": 20,
        "team": "롯데",
        "pa": 531,
        "ops": 0.797,
        "avg": 0.278,
        "obp": 0.361,
        "slg": 0.436,
        "rbi": 67,
        "sb": 0,
        "hr": 17
      },
      {
        "name": "민병헌",
        "year": 20,
        "team": "롯데",
        "pa": 342,
        "ops": 0.582,
        "avg": 0.233,
        "obp": 0.291,
        "slg": 0.291,
        "rbi": 23,
        "sb": 10,
        "hr": 2
      },
      {
        "name": "손아섭",
        "year": 20,
        "team": "롯데",
        "pa": 611,
        "ops": 0.908,
        "avg": 0.352,
        "obp": 0.415,
        "slg": 0.493,
        "rbi": 85,
        "sb": 5,
        "hr": 11
      },
      {
        "name": "안치홍",
        "year": 20,
        "team": "롯데",
        "pa": 460,
        "ops": 0.764,
        "avg": 0.286,
        "obp": 0.351,
        "slg": 0.413,
        "rbi": 54,
        "sb": 14,
        "hr": 8
      },
      {
        "name": "전준우",
        "year": 20,
        "team": "롯데",
        "pa": 628,
        "ops": 0.829,
        "avg": 0.279,
        "obp": 0.347,
        "slg": 0.482,
        "rbi": 96,
        "sb": 5,
        "hr": 26
      },
      {
        "name": "이대호",
        "year": 20,
        "team": "롯데",
        "pa": 611,
        "ops": 0.806,
        "avg": 0.292,
        "obp": 0.354,
        "slg": 0.452,
        "rbi": 110,
        "sb": 1,
        "hr": 20
      },
      {
        "name": "정훈",
        "year": 20,
        "team": "롯데",
        "pa": 476,
        "ops": 0.809,
        "avg": 0.295,
        "obp": 0.382,
        "slg": 0.427,
        "rbi": 58,
        "sb": 11,
        "hr": 11
      },
      {
        "name": "김준태",
        "year": 20,
        "team": "롯데",
        "pa": 369,
        "ops": 0.671,
        "avg": 0.225,
        "obp": 0.344,
        "slg": 0.327,
        "rbi": 43,
        "sb": 2,
        "hr": 5
      },
      {
        "name": "마차도",
        "year": 20,
        "team": "롯데",
        "pa": 560,
        "ops": 0.778,
        "avg": 0.28,
        "obp": 0.356,
        "slg": 0.422,
        "rbi": 67,
        "sb": 15,
        "hr": 12
      }
    ]
  },
  {
    "generation": 16,
    "expected_score": 6.16,
    "lineup": [
      "안치홍",
      "한동희",
      "손아섭",
      "김준태",
      "민병헌",
      "이대호",
      "마차도",
      "정훈",
      "전준우"
    ],
    "player_stats": [
      {
        "name": "안치홍",
        "year": 20,
        "team": "롯데",
        "pa": 460,
        "ops": 0.764,
        "avg": 0.286,
        "obp": 0.351,
        "slg": 0.413,
        "rbi": 54,
        "sb": 14,
        "hr": 8
      },
      {
        "name": "한동희",
        "year": 20,
        "team": "롯데",
        "pa": 531,
        "ops": 0.797,
        "avg": 0.278,
        "obp": 0.361,
        "slg": 0.436,
        "rbi": 67,
        "sb": 0,
        "hr": 17
      },
      {
        "name": "손아섭",
        "year": 20,
        "team": "롯데",
        "pa": 611,
        "ops": 0.908,
        "avg": 0.352,
        "obp": 0.415,
        "slg": 0.493,
        "rbi": 85,
        "sb": 5,
        "hr": 11
      },
      {
        "name": "김준태",
        "year": 20,
        "team": "롯데",
        "pa": 369,
        "ops": 0.671,
        "avg": 0.225,
        "obp": 0.344,
        "slg": 0.327,
        "rbi": 43,
        "sb": 2,
        "hr": 5
      },
      {
        "name": "민병헌",
        "year": 20,
        "team": "롯데",
        "pa": 342,
        "ops": 0.582,
        "avg": 0.233,
        "obp": 0.291,
        "slg": 0.291,
        "rbi": 23,
        "sb": 10,
        "hr": 2
      },
      {
        "name": "이대호",
        "year": 20,
        "team": "롯데",
        "pa": 611,
        "ops": 0.806,
        "avg": 0.292,
        "obp": 0.354,
        "slg": 0.452,
        "rbi": 110,
        "sb": 1,
        "hr": 20
      },
      {
        "name": "마차도",
        "year": 20,
        "team": "롯데",
        "pa": 560,
        "ops": 0.778,
        "avg": 0.28,
        "obp": 0.356,
        "slg": 0.422,
        "rbi": 67,
        "sb": 15,
        "hr": 12
      },
      {
        "name": "정훈",
        "year": 20,
        "team": "롯데",
        "pa": 476,
        "ops": 0.809,
        "avg": 0.295,
        "obp": 0.382,
        "slg": 0.427,
        "rbi": 58,
        "sb": 11,
        "hr": 11
      },
      {
        "name": "전준우",
        "year": 20,
        "team": "롯데",
        "pa": 628,
        "ops": 0.829,
        "avg": 0.279,
        "obp": 0.347,
        "slg": 0.482,
        "rbi": 96,
        "sb": 5,
        "hr": 26
      }
    ]
  },
  {
    "generation": 17,
    "expected_score": 6.215,
    "lineup": [
      "한동희",
      "민병헌",
      "손아섭",
      "정훈",
      "김준태",
      "안치홍",
      "전준우",
      "이대호",
      "마차도"
    ],
    "player_stats": [
      {
        "name": "한동희",
        "year": 20,
        "team": "롯데",
        "pa": 531,
        "ops": 0.797,
        "avg": 0.278,
        "obp": 0.361,
        "slg": 0.436,
        "rbi": 67,
        "sb": 0,
        "hr": 17
      },
      {
        "name": "민병헌",
        "year": 20,
        "team": "롯데",
        "pa": 342,
        "ops": 0.582,
        "avg": 0.233,
        "obp": 0.291,
        "slg": 0.291,
        "rbi": 23,
        "sb": 10,
        "hr": 2
      },
      {
        "name": "손아섭",
        "year": 20,
        "team": "롯데",
        "pa": 611,
        "ops": 0.908,
        "avg": 0.352,
        "obp": 0.415,
        "slg": 0.493,
        "rbi": 85,
        "sb": 5,
        "hr": 11
      },
      {
        "name": "정훈",
        "year": 20,
        "team": "롯데",
        "pa": 476,
        "ops": 0.809,
        "avg": 0.295,
        "obp": 0.382,
        "slg": 0.427,
        "rbi": 58,
        "sb": 11,
        "hr": 11
      },
      {
        "name": "김준태",
        "year": 20,
        "team": "롯데",
        "pa": 369,
        "ops": 0.671,
        "avg": 0.225,
        "obp": 0.344,
        "slg": 0.327,
        "rbi": 43,
        "sb": 2,
        "hr": 5
      },
      {
        "name": "안치홍",
        "year": 20,
        "team": "롯데",
        "pa": 460,
        "ops": 0.764,
        "avg": 0.286,
        "obp": 0.351,
        "slg": 0.413,
        "rbi": 54,
        "sb": 14,
        "hr": 8
      },
      {
        "name": "전준우",
        "year": 20,
        "team": "롯데",
        "pa": 628,
        "ops": 0.829,
        "avg": 0.279,
        "obp": 0.347,
        "slg": 0.482,
        "rbi": 96,
        "sb": 5,
        "hr": 26
      },
      {
        "name": "이대호",
        "year": 20,
        "team": "롯데",
        "pa": 611,
        "ops": 0.806,
        "avg": 0.292,
        "obp": 0.354,
        "slg": 0.452,
        "rbi": 110,
        "sb": 1,
        "hr": 20
      },
      {
        "name": "마차도",
        "year": 20,
        "team": "롯데",
        "pa": 560,
        "ops": 0.778,
        "avg": 0.28,
        "obp": 0.356,
        "slg": 0.422,
        "rbi": 67,
        "sb": 15,
        "hr": 12
      }
    ]
  },
  {
    "generation": 18,
    "expected_score": 6.37,
    "lineup": [
      "김준태",
      "손아섭",
      "이대호",
      "전준우",
      "안치홍",
      "민병헌",
      "한동희",
      "마차도",
      "정훈"
    ],
    "player_stats": [
      {
        "name": "김준태",
        "year": 20,
        "team": "롯데",
        "pa": 369,
        "ops": 0.671,
        "avg": 0.225,
        "obp": 0.344,
        "slg": 0.327,
        "rbi": 43,
        "sb": 2,
        "hr": 5
      },
      {
        "name": "손아섭",
        "year": 20,
        "team": "롯데",
        "pa": 611,
        "ops": 0.908,
        "avg": 0.352,
        "obp": 0.415,
        "slg": 0.493,
        "rbi": 85,
        "sb": 5,
        "hr": 11
      },
      {
        "name": "이대호",
        "year": 20,
        "team": "롯데",
        "pa": 611,
        "ops": 0.806,
        "avg": 0.292,
        "obp": 0.354,
        "slg": 0.452,
        "rbi": 110,
        "sb": 1,
        "hr": 20
      },
      {
        "name": "전준우",
        "year": 20,
        "team": "롯데",
        "pa": 628,
        "ops": 0.829,
        "avg": 0.279,
        "obp": 0.347,
        "slg": 0.482,
        "rbi": 96,
        "sb": 5,
        "hr": 26
      },
      {
        "name": "안치홍",
        "year": 20,
        "team": "롯데",
        "pa": 460,
        "ops": 0.764,
        "avg": 0.286,
        "obp": 0.351,
        "slg": 0.413,
        "rbi": 54,
        "sb": 14,
        "hr": 8
      },
      {
        "name": "민병헌",
        "year": 20,
        "team": "롯데",
        "pa": 342,
        "ops": 0.582,
        "avg": 0.233,
        "obp": 0.291,
        "slg": 0.291,
        "rbi": 23,
        "sb": 10,
        "hr": 2
      },
      {
        "name": "한동희",
        "year": 20,
        "team": "롯데",
        "pa": 531,
        "ops": 0.797,
        "avg": 0.278,
        "obp": 0.361,
        "slg": 0.436,
        "rbi": 67,
        "sb": 0,
        "hr": 17
      },
      {
        "name": "마차도",
        "year": 20,
        "team": "롯데",
        "pa": 560,
        "ops": 0.778,
        "avg": 0.28,
        "obp": 0.356,
        "slg": 0.422,
        "rbi": 67,
        "sb": 15,
        "hr": 12
      },
      {
        "name": "정훈",
        "year": 20,
        "team": "롯데",
        "pa": 476,
        "ops": 0.809,
        "avg": 0.295,
        "obp": 0.382,
        "slg": 0.427,
        "rbi": 58,
        "sb": 11,
        "hr": 11
      }
    ]
  },
  {
    "generation": 19,
    "expected_score": 5.97,
    "lineup": [
      "손아섭",
      "마차도",
      "민병헌",
      "한동희",
      "김준태",
      "안치홍",
      "전준우",
      "이대호",
      "정훈"
    ],
    "player_stats": [
      {
        "name": "손아섭",
        "year": 20,
        "team": "롯데",
        "pa": 611,
        "ops": 0.908,
        "avg": 0.352,
        "obp": 0.415,
        "slg": 0.493,
        "rbi": 85,
        "sb": 5,
        "hr": 11
      },
      {
        "name": "마차도",
        "year": 20,
        "team": "롯데",
        "pa": 560,
        "ops": 0.778,
        "avg": 0.28,
        "obp": 0.356,
        "slg": 0.422,
        "rbi": 67,
        "sb": 15,
        "hr": 12
      },
      {
        "name": "민병헌",
        "year": 20,
        "team": "롯데",
        "pa": 342,
        "ops": 0.582,
        "avg": 0.233,
        "obp": 0.291,
        "slg": 0.291,
        "rbi": 23,
        "sb": 10,
        "hr": 2
      },
      {
        "name": "한동희",
        "year": 20,
        "team": "롯데",
        "pa": 531,
        "ops": 0.797,
        "avg": 0.278,
        "obp": 0.361,
        "slg": 0.436,
        "rbi": 67,
        "sb": 0,
        "hr": 17
      },
      {
        "name": "김준태",
        "year": 20,
        "team": "롯데",
        "pa": 369,
        "ops": 0.671,
        "avg": 0.225,
        "obp": 0.344,
        "slg": 0.327,
        "rbi": 43,
        "sb": 2,
        "hr": 5
      },
      {
        "name": "안치홍",
        "year": 20,
        "team": "롯데",
        "pa": 460,
        "ops": 0.764,
        "avg": 0.286,
        "obp": 0.351,
        "slg": 0.413,
        "rbi": 54,
        "sb": 14,
        "hr": 8
      },
      {
        "name": "전준우",
        "year": 20,
        "team": "롯데",
        "pa": 628,
        "ops": 0.829,
        "avg": 0.279,
        "obp": 0.347,
        "slg": 0.482,
        "rbi": 96,
        "sb": 5,
        "hr": 26
      },
      {
        "name": "이대호",
        "year": 20,
        "team": "롯데",
        "pa": 611,
        "ops": 0.806,
        "avg": 0.292,
        "obp": 0.354,
        "slg": 0.452,
        "rbi": 110,
        "sb": 1,
        "hr": 20
      },
      {
        "name": "정훈",
        "year": 20,
        "team": "롯데",
        "pa": 476,
        "ops": 0.809,
        "avg": 0.295,
        "obp": 0.382,
        "slg": 0.427,
        "rbi": 58,
        "sb": 11,
        "hr": 11
      }
    ]
  },
  {
    "generation": 20,
    "expected_score": 5.975,
    "lineup": [
      "손아섭",
      "마차도",
      "민병헌",
      "한동희",
      "김준태",
      "이대호",
      "전준우",
      "안치홍",
      "정훈"
    ],
    "player_stats": [
      {
        "name": "손아섭",
        "year": 20,
        "team": "롯데",
        "pa": 611,
        "ops": 0.908,
        "avg": 0.352,
        "obp": 0.415,
        "slg": 0.493,
        "rbi": 85,
        "sb": 5,
        "hr": 11
      },
      {
        "name": "마차도",
        "year": 20,
        "team": "롯데",
        "pa": 560,
        "ops": 0.778,
        "avg": 0.28,
        "obp": 0.356,
        "slg": 0.422,
        "rbi": 67,
        "sb": 15,
        "hr": 12
      },
      {
        "name": "민병헌",
        "year": 20,
        "team": "롯데",
        "pa": 342,
        "ops": 0.582,
        "avg": 0.233,
        "obp": 0.291,
        "slg": 0.291,
        "rbi": 23,
        "sb": 10,
        "hr": 2
      },
      {
        "name": "한동희",
        "year": 20,
        "team": "롯데",
        "pa": 531,
        "ops": 0.797,
        "avg": 0.278,
        "obp": 0.361,
        "slg": 0.436,
        "rbi": 67,
        "sb": 0,
        "hr": 17
      },
      {
        "name": "김준태",
        "year": 20,
        "team": "롯데",
        "pa": 369,
        "ops": 0.671,
        "avg": 0.225,
        "obp": 0.344,
        "slg": 0.327,
        "rbi": 43,
        "sb": 2,
        "hr": 5
      },
      {
        "name": "이대호",
        "year": 20,
        "team": "롯데",
        "pa": 611,
        "ops": 0.806,
        "avg": 0.292,
        "obp": 0.354,
        "slg": 0.452,
        "rbi": 110,
        "sb": 1,
        "hr": 20
      },
      {
        "name": "전준우",
        "year": 20,
        "team": "롯데",
        "pa": 628,
        "ops": 0.829,
        "avg": 0.279,
        "obp": 0.347,
        "slg": 0.482,
        "rbi": 96,
        "sb": 5,
        "hr": 26
      },
      {
        "name": "안치홍",
        "year": 20,
        "team": "롯데",
        "pa": 460,
        "ops": 0.764,
        "avg": 0.286,
        "obp": 0.351,
        "slg": 0.413,
        "rbi": 54,
        "sb": 14,
        "hr": 8
      },
      {
        "name": "정훈",
        "year": 20,
        "team": "롯데",
        "pa": 476,
        "ops": 0.809,
        "avg": 0.295,
        "obp": 0.382,
        "slg": 0.427,
        "rbi": 58,
        "sb": 11,
        "hr": 11
      }
    ]
  },
  {
    "generation": 21,
    "expected_score": 6.065,
    "lineup": [
      "한동희",
      "안치홍",
      "김준태",
      "손아섭",
      "이대호",
      "민병헌",
      "전준우",
      "정훈",
      "마차도"
    ],
    "player_stats": [
      {
        "name": "한동희",
        "year": 20,
        "team": "롯데",
        "pa": 531,
        "ops": 0.797,
        "avg": 0.278,
        "obp": 0.361,
        "slg": 0.436,
        "rbi": 67,
        "sb": 0,
        "hr": 17
      },
      {
        "name": "안치홍",
        "year": 20,
        "team": "롯데",
        "pa": 460,
        "ops": 0.764,
        "avg": 0.286,
        "obp": 0.351,
        "slg": 0.413,
        "rbi": 54,
        "sb": 14,
        "hr": 8
      },
      {
        "name": "김준태",
        "year": 20,
        "team": "롯데",
        "pa": 369,
        "ops": 0.671,
        "avg": 0.225,
        "obp": 0.344,
        "slg": 0.327,
        "rbi": 43,
        "sb": 2,
        "hr": 5
      },
      {
        "name": "손아섭",
        "year": 20,
        "team": "롯데",
        "pa": 611,
        "ops": 0.908,
        "avg": 0.352,
        "obp": 0.415,
        "slg": 0.493,
        "rbi": 85,
        "sb": 5,
        "hr": 11
      },
      {
        "name": "이대호",
        "year": 20,
        "team": "롯데",
        "pa": 611,
        "ops": 0.806,
        "avg": 0.292,
        "obp": 0.354,
        "slg": 0.452,
        "rbi": 110,
        "sb": 1,
        "hr": 20
      },
      {
        "name": "민병헌",
        "year": 20,
        "team": "롯데",
        "pa": 342,
        "ops": 0.582,
        "avg": 0.233,
        "obp": 0.291,
        "slg": 0.291,
        "rbi": 23,
        "sb": 10,
        "hr": 2
      },
      {
        "name": "전준우",
        "year": 20,
        "team": "롯데",
        "pa": 628,
        "ops": 0.829,
        "avg": 0.279,
        "obp": 0.347,
        "slg": 0.482,
        "rbi": 96,
        "sb": 5,
        "hr": 26
      },
      {
        "name": "정훈",
        "year": 20,
        "team": "롯데",
        "pa": 476,
        "ops": 0.809,
        "avg": 0.295,
        "obp": 0.382,
        "slg": 0.427,
        "rbi": 58,
        "sb": 11,
        "hr": 11
      },
      {
        "name": "마차도",
        "year": 20,
        "team": "롯데",
        "pa": 560,
        "ops": 0.778,
        "avg": 0.28,
        "obp": 0.356,
        "slg": 0.422,
        "rbi": 67,
        "sb": 15,
        "hr": 12
      }
    ]
  },
  {
    "generation": 22,
    "expected_score": 5.965,
    "lineup": [
      "손아섭",
      "김준태",
      "한동희",
      "이대호",
      "안치홍",
      "민병헌",
      "전준우",
      "정훈",
      "마차도"
    ],
    "player_stats": [
      {
        "name": "손아섭",
        "year": 20,
        "team": "롯데",
        "pa": 611,
        "ops": 0.908,
        "avg": 0.352,
        "obp": 0.415,
        "slg": 0.493,
        "rbi": 85,
        "sb": 5,
        "hr": 11
      },
      {
        "name": "김준태",
        "year": 20,
        "team": "롯데",
        "pa": 369,
        "ops": 0.671,
        "avg": 0.225,
        "obp": 0.344,
        "slg": 0.327,
        "rbi": 43,
        "sb": 2,
        "hr": 5
      },
      {
        "name": "한동희",
        "year": 20,
        "team": "롯데",
        "pa": 531,
        "ops": 0.797,
        "avg": 0.278,
        "obp": 0.361,
        "slg": 0.436,
        "rbi": 67,
        "sb": 0,
        "hr": 17
      },
      {
        "name": "이대호",
        "year": 20,
        "team": "롯데",
        "pa": 611,
        "ops": 0.806,
        "avg": 0.292,
        "obp": 0.354,
        "slg": 0.452,
        "rbi": 110,
        "sb": 1,
        "hr": 20
      },
      {
        "name": "안치홍",
        "year": 20,
        "team": "롯데",
        "pa": 460,
        "ops": 0.764,
        "avg": 0.286,
        "obp": 0.351,
        "slg": 0.413,
        "rbi": 54,
        "sb": 14,
        "hr": 8
      },
      {
        "name": "민병헌",
        "year": 20,
        "team": "롯데",
        "pa": 342,
        "ops": 0.582,
        "avg": 0.233,
        "obp": 0.291,
        "slg": 0.291,
        "rbi": 23,
        "sb": 10,
        "hr": 2
      },
      {
        "name": "전준우",
        "year": 20,
        "team": "롯데",
        "pa": 628,
        "ops": 0.829,
        "avg": 0.279,
        "obp": 0.347,
        "slg": 0.482,
        "rbi": 96,
        "sb": 5,
        "hr": 26
      },
      {
        "name": "정훈",
        "year": 20,
        "team": "롯데",
        "pa": 476,
        "ops": 0.809,
        "avg": 0.295,
        "obp": 0.382,
        "slg": 0.427,
        "rbi": 58,
        "sb": 11,
        "hr": 11
      },
      {
        "name": "마차도",
        "year": 20,
        "team": "롯데",
        "pa": 560,
        "ops": 0.778,
        "avg": 0.28,
        "obp": 0.356,
        "slg": 0.422,
        "rbi": 67,
        "sb": 15,
        "hr": 12
      }
    ]
  },
  {
    "generation": 23,
    "expected_score": 6.055,
    "lineup": [
      "민병헌",
      "김준태",
      "한동희",
      "마차도",
      "손아섭",
      "이대호",
      "전준우",
      "안치홍",
      "정훈"
    ],
    "player_stats": [
      {
        "name": "민병헌",
        "year": 20,
        "team": "롯데",
        "pa": 342,
        "ops": 0.582,
        "avg": 0.233,
        "obp": 0.291,
        "slg": 0.291,
        "rbi": 23,
        "sb": 10,
        "hr": 2
      },
      {
        "name": "김준태",
        "year": 20,
        "team": "롯데",
        "pa": 369,
        "ops": 0.671,
        "avg": 0.225,
        "obp": 0.344,
        "slg": 0.327,
        "rbi": 43,
        "sb": 2,
        "hr": 5
      },
      {
        "name": "한동희",
        "year": 20,
        "team": "롯데",
        "pa": 531,
        "ops": 0.797,
        "avg": 0.278,
        "obp": 0.361,
        "slg": 0.436,
        "rbi": 67,
        "sb": 0,
        "hr": 17
      },
      {
        "name": "마차도",
        "year": 20,
        "team": "롯데",
        "pa": 560,
        "ops": 0.778,
        "avg": 0.28,
        "obp": 0.356,
        "slg": 0.422,
        "rbi": 67,
        "sb": 15,
        "hr": 12
      },
      {
        "name": "손아섭",
        "year": 20,
        "team": "롯데",
        "pa": 611,
        "ops": 0.908,
        "avg": 0.352,
        "obp": 0.415,
        "slg": 0.493,
        "rbi": 85,
        "sb": 5,
        "hr": 11
      },
      {
        "name": "이대호",
        "year": 20,
        "team": "롯데",
        "pa": 611,
        "ops": 0.806,
        "avg": 0.292,
        "obp": 0.354,
        "slg": 0.452,
        "rbi": 110,
        "sb": 1,
        "hr": 20
      },
      {
        "name": "전준우",
        "year": 20,
        "team": "롯데",
        "pa": 628,
        "ops": 0.829,
        "avg": 0.279,
        "obp": 0.347,
        "slg": 0.482,
        "rbi": 96,
        "sb": 5,
        "hr": 26
      },
      {
        "name": "안치홍",
        "year": 20,
        "team": "롯데",
        "pa": 460,
        "ops": 0.764,
        "avg": 0.286,
        "obp": 0.351,
        "slg": 0.413,
        "rbi": 54,
        "sb": 14,
        "hr": 8
      },
      {
        "name": "정훈",
        "year": 20,
        "team": "롯데",
        "pa": 476,
        "ops": 0.809,
        "avg": 0.295,
        "obp": 0.382,
        "slg": 0.427,
        "rbi": 58,
        "sb": 11,
        "hr": 11
      }
    ]
  },
  {
    "generation": 24,
    "expected_score": 5.91,
    "lineup": [
      "손아섭",
      "마차도",
      "전준우",
      "김준태",
      "안치홍",
      "민병헌",
      "한동희",
      "이대호",
      "정훈"
    ],
    "player_stats": [
      {
        "name": "손아섭",
        "year": 20,
        "team": "롯데",
        "pa": 611,
        "ops": 0.908,
        "avg": 0.352,
        "obp": 0.415,
        "slg": 0.493,
        "rbi": 85,
        "sb": 5,
        "hr": 11
      },
      {
        "name": "마차도",
        "year": 20,
        "team": "롯데",
        "pa": 560,
        "ops": 0.778,
        "avg": 0.28,
        "obp": 0.356,
        "slg": 0.422,
        "rbi": 67,
        "sb": 15,
        "hr": 12
      },
      {
        "name": "전준우",
        "year": 20,
        "team": "롯데",
        "pa": 628,
        "ops": 0.829,
        "avg": 0.279,
        "obp": 0.347,
        "slg": 0.482,
        "rbi": 96,
        "sb": 5,
        "hr": 26
      },
      {
        "name": "김준태",
        "year": 20,
        "team": "롯데",
        "pa": 369,
        "ops": 0.671,
        "avg": 0.225,
        "obp": 0.344,
        "slg": 0.327,
        "rbi": 43,
        "sb": 2,
        "hr": 5
      },
      {
        "name": "안치홍",
        "year": 20,
        "team": "롯데",
        "pa": 460,
        "ops": 0.764,
        "avg": 0.286,
        "obp": 0.351,
        "slg": 0.413,
        "rbi": 54,
        "sb": 14,
        "hr": 8
      },
      {
        "name": "민병헌",
        "year": 20,
        "team": "롯데",
        "pa": 342,
        "ops": 0.582,
        "avg": 0.233,
        "obp": 0.291,
        "slg": 0.291,
        "rbi": 23,
        "sb": 10,
        "hr": 2
      },
      {
        "name": "한동희",
        "year": 20,
        "team": "롯데",
        "pa": 531,
        "ops": 0.797,
        "avg": 0.278,
        "obp": 0.361,
        "slg": 0.436,
        "rbi": 67,
        "sb": 0,
        "hr": 17
      },
      {
        "name": "이대호",
        "year": 20,
        "team": "롯데",
        "pa": 611,
        "ops": 0.806,
        "avg": 0.292,
        "obp": 0.354,
        "slg": 0.452,
        "rbi": 110,
        "sb": 1,
        "hr": 20
      },
      {
        "name": "정훈",
        "year": 20,
        "team": "롯데",
        "pa": 476,
        "ops": 0.809,
        "avg": 0.295,
        "obp": 0.382,
        "slg": 0.427,
        "rbi": 58,
        "sb": 11,
        "hr": 11
      }
    ]
  },
  {
    "generation": 25,
    "expected_score": 6.08,
    "lineup": [
      "손아섭",
      "안치홍",
      "민병헌",
      "김준태",
      "이대호",
      "정훈",
      "마차도",
      "한동희",
      "전준우"
    ],
    "player_stats": [
      {
        "name": "손아섭",
        "year": 20,
        "team": "롯데",
        "pa": 611,
        "ops": 0.908,
        "avg": 0.352,
        "obp": 0.415,
        "slg": 0.493,
        "rbi": 85,
        "sb": 5,
        "hr": 11
      },
      {
        "name": "안치홍",
        "year": 20,
        "team": "롯데",
        "pa": 460,
        "ops": 0.764,
        "avg": 0.286,
        "obp": 0.351,
        "slg": 0.413,
        "rbi": 54,
        "sb": 14,
        "hr": 8
      },
      {
        "name": "민병헌",
        "year": 20,
        "team": "롯데",
        "pa": 342,
        "ops": 0.582,
        "avg": 0.233,
        "obp": 0.291,
        "slg": 0.291,
        "rbi": 23,
        "sb": 10,
        "hr": 2
      },
      {
        "name": "김준태",
        "year": 20,
        "team": "롯데",
        "pa": 369,
        "ops": 0.671,
        "avg": 0.225,
        "obp": 0.344,
        "slg": 0.327,
        "rbi": 43,
        "sb": 2,
        "hr": 5
      },
      {
        "name": "이대호",
        "year": 20,
        "team": "롯데",
        "pa": 611,
        "ops": 0.806,
        "avg": 0.292,
        "obp": 0.354,
        "slg": 0.452,
        "rbi": 110,
        "sb": 1,
        "hr": 20
      },
      {
        "name": "정훈",
        "year": 20,
        "team": "롯데",
        "pa": 476,
        "ops": 0.809,
        "avg": 0.295,
        "obp": 0.382,
        "slg": 0.427,
        "rbi": 58,
        "sb": 11,
        "hr": 11
      },
      {
        "name": "마차도",
        "year": 20,
        "team": "롯데",
        "pa": 560,
        "ops": 0.778,
        "avg": 0.28,
        "obp": 0.356,
        "slg": 0.422,
        "rbi": 67,
        "sb": 15,
        "hr": 12
      },
      {
        "name": "한동희",
        "year": 20,
        "team": "롯데",
        "pa": 531,
        "ops": 0.797,
        "avg": 0.278,
        "obp": 0.361,
        "slg": 0.436,
        "rbi": 67,
        "sb": 0,
        "hr": 17
      },
      {
        "name": "전준우",
        "year": 20,
        "team": "롯데",
        "pa": 628,
        "ops": 0.829,
        "avg": 0.279,
        "obp": 0.347,
        "slg": 0.482,
        "rbi": 96,
        "sb": 5,
        "hr": 26
      }
    ]
  },
  {
    "generation": 26,
    "expected_score": 6.375,
    "lineup": [
      "손아섭",
      "전준우",
      "김준태",
      "민병헌",
      "이대호",
      "안치홍",
      "한동희",
      "정훈",
      "마차도"
    ],
    "player_stats": [
      {
        "name": "손아섭",
        "year": 20,
        "team": "롯데",
        "pa": 611,
        "ops": 0.908,
        "avg": 0.352,
        "obp": 0.415,
        "slg": 0.493,
        "rbi": 85,
        "sb": 5,
        "hr": 11
      },
      {
        "name": "전준우",
        "year": 20,
        "team": "롯데",
        "pa": 628,
        "ops": 0.829,
        "avg": 0.279,
        "obp": 0.347,
        "slg": 0.482,
        "rbi": 96,
        "sb": 5,
        "hr": 26
      },
      {
        "name": "김준태",
        "year": 20,
        "team": "롯데",
        "pa": 369,
        "ops": 0.671,
        "avg": 0.225,
        "obp": 0.344,
        "slg": 0.327,
        "rbi": 43,
        "sb": 2,
        "hr": 5
      },
      {
        "name": "민병헌",
        "year": 20,
        "team": "롯데",
        "pa": 342,
        "ops": 0.582,
        "avg": 0.233,
        "obp": 0.291,
        "slg": 0.291,
        "rbi": 23,
        "sb": 10,
        "hr": 2
      },
      {
        "name": "이대호",
        "year": 20,
        "team": "롯데",
        "pa": 611,
        "ops": 0.806,
        "avg": 0.292,
        "obp": 0.354,
        "slg": 0.452,
        "rbi": 110,
        "sb": 1,
        "hr": 20
      },
      {
        "name": "안치홍",
        "year": 20,
        "team": "롯데",
        "pa": 460,
        "ops": 0.764,
        "avg": 0.286,
        "obp": 0.351,
        "slg": 0.413,
        "rbi": 54,
        "sb": 14,
        "hr": 8
      },
      {
        "name": "한동희",
        "year": 20,
        "team": "롯데",
        "pa": 531,
        "ops": 0.797,
        "avg": 0.278,
        "obp": 0.361,
        "slg": 0.436,
        "rbi": 67,
        "sb": 0,
        "hr": 17
      },
      {
        "name": "정훈",
        "year": 20,
        "team": "롯데",
        "pa": 476,
        "ops": 0.809,
        "avg": 0.295,
        "obp": 0.382,
        "slg": 0.427,
        "rbi": 58,
        "sb": 11,
        "hr": 11
      },
      {
        "name": "마차도",
        "year": 20,
        "team": "롯데",
        "pa": 560,
        "ops": 0.778,
        "avg": 0.28,
        "obp": 0.356,
        "slg": 0.422,
        "rbi": 67,
        "sb": 15,
        "hr": 12
      }
    ]
  },
  {
    "generation": 27,
    "expected_score": 5.975,
    "lineup": [
      "손아섭",
      "안치홍",
      "민병헌",
      "한동희",
      "김준태",
      "전준우",
      "정훈",
      "마차도",
      "이대호"
    ],
    "player_stats": [
      {
        "name": "손아섭",
        "year": 20,
        "team": "롯데",
        "pa": 611,
        "ops": 0.908,
        "avg": 0.352,
        "obp": 0.415,
        "slg": 0.493,
        "rbi": 85,
        "sb": 5,
        "hr": 11
      },
      {
        "name": "안치홍",
        "year": 20,
        "team": "롯데",
        "pa": 460,
        "ops": 0.764,
        "avg": 0.286,
        "obp": 0.351,
        "slg": 0.413,
        "rbi": 54,
        "sb": 14,
        "hr": 8
      },
      {
        "name": "민병헌",
        "year": 20,
        "team": "롯데",
        "pa": 342,
        "ops": 0.582,
        "avg": 0.233,
        "obp": 0.291,
        "slg": 0.291,
        "rbi": 23,
        "sb": 10,
        "hr": 2
      },
      {
        "name": "한동희",
        "year": 20,
        "team": "롯데",
        "pa": 531,
        "ops": 0.797,
        "avg": 0.278,
        "obp": 0.361,
        "slg": 0.436,
        "rbi": 67,
        "sb": 0,
        "hr": 17
      },
      {
        "name": "김준태",
        "year": 20,
        "team": "롯데",
        "pa": 369,
        "ops": 0.671,
        "avg": 0.225,
        "obp": 0.344,
        "slg": 0.327,
        "rbi": 43,
        "sb": 2,
        "hr": 5
      },
      {
        "name": "전준우",
        "year": 20,
        "team": "롯데",
        "pa": 628,
        "ops": 0.829,
        "avg": 0.279,
        "obp": 0.347,
        "slg": 0.482,
        "rbi": 96,
        "sb": 5,
        "hr": 26
      },
      {
        "name": "정훈",
        "year": 20,
        "team": "롯데",
        "pa": 476,
        "ops": 0.809,
        "avg": 0.295,
        "obp": 0.382,
        "slg": 0.427,
        "rbi": 58,
        "sb": 11,
        "hr": 11
      },
      {
        "name": "마차도",
        "year": 20,
        "team": "롯데",
        "pa": 560,
        "ops": 0.778,
        "avg": 0.28,
        "obp": 0.356,
        "slg": 0.422,
        "rbi": 67,
        "sb": 15,
        "hr": 12
      },
      {
        "name": "이대호",
        "year": 20,
        "team": "롯데",
        "pa": 611,
        "ops": 0.806,
        "avg": 0.292,
        "obp": 0.354,
        "slg": 0.452,
        "rbi": 110,
        "sb": 1,
        "hr": 20
      }
    ]
  },
  {
    "generation": 28,
    "expected_score": 5.885,
    "lineup": [
      "이대호",
      "손아섭",
      "전준우",
      "김준태",
      "민병헌",
      "안치홍",
      "한동희",
      "정훈",
      "마차도"
    ],
    "player_stats": [
      {
        "name": "이대호",
        "year": 20,
        "team": "롯데",
        "pa": 611,
        "ops": 0.806,
        "avg": 0.292,
        "obp": 0.354,
        "slg": 0.452,
        "rbi": 110,
        "sb": 1,
        "hr": 20
      },
      {
        "name": "손아섭",
        "year": 20,
        "team": "롯데",
        "pa": 611,
        "ops": 0.908,
        "avg": 0.352,
        "obp": 0.415,
        "slg": 0.493,
        "rbi": 85,
        "sb": 5,
        "hr": 11
      },
      {
        "name": "전준우",
        "year": 20,
        "team": "롯데",
        "pa": 628,
        "ops": 0.829,
        "avg": 0.279,
        "obp": 0.347,
        "slg": 0.482,
        "rbi": 96,
        "sb": 5,
        "hr": 26
      },
      {
        "name": "김준태",
        "year": 20,
        "team": "롯데",
        "pa": 369,
        "ops": 0.671,
        "avg": 0.225,
        "obp": 0.344,
        "slg": 0.327,
        "rbi": 43,
        "sb": 2,
        "hr": 5
      },
      {
        "name": "민병헌",
        "year": 20,
        "team": "롯데",
        "pa": 342,
        "ops": 0.582,
        "avg": 0.233,
        "obp": 0.291,
        "slg": 0.291,
        "rbi": 23,
        "sb": 10,
        "hr": 2
      },
      {
        "name": "안치홍",
        "year": 20,
        "team": "롯데",
        "pa": 460,
        "ops": 0.764,
        "avg": 0.286,
        "obp": 0.351,
        "slg": 0.413,
        "rbi": 54,
        "sb": 14,
        "hr": 8
      },
      {
        "name": "한동희",
        "year": 20,
        "team": "롯데",
        "pa": 531,
        "ops": 0.797,
        "avg": 0.278,
        "obp": 0.361,
        "slg": 0.436,
        "rbi": 67,
        "sb": 0,
        "hr": 17
      },
      {
        "name": "정훈",
        "year": 20,
        "team": "롯데",
        "pa": 476,
        "ops": 0.809,
        "avg": 0.295,
        "obp": 0.382,
        "slg": 0.427,
        "rbi": 58,
        "sb": 11,
        "hr": 11
      },
      {
        "name": "마차도",
        "year": 20,
        "team": "롯데",
        "pa": 560,
        "ops": 0.778,
        "avg": 0.28,
        "obp": 0.356,
        "slg": 0.422,
        "rbi": 67,
        "sb": 15,
        "hr": 12
      }
    ]
  },
  {
    "generation": 29,
    "expected_score": 6.17,
    "lineup": [
      "전준우",
      "민병헌",
      "한동희",
      "김준태",
      "이대호",
      "손아섭",
      "안치홍",
      "정훈",
      "마차도"
    ],
    "player_stats": [
      {
        "name": "전준우",
        "year": 20,
        "team": "롯데",
        "pa": 628,
        "ops": 0.829,
        "avg": 0.279,
        "obp": 0.347,
        "slg": 0.482,
        "rbi": 96,
        "sb": 5,
        "hr": 26
      },
      {
        "name": "민병헌",
        "year": 20,
        "team": "롯데",
        "pa": 342,
        "ops": 0.582,
        "avg": 0.233,
        "obp": 0.291,
        "slg": 0.291,
        "rbi": 23,
        "sb": 10,
        "hr": 2
      },
      {
        "name": "한동희",
        "year": 20,
        "team": "롯데",
        "pa": 531,
        "ops": 0.797,
        "avg": 0.278,
        "obp": 0.361,
        "slg": 0.436,
        "rbi": 67,
        "sb": 0,
        "hr": 17
      },
      {
        "name": "김준태",
        "year": 20,
        "team": "롯데",
        "pa": 369,
        "ops": 0.671,
        "avg": 0.225,
        "obp": 0.344,
        "slg": 0.327,
        "rbi": 43,
        "sb": 2,
        "hr": 5
      },
      {
        "name": "이대호",
        "year": 20,
        "team": "롯데",
        "pa": 611,
        "ops": 0.806,
        "avg": 0.292,
        "obp": 0.354,
        "slg": 0.452,
        "rbi": 110,
        "sb": 1,
        "hr": 20
      },
      {
        "name": "손아섭",
        "year": 20,
        "team": "롯데",
        "pa": 611,
        "ops": 0.908,
        "avg": 0.352,
        "obp": 0.415,
        "slg": 0.493,
        "rbi": 85,
        "sb": 5,
        "hr": 11
      },
      {
        "name": "안치홍",
        "year": 20,
        "team": "롯데",
        "pa": 460,
        "ops": 0.764,
        "avg": 0.286,
        "obp": 0.351,
        "slg": 0.413,
        "rbi": 54,
        "sb": 14,
        "hr": 8
      },
      {
        "name": "정훈",
        "year": 20,
        "team": "롯데",
        "pa": 476,
        "ops": 0.809,
        "avg": 0.295,
        "obp": 0.382,
        "slg": 0.427,
        "rbi": 58,
        "sb": 11,
        "hr": 11
      },
      {
        "name": "마차도",
        "year": 20,
        "team": "롯데",
        "pa": 560,
        "ops": 0.778,
        "avg": 0.28,
        "obp": 0.356,
        "slg": 0.422,
        "rbi": 67,
        "sb": 15,
        "hr": 12
      }
    ]
  },
  {
    "generation": 30,
    "expected_score": 5.925,
    "lineup": [
      "손아섭",
      "전준우",
      "민병헌",
      "안치홍",
      "이대호",
      "정훈",
      "김준태",
      "한동희",
      "마차도"
    ],
    "player_stats": [
      {
        "name": "손아섭",
        "year": 20,
        "team": "롯데",
        "pa": 611,
        "ops": 0.908,
        "avg": 0.352,
        "obp": 0.415,
        "slg": 0.493,
        "rbi": 85,
        "sb": 5,
        "hr": 11
      },
      {
        "name": "전준우",
        "year": 20,
        "team": "롯데",
        "pa": 628,
        "ops": 0.829,
        "avg": 0.279,
        "obp": 0.347,
        "slg": 0.482,
        "rbi": 96,
        "sb": 5,
        "hr": 26
      },
      {
        "name": "민병헌",
        "year": 20,
        "team": "롯데",
        "pa": 342,
        "ops": 0.582,
        "avg": 0.233,
        "obp": 0.291,
        "slg": 0.291,
        "rbi": 23,
        "sb": 10,
        "hr": 2
      },
      {
        "name": "안치홍",
        "year": 20,
        "team": "롯데",
        "pa": 460,
        "ops": 0.764,
        "avg": 0.286,
        "obp": 0.351,
        "slg": 0.413,
        "rbi": 54,
        "sb": 14,
        "hr": 8
      },
      {
        "name": "이대호",
        "year": 20,
        "team": "롯데",
        "pa": 611,
        "ops": 0.806,
        "avg": 0.292,
        "obp": 0.354,
        "slg": 0.452,
        "rbi": 110,
        "sb": 1,
        "hr": 20
      },
      {
        "name": "정훈",
        "year": 20,
        "team": "롯데",
        "pa": 476,
        "ops": 0.809,
        "avg": 0.295,
        "obp": 0.382,
        "slg": 0.427,
        "rbi": 58,
        "sb": 11,
        "hr": 11
      },
      {
        "name": "김준태",
        "year": 20,
        "team": "롯데",
        "pa": 369,
        "ops": 0.671,
        "avg": 0.225,
        "obp": 0.344,
        "slg": 0.327,
        "rbi": 43,
        "sb": 2,
        "hr": 5
      },
      {
        "name": "한동희",
        "year": 20,
        "team": "롯데",
        "pa": 531,
        "ops": 0.797,
        "avg": 0.278,
        "obp": 0.361,
        "slg": 0.436,
        "rbi": 67,
        "sb": 0,
        "hr": 17
      },
      {
        "name": "마차도",
        "year": 20,
        "team": "롯데",
        "pa": 560,
        "ops": 0.778,
        "avg": 0.28,
        "obp": 0.356,
        "slg": 0.422,
        "rbi": 67,
        "sb": 15,
        "hr": 12
      }
    ]
  }
]