[
  {
    "generation": 1,
    "expected_score": 5.445,
    "lineup": [
      "김상수",
      "김헌곤",
      "이원석",
      "김지찬",
      "박해민",
      "구자욱",
      "김동엽",
      "이학주",
      "강민호"
    ],
    "player_stats": [
      {
        "name": "김상수",
        "year": 20,
        "team": "삼성",
        "pa": 471,
        "ops": 0.798,
        "avg": 0.304,
        "obp": 0.397,
        "slg": 0.401,
        "rbi": 47,
        "sb": 10,
        "hr": 5
      },
      {
        "name": "김헌곤",
        "year": 20,
        "team": "삼성",
        "pa": 283,
        "ops": 0.627,
        "avg": 0.248,
        "obp": 0.312,
        "slg": 0.315,
        "rbi": 34,
        "sb": 7,
        "hr": 3
      },
      {
        "name": "이원석",
        "year": 20,
        "team": "삼성",
        "pa": 467,
        "ops": 0.748,
        "avg": 0.268,
        "obp": 0.341,
        "slg": 0.407,
        "rbi": 74,
        "sb": 0,
        "hr": 13
      },
      {
        "name": "김지찬",
        "year": 20,
        "team": "삼성",
        "pa": 287,
        "ops": 0.573,
        "avg": 0.232,
        "obp": 0.301,
        "slg": 0.272,
        "rbi": 13,
        "sb": 21,
        "hr": 1
      },
      {
        "name": "박해민",
        "year": 20,
        "team": "삼성",
        "pa": 541,
        "ops": 0.76,
        "avg": 0.29,
        "obp": 0.345,
        "slg": 0.415,
        "rbi": 55,
        "sb": 34,
        "hr": 11
      },
      {
        "name": "구자욱",
        "year": 20,
        "team": "삼성",
        "pa": 510,
        "ops": 0.863,
        "avg": 0.307,
        "obp": 0.385,
        "slg": 0.478,
        "rbi": 78,
        "sb": 19,
        "hr": 15
      },
      {
        "name": "김동엽",
        "year": 20,
        "team": "삼성",
        "pa": 451,
        "ops": 0.868,
        "avg": 0.312,
        "obp": 0.36,
        "slg": 0.508,
        "rbi": 74,
        "sb": 4,
        "hr": 20
      },
      {
        "name": "이학주",
        "year": 20,
        "team": "삼성",
        "pa": 243,
        "ops": 0.654,
        "avg": 0.228,
        "obp": 0.314,
        "slg": 0.34,
        "rbi": 28,
        "sb": 6,
        "hr": 4
      },
      {
        "name": "강민호",
        "year": 20,
        "team": "삼성",
        "pa": 393,
        "ops": 0.836,
        "avg": 0.287,
        "obp": 0.349,
        "slg": 0.487,
        "rbi": 61,
        "sb": 0,
        "hr": 19
      }
    ]
  },
  {
    "generation": 2,
    "expected_score": 5.63,
    "lineup": [
      "김헌곤",
      "이원석",
      "박해민",
      "강민호",
      "김상수",
      "김지찬",
      "김동엽",
      "구자욱",
      "이학주"
    ],
    "player_stats": [
      {
        "name": "김헌곤",
        "year": 20,
        "team": "삼성",
        "pa": 283,
        "ops": 0.627,
        "avg": 0.248,
        "obp": 0.312,
        "slg": 0.315,
        "rbi": 34,
        "sb": 7,
        "hr": 3
      },
      {
        "name": "이원석",
        "year": 20,
        "team": "삼성",
        "pa": 467,
        "ops": 0.748,
        "avg": 0.268,
        "obp": 0.341,
        "slg": 0.407,
        "rbi": 74,
        "sb": 0,
        "hr": 13
      },
      {
        "name": "박해민",
        "year": 20,
        "team": "삼성",
        "pa": 541,
        "ops": 0.76,
        "avg": 0.29,
        "obp": 0.345,
        "slg": 0.415,
        "rbi": 55,
        "sb": 34,
        "hr": 11
      },
      {
        "name": "강민호",
        "year": 20,
        "team": "삼성",
        "pa": 393,
        "ops": 0.836,
        "avg": 0.287,
        "obp": 0.349,
        "slg": 0.487,
        "rbi": 61,
        "sb": 0,
        "hr": 19
      },
      {
        "name": "김상수",
        "year": 20,
        "team": "삼성",
        "pa": 471,
        "ops": 0.798,
        "avg": 0.304,
        "obp": 0.397,
        "slg": 0.401,
        "rbi": 47,
        "sb": 10,
        "hr": 5
      },
      {
        "name": "김지찬",
        "year": 20,
        "team": "삼성",
        "pa": 287,
        "ops": 0.573,
        "avg": 0.232,
        "obp": 0.301,
        "slg": 0.272,
        "rbi": 13,
        "sb": 21,
        "hr": 1
      },
      {
        "name": "김동엽",
        "year": 20,
        "team": "삼성",
        "pa": 451,
        "ops": 0.868,
        "avg": 0.312,
        "obp": 0.36,
        "slg": 0.508,
        "rbi": 74,
        "sb": 4,
        "hr": 20
      },
      {
        "name": "구자욱",
        "year": 20,
        "team": "삼성",
        "pa": 510,
        "ops": 0.863,
        "avg": 0.307,
        "obp": 0.385,
        "slg": 0.478,
        "rbi": 78,
        "sb": 19,
        "hr": 15
      },
      {
        "name": "이학주",
        "year": 20,
        "team": "삼성",
        "pa": 243,
        "ops": 0.654,
        "avg": 0.228,
        "obp": 0.314,
        "slg": 0.34,
        "rbi": 28,
        "sb": 6,
        "hr": 4
      }
    ]
  },
  {
    "generation": 3,
    "expected_score": 5.57,
    "lineup": [
      "이학주",
      "구자욱",
      "김상수",
      "김동엽",
      "이원석",
      "김지찬",
      "강민호",
      "김헌곤",
      "박해민"
    ],
    "player_stats": [
      {
        "name": "이학주",
        "year": 20,
        "team": "삼성",
        "pa": 243,
        "ops": 0.654,
        "avg": 0.228,
        "obp": 0.314,
        "slg": 0.34,
        "rbi": 28,
        "sb": 6,
        "hr": 4
      },
      {
        "name": "구자욱",
        "year": 20,
        "team": "삼성",
        "pa": 510,
        "ops": 0.863,
        "avg": 0.307,
        "obp": 0.385,
        "slg": 0.478,
        "rbi": 78,
        "sb": 19,
        "hr": 15
      },
      {
        "name": "김상수",
        "year": 20,
        "team": "삼성",
        "pa": 471,
        "ops": 0.798,
        "avg": 0.304,
        "obp": 0.397,
        "slg": 0.401,
        "rbi": 47,
        "sb": 10,
        "hr": 5
      },
      {
        "name": "김동엽",
        "year": 20,
        "team": "삼성",
        "pa": 451,
        "ops": 0.868,
        "avg": 0.312,
        "obp": 0.36,
        "slg": 0.508,
        "rbi": 74,
        "sb": 4,
        "hr": 20
      },
      {
        "name": "이원석",
        "year": 20,
        "team": "삼성",
        "pa": 467,
        "ops": 0.748,
        "avg": 0.268,
        "obp": 0.341,
        "slg": 0.407,
        "rbi": 74,
        "sb": 0,
        "hr": 13
      },
      {
        "name": "김지찬",
        "year": 20,
        "team": "삼성",
        "pa": 287,
        "ops": 0.573,
        "avg": 0.232,
        "obp": 0.301,
        "slg": 0.272,
        "rbi": 13,
        "sb": 21,
        "hr": 1
      },
      {
        "name": "강민호",
        "year": 20,
        "team": "삼성",
        "pa": 393,
        "ops": 0.836,
        "avg": 0.287,
        "obp": 0.349,
        "slg": 0.487,
        "rbi": 61,
        "sb": 0,
        "hr": 19
      },
      {
        "name": "김헌곤",
        "year": 20,
        "team": "삼성",
        "pa": 283,
        "ops": 0.627,
        "avg": 0.248,
        "obp": 0.312,
        "slg": 0.315,
        "rbi": 34,
        "sb": 7,
        "hr": 3
      },
      {
        "name": "박해민",
        "year": 20,
        "team": "삼성",
        "pa": 541,
        "ops": 0.76,
        "avg": 0.29,
        "obp": 0.345,
        "slg": 0.415,
        "rbi": 55,
        "sb": 34,
        "hr": 11
      }
    ]
  },
  {
    "generation": 4,
    "expected_score": 5.595,
    "lineup": [
      "이원석",
      "김동엽",
      "김헌곤",
      "구자욱",
      "강민호",
      "김지찬",
      "이학주",
      "김상수",
      "박해민"
    ],
    "player_stats": [
      {
        "name": "이원석",
        "year": 20,
        "team": "삼성",
        "pa": 467,
        "ops": 0.748,
        "avg": 0.268,
        "obp": 0.341,
        "slg": 0.407,
        "rbi": 74,
        "sb": 0,
        "hr": 13
      },
      {
        "name": "김동엽",
        "year": 20,
        "team": "삼성",
        "pa": 451,
        "ops": 0.868,
        "avg": 0.312,
        "obp": 0.36,
        "slg": 0.508,
        "rbi": 74,
        "sb": 4,
        "hr": 20
      },
      {
        "name": "김헌곤",
        "year": 20,
        "team": "삼성",
        "pa": 283,
        "ops": 0.627,
        "avg": 0.248,
        "obp": 0.312,
        "slg": 0.315,
        "rbi": 34,
        "sb": 7,
        "hr": 3
      },
      {
        "name": "구자욱",
        "year": 20,
        "team": "삼성",
        "pa": 510,
        "ops": 0.863,
        "avg": 0.307,
        "obp": 0.385,
        "slg": 0.478,
        "rbi": 78,
        "sb": 19,
        "hr": 15
      },
      {
        "name": "강민호",
        "year": 20,
        "team": "삼성",
        "pa": 393,
        "ops": 0.836,
        "avg": 0.287,
        "obp": 0.349,
        "slg": 0.487,
        "rbi": 61,
        "sb": 0,
        "hr": 19
      },
      {
        "name": "김지찬",
        "year": 20,
        "team": "삼성",
        "pa": 287,
        "ops": 0.573,
        "avg": 0.232,
        "obp": 0.301,
        "slg": 0.272,
        "rbi": 13,
        "sb": 21,
        "hr": 1
      },
      {
        "name": "이학주",
        "year": 20,
        "team": "삼성",
        "pa": 243,
        "ops": 0.654,
        "avg": 0.228,
        "obp": 0.314,
        "slg": 0.34,
        "rbi": 28,
        "sb": 6,
        "hr": 4
      },
      {
        "name": "김상수",
        "year": 20,
        "team": "삼성",
        "pa": 471,
        "ops": 0.798,
        "avg": 0.304,
        "obp": 0.397,
        "slg": 0.401,
        "rbi": 47,
        "sb": 10,
        "hr": 5
      },
      {
        "name": "박해민",
        "year": 20,
        "team": "삼성",
        "pa": 541,
        "ops": 0.76,
        "avg": 0.29,
        "obp": 0.345,
        "slg": 0.415,
        "rbi": 55,
        "sb": 34,
        "hr": 11
      }
    ]
  },
  {
    "generation": 5,
    "expected_score": 5.7,
    "lineup": [
      "이원석",
      "김동엽",
      "김헌곤",
      "구자욱",
      "강민호",
      "김지찬",
      "이학주",
      "김상수",
      "박해민"
    ],
    "player_stats": [
      {
        "name": "이원석",
        "year": 20,
        "team": "삼성",
        "pa": 467,
        "ops": 0.748,
        "avg": 0.268,
        "obp": 0.341,
        "slg": 0.407,
        "rbi": 74,
        "sb": 0,
        "hr": 13
      },
      {
        "name": "김동엽",
        "year": 20,
        "team": "삼성",
        "pa": 451,
        "ops": 0.868,
        "avg": 0.312,
        "obp": 0.36,
        "slg": 0.508,
        "rbi": 74,
        "sb": 4,
        "hr": 20
      },
      {
        "name": "김헌곤",
        "year": 20,
        "team": "삼성",
        "pa": 283,
        "ops": 0.627,
        "avg": 0.248,
        "obp": 0.312,
        "slg": 0.315,
        "rbi": 34,
        "sb": 7,
        "hr": 3
      },
      {
        "name": "구자욱",
        "year": 20,
        "team": "삼성",
        "pa": 510,
        "ops": 0.863,
        "avg": 0.307,
        "obp": 0.385,
        "slg": 0.478,
        "rbi": 78,
        "sb": 19,
        "hr": 15
      },
      {
        "name": "강민호",
        "year": 20,
        "team": "삼성",
        "pa": 393,
        "ops": 0.836,
        "avg": 0.287,
        "obp": 0.349,
        "slg": 0.487,
        "rbi": 61,
        "sb": 0,
        "hr": 19
      },
      {
        "name": "김지찬",
        "year": 20,
        "team": "삼성",
        "pa": 287,
        "ops": 0.573,
        "avg": 0.232,
        "obp": 0.301,
        "slg": 0.272,
        "rbi": 13,
        "sb": 21,
        "hr": 1
      },
      {
        "name": "이학주",
        "year": 20,
        "team": "삼성",
        "pa": 243,
        "ops": 0.654,
        "avg": 0.228,
        "obp": 0.314,
        "slg": 0.34,
        "rbi": 28,
        "sb": 6,
        "hr": 4
      },
      {
        "name": "김상수",
        "year": 20,
        "team": "삼성",
        "pa": 471,
        "ops": 0.798,
        "avg": 0.304,
        "obp": 0.397,
        "slg": 0.401,
        "rbi": 47,
        "sb": 10,
        "hr": 5
      },
      {
        "name": "박해민",
        "year": 20,
        "team": "삼성",
        "pa": 541,
        "ops": 0.76,
        "avg": 0.29,
        "obp": 0.345,
        "slg": 0.415,
        "rbi": 55,
        "sb": 34,
        "hr": 11
      }
    ]
  },
  {
    "generation": 6,
    "expected_score": 5.355,
    "lineup": [
      "김헌곤",
      "이원석",
      "박해민",
      "구자욱",
      "강민호",
      "김지찬",
      "이학주",
      "김상수",
      "김동엽"
    ],
    "player_stats": [
      {
        "name": "김헌곤",
        "year": 20,
        "team": "삼성",
        "pa": 283,
        "ops": 0.627,
        "avg": 0.248,
        "obp": 0.312,
        "slg": 0.315,
        "rbi": 34,
        "sb": 7,
        "hr": 3
      },
      {
        "name": "이원석",
        "year": 20,
        "team": "삼성",
        "pa": 467,
        "ops": 0.748,
        "avg": 0.268,
        "obp": 0.341,
        "slg": 0.407,
        "rbi": 74,
        "sb": 0,
        "hr": 13
      },
      {
        "name": "박해민",
        "year": 20,
        "team": "삼성",
        "pa": 541,
        "ops": 0.76,
        "avg": 0.29,
        "obp": 0.345,
        "slg": 0.415,
        "rbi": 55,
        "sb": 34,
        "hr": 11
      },
      {
        "name": "구자욱",
        "year": 20,
        "team": "삼성",
        "pa": 510,
        "ops": 0.863,
        "avg": 0.307,
        "obp": 0.385,
        "slg": 0.478,
        "rbi": 78,
        "sb": 19,
        "hr": 15
      },
      {
        "name": "강민호",
        "year": 20,
        "team": "삼성",
        "pa": 393,
        "ops": 0.836,
        "avg": 0.287,
        "obp": 0.349,
        "slg": 0.487,
        "rbi": 61,
        "sb": 0,
        "hr": 19
      },
      {
        "name": "김지찬",
        "year": 20,
        "team": "삼성",
        "pa": 287,
        "ops": 0.573,
        "avg": 0.232,
        "obp": 0.301,
        "slg": 0.272,
        "rbi": 13,
        "sb": 21,
        "hr": 1
      },
      {
        "name": "이학주",
        "year": 20,
        "team": "삼성",
        "pa": 243,
        "ops": 0.654,
        "avg": 0.228,
        "obp": 0.314,
        "slg": 0.34,
        "rbi": 28,
        "sb": 6,
        "hr": 4
      },
      {
        "name": "김상수",
        "year": 20,
        "team": "삼성",
        "pa": 471,
        "ops": 0.798,
        "avg": 0.304,
        "obp": 0.397,
        "slg": 0.401,
        "rbi": 47,
        "sb": 10,
        "hr": 5
      },
      {
        "name": "김동엽",
        "year": 20,
        "team": "삼성",
        "pa": 451,
        "ops": 0.868,
        "avg": 0.312,
        "obp": 0.36,
        "slg": 0.508,
        "rbi": 74,
        "sb": 4,
        "hr": 20
      }
    ]
  },
  {
    "generation": 7,
    "expected_score": 5.525,
    "lineup": [
      "이원석",
      "김동엽",
      "김상수",
      "김지찬",
      "김헌곤",
      "강민호",
      "박해민",
      "구자욱",
      "이학주"
    ],
    "player_stats": [
      {
        "name": "이원석",
        "year": 20,
        "team": "삼성",
        "pa": 467,
        "ops": 0.748,
        "avg": 0.268,
        "obp": 0.341,
        "slg": 0.407,
        "rbi": 74,
        "sb": 0,
        "hr": 13
      },
      {
        "name": "김동엽",
        "year": 20,
        "team": "삼성",
        "pa": 451,
        "ops": 0.868,
        "avg": 0.312,
        "obp": 0.36,
        "slg": 0.508,
        "rbi": 74,
        "sb": 4,
        "hr": 20
      },
      {
        "name": "김상수",
        "year": 20,
        "team": "삼성",
        "pa": 471,
        "ops": 0.798,
        "avg": 0.304,
        "obp": 0.397,
        "slg": 0.401,
        "rbi": 47,
        "sb": 10,
        "hr": 5
      },
      {
        "name": "김지찬",
        "year": 20,
        "team": "삼성",
        "pa": 287,
        "ops": 0.573,
        "avg": 0.232,
        "obp": 0.301,
        "slg": 0.272,
        "rbi": 13,
        "sb": 21,
        "hr": 1
      },
      {
        "name": "김헌곤",
        "year": 20,
        "team": "삼성",
        "pa": 283,
        "ops": 0.627,
        "avg": 0.248,
        "obp": 0.312,
        "slg": 0.315,
        "rbi": 34,
        "sb": 7,
        "hr": 3
      },
      {
        "name": "강민호",
        "year": 20,
        "team": "삼성",
        "pa": 393,
        "ops": 0.836,
        "avg": 0.287,
        "obp": 0.349,
        "slg": 0.487,
        "rbi": 61,
        "sb": 0,
        "hr": 19
      },
      {
        "name": "박해민",
        "year": 20,
        "team": "삼성",
        "pa": 541,
        "ops": 0.76,
        "avg": 0.29,
        "obp": 0.345,
        "slg": 0.415,
        "rbi": 55,
        "sb": 34,
        "hr": 11
      },
      {
        "name": "구자욱",
        "year": 20,
        "team": "삼성",
        "pa": 510,
        "ops": 0.863,
        "avg": 0.307,
        "obp": 0.385,
        "slg": 0.478,
        "rbi": 78,
        "sb": 19,
        "hr": 15
      },
      {
        "name": "이학주",
        "year": 20,
        "team": "삼성",
        "pa": 243,
        "ops": 0.654,
        "avg": 0.228,
        "obp": 0.314,
        "slg": 0.34,
        "rbi": 28,
        "sb": 6,
        "hr": 4
      }
    ]
  },
  {
    "generation": 8,
    "expected_score": 5.505,
    "lineup": [
      "구자욱",
      "강민호",
      "김지찬",
      "이학주",
      "김상수",
      "김헌곤",
      "김동엽",
      "이원석",
      "박해민"
    ],
    "player_stats": [
      {
        "name": "구자욱",
        "year": 20,
        "team": "삼성",
        "pa": 510,
        "ops": 0.863,
        "avg": 0.307,
        "obp": 0.385,
        "slg": 0.478,
        "rbi": 78,
        "sb": 19,
        "hr": 15
      },
      {
        "name": "강민호",
        "year": 20,
        "team": "삼성",
        "pa": 393,
        "ops": 0.836,
        "avg": 0.287,
        "obp": 0.349,
        "slg": 0.487,
        "rbi": 61,
        "sb": 0,
        "hr": 19
      },
      {
        "name": "김지찬",
        "year": 20,
        "team": "삼성",
        "pa": 287,
        "ops": 0.573,
        "avg": 0.232,
        "obp": 0.301,
        "slg": 0.272,
        "rbi": 13,
        "sb": 21,
        "hr": 1
      },
      {
        "name": "이학주",
        "year": 20,
        "team": "삼성",
        "pa": 243,
        "ops": 0.654,
        "avg": 0.228,
        "obp": 0.314,
        "slg": 0.34,
        "rbi": 28,
        "sb": 6,
        "hr": 4
      },
      {
        "name": "김상수",
        "year": 20,
        "team": "삼성",
        "pa": 471,
        "ops": 0.798,
        "avg": 0.304,
        "obp": 0.397,
        "slg": 0.401,
        "rbi": 47,
        "sb": 10,
        "hr": 5
      },
      {
        "name": "김헌곤",
        "year": 20,
        "team": "삼성",
        "pa": 283,
        "ops": 0.627,
        "avg": 0.248,
        "obp": 0.312,
        "slg": 0.315,
        "rbi": 34,
        "sb": 7,
        "hr": 3
      },
      {
        "name": "김동엽",
        "year": 20,
        "team": "삼성",
        "pa": 451,
        "ops": 0.868,
        "avg": 0.312,
        "obp": 0.36,
        "slg": 0.508,
        "rbi": 74,
        "sb": 4,
        "hr": 20
      },
      {
        "name": "이원석",
        "year": 20,
        "team": "삼성",
        "pa": 467,
        "ops": 0.748,
        "avg": 0.268,
        "obp": 0.341,
        "slg": 0.407,
        "rbi": 74,
        "sb": 0,
        "hr": 13
      },
      {
        "name": "박해민",
        "year": 20,
        "team": "삼성",
        "pa": 541,
        "ops": 0.76,
        "avg": 0.29,
        "obp": 0.345,
        "slg": 0.415,
        "rbi": 55,
        "sb": 34,
        "hr": 11
      }
    ]
  },
  {
    "generation": 9,
    "expected_score": 5.52,
    "lineup": [
      "김동엽",
      "이원석",
      "박해민",
      "구자욱",
      "김상수",
      "김지찬",
      "김헌곤",
      "강민호",
      "이학주"
    ],
    "player_stats": [
      {
        "name": "김동엽",
        "year": 20,
        "team": "삼성",
        "pa": 451,
        "ops": 0.868,
        "avg": 0.312,
        "obp": 0.36,
        "slg": 0.508,
        "rbi": 74,
        "sb": 4,
        "hr": 20
      },
      {
        "name": "이원석",
        "year": 20,
        "team": "삼성",
        "pa": 467,
        "ops": 0.748,
        "avg": 0.268,
        "obp": 0.341,
        "slg": 0.407,
        "rbi": 74,
        "sb": 0,
        "hr": 13
      },
      {
        "name": "박해민",
        "year": 20,
        "team": "삼성",
        "pa": 541,
        "ops": 0.76,
        "avg": 0.29,
        "obp": 0.345,
        "slg": 0.415,
        "rbi": 55,
        "sb": 34,
        "hr": 11
      },
      {
        "name": "구자욱",
        "year": 20,
        "team": "삼성",
        "pa": 510,
        "ops": 0.863,
        "avg": 0.307,
        "obp": 0.385,
        "slg": 0.478,
        "rbi": 78,
        "sb": 19,
        "hr": 15
      },
      {
        "name": "김상수",
        "year": 20,
        "team": "삼성",
        "pa": 471,
        "ops": 0.798,
        "avg": 0.304,
        "obp": 0.397,
        "slg": 0.401,
        "rbi": 47,
        "sb": 10,
        "hr": 5
      },
      {
        "name": "김지찬",
        "year": 20,
        "team": "삼성",
        "pa": 287,
        "ops": 0.573,
        "avg": 0.232,
        "obp": 0.301,
        "slg": 0.272,
        "rbi": 13,
        "sb": 21,
        "hr": 1
      },
      {
        "name": "김헌곤",
        "year": 20,
        "team": "삼성",
        "pa": 283,
        "ops": 0.627,
        "avg": 0.248,
        "obp": 0.312,
        "slg": 0.315,
        "rbi": 34,
        "sb": 7,
        "hr": 3
      },
      {
        "name": "강민호",
        "year": 20,
        "team": "삼성",
        "pa": 393,
        "ops": 0.836,
        "avg": 0.287,
        "obp": 0.349,
        "slg": 0.487,
        "rbi": 61,
        "sb": 0,
        "hr": 19
      },
      {
        "name": "이학주",
        "year": 20,
        "team": "삼성",
        "pa": 243,
        "ops": 0.654,
        "avg": 0.228,
        "obp": 0.314,
        "slg": 0.34,
        "rbi": 28,
        "sb": 6,
        "hr": 4
      }
    ]
  },
  {
    "generation": 10,
    "expected_score": 5.715,
    "lineup": [
      "이원석",
      "김동엽",
      "구자욱",
      "김상수",
      "김헌곤",
      "김지찬",
      "이학주",
      "강민호",
      "박해민"
    ],
    "player_stats": [
      {
        "name": "이원석",
        "year": 20,
        "team": "삼성",
        "pa": 467,
        "ops": 0.748,
        "avg": 0.268,
        "obp": 0.341,
        "slg": 0.407,
        "rbi": 74,
        "sb": 0,
        "hr": 13
      },
      {
        "name": "김동엽",
        "year": 20,
        "team": "삼성",
        "pa": 451,
        "ops": 0.868,
        "avg": 0.312,
        "obp": 0.36,
        "slg": 0.508,
        "rbi": 74,
        "sb": 4,
        "hr": 20
      },
      {
        "name": "구자욱",
        "year": 20,
        "team": "삼성",
        "pa": 510,
        "ops": 0.863,
        "avg": 0.307,
        "obp": 0.385,
        "slg": 0.478,
        "rbi": 78,
        "sb": 19,
        "hr": 15
      },
      {
        "name": "김상수",
        "year": 20,
        "team": "삼성",
        "pa": 471,
        "ops": 0.798,
        "avg": 0.304,
        "obp": 0.397,
        "slg": 0.401,
        "rbi": 47,
        "sb": 10,
        "hr": 5
      },
      {
        "name": "김헌곤",
        "year": 20,
        "team": "삼성",
        "pa": 283,
        "ops": 0.627,
        "avg": 0.248,
        "obp": 0.312,
        "slg": 0.315,
        "rbi": 34,
        "sb": 7,
        "hr": 3
      },
      {
        "name": "김지찬",
        "year": 20,
        "team": "삼성",
        "pa": 287,
        "ops": 0.573,
        "avg": 0.232,
        "obp": 0.301,
        "slg": 0.272,
        "rbi": 13,
        "sb": 21,
        "hr": 1
      },
      {
        "name": "이학주",
        "year": 20,
        "team": "삼성",
        "pa": 243,
        "ops": 0.654,
        "avg": 0.228,
        "obp": 0.314,
        "slg": 0.34,
        "rbi": 28,
        "sb": 6,
        "hr": 4
      },
      {
        "name": "강민호",
        "year": 20,
        "team": "삼성",
        "pa": 393,
        "ops": 0.836,
        "avg": 0.287,
        "obp": 0.349,
        "slg": 0.487,
        "rbi": 61,
        "sb": 0,
        "hr": 19
      },
      {
        "name": "박해민",
        "year": 20,
        "team": "삼성",
        "pa": 541,
        "ops": 0.76,
        "avg": 0.29,
        "obp": 0.345,
        "slg": 0.415,
        "rbi": 55,
        "sb": 34,
        "hr": 11
      }
    ]
  },
  {
    "generation": 11,
    "expected_score": 5.795,
    "lineup": [
      "이원석",
      "김동엽",
      "구자욱",
      "김상수",
      "김헌곤",
      "김지찬",
      "이학주",
      "강민호",
      "박해민"
    ],
    "player_stats": [
      {
        "name": "이원석",
        "year": 20,
        "team": "삼성",
        "pa": 467,
        "ops": 0.748,
        "avg": 0.268,
        "obp": 0.341,
        "slg": 0.407,
        "rbi": 74,
        "sb": 0,
        "hr": 13
      },
      {
        "name": "김동엽",
        "year": 20,
        "team": "삼성",
        "pa": 451,
        "ops": 0.868,
        "avg": 0.312,
        "obp": 0.36,
        "slg": 0.508,
        "rbi": 74,
        "sb": 4,
        "hr": 20
      },
      {
        "name": "구자욱",
        "year": 20,
        "team": "삼성",
        "pa": 510,
        "ops": 0.863,
        "avg": 0.307,
        "obp": 0.385,
        "slg": 0.478,
        "rbi": 78,
        "sb": 19,
        "hr": 15
      },
      {
        "name": "김상수",
        "year": 20,
        "team": "삼성",
        "pa": 471,
        "ops": 0.798,
        "avg": 0.304,
        "obp": 0.397,
        "slg": 0.401,
        "rbi": 47,
        "sb": 10,
        "hr": 5
      },
      {
        "name": "김헌곤",
        "year": 20,
        "team": "삼성",
        "pa": 283,
        "ops": 0.627,
        "avg": 0.248,
        "obp": 0.312,
        "slg": 0.315,
        "rbi": 34,
        "sb": 7,
        "hr": 3
      },
      {
        "name": "김지찬",
        "year": 20,
        "team": "삼성",
        "pa": 287,
        "ops": 0.573,
        "avg": 0.232,
        "obp": 0.301,
        "slg": 0.272,
        "rbi": 13,
        "sb": 21,
        "hr": 1
      },
      {
        "name": "이학주",
        "year": 20,
        "team": "삼성",
        "pa": 243,
        "ops": 0.654,
        "avg": 0.228,
        "obp": 0.314,
        "slg": 0.34,
        "rbi": 28,
        "sb": 6,
        "hr": 4
      },
      {
        "name": "강민호",
        "year": 20,
        "team": "삼성",
        "pa": 393,
        "ops": 0.836,
        "avg": 0.287,
        "obp": 0.349,
        "slg": 0.487,
        "rbi": 61,
        "sb": 0,
        "hr": 19
      },
      {
        "name": "박해민",
        "year": 20,
        "team": "삼성",
        "pa": 541,
        "ops": 0.76,
        "avg": 0.29,
        "obp": 0.345,
        "slg": 0.415,
        "rbi": 55,
        "sb": 34,
        "hr": 11
      }
    ]
  },
  {
    "generation": 12,
    "expected_score": 5.615,
    "lineup": [
      "구자욱",
      "김동엽",
      "김상수",
      "김헌곤",
      "이원석",
      "박해민",
      "김지찬",
      "이학주",
      "강민호"
    ],
    "player_stats": [
      {
        "name": "구자욱",
        "year": 20,
        "team": "삼성",
        "pa": 510,
        "ops": 0.863,
        "avg": 0.307,
        "obp": 0.385,
        "slg": 0.478,
        "rbi": 78,
        "sb": 19,
        "hr": 15
      },
      {
        "name": "김동엽",
        "year": 20,
        "team": "삼성",
        "pa": 451,
        "ops": 0.868,
        "avg": 0.312,
        "obp": 0.36,
        "slg": 0.508,
        "rbi": 74,
        "sb": 4,
        "hr": 20
      },
      {
        "name": "김상수",
        "year": 20,
        "team": "삼성",
        "pa": 471,
        "ops": 0.798,
        "avg": 0.304,
        "obp": 0.397,
        "slg": 0.401,
        "rbi": 47,
        "sb": 10,
        "hr": 5
      },
      {
        "name": "김헌곤",
        "year": 20,
        "team": "삼성",
        "pa": 283,
        "ops": 0.627,
        "avg": 0.248,
        "obp": 0.312,
        "slg": 0.315,
        "rbi": 34,
        "sb": 7,
        "hr": 3
      },
      {
        "name": "이원석",
        "year": 20,
        "team": "삼성",
        "pa": 467,
        "ops": 0.748,
        "avg": 0.268,
        "obp": 0.341,
        "slg": 0.407,
        "rbi": 74,
        "sb": 0,
        "hr": 13
      },
      {
        "name": "박해민",
        "year": 20,
        "team": "삼성",
        "pa": 541,
        "ops": 0.76,
        "avg": 0.29,
        "obp": 0.345,
        "slg": 0.415,
        "rbi": 55,
        "sb": 34,
        "hr": 11
      },
      {
        "name": "김지찬",
        "year": 20,
        "team": "삼성",
        "pa": 287,
        "ops": 0.573,
        "avg": 0.232,
        "obp": 0.301,
        "slg": 0.272,
        "rbi": 13,
        "sb": 21,
        "hr": 1
      },
      {
        "name": "이학주",
        "year": 20,
        "team": "삼성",
        "pa": 243,
        "ops": 0.654,
        "avg": 0.228,
        "obp": 0.314,
        "slg": 0.34,
        "rbi": 28,
        "sb": 6,
        "hr": 4
      },
      {
        "name": "강민호",
        "year": 20,
        "team": "삼성",
        "pa": 393,
        "ops": 0.836,
        "avg": 0.287,
        "obp": 0.349,
        "slg": 0.487,
        "rbi": 61,
        "sb": 0,
        "hr": 19
      }
    ]
  },
  {
    "generation": 13,
    "expected_score": 5.665,
    "lineup": [
      "구자욱",
      "김동엽",
      "김상수",
      "김헌곤",
      "김지찬",
      "이학주",
      "박해민",
      "이원석",
      "강민호"
    ],
    "player_stats": [
      {
        "name": "구자욱",
        "year": 20,
        "team": "삼성",
        "pa": 510,
        "ops": 0.863,
        "avg": 0.307,
        "obp": 0.385,
        "slg": 0.478,
        "rbi": 78,
        "sb": 19,
        "hr": 15
      },
      {
        "name": "김동엽",
        "year": 20,
        "team": "삼성",
        "pa": 451,
        "ops": 0.868,
        "avg": 0.312,
        "obp": 0.36,
        "slg": 0.508,
        "rbi": 74,
        "sb": 4,
        "hr": 20
      },
      {
        "name": "김상수",
        "year": 20,
        "team": "삼성",
        "pa": 471,
        "ops": 0.798,
        "avg": 0.304,
        "obp": 0.397,
        "slg": 0.401,
        "rbi": 47,
        "sb": 10,
        "hr": 5
      },
      {
        "name": "김헌곤",
        "year": 20,
        "team": "삼성",
        "pa": 283,
        "ops": 0.627,
        "avg": 0.248,
        "obp": 0.312,
        "slg": 0.315,
        "rbi": 34,
        "sb": 7,
        "hr": 3
      },
      {
        "name": "김지찬",
        "year": 20,
        "team": "삼성",
        "pa": 287,
        "ops": 0.573,
        "avg": 0.232,
        "obp": 0.301,
        "slg": 0.272,
        "rbi": 13,
        "sb": 21,
        "hr": 1
      },
      {
        "name": "이학주",
        "year": 20,
        "team": "삼성",
        "pa": 243,
        "ops": 0.654,
        "avg": 0.228,
        "obp": 0.314,
        "slg": 0.34,
        "rbi": 28,
        "sb": 6,
        "hr": 4
      },
      {
        "name": "박해민",
        "year": 20,
        "team": "삼성",
        "pa": 541,
        "ops": 0.76,
        "avg": 0.29,
        "obp": 0.345,
        "slg": 0.415,
        "rbi": 55,
        "sb": 34,
        "hr": 11
      },
      {
        "name": "이원석",
        "year": 20,
        "team": "삼성",
        "pa": 467,
        "ops": 0.748,
        "avg": 0.268,
        "obp": 0.341,
        "slg": 0.407,
        "rbi": 74,
        "sb": 0,
        "hr": 13
      },
      {
        "name": "강민호",
        "year": 20,
        "team": "삼성",
        "pa": 393,
        "ops": 0.836,
        "avg": 0.287,
        "obp": 0.349,
        "slg": 0.487,
        "rbi": 61,
        "sb": 0,
        "hr": 19
      }
    ]
  },
  {
    "generation": 14,
    "expected_score": 5.605,
    "lineup": [
      "이학주",
      "김동엽",
      "구자욱",
      "김지찬",
      "김헌곤",
      "김상수",
      "박해민",
      "이원석",
      "강민호"
    ],
    "player_stats": [
      {
        "name": "이학주",
        "year": 20,
        "team": "삼성",
        "pa": 243,
        "ops": 0.654,
        "avg": 0.228,
        "obp": 0.314,
        "slg": 0.34,
        "rbi": 28,
        "sb": 6,
        "hr": 4
      },
      {
        "name": "김동엽",
        "year": 20,
        "team": "삼성",
        "pa": 451,
        "ops": 0.868,
        "avg": 0.312,
        "obp": 0.36,
        "slg": 0.508,
        "rbi": 74,
        "sb": 4,
        "hr": 20
      },
      {
        "name": "구자욱",
        "year": 20,
        "team": "삼성",
        "pa": 510,
        "ops": 0.863,
        "avg": 0.307,
        "obp": 0.385,
        "slg": 0.478,
        "rbi": 78,
        "sb": 19,
        "hr": 15
      },
      {
        "name": "김지찬",
        "year": 20,
        "team": "삼성",
        "pa": 287,
        "ops": 0.573,
        "avg": 0.232,
        "obp": 0.301,
        "slg": 0.272,
        "rbi": 13,
        "sb": 21,
        "hr": 1
      },
      {
        "name": "김헌곤",
        "year": 20,
        "team": "삼성",
        "pa": 283,
        "ops": 0.627,
        "avg": 0.248,
        "obp": 0.312,
        "slg": 0.315,
        "rbi": 34,
        "sb": 7,
        "hr": 3
      },
      {
        "name": "김상수",
        "year": 20,
        "team": "삼성",
        "pa": 471,
        "ops": 0.798,
        "avg": 0.304,
        "obp": 0.397,
        "slg": 0.401,
        "rbi": 47,
        "sb": 10,
        "hr": 5
      },
      {
        "name": "박해민",
        "year": 20,
        "team": "삼성",
        "pa": 541,
        "ops": 0.76,
        "avg": 0.29,
        "obp": 0.345,
        "slg": 0.415,
        "rbi": 55,
        "sb": 34,
        "hr": 11
      },
      {
        "name": "이원석",
        "year": 20,
        "team": "삼성",
        "pa": 467,
        "ops": 0.748,
        "avg": 0.268,
        "obp": 0.341,
        "slg": 0.407,
        "rbi": 74,
        "sb": 0,
        "hr": 13
      },
      {
        "name": "강민호",
        "year": 20,
        "team": "삼성",
        "pa": 393,
        "ops": 0.836,
        "avg": 0.287,
        "obp": 0.349,
        "slg": 0.487,
        "rbi": 61,
        "sb": 0,
        "hr": 19
      }
    ]
  },
  {
    "generation": 15,
    "expected_score": 5.75,
    "lineup": [
      "김동엽",
      "김상수",
      "구자욱",
      "김헌곤",
      "김지찬",
      "이학주",
      "이원석",
      "박해민",
      "강민호"
    ],
    "player_stats": [
      {
        "name": "김동엽",
        "year": 20,
        "team": "삼성",
        "pa": 451,
        "ops": 0.868,
        "avg": 0.312,
        "obp": 0.36,
        "slg": 0.508,
        "rbi": 74,
        "sb": 4,
        "hr": 20
      },
      {
        "name": "김상수",
        "year": 20,
        "team": "삼성",
        "pa": 471,
        "ops": 0.798,
        "avg": 0.304,
        "obp": 0.397,
        "slg": 0.401,
        "rbi": 47,
        "sb": 10,
        "hr": 5
      },
      {
        "name": "구자욱",
        "year": 20,
        "team": "삼성",
        "pa": 510,
        "ops": 0.863,
        "avg": 0.307,
        "obp": 0.385,
        "slg": 0.478,
        "rbi": 78,
        "sb": 19,
        "hr": 15
      },
      {
        "name": "김헌곤",
        "year": 20,
        "team": "삼성",
        "pa": 283,
        "ops": 0.627,
        "avg": 0.248,
        "obp": 0.312,
        "slg": 0.315,
        "rbi": 34,
        "sb": 7,
        "hr": 3
      },
      {
        "name": "김지찬",
        "year": 20,
        "team": "삼성",
        "pa": 287,
        "ops": 0.573,
        "avg": 0.232,
        "obp": 0.301,
        "slg": 0.272,
        "rbi": 13,
        "sb": 21,
        "hr": 1
      },
      {
        "name": "이학주",
        "year": 20,
        "team": "삼성",
        "pa": 243,
        "ops": 0.654,
        "avg": 0.228,
        "obp": 0.314,
        "slg": 0.34,
        "rbi": 28,
        "sb": 6,
        "hr": 4
      },
      {
        "name": "이원석",
        "year": 20,
        "team": "삼성",
        "pa": 467,
        "ops": 0.748,
        "avg": 0.268,
        "obp": 0.341,
        "slg": 0.407,
        "rbi": 74,
        "sb": 0,
        "hr": 13
      },
      {
        "name": "박해민",
        "year": 20,
        "team": "삼성",
        "pa": 541,
        "ops": 0.76,
        "avg": 0.29,
        "obp": 0.345,
        "slg": 0.415,
        "rbi": 55,
        "sb": 34,
        "hr": 11
      },
      {
        "name": "강민호",
        "year": 20,
        "team": "삼성",
        "pa": 393,
        "ops": 0.836,
        "avg": 0.287,
        "obp": 0.349,
        "slg": 0.487,
        "rbi": 61,
        "sb": 0,
        "hr": 19
      }
    ]
  },
  {
    "generation": 16,
    "expected_score": 5.735,
    "lineup": [
      "김동엽",
      "김상수",
      "구자욱",
      "김헌곤",
      "김지찬",
      "박해민",
      "이학주",
      "이원석",
      "강민호"
    ],
    "player_stats": [
      {
        "name": "김동엽",
        "year": 20,
        "team": "삼성",
        "pa": 451,
        "ops": 0.868,
        "avg": 0.312,
        "obp": 0.36,
        "slg": 0.508,
        "rbi": 74,
        "sb": 4,
        "hr": 20
      },
      {
        "name": "김상수",
        "year": 20,
        "team": "삼성",
        "pa": 471,
        "ops": 0.798,
        "avg": 0.304,
        "obp": 0.397,
        "slg": 0.401,
        "rbi": 47,
        "sb": 10,
        "hr": 5
      },
      {
        "name": "구자욱",
        "year": 20,
        "team": "삼성",
        "pa": 510,
        "ops": 0.863,
        "avg": 0.307,
        "obp": 0.385,
        "slg": 0.478,
        "rbi": 78,
        "sb": 19,
        "hr": 15
      },
      {
        "name": "김헌곤",
        "year": 20,
        "team": "삼성",
        "pa": 283,
        "ops": 0.627,
        "avg": 0.248,
        "obp": 0.312,
        "slg": 0.315,
        "rbi": 34,
        "sb": 7,
        "hr": 3
      },
      {
        "name": "김지찬",
        "year": 20,
        "team": "삼성",
        "pa": 287,
        "ops": 0.573,
        "avg": 0.232,
        "obp": 0.301,
        "slg": 0.272,
        "rbi": 13,
        "sb": 21,
        "hr": 1
      },
      {
        "name": "박해민",
        "year": 20,
        "team": "삼성",
        "pa": 541,
        "ops": 0.76,
        "avg": 0.29,
        "obp": 0.345,
        "slg": 0.415,
        "rbi": 55,
        "sb": 34,
        "hr": 11
      },
      {
        "name": "이학주",
        "year": 20,
        "team": "삼성",
        "pa": 243,
        "ops": 0.654,
        "avg": 0.228,
        "obp": 0.314,
        "slg": 0.34,
        "rbi": 28,
        "sb": 6,
        "hr": 4
      },
      {
        "name": "이원석",
        "year": 20,
        "team": "삼성",
        "pa": 467,
        "ops": 0.748,
        "avg": 0.268,
        "obp": 0.341,
        "slg": 0.407,
        "rbi": 74,
        "sb": 0,
        "hr": 13
      },
      {
        "name": "강민호",
        "year": 20,
        "team": "삼성",
        "pa": 393,
        "ops": 0.836,
        "avg": 0.287,
        "obp": 0.349,
        "slg": 0.487,
        "rbi": 61,
        "sb": 0,
        "hr": 19
      }
    ]
  },
  {
    "generation": 17,
    "expected_score": 5.52,
    "lineup": [
      "김동엽",
      "구자욱",
      "김상수",
      "이학주",
      "김헌곤",
      "이원석",
      "박해민",
      "강민호",
      "김지찬"
    ],
    "player_stats": [
      {
        "name": "김동엽",
        "year": 20,
        "team": "삼성",
        "pa": 451,
        "ops": 0.868,
        "avg": 0.312,
        "obp": 0.36,
        "slg": 0.508,
        "rbi": 74,
        "sb": 4,
        "hr": 20
      },
      {
        "name": "구자욱",
        "year": 20,
        "team": "삼성",
        "pa": 510,
        "ops": 0.863,
        "avg": 0.307,
        "obp": 0.385,
        "slg": 0.478,
        "rbi": 78,
        "sb": 19,
        "hr": 15
      },
      {
        "name": "김상수",
        "year": 20,
        "team": "삼성",
        "pa": 471,
        "ops": 0.798,
        "avg": 0.304,
        "obp": 0.397,
        "slg": 0.401,
        "rbi": 47,
        "sb": 10,
        "hr": 5
      },
      {
        "name": "이학주",
        "year": 20,
        "team": "삼성",
        "pa": 243,
        "ops": 0.654,
        "avg": 0.228,
        "obp": 0.314,
        "slg": 0.34,
        "rbi": 28,
        "sb": 6,
        "hr": 4
      },
      {
        "name": "김헌곤",
        "year": 20,
        "team": "삼성",
        "pa": 283,
        "ops": 0.627,
        "avg": 0.248,
        "obp": 0.312,
        "slg": 0.315,
        "rbi": 34,
        "sb": 7,
        "hr": 3
      },
      {
        "name": "이원석",
        "year": 20,
        "team": "삼성",
        "pa": 467,
        "ops": 0.748,
        "avg": 0.268,
        "obp": 0.341,
        "slg": 0.407,
        "rbi": 74,
        "sb": 0,
        "hr": 13
      },
      {
        "name": "박해민",
        "year": 20,
        "team": "삼성",
        "pa": 541,
        "ops": 0.76,
        "avg": 0.29,
        "obp": 0.345,
        "slg": 0.415,
        "rbi": 55,
        "sb": 34,
        "hr": 11
      },
      {
        "name": "강민호",
        "year": 20,
        "team": "삼성",
        "pa": 393,
        "ops": 0.836,
        "avg": 0.287,
        "obp": 0.349,
        "slg": 0.487,
        "rbi": 61,
        "sb": 0,
        "hr": 19
      },
      {
        "name": "김지찬",
        "year": 20,
        "team": "삼성",
        "pa": 287,
        "ops": 0.573,
        "avg": 0.232,
        "obp": 0.301,
        "slg": 0.272,
        "rbi": 13,
        "sb": 21,
        "hr": 1
      }
    ]
  },
  {
    "generation": 18,
    "expected_score": 5.565,
    "lineup": [
      "김동엽",
      "이원석",
      "구자욱",
      "이학주",
      "김상수",
      "김헌곤",
      "박해민",
      "강민호",
      "김지찬"
    ],
    "player_stats": [
      {
        "name": "김동엽",
        "year": 20,
        "team": "삼성",
        "pa": 451,
        "ops": 0.868,
        "avg": 0.312,
        "obp": 0.36,
        "slg": 0.508,
        "rbi": 74,
        "sb": 4,
        "hr": 20
      },
      {
        "name": "이원석",
        "year": 20,
        "team": "삼성",
        "pa": 467,
        "ops": 0.748,
        "avg": 0.268,
        "obp": 0.341,
        "slg": 0.407,
        "rbi": 74,
        "sb": 0,
        "hr": 13
      },
      {
        "name": "구자욱",
        "year": 20,
        "team": "삼성",
        "pa": 510,
        "ops": 0.863,
        "avg": 0.307,
        "obp": 0.385,
        "slg": 0.478,
        "rbi": 78,
        "sb": 19,
        "hr": 15
      },
      {
        "name": "이학주",
        "year": 20,
        "team": "삼성",
        "pa": 243,
        "ops": 0.654,
        "avg": 0.228,
        "obp": 0.314,
        "slg": 0.34,
        "rbi": 28,
        "sb": 6,
        "hr": 4
      },
      {
        "name": "김상수",
        "year": 20,
        "team": "삼성",
        "pa": 471,
        "ops": 0.798,
        "avg": 0.304,
        "obp": 0.397,
        "slg": 0.401,
        "rbi": 47,
        "sb": 10,
        "hr": 5
      },
      {
        "name": "김헌곤",
        "year": 20,
        "team": "삼성",
        "pa": 283,
        "ops": 0.627,
        "avg": 0.248,
        "obp": 0.312,
        "slg": 0.315,
        "rbi": 34,
        "sb": 7,
        "hr": 3
      },
      {
        "name": "박해민",
        "year": 20,
        "team": "삼성",
        "pa": 541,
        "ops": 0.76,
        "avg": 0.29,
        "obp": 0.345,
        "slg": 0.415,
        "rbi": 55,
        "sb": 34,
        "hr": 11
      },
      {
        "name": "강민호",
        "year": 20,
        "team": "삼성",
        "pa": 393,
        "ops": 0.836,
        "avg": 0.287,
        "obp": 0.349,
        "slg": 0.487,
        "rbi": 61,
        "sb": 0,
        "hr": 19
      },
      {
        "name": "김지찬",
        "year": 20,
        "team": "삼성",
        "pa": 287,
        "ops": 0.573,
        "avg": 0.232,
        "obp": 0.301,
        "slg": 0.272,
        "rbi": 13,
        "sb": 21,
        "hr": 1
      }
    ]
  },
  {
    "generation": 19,
    "expected_score": 5.63,
    "lineup": [
      "김동엽",
      "이학주",
      "구자욱",
      "김지찬",
      "김상수",
      "이원석",
      "박해민",
      "강민호",
      "김헌곤"
    ],
    "player_stats": [
      {
        "name": "김동엽",
        "year": 20,
        "team": "삼성",
        "pa": 451,
        "ops": 0.868,
        "avg": 0.312,
        "obp": 0.36,
        "slg": 0.508,
        "rbi": 74,
        "sb": 4,
        "hr": 20
      },
      {
        "name": "이학주",
        "year": 20,
        "team": "삼성",
        "pa": 243,
        "ops": 0.654,
        "avg": 0.228,
        "obp": 0.314,
        "slg": 0.34,
        "rbi": 28,
        "sb": 6,
        "hr": 4
      },
      {
        "name": "구자욱",
        "year": 20,
        "team": "삼성",
        "pa": 510,
        "ops": 0.863,
        "avg": 0.307,
        "obp": 0.385,
        "slg": 0.478,
        "rbi": 78,
        "sb": 19,
        "hr": 15
      },
      {
        "name": "김지찬",
        "year": 20,
        "team": "삼성",
        "pa": 287,
        "ops": 0.573,
        "avg": 0.232,
        "obp": 0.301,
        "slg": 0.272,
        "rbi": 13,
        "sb": 21,
        "hr": 1
      },
      {
        "name": "김상수",
        "year": 20,
        "team": "삼성",
        "pa": 471,
        "ops": 0.798,
        "avg": 0.304,
        "obp": 0.397,
        "slg": 0.401,
        "rbi": 47,
        "sb": 10,
        "hr": 5
      },
      {
        "name": "이원석",
        "year": 20,
        "team": "삼성",
        "pa": 467,
        "ops": 0.748,
        "avg": 0.268,
        "obp": 0.341,
        "slg": 0.407,
        "rbi": 74,
        "sb": 0,
        "hr": 13
      },
      {
        "name": "박해민",
        "year": 20,
        "team": "삼성",
        "pa": 541,
        "ops": 0.76,
        "avg": 0.29,
        "obp": 0.345,
        "slg": 0.415,
        "rbi": 55,
        "sb": 34,
        "hr": 11
      },
      {
        "name": "강민호",
        "year": 20,
        "team": "삼성",
        "pa": 393,
        "ops": 0.836,
        "avg": 0.287,
        "obp": 0.349,
        "slg": 0.487,
        "rbi": 61,
        "sb": 0,
        "hr": 19
      },
      {
        "name": "김헌곤",
        "year": 20,
        "team": "삼성",
        "pa": 283,
        "ops": 0.627,
        "avg": 0.248,
        "obp": 0.312,
        "slg": 0.315,
        "rbi": 34,
        "sb": 7,
        "hr": 3
      }
    ]
  },
  {
    "generation": 20,
    "expected_score": 5.48,
    "lineup": [
      "김동엽",
      "이원석",
      "구자욱",
      "강민호",
      "김상수",
      "김헌곤",
      "김지찬",
      "이학주",
      "박해민"
    ],
    "player_stats": [
      {
        "name": "김동엽",
        "year": 20,
        "team": "삼성",
        "pa": 451,
        "ops": 0.868,
        "avg": 0.312,
        "obp": 0.36,
        "slg": 0.508,
        "rbi": 74,
        "sb": 4,
        "hr": 20
      },
      {
        "name": "이원석",
        "year": 20,
        "team": "삼성",
        "pa": 467,
        "ops": 0.748,
        "avg": 0.268,
        "obp": 0.341,
        "slg": 0.407,
        "rbi": 74,
        "sb": 0,
        "hr": 13
      },
      {
        "name": "구자욱",
        "year": 20,
        "team": "삼성",
        "pa": 510,
        "ops": 0.863,
        "avg": 0.307,
        "obp": 0.385,
        "slg": 0.478,
        "rbi": 78,
        "sb": 19,
        "hr": 15
      },
      {
        "name": "강민호",
        "year": 20,
        "team": "삼성",
        "pa": 393,
        "ops": 0.836,
        "avg": 0.287,
        "obp": 0.349,
        "slg": 0.487,
        "rbi": 61,
        "sb": 0,
        "hr": 19
      },
      {
        "name": "김상수",
        "year": 20,
        "team": "삼성",
        "pa": 471,
        "ops": 0.798,
        "avg": 0.304,
        "obp": 0.397,
        "slg": 0.401,
        "rbi": 47,
        "sb": 10,
        "hr": 5
      },
      {
        "name": "김헌곤",
        "year": 20,
        "team": "삼성",
        "pa": 283,
        "ops": 0.627,
        "avg": 0.248,
        "obp": 0.312,
        "slg": 0.315,
        "rbi": 34,
        "sb": 7,
        "hr": 3
      },
      {
        "name": "김지찬",
        "year": 20,
        "team": "삼성",
        "pa": 287,
        "ops": 0.573,
        "avg": 0.232,
        "obp": 0.301,
        "slg": 0.272,
        "rbi": 13,
        "sb": 21,
        "hr": 1
      },
      {
        "name": "이학주",
        "year": 20,
        "team": "삼성",
        "pa": 243,
        "ops": 0.654,
        "avg": 0.228,
        "obp": 0.314,
        "slg": 0.34,
        "rbi": 28,
        "sb": 6,
        "hr": 4
      },
      {
        "name": "박해민",
        "year": 20,
        "team": "삼성",
        "pa": 541,
        "ops": 0.76,
        "avg": 0.29,
        "obp": 0.345,
        "slg": 0.415,
        "rbi": 55,
        "sb": 34,
        "hr": 11
      }
    ]
  },
  {
    "generation": 21,
    "expected_score": 5.49,
    "lineup": [
      "이학주",
      "이원석",
      "김동엽",
      "구자욱",
      "김상수",
      "김헌곤",
      "김지찬",
      "박해민",
      "강민호"
    ],
    "player_stats": [
      {
        "name": "이학주",
        "year": 20,
        "team": "삼성",
        "pa": 243,
        "ops": 0.654,
        "avg": 0.228,
        "obp": 0.314,
        "slg": 0.34,
        "rbi": 28,
        "sb": 6,
        "hr": 4
      },
      {
        "name": "이원석",
        "year": 20,
        "team": "삼성",
        "pa": 467,
        "ops": 0.748,
        "avg": 0.268,
        "obp": 0.341,
        "slg": 0.407,
        "rbi": 74,
        "sb": 0,
        "hr": 13
      },
      {
        "name": "김동엽",
        "year": 20,
        "team": "삼성",
        "pa": 451,
        "ops": 0.868,
        "avg": 0.312,
        "obp": 0.36,
        "slg": 0.508,
        "rbi": 74,
        "sb": 4,
        "hr": 20
      },
      {
        "name": "구자욱",
        "year": 20,
        "team": "삼성",
        "pa": 510,
        "ops": 0.863,
        "avg": 0.307,
        "obp": 0.385,
        "slg": 0.478,
        "rbi": 78,
        "sb": 19,
        "hr": 15
      },
      {
        "name": "김상수",
        "year": 20,
        "team": "삼성",
        "pa": 471,
        "ops": 0.798,
        "avg": 0.304,
        "obp": 0.397,
        "slg": 0.401,
        "rbi": 47,
        "sb": 10,
        "hr": 5
      },
      {
        "name": "김헌곤",
        "year": 20,
        "team": "삼성",
        "pa": 283,
        "ops": 0.627,
        "avg": 0.248,
        "obp": 0.312,
        "slg": 0.315,
        "rbi": 34,
        "sb": 7,
        "hr": 3
      },
      {
        "name": "김지찬",
        "year": 20,
        "team": "삼성",
        "pa": 287,
        "ops": 0.573,
        "avg": 0.232,
        "obp": 0.301,
        "slg": 0.272,
        "rbi": 13,
        "sb": 21,
        "hr": 1
      },
      {
        "name": "박해민",
        "year": 20,
        "team": "삼성",
        "pa": 541,
        "ops": 0.76,
        "avg": 0.29,
        "obp": 0.345,
        "slg": 0.415,
        "rbi": 55,
        "sb": 34,
        "hr": 11
      },
      {
        "name": "강민호",
        "year": 20,
        "team": "삼성",
        "pa": 393,
        "ops": 0.836,
        "avg": 0.287,
        "obp": 0.349,
        "slg": 0.487,
        "rbi": 61,
        "sb": 0,
        "hr": 19
      }
    ]
  },
  {
    "generation": 22,
    "expected_score": 5.695,
    "lineup": [
      "강민호",
      "구자욱",
      "김상수",
      "이학주",
      "이원석",
      "김동엽",
      "김헌곤",
      "박해민",
      "김지찬"
    ],
    "player_stats": [
      {
        "name": "강민호",
        "year": 20,
        "team": "삼성",
        "pa": 393,
        "ops": 0.836,
        "avg": 0.287,
        "obp": 0.349,
        "slg": 0.487,
        "rbi": 61,
        "sb": 0,
        "hr": 19
      },
      {
        "name": "구자욱",
        "year": 20,
        "team": "삼성",
        "pa": 510,
        "ops": 0.863,
        "avg": 0.307,
        "obp": 0.385,
        "slg": 0.478,
        "rbi": 78,
        "sb": 19,
        "hr": 15
      },
      {
        "name": "김상수",
        "year": 20,
        "team": "삼성",
        "pa": 471,
        "ops": 0.798,
        "avg": 0.304,
        "obp": 0.397,
        "slg": 0.401,
        "rbi": 47,
        "sb": 10,
        "hr": 5
      },
      {
        "name": "이학주",
        "year": 20,
        "team": "삼성",
        "pa": 243,
        "ops": 0.654,
        "avg": 0.228,
        "obp": 0.314,
        "slg": 0.34,
        "rbi": 28,
        "sb": 6,
        "hr": 4
      },
      {
        "name": "이원석",
        "year": 20,
        "team": "삼성",
        "pa": 467,
        "ops": 0.748,
        "avg": 0.268,
        "obp": 0.341,
        "slg": 0.407,
        "rbi": 74,
        "sb": 0,
        "hr": 13
      },
      {
        "name": "김동엽",
        "year": 20,
        "team": "삼성",
        "pa": 451,
        "ops": 0.868,
        "avg": 0.312,
        "obp": 0.36,
        "slg": 0.508,
        "rbi": 74,
        "sb": 4,
        "hr": 20
      },
      {
        "name": "김헌곤",
        "year": 20,
        "team": "삼성",
        "pa": 283,
        "ops": 0.627,
        "avg": 0.248,
        "obp": 0.312,
        "slg": 0.315,
        "rbi": 34,
        "sb": 7,
        "hr": 3
      },
      {
        "name": "박해민",
        "year": 20,
        "team": "삼성",
        "pa": 541,
        "ops": 0.76,
        "avg": 0.29,
        "obp": 0.345,
        "slg": 0.415,
        "rbi": 55,
        "sb": 34,
        "hr": 11
      },
      {
        "name": "김지찬",
        "year": 20,
        "team": "삼성",
        "pa": 287,
        "ops": 0.573,
        "avg": 0.232,
        "obp": 0.301,
        "slg": 0.272,
        "rbi": 13,
        "sb": 21,
        "hr": 1
      }
    ]
  },
  {
    "generation": 23,
    "expected_score": 5.66,
    "lineup": [
      "구자욱",
      "김동엽",
      "이학주",
      "이원석",
      "김상수",
      "김헌곤",
      "박해민",
      "강민호",
      "김지찬"
    ],
    "player_stats": [
      {
        "name": "구자욱",
        "year": 20,
        "team": "삼성",
        "pa": 510,
        "ops": 0.863,
        "avg": 0.307,
        "obp": 0.385,
        "slg": 0.478,
        "rbi": 78,
        "sb": 19,
        "hr": 15
      },
      {
        "name": "김동엽",
        "year": 20,
        "team": "삼성",
        "pa": 451,
        "ops": 0.868,
        "avg": 0.312,
        "obp": 0.36,
        "slg": 0.508,
        "rbi": 74,
        "sb": 4,
        "hr": 20
      },
      {
        "name": "이학주",
        "year": 20,
        "team": "삼성",
        "pa": 243,
        "ops": 0.654,
        "avg": 0.228,
        "obp": 0.314,
        "slg": 0.34,
        "rbi": 28,
        "sb": 6,
        "hr": 4
      },
      {
        "name": "이원석",
        "year": 20,
        "team": "삼성",
        "pa": 467,
        "ops": 0.748,
        "avg": 0.268,
        "obp": 0.341,
        "slg": 0.407,
        "rbi": 74,
        "sb": 0,
        "hr": 13
      },
      {
        "name": "김상수",
        "year": 20,
        "team": "삼성",
        "pa": 471,
        "ops": 0.798,
        "avg": 0.304,
        "obp": 0.397,
        "slg": 0.401,
        "rbi": 47,
        "sb": 10,
        "hr": 5
      },
      {
        "name": "김헌곤",
        "year": 20,
        "team": "삼성",
        "pa": 283,
        "ops": 0.627,
        "avg": 0.248,
        "obp": 0.312,
        "slg": 0.315,
        "rbi": 34,
        "sb": 7,
        "hr": 3
      },
      {
        "name": "박해민",
        "year": 20,
        "team": "삼성",
        "pa": 541,
        "ops": 0.76,
        "avg": 0.29,
        "obp": 0.345,
        "slg": 0.415,
        "rbi": 55,
        "sb": 34,
        "hr": 11
      },
      {
        "name": "강민호",
        "year": 20,
        "team": "삼성",
        "pa": 393,
        "ops": 0.836,
        "avg": 0.287,
        "obp": 0.349,
        "slg": 0.487,
        "rbi": 61,
        "sb": 0,
        "hr": 19
      },
      {
        "name": "김지찬",
        "year": 20,
        "team": "삼성",
        "pa": 287,
        "ops": 0.573,
        "avg": 0.232,
        "obp": 0.301,
        "slg": 0.272,
        "rbi": 13,
        "sb": 21,
        "hr": 1
      }
    ]
  },
  {
    "generation": 24,
    "expected_score": 5.6,
    "lineup": [
      "강민호",
      "김지찬",
      "이학주",
      "구자욱",
      "김헌곤",
      "이원석",
      "김동엽",
      "김상수",
      "박해민"
    ],
    "player_stats": [
      {
        "name": "강민호",
        "year": 20,
        "team": "삼성",
        "pa": 393,
        "ops": 0.836,
        "avg": 0.287,
        "obp": 0.349,
        "slg": 0.487,
        "rbi": 61,
        "sb": 0,
        "hr": 19
      },
      {
        "name": "김지찬",
        "year": 20,
        "team": "삼성",
        "pa": 287,
        "ops": 0.573,
        "avg": 0.232,
        "obp": 0.301,
        "slg": 0.272,
        "rbi": 13,
        "sb": 21,
        "hr": 1
      },
      {
        "name": "이학주",
        "year": 20,
        "team": "삼성",
        "pa": 243,
        "ops": 0.654,
        "avg": 0.228,
        "obp": 0.314,
        "slg": 0.34,
        "rbi": 28,
        "sb": 6,
        "hr": 4
      },
      {
        "name": "구자욱",
        "year": 20,
        "team": "삼성",
        "pa": 510,
        "ops": 0.863,
        "avg": 0.307,
        "obp": 0.385,
        "slg": 0.478,
        "rbi": 78,
        "sb": 19,
        "hr": 15
      },
      {
        "name": "김헌곤",
        "year": 20,
        "team": "삼성",
        "pa": 283,
        "ops": 0.627,
        "avg": 0.248,
        "obp": 0.312,
        "slg": 0.315,
        "rbi": 34,
        "sb": 7,
        "hr": 3
      },
      {
        "name": "이원석",
        "year": 20,
        "team": "삼성",
        "pa": 467,
        "ops": 0.748,
        "avg": 0.268,
        "obp": 0.341,
        "slg": 0.407,
        "rbi": 74,
        "sb": 0,
        "hr": 13
      },
      {
        "name": "김동엽",
        "year": 20,
        "team": "삼성",
        "pa": 451,
        "ops": 0.868,
        "avg": 0.312,
        "obp": 0.36,
        "slg": 0.508,
        "rbi": 74,
        "sb": 4,
        "hr": 20
      },
      {
        "name": "김상수",
        "year": 20,
        "team": "삼성",
        "pa": 471,
        "ops": 0.798,
        "avg": 0.304,
        "obp": 0.397,
        "slg": 0.401,
        "rbi": 47,
        "sb": 10,
        "hr": 5
      },
      {
        "name": "박해민",
        "year": 20,
        "team": "삼성",
        "pa": 541,
        "ops": 0.76,
        "avg": 0.29,
        "obp": 0.345,
        "slg": 0.415,
        "rbi": 55,
        "sb": 34,
        "hr": 11
      }
    ]
  },
  {
    "generation": 25,
    "expected_score": 5.66,
    "lineup": [
      "김지찬",
      "구자욱",
      "김헌곤",
      "이학주",
      "강민호",
      "이원석",
      "김동엽",
      "김상수",
      "박해민"
    ],
    "player_stats": [
      {
        "name": "김지찬",
        "year": 20,
        "team": "삼성",
        "pa": 287,
        "ops": 0.573,
        "avg": 0.232,
        "obp": 0.301,
        "slg": 0.272,
        "rbi": 13,
        "sb": 21,
        "hr": 1
      },
      {
        "name": "구자욱",
        "year": 20,
        "team": "삼성",
        "pa": 510,
        "ops": 0.863,
        "avg": 0.307,
        "obp": 0.385,
        "slg": 0.478,
        "rbi": 78,
        "sb": 19,
        "hr": 15
      },
      {
        "name": "김헌곤",
        "year": 20,
        "team": "삼성",
        "pa": 283,
        "ops": 0.627,
        "avg": 0.248,
        "obp": 0.312,
        "slg": 0.315,
        "rbi": 34,
        "sb": 7,
        "hr": 3
      },
      {
        "name": "이학주",
        "year": 20,
        "team": "삼성",
        "pa": 243,
        "ops": 0.654,
        "avg": 0.228,
        "obp": 0.314,
        "slg": 0.34,
        "rbi": 28,
        "sb": 6,
        "hr": 4
      },
      {
        "name": "강민호",
        "year": 20,
        "team": "삼성",
        "pa": 393,
        "ops": 0.836,
        "avg": 0.287,
        "obp": 0.349,
        "slg": 0.487,
        "rbi": 61,
        "sb": 0,
        "hr": 19
      },
      {
        "name": "이원석",
        "year": 20,
        "team": "삼성",
        "pa": 467,
        "ops": 0.748,
        "avg": 0.268,
        "obp": 0.341,
        "slg": 0.407,
        "rbi": 74,
        "sb": 0,
        "hr": 13
      },
      {
        "name": "김동엽",
        "year": 20,
        "team": "삼성",
        "pa": 451,
        "ops": 0.868,
        "avg": 0.312,
        "obp": 0.36,
        "slg": 0.508,
        "rbi": 74,
        "sb": 4,
        "hr": 20
      },
      {
        "name": "김상수",
        "year": 20,
        "team": "삼성",
        "pa": 471,
        "ops": 0.798,
        "avg": 0.304,
        "obp": 0.397,
        "slg": 0.401,
        "rbi": 47,
        "sb": 10,
        "hr": 5
      },
      {
        "name": "박해민",
        "year": 20,
        "team": "삼성",
        "pa": 541,
        "ops": 0.76,
        "avg": 0.29,
        "obp": 0.345,
        "slg": 0.415,
        "rbi": 55,
        "sb": 34,
        "hr": 11
      }
    ]
  },
  {
    "generation": 26,
    "expected_score": 5.55,
    "lineup": [
      "구자욱",
      "김동엽",
      "이학주",
      "이원석",
      "김상수",
      "김헌곤",
      "박해민",
      "강민호",
      "김지찬"
    ],
    "player_stats": [
      {
        "name": "구자욱",
        "year": 20,
        "team": "삼성",
        "pa": 510,
        "ops": 0.863,
        "avg": 0.307,
        "obp": 0.385,
        "slg": 0.478,
        "rbi": 78,
        "sb": 19,
        "hr": 15
      },
      {
        "name": "김동엽",
        "year": 20,
        "team": "삼성",
        "pa": 451,
        "ops": 0.868,
        "avg": 0.312,
        "obp": 0.36,
        "slg": 0.508,
        "rbi": 74,
        "sb": 4,
        "hr": 20
      },
      {
        "name": "이학주",
        "year": 20,
        "team": "삼성",
        "pa": 243,
        "ops": 0.654,
        "avg": 0.228,
        "obp": 0.314,
        "slg": 0.34,
        "rbi": 28,
        "sb": 6,
        "hr": 4
      },
      {
        "name": "이원석",
        "year": 20,
        "team": "삼성",
        "pa": 467,
        "ops": 0.748,
        "avg": 0.268,
        "obp": 0.341,
        "slg": 0.407,
        "rbi": 74,
        "sb": 0,
        "hr": 13
      },
      {
        "name": "김상수",
        "year": 20,
        "team": "삼성",
        "pa": 471,
        "ops": 0.798,
        "avg": 0.304,
        "obp": 0.397,
        "slg": 0.401,
        "rbi": 47,
        "sb": 10,
        "hr": 5
      },
      {
        "name": "김헌곤",
        "year": 20,
        "team": "삼성",
        "pa": 283,
        "ops": 0.627,
        "avg": 0.248,
        "obp": 0.312,
        "slg": 0.315,
        "rbi": 34,
        "sb": 7,
        "hr": 3
      },
      {
        "name": "박해민",
        "year": 20,
        "team": "삼성",
        "pa": 541,
        "ops": 0.76,
        "avg": 0.29,
        "obp": 0.345,
        "slg": 0.415,
        "rbi": 55,
        "sb": 34,
        "hr": 11
      },
      {
        "name": "강민호",
        "year": 20,
        "team": "삼성",
        "pa": 393,
        "ops": 0.836,
        "avg": 0.287,
        "obp": 0.349,
        "slg": 0.487,
        "rbi": 61,
        "sb": 0,
        "hr": 19
      },
      {
        "name": "김지찬",
        "year": 20,
        "team": "삼성",
        "pa": 287,
        "ops": 0.573,
        "avg": 0.232,
        "obp": 0.301,
        "slg": 0.272,
        "rbi": 13,
        "sb": 21,
        "hr": 1
      }
    ]
  },
  {
    "generation": 27,
    "expected_score": 5.625,
    "lineup": [
      "김동엽",
      "이원석",
      "구자욱",
      "강민호",
      "이학주",
      "김상수",
      "박해민",
      "김헌곤",
      "김지찬"
    ],
    "player_stats": [
      {
        "name": "김동엽",
        "year": 20,
        "team": "삼성",
        "pa": 451,
        "ops": 0.868,
        "avg": 0.312,
        "obp": 0.36,
        "slg": 0.508,
        "rbi": 74,
        "sb": 4,
        "hr": 20
      },
      {
        "name": "이원석",
        "year": 20,
        "team": "삼성",
        "pa": 467,
        "ops": 0.748,
        "avg": 0.268,
        "obp": 0.341,
        "slg": 0.407,
        "rbi": 74,
        "sb": 0,
        "hr": 13
      },
      {
        "name": "구자욱",
        "year": 20,
        "team": "삼성",
        "pa": 510,
        "ops": 0.863,
        "avg": 0.307,
        "obp": 0.385,
        "slg": 0.478,
        "rbi": 78,
        "sb": 19,
        "hr": 15
      },
      {
        "name": "강민호",
        "year": 20,
        "team": "삼성",
        "pa": 393,
        "ops": 0.836,
        "avg": 0.287,
        "obp": 0.349,
        "slg": 0.487,
        "rbi": 61,
        "sb": 0,
        "hr": 19
      },
      {
        "name": "이학주",
        "year": 20,
        "team": "삼성",
        "pa": 243,
        "ops": 0.654,
        "avg": 0.228,
        "obp": 0.314,
        "slg": 0.34,
        "rbi": 28,
        "sb": 6,
        "hr": 4
      },
      {
        "name": "김상수",
        "year": 20,
        "team": "삼성",
        "pa": 471,
        "ops": 0.798,
        "avg": 0.304,
        "obp": 0.397,
        "slg": 0.401,
        "rbi": 47,
        "sb": 10,
        "hr": 5
      },
      {
        "name": "박해민",
        "year": 20,
        "team": "삼성",
        "pa": 541,
        "ops": 0.76,
        "avg": 0.29,
        "obp": 0.345,
        "slg": 0.415,
        "rbi": 55,
        "sb": 34,
        "hr": 11
      },
      {
        "name": "김헌곤",
        "year": 20,
        "team": "삼성",
        "pa": 283,
        "ops": 0.627,
        "avg": 0.248,
        "obp": 0.312,
        "slg": 0.315,
        "rbi": 34,
        "sb": 7,
        "hr": 3
      },
      {
        "name": "김지찬",
        "year": 20,
        "team": "삼성",
        "pa": 287,
        "ops": 0.573,
        "avg": 0.232,
        "obp": 0.301,
        "slg": 0.272,
        "rbi": 13,
        "sb": 21,
        "hr": 1
      }
    ]
  },
  {
    "generation": 28,
    "expected_score": 5.515,
    "lineup": [
      "김동엽",
      "구자욱",
      "이학주",
      "이원석",
      "김상수",
      "김지찬",
      "박해민",
      "강민호",
      "김헌곤"
    ],
    "player_stats": [
      {
        "name": "김동엽",
        "year": 20,
        "team": "삼성",
        "pa": 451,
        "ops": 0.868,
        "avg": 0.312,
        "obp": 0.36,
        "slg": 0.508,
        "rbi": 74,
        "sb": 4,
        "hr": 20
      },
      {
        "name": "구자욱",
        "year": 20,
        "team": "삼성",
        "pa": 510,
        "ops": 0.863,
        "avg": 0.307,
        "obp": 0.385,
        "slg": 0.478,
        "rbi": 78,
        "sb": 19,
        "hr": 15
      },
      {
        "name": "이학주",
        "year": 20,
        "team": "삼성",
        "pa": 243,
        "ops": 0.654,
        "avg": 0.228,
        "obp": 0.314,
        "slg": 0.34,
        "rbi": 28,
        "sb": 6,
        "hr": 4
      },
      {
        "name": "이원석",
        "year": 20,
        "team": "삼성",
        "pa": 467,
        "ops": 0.748,
        "avg": 0.268,
        "obp": 0.341,
        "slg": 0.407,
        "rbi": 74,
        "sb": 0,
        "hr": 13
      },
      {
        "name": "김상수",
        "year": 20,
        "team": "삼성",
        "pa": 471,
        "ops": 0.798,
        "avg": 0.304,
        "obp": 0.397,
        "slg": 0.401,
        "rbi": 47,
        "sb": 10,
        "hr": 5
      },
      {
        "name": "김지찬",
        "year": 20,
        "team": "삼성",
        "pa": 287,
        "ops": 0.573,
        "avg": 0.232,
        "obp": 0.301,
        "slg": 0.272,
        "rbi": 13,
        "sb": 21,
        "hr": 1
      },
      {
        "name": "박해민",
        "year": 20,
        "team": "삼성",
        "pa": 541,
        "ops": 0.76,
        "avg": 0.29,
        "obp": 0.345,
        "slg": 0.415,
        "rbi": 55,
        "sb": 34,
        "hr": 11
      },
      {
        "name": "강민호",
        "year": 20,
        "team": "삼성",
        "pa": 393,
        "ops": 0.836,
        "avg": 0.287,
        "obp": 0.349,
        "slg": 0.487,
        "rbi": 61,
        "sb": 0,
        "hr": 19
      },
      {
        "name": "김헌곤",
        "year": 20,
        "team": "삼성",
        "pa": 283,
        "ops": 0.627,
        "avg": 0.248,
        "obp": 0.312,
        "slg": 0.315,
        "rbi": 34,
        "sb": 7,
        "hr": 3
      }
    ]
  },
  {
    "generation": 29,
    "expected_score": 5.765,
    "lineup": [
      "김동엽",
      "구자욱",
      "이학주",
      "김헌곤",
      "박해민",
      "김상수",
      "이원석",
      "강민호",
      "김지찬"
    ],
    "player_stats": [
      {
        "name": "김동엽",
        "year": 20,
        "team": "삼성",
        "pa": 451,
        "ops": 0.868,
        "avg": 0.312,
        "obp": 0.36,
        "slg": 0.508,
        "rbi": 74,
        "sb": 4,
        "hr": 20
      },
      {
        "name": "구자욱",
        "year": 20,
        "team": "삼성",
        "pa": 510,
        "ops": 0.863,
        "avg": 0.307,
        "obp": 0.385,
        "slg": 0.478,
        "rbi": 78,
        "sb": 19,
        "hr": 15
      },
      {
        "name": "이학주",
        "year": 20,
        "team": "삼성",
        "pa": 243,
        "ops": 0.654,
        "avg": 0.228,
        "obp": 0.314,
        "slg": 0.34,
        "rbi": 28,
        "sb": 6,
        "hr": 4
      },
      {
        "name": "김헌곤",
        "year": 20,
        "team": "삼성",
        "pa": 283,
        "ops": 0.627,
        "avg": 0.248,
        "obp": 0.312,
        "slg": 0.315,
        "rbi": 34,
        "sb": 7,
        "hr": 3
      },
      {
        "name": "박해민",
        "year": 20,
        "team": "삼성",
        "pa": 541,
        "ops": 0.76,
        "avg": 0.29,
        "obp": 0.345,
        "slg": 0.415,
        "rbi": 55,
        "sb": 34,
        "hr": 11
      },
      {
        "name": "김상수",
        "year": 20,
        "team": "삼성",
        "pa": 471,
        "ops": 0.798,
        "avg": 0.304,
        "obp": 0.397,
        "slg": 0.401,
        "rbi": 47,
        "sb": 10,
        "hr": 5
      },
      {
        "name": "이원석",
        "year": 20,
        "team": "삼성",
        "pa": 467,
        "ops": 0.748,
        "avg": 0.268,
        "obp": 0.341,
        "slg": 0.407,
        "rbi": 74,
        "sb": 0,
        "hr": 13
      },
      {
        "name": "강민호",
        "year": 20,
        "team": "삼성",
        "pa": 393,
        "ops": 0.836,
        "avg": 0.287,
        "obp": 0.349,
        "slg": 0.487,
        "rbi": 61,
        "sb": 0,
        "hr": 19
      },
      {
        "name": "김지찬",
        "year": 20,
        "team": "삼성",
        "pa": 287,
        "ops": 0.573,
        "avg": 0.232,
        "obp": 0.301,
        "slg": 0.272,
        "rbi": 13,
        "sb": 21,
        "hr": 1
      }
    ]
  },
  {
    "generation": 30,
    "expected_score": 5.515,
    "lineup": [
      "김동엽",
      "구자욱",
      "이학주",
      "김헌곤",
      "박해민",
      "김상수",
      "이원석",
      "강민호",
      "김지찬"
    ],
    "player_stats": [
      {
        "name": "김동엽",
        "year": 20,
        "team": "삼성",
        "pa": 451,
        "ops": 0.868,
        "avg": 0.312,
        "obp": 0.36,
        "slg": 0.508,
        "rbi": 74,
        "sb": 4,
        "hr": 20
      },
      {
        "name": "구자욱",
        "year": 20,
        "team": "삼성",
        "pa": 510,
        "ops": 0.863,
        "avg": 0.307,
        "obp": 0.385,
        "slg": 0.478,
        "rbi": 78,
        "sb": 19,
        "hr": 15
      },
      {
        "name": "이학주",
        "year": 20,
        "team": "삼성",
        "pa": 243,
        "ops": 0.654,
        "avg": 0.228,
        "obp": 0.314,
        "slg": 0.34,
        "rbi": 28,
        "sb": 6,
        "hr": 4
      },
      {
        "name": "김헌곤",
        "year": 20,
        "team": "삼성",
        "pa": 283,
        "ops": 0.627,
        "avg": 0.248,
        "obp": 0.312,
        "slg": 0.315,
        "rbi": 34,
        "sb": 7,
        "hr": 3
      },
      {
        "name": "박해민",
        "year": 20,
        "team": "삼성",
        "pa": 541,
        "ops": 0.76,
        "avg": 0.29,
        "obp": 0.345,
        "slg": 0.415,
        "rbi": 55,
        "sb": 34,
        "hr": 11
      },
      {
        "name": "김상수",
        "year": 20,
        "team": "삼성",
        "pa": 471,
        "ops": 0.798,
        "avg": 0.304,
        "obp": 0.397,
        "slg": 0.401,
        "rbi": 47,
        "sb": 10,
        "hr": 5
      },
      {
        "name": "이원석",
        "year": 20,
        "team": "삼성",
        "pa": 467,
        "ops": 0.748,
        "avg": 0.268,
        "obp": 0.341,
        "slg": 0.407,
        "rbi": 74,
        "sb": 0,
        "hr": 13
      },
      {
        "name": "강민호",
        "year": 20,
        "team": "삼성",
        "pa": 393,
        "ops": 0.836,
        "avg": 0.287,
        "obp": 0.349,
        "slg": 0.487,
        "rbi": 61,
        "sb": 0,
        "hr": 19
      },
      {
        "name": "김지찬",
        "year": 20,
        "team": "삼성",
        "pa": 287,
        "ops": 0.573,
        "avg": 0.232,
        "obp": 0.301,
        "slg": 0.272,
        "rbi": 13,
        "sb": 21,
        "hr": 1
      }
    ]
  }
]