[
  {
    "generation": 1,
    "expected_score": 6.44,
    "lineup": [
      "이정후",
      "박준태",
      "박병호",
      "서건창",
      "김하성",
      "전병우",
      "박동원",
      "허정협",
      "김혜성"
    ],
    "player_stats": [
      {
        "name": "이정후",
        "year": 20,
        "team": "키움",
        "pa": 617,
        "ops": 0.921,
        "avg": 0.333,
        "obp": 0.397,
        "slg": 0.524,
        "rbi": 101,
        "sb": 12,
        "hr": 15
      },
      {
        "name": "박준태",
        "year": 20,
        "team": "키움",
        "pa": 443,
        "ops": 0.72,
        "avg": 0.245,
        "obp": 0.389,
        "slg": 0.331,
        "rbi": 29,
        "sb": 5,
        "hr": 5
      },
      {
        "name": "박병호",
        "year": 20,
        "team": "키움",
        "pa": 383,
        "ops": 0.802,
        "avg": 0.223,
        "obp": 0.352,
        "slg": 0.45,
        "rbi": 66,
        "sb": 0,
        "hr": 21
      },
      {
        "name": "서건창",
        "year": 20,
        "team": "키움",
        "pa": 595,
        "ops": 0.776,
        "avg": 0.277,
        "obp": 0.39,
        "slg": 0.386,
        "rbi": 52,
        "sb": 24,
        "hr": 5
      },
      {
        "name": "김하성",
        "year": 20,
        "team": "키움",
        "pa": 622,
        "ops": 0.92,
        "avg": 0.306,
        "obp": 0.397,
        "slg": 0.523,
        "rbi": 109,
        "sb": 23,
        "hr": 30
      },
      {
        "name": "전병우",
        "year": 20,
        "team": "키움",
        "pa": 402,
        "ops": 0.667,
        "avg": 0.237,
        "obp": 0.31,
        "slg": 0.357,
        "rbi": 48,
        "sb": 7,
        "hr": 8
      },
      {
        "name": "박동원",
        "year": 20,
        "team": "키움",
        "pa": 372,
        "ops": 0.764,
        "avg": 0.25,
        "obp": 0.338,
        "slg": 0.426,
        "rbi": 50,
        "sb": 0,
        "hr": 12
      },
      {
        "name": "허정협",
        "year": 20,
        "team": "키움",
        "pa": 360,
        "ops": 0.754,
        "avg": 0.268,
        "obp": 0.353,
        "slg": 0.401,
        "rbi": 43,
        "sb": 0,
        "hr": 10
      },
      {
        "name": "김혜성",
        "year": 20,
        "team": "키움",
        "pa": 553,
        "ops": 0.744,
        "avg": 0.285,
        "obp": 0.345,
        "slg": 0.399,
        "rbi": 61,
        "sb": 25,
        "hr": 7
      }
    ]
  },
  {
    "generation": 2,
    "expected_score": 6.41,
    "lineup": [
      "이정후",
      "박병호",
      "김하성",
      "박준태",
      "박동원",
      "김혜성",
      "허정협",
      "전병우",
      "서건창"
    ],
    "player_stats": [
      {
        "name": "이정후",
        "year": 20,
        "team": "키움",
        "pa": 617,
        "ops": 0.921,
        "avg": 0.333,
        "obp": 0.397,
        "slg": 0.524,
        "rbi": 101,
        "sb": 12,
        "hr": 15
      },
      {
        "name": "박병호",
        "year": 20,
        "team": "키움",
        "pa": 383,
        "ops": 0.802,
        "avg": 0.223,
        "obp": 0.352,
        "slg": 0.45,
        "rbi": 66,
        "sb": 0,
        "hr": 21
      },
      {
        "name": "김하성",
        "year": 20,
        "team": "키움",
        "pa": 622,
        "ops": 0.92,
        "avg": 0.306,
        "obp": 0.397,
        "slg": 0.523,
        "rbi": 109,
        "sb": 23,
        "hr": 30
      },
      {
        "name": "박준태",
        "year": 20,
        "team": "키움",
        "pa": 443,
        "ops": 0.72,
        "avg": 0.245,
        "obp": 0.389,
        "slg": 0.331,
        "rbi": 29,
        "sb": 5,
        "hr": 5
      },
      {
        "name": "박동원",
        "year": 20,
        "team": "키움",
        "pa": 372,
        "ops": 0.764,
        "avg": 0.25,
        "obp": 0.338,
        "slg": 0.426,
        "rbi": 50,
        "sb": 0,
        "hr": 12
      },
      {
        "name": "김혜성",
        "year": 20,
        "team": "키움",
        "pa": 553,
        "ops": 0.744,
        "avg": 0.285,
        "obp": 0.345,
        "slg": 0.399,
        "rbi": 61,
        "sb": 25,
        "hr": 7
      },
      {
        "name": "허정협",
        "year": 20,
        "team": "키움",
        "pa": 360,
        "ops": 0.754,
        "avg": 0.268,
        "obp": 0.353,
        "slg": 0.401,
        "rbi": 43,
        "sb": 0,
        "hr": 10
      },
      {
        "name": "전병우",
        "year": 20,
        "team": "키움",
        "pa": 402,
        "ops": 0.667,
        "avg": 0.237,
        "obp": 0.31,
        "slg": 0.357,
        "rbi": 48,
        "sb": 7,
        "hr": 8
      },
      {
        "name": "서건창",
        "year": 20,
        "team": "키움",
        "pa": 595,
        "ops": 0.776,
        "avg": 0.277,
        "obp": 0.39,
        "slg": 0.386,
        "rbi": 52,
        "sb": 24,
        "hr": 5
      }
    ]
  },
  {
    "generation": 3,
    "expected_score": 6.51,
    "lineup": [
      "허정협",
      "박동원",
      "이정후",
      "박준태",
      "서건창",
      "김하성",
      "박병호",
      "전병우",
      "김혜성"
    ],
    "player_stats": [
      {
        "name": "허정협",
        "year": 20,
        "team": "키움",
        "pa": 360,
        "ops": 0.754,
        "avg": 0.268,
        "obp": 0.353,
        "slg": 0.401,
        "rbi": 43,
        "sb": 0,
        "hr": 10
      },
      {
        "name": "박동원",
        "year": 20,
        "team": "키움",
        "pa": 372,
        "ops": 0.764,
        "avg": 0.25,
        "obp": 0.338,
        "slg": 0.426,
        "rbi": 50,
        "sb": 0,
        "hr": 12
      },
      {
        "name": "이정후",
        "year": 20,
        "team": "키움",
        "pa": 617,
        "ops": 0.921,
        "avg": 0.333,
        "obp": 0.397,
        "slg": 0.524,
        "rbi": 101,
        "sb": 12,
        "hr": 15
      },
      {
        "name": "박준태",
        "year": 20,
        "team": "키움",
        "pa": 443,
        "ops": 0.72,
        "avg": 0.245,
        "obp": 0.389,
        "slg": 0.331,
        "rbi": 29,
        "sb": 5,
        "hr": 5
      },
      {
        "name": "서건창",
        "year": 20,
        "team": "키움",
        "pa": 595,
        "ops": 0.776,
        "avg": 0.277,
        "obp": 0.39,
        "slg": 0.386,
        "rbi": 52,
        "sb": 24,
        "hr": 5
      },
      {
        "name": "김하성",
        "year": 20,
        "team": "키움",
        "pa": 622,
        "ops": 0.92,
        "avg": 0.306,
        "obp": 0.397,
        "slg": 0.523,
        "rbi": 109,
        "sb": 23,
        "hr": 30
      },
      {
        "name": "박병호",
        "year": 20,
        "team": "키움",
        "pa": 383,
        "ops": 0.802,
        "avg": 0.223,
        "obp": 0.352,
        "slg": 0.45,
        "rbi": 66,
        "sb": 0,
        "hr": 21
      },
      {
        "name": "전병우",
        "year": 20,
        "team": "키움",
        "pa": 402,
        "ops": 0.667,
        "avg": 0.237,
        "obp": 0.31,
        "slg": 0.357,
        "rbi": 48,
        "sb": 7,
        "hr": 8
      },
      {
        "name": "김혜성",
        "year": 20,
        "team": "키움",
        "pa": 553,
        "ops": 0.744,
        "avg": 0.285,
        "obp": 0.345,
        "slg": 0.399,
        "rbi": 61,
        "sb": 25,
        "hr": 7
      }
    ]
  },
  {
    "generation": 4,
    "expected_score": 6.44,
    "lineup": [
      "박준태",
      "이정후",
      "김하성",
      "서건창",
      "박동원",
      "김혜성",
      "허정협",
      "전병우",
      "박병호"
    ],
    "player_stats": [
      {
        "name": "박준태",
        "year": 20,
        "team": "키움",
        "pa": 443,
        "ops": 0.72,
        "avg": 0.245,
        "obp": 0.389,
        "slg": 0.331,
        "rbi": 29,
        "sb": 5,
        "hr": 5
      },
      {
        "name": "이정후",
        "year": 20,
        "team": "키움",
        "pa": 617,
        "ops": 0.921,
        "avg": 0.333,
        "obp": 0.397,
        "slg": 0.524,
        "rbi": 101,
        "sb": 12,
        "hr": 15
      },
      {
        "name": "김하성",
        "year": 20,
        "team": "키움",
        "pa": 622,
        "ops": 0.92,
        "avg": 0.306,
        "obp": 0.397,
        "slg": 0.523,
        "rbi": 109,
        "sb": 23,
        "hr": 30
      },
      {
        "name": "서건창",
        "year": 20,
        "team": "키움",
        "pa": 595,
        "ops": 0.776,
        "avg": 0.277,
        "obp": 0.39,
        "slg": 0.386,
        "rbi": 52,
        "sb": 24,
        "hr": 5
      },
      {
        "name": "박동원",
        "year": 20,
        "team": "키움",
        "pa": 372,
        "ops": 0.764,
        "avg": 0.25,
        "obp": 0.338,
        "slg": 0.426,
        "rbi": 50,
        "sb": 0,
        "hr": 12
      },
      {
        "name": "김혜성",
        "year": 20,
        "team": "키움",
        "pa": 553,
        "ops": 0.744,
        "avg": 0.285,
        "obp": 0.345,
        "slg": 0.399,
        "rbi": 61,
        "sb": 25,
        "hr": 7
      },
      {
        "name": "허정협",
        "year": 20,
        "team": "키움",
        "pa": 360,
        "ops": 0.754,
        "avg": 0.268,
        "obp": 0.353,
        "slg": 0.401,
        "rbi": 43,
        "sb": 0,
        "hr": 10
      },
      {
        "name": "전병우",
        "year": 20,
        "team": "키움",
        "pa": 402,
        "ops": 0.667,
        "avg": 0.237,
        "obp": 0.31,
        "slg": 0.357,
        "rbi": 48,
        "sb": 7,
        "hr": 8
      },
      {
        "name": "박병호",
        "year": 20,
        "team": "키움",
        "pa": 383,
        "ops": 0.802,
        "avg": 0.223,
        "obp": 0.352,
        "slg": 0.45,
        "rbi": 66,
        "sb": 0,
        "hr": 21
      }
    ]
  },
  {
    "generation": 5,
    "expected_score": 6.515,
    "lineup": [
      "이정후",
      "서건창",
      "박동원",
      "김하성",
      "김혜성",
      "박준태",
      "허정협",
      "전병우",
      "박병호"
    ],
    "player_stats": [
      {
        "name": "이정후",
        "year": 20,
        "team": "키움",
        "pa": 617,
        "ops": 0.921,
        "avg": 0.333,
        "obp": 0.397,
        "slg": 0.524,
        "rbi": 101,
        "sb": 12,
        "hr": 15
      },
      {
        "name": "서건창",
        "year": 20,
        "team": "키움",
        "pa": 595,
        "ops": 0.776,
        "avg": 0.277,
        "obp": 0.39,
        "slg": 0.386,
        "rbi": 52,
        "sb": 24,
        "hr": 5
      },
      {
        "name": "박동원",
        "year": 20,
        "team": "키움",
        "pa": 372,
        "ops": 0.764,
        "avg": 0.25,
        "obp": 0.338,
        "slg": 0.426,
        "rbi": 50,
        "sb": 0,
        "hr": 12
      },
      {
        "name": "김하성",
        "year": 20,
        "team": "키움",
        "pa": 622,
        "ops": 0.92,
        "avg": 0.306,
        "obp": 0.397,
        "slg": 0.523,
        "rbi": 109,
        "sb": 23,
        "hr": 30
      },
      {
        "name": "김혜성",
        "year": 20,
        "team": "키움",
        "pa": 553,
        "ops": 0.744,
        "avg": 0.285,
        "obp": 0.345,
        "slg": 0.399,
        "rbi": 61,
        "sb": 25,
        "hr": 7
      },
      {
        "name": "박준태",
        "year": 20,
        "team": "키움",
        "pa": 443,
        "ops": 0.72,
        "avg": 0.245,
        "obp": 0.389,
        "slg": 0.331,
        "rbi": 29,
        "sb": 5,
        "hr": 5
      },
      {
        "name": "허정협",
        "year": 20,
        "team": "키움",
        "pa": 360,
        "ops": 0.754,
        "avg": 0.268,
        "obp": 0.353,
        "slg": 0.401,
        "rbi": 43,
        "sb": 0,
        "hr": 10
      },
      {
        "name": "전병우",
        "year": 20,
        "team": "키움",
        "pa": 402,
        "ops": 0.667,
        "avg": 0.237,
        "obp": 0.31,
        "slg": 0.357,
        "rbi": 48,
        "sb": 7,
        "hr": 8
      },
      {
        "name": "박병호",
        "year": 20,
        "team": "키움",
        "pa": 383,
        "ops": 0.802,
        "avg": 0.223,
        "obp": 0.352,
        "slg": 0.45,
        "rbi": 66,
        "sb": 0,
        "hr": 21
      }
    ]
  },
  {
    "generation": 6,
    "expected_score": 6.285,
    "lineup": [
      "박준태",
      "이정후",
      "서건창",
      "박동원",
      "김하성",
      "김혜성",
      "허정협",
      "전병우",
      "박병호"
    ],
    "player_stats": [
      {
        "name": "박준태",
        "year": 20,
        "team": "키움",
        "pa": 443,
        "ops": 0.72,
        "avg": 0.245,
        "obp": 0.389,
        "slg": 0.331,
        "rbi": 29,
        "sb": 5,
        "hr": 5
      },
      {
        "name": "이정후",
        "year": 20,
        "team": "키움",
        "pa": 617,
        "ops": 0.921,
        "avg": 0.333,
        "obp": 0.397,
        "slg": 0.524,
        "rbi": 101,
        "sb": 12,
        "hr": 15
      },
      {
        "name": "서건창",
        "year": 20,
        "team": "키움",
        "pa": 595,
        "ops": 0.776,
        "avg": 0.277,
        "obp": 0.39,
        "slg": 0.386,
        "rbi": 52,
        "sb": 24,
        "hr": 5
      },
      {
        "name": "박동원",
        "year": 20,
        "team": "키움",
        "pa": 372,
        "ops": 0.764,
        "avg": 0.25,
        "obp": 0.338,
        "slg": 0.426,
        "rbi": 50,
        "sb": 0,
        "hr": 12
      },
      {
        "name": "김하성",
        "year": 20,
        "team": "키움",
        "pa": 622,
        "ops": 0.92,
        "avg": 0.306,
        "obp": 0.397,
        "slg": 0.523,
        "rbi": 109,
        "sb": 23,
        "hr": 30
      },
      {
        "name": "김혜성",
        "year": 20,
        "team": "키움",
        "pa": 553,
        "ops": 0.744,
        "avg": 0.285,
        "obp": 0.345,
        "slg": 0.399,
        "rbi": 61,
        "sb": 25,
        "hr": 7
      },
      {
        "name": "허정협",
        "year": 20,
        "team": "키움",
        "pa": 360,
        "ops": 0.754,
        "avg": 0.268,
        "obp": 0.353,
        "slg": 0.401,
        "rbi": 43,
        "sb": 0,
        "hr": 10
      },
      {
        "name": "전병우",
        "year": 20,
        "team": "키움",
        "pa": 402,
        "ops": 0.667,
        "avg": 0.237,
        "obp": 0.31,
        "slg": 0.357,
        "rbi": 48,
        "sb": 7,
        "hr": 8
      },
      {
        "name": "박병호",
        "year": 20,
        "team": "키움",
        "pa": 383,
        "ops": 0.802,
        "avg": 0.223,
        "obp": 0.352,
        "slg": 0.45,
        "rbi": 66,
        "sb": 0,
        "hr": 21
      }
    ]
  },
  {
    "generation": 7,
    "expected_score": 6.35,
    "lineup": [
      "박병호",
      "이정후",
      "서건창",
      "김하성",
      "박준태",
      "전병우",
      "김혜성",
      "허정협",
      "박동원"
    ],
    "player_stats": [
      {
        "name": "박병호",
        "year": 20,
        "team": "키움",
        "pa": 383,
        "ops": 0.802,
        "avg": 0.223,
        "obp": 0.352,
        "slg": 0.45,
        "rbi": 66,
        "sb": 0,
        "hr": 21
      },
      {
        "name": "이정후",
        "year": 20,
        "team": "키움",
        "pa": 617,
        "ops": 0.921,
        "avg": 0.333,
        "obp": 0.397,
        "slg": 0.524,
        "rbi": 101,
        "sb": 12,
        "hr": 15
      },
      {
        "name": "서건창",
        "year": 20,
        "team": "키움",
        "pa": 595,
        "ops": 0.776,
        "avg": 0.277,
        "obp": 0.39,
        "slg": 0.386,
        "rbi": 52,
        "sb": 24,
        "hr": 5
      },
      {
        "name": "김하성",
        "year": 20,
        "team": "키움",
        "pa": 622,
        "ops": 0.92,
        "avg": 0.306,
        "obp": 0.397,
        "slg": 0.523,
        "rbi": 109,
        "sb": 23,
        "hr": 30
      },
      {
        "name": "박준태",
        "year": 20,
        "team": "키움",
        "pa": 443,
        "ops": 0.72,
        "avg": 0.245,
        "obp": 0.389,
        "slg": 0.331,
        "rbi": 29,
        "sb": 5,
        "hr": 5
      },
      {
        "name": "전병우",
        "year": 20,
        "team": "키움",
        "pa": 402,
        "ops": 0.667,
        "avg": 0.237,
        "obp": 0.31,
        "slg": 0.357,
        "rbi": 48,
        "sb": 7,
        "hr": 8
      },
      {
        "name": "김혜성",
        "year": 20,
        "team": "키움",
        "pa": 553,
        "ops": 0.744,
        "avg": 0.285,
        "obp": 0.345,
        "slg": 0.399,
        "rbi": 61,
        "sb": 25,
        "hr": 7
      },
      {
        "name": "허정협",
        "year": 20,
        "team": "키움",
        "pa": 360,
        "ops": 0.754,
        "avg": 0.268,
        "obp": 0.353,
        "slg": 0.401,
        "rbi": 43,
        "sb": 0,
        "hr": 10
      },
      {
        "name": "박동원",
        "year": 20,
        "team": "키움",
        "pa": 372,
        "ops": 0.764,
        "avg": 0.25,
        "obp": 0.338,
        "slg": 0.426,
        "rbi": 50,
        "sb": 0,
        "hr": 12
      }
    ]
  },
  {
    "generation": 8,
    "expected_score": 6.6,
    "lineup": [
      "서건창",
      "김하성",
      "박병호",
      "박준태",
      "이정후",
      "허정협",
      "박동원",
      "전병우",
      "김혜성"
    ],
    "player_stats": [
      {
        "name": "서건창",
        "year": 20,
        "team": "키움",
        "pa": 595,
        "ops": 0.776,
        "avg": 0.277,
        "obp": 0.39,
        "slg": 0.386,
        "rbi": 52,
        "sb": 24,
        "hr": 5
      },
      {
        "name": "김하성",
        "year": 20,
        "team": "키움",
        "pa": 622,
        "ops": 0.92,
        "avg": 0.306,
        "obp": 0.397,
        "slg": 0.523,
        "rbi": 109,
        "sb": 23,
        "hr": 30
      },
      {
        "name": "박병호",
        "year": 20,
        "team": "키움",
        "pa": 383,
        "ops": 0.802,
        "avg": 0.223,
        "obp": 0.352,
        "slg": 0.45,
        "rbi": 66,
        "sb": 0,
        "hr": 21
      },
      {
        "name": "박준태",
        "year": 20,
        "team": "키움",
        "pa": 443,
        "ops": 0.72,
        "avg": 0.245,
        "obp": 0.389,
        "slg": 0.331,
        "rbi": 29,
        "sb": 5,
        "hr": 5
      },
      {
        "name": "이정후",
        "year": 20,
        "team": "키움",
        "pa": 617,
        "ops": 0.921,
        "avg": 0.333,
        "obp": 0.397,
        "slg": 0.524,
        "rbi": 101,
        "sb": 12,
        "hr": 15
      },
      {
        "name": "허정협",
        "year": 20,
        "team": "키움",
        "pa": 360,
        "ops": 0.754,
        "avg": 0.268,
        "obp": 0.353,
        "slg": 0.401,
        "rbi": 43,
        "sb": 0,
        "hr": 10
      },
      {
        "name": "박동원",
        "year": 20,
        "team": "키움",
        "pa": 372,
        "ops": 0.764,
        "avg": 0.25,
        "obp": 0.338,
        "slg": 0.426,
        "rbi": 50,
        "sb": 0,
        "hr": 12
      },
      {
        "name": "전병우",
        "year": 20,
        "team": "키움",
        "pa": 402,
        "ops": 0.667,
        "avg": 0.237,
        "obp": 0.31,
        "slg": 0.357,
        "rbi": 48,
        "sb": 7,
        "hr": 8
      },
      {
        "name": "김혜성",
        "year": 20,
        "team": "키움",
        "pa": 553,
        "ops": 0.744,
        "avg": 0.285,
        "obp": 0.345,
        "slg": 0.399,
        "rbi": 61,
        "sb": 25,
        "hr": 7
      }
    ]
  },
  {
    "generation": 9,
    "expected_score": 6.455,
    "lineup": [
      "이정후",
      "김하성",
      "김혜성",
      "박동원",
      "박병호",
      "서건창",
      "박준태",
      "허정협",
      "전병우"
    ],
    "player_stats": [
      {
        "name": "이정후",
        "year": 20,
        "team": "키움",
        "pa": 617,
        "ops": 0.921,
        "avg": 0.333,
        "obp": 0.397,
        "slg": 0.524,
        "rbi": 101,
        "sb": 12,
        "hr": 15
      },
      {
        "name": "김하성",
        "year": 20,
        "team": "키움",
        "pa": 622,
        "ops": 0.92,
        "avg": 0.306,
        "obp": 0.397,
        "slg": 0.523,
        "rbi": 109,
        "sb": 23,
        "hr": 30
      },
      {
        "name": "김혜성",
        "year": 20,
        "team": "키움",
        "pa": 553,
        "ops": 0.744,
        "avg": 0.285,
        "obp": 0.345,
        "slg": 0.399,
        "rbi": 61,
        "sb": 25,
        "hr": 7
      },
      {
        "name": "박동원",
        "year": 20,
        "team": "키움",
        "pa": 372,
        "ops": 0.764,
        "avg": 0.25,
        "obp": 0.338,
        "slg": 0.426,
        "rbi": 50,
        "sb": 0,
        "hr": 12
      },
      {
        "name": "박병호",
        "year": 20,
        "team": "키움",
        "pa": 383,
        "ops": 0.802,
        "avg": 0.223,
        "obp": 0.352,
        "slg": 0.45,
        "rbi": 66,
        "sb": 0,
        "hr": 21
      },
      {
        "name": "서건창",
        "year": 20,
        "team": "키움",
        "pa": 595,
        "ops": 0.776,
        "avg": 0.277,
        "obp": 0.39,
        "slg": 0.386,
        "rbi": 52,
        "sb": 24,
        "hr": 5
      },
      {
        "name": "박준태",
        "year": 20,
        "team": "키움",
        "pa": 443,
        "ops": 0.72,
        "avg": 0.245,
        "obp": 0.389,
        "slg": 0.331,
        "rbi": 29,
        "sb": 5,
        "hr": 5
      },
      {
        "name": "허정협",
        "year": 20,
        "team": "키움",
        "pa": 360,
        "ops": 0.754,
        "avg": 0.268,
        "obp": 0.353,
        "slg": 0.401,
        "rbi": 43,
        "sb": 0,
        "hr": 10
      },
      {
        "name": "전병우",
        "year": 20,
        "team": "키움",
        "pa": 402,
        "ops": 0.667,
        "avg": 0.237,
        "obp": 0.31,
        "slg": 0.357,
        "rbi": 48,
        "sb": 7,
        "hr": 8
      }
    ]
  },
  {
    "generation": 10,
    "expected_score": 6.295,
    "lineup": [
      "박동원",
      "박병호",
      "서건창",
      "박준태",
      "김하성",
      "김혜성",
      "허정협",
      "이정후",
      "전병우"
    ],
    "player_stats": [
      {
        "name": "박동원",
        "year": 20,
        "team": "키움",
        "pa": 372,
        "ops": 0.764,
        "avg": 0.25,
        "obp": 0.338,
        "slg": 0.426,
        "rbi": 50,
        "sb": 0,
        "hr": 12
      },
      {
        "name": "박병호",
        "year": 20,
        "team": "키움",
        "pa": 383,
        "ops": 0.802,
        "avg": 0.223,
        "obp": 0.352,
        "slg": 0.45,
        "rbi": 66,
        "sb": 0,
        "hr": 21
      },
      {
        "name": "서건창",
        "year": 20,
        "team": "키움",
        "pa": 595,
        "ops": 0.776,
        "avg": 0.277,
        "obp": 0.39,
        "slg": 0.386,
        "rbi": 52,
        "sb": 24,
        "hr": 5
      },
      {
        "name": "박준태",
        "year": 20,
        "team": "키움",
        "pa": 443,
        "ops": 0.72,
        "avg": 0.245,
        "obp": 0.389,
        "slg": 0.331,
        "rbi": 29,
        "sb": 5,
        "hr": 5
      },
      {
        "name": "김하성",
        "year": 20,
        "team": "키움",
        "pa": 622,
        "ops": 0.92,
        "avg": 0.306,
        "obp": 0.397,
        "slg": 0.523,
        "rbi": 109,
        "sb": 23,
        "hr": 30
      },
      {
        "name": "김혜성",
        "year": 20,
        "team": "키움",
        "pa": 553,
        "ops": 0.744,
        "avg": 0.285,
        "obp": 0.345,
        "slg": 0.399,
        "rbi": 61,
        "sb": 25,
        "hr": 7
      },
      {
        "name": "허정협",
        "year": 20,
        "team": "키움",
        "pa": 360,
        "ops": 0.754,
        "avg": 0.268,
        "obp": 0.353,
        "slg": 0.401,
        "rbi": 43,
        "sb": 0,
        "hr": 10
      },
      {
        "name": "이정후",
        "year": 20,
        "team": "키움",
        "pa": 617,
        "ops": 0.921,
        "avg": 0.333,
        "obp": 0.397,
        "slg": 0.524,
        "rbi": 101,
        "sb": 12,
        "hr": 15
      },
      {
        "name": "전병우",
        "year": 20,
        "team": "키움",
        "pa": 402,
        "ops": 0.667,
        "avg": 0.237,
        "obp": 0.31,
        "slg": 0.357,
        "rbi": 48,
        "sb": 7,
        "hr": 8
      }
    ]
  },
  {
    "generation": 11,
    "expected_score": 6.515,
    "lineup": [
      "이정후",
      "김하성",
      "김혜성",
      "박병호",
      "서건창",
      "박준태",
      "박동원",
      "허정협",
      "전병우"
    ],
    "player_stats": [
      {
        "name": "이정후",
        "year": 20,
        "team": "키움",
        "pa": 617,
        "ops": 0.921,
        "avg": 0.333,
        "obp": 0.397,
        "slg": 0.524,
        "rbi": 101,
        "sb": 12,
        "hr": 15
      },
      {
        "name": "김하성",
        "year": 20,
        "team": "키움",
        "pa": 622,
        "ops": 0.92,
        "avg": 0.306,
        "obp": 0.397,
        "slg": 0.523,
        "rbi": 109,
        "sb": 23,
        "hr": 30
      },
      {
        "name": "김혜성",
        "year": 20,
        "team": "키움",
        "pa": 553,
        "ops": 0.744,
        "avg": 0.285,
        "obp": 0.345,
        "slg": 0.399,
        "rbi": 61,
        "sb": 25,
        "hr": 7
      },
      {
        "name": "박병호",
        "year": 20,
        "team": "키움",
        "pa": 383,
        "ops": 0.802,
        "avg": 0.223,
        "obp": 0.352,
        "slg": 0.45,
        "rbi": 66,
        "sb": 0,
        "hr": 21
      },
      {
        "name": "서건창",
        "year": 20,
        "team": "키움",
        "pa": 595,
        "ops": 0.776,
        "avg": 0.277,
        "obp": 0.39,
        "slg": 0.386,
        "rbi": 52,
        "sb": 24,
        "hr": 5
      },
      {
        "name": "박준태",
        "year": 20,
        "team": "키움",
        "pa": 443,
        "ops": 0.72,
        "avg": 0.245,
        "obp": 0.389,
        "slg": 0.331,
        "rbi": 29,
        "sb": 5,
        "hr": 5
      },
      {
        "name": "박동원",
        "year": 20,
        "team": "키움",
        "pa": 372,
        "ops": 0.764,
        "avg": 0.25,
        "obp": 0.338,
        "slg": 0.426,
        "rbi": 50,
        "sb": 0,
        "hr": 12
      },
      {
        "name": "허정협",
        "year": 20,
        "team": "키움",
        "pa": 360,
        "ops": 0.754,
        "avg": 0.268,
        "obp": 0.353,
        "slg": 0.401,
        "rbi": 43,
        "sb": 0,
        "hr": 10
      },
      {
        "name": "전병우",
        "year": 20,
        "team": "키움",
        "pa": 402,
        "ops": 0.667,
        "avg": 0.237,
        "obp": 0.31,
        "slg": 0.357,
        "rbi": 48,
        "sb": 7,
        "hr": 8
      }
    ]
  },
  {
    "generation": 12,
    "expected_score": 6.38,
    "lineup": [
      "박병호",
      "서건창",
      "김하성",
      "박동원",
      "박준태",
      "김혜성",
      "전병우",
      "허정협",
      "이정후"
    ],
    "player_stats": [
      {
        "name": "박병호",
        "year": 20,
        "team": "키움",
        "pa": 383,
        "ops": 0.802,
        "avg": 0.223,
        "obp": 0.352,
        "slg": 0.45,
        "rbi": 66,
        "sb": 0,
        "hr": 21
      },
      {
        "name": "서건창",
        "year": 20,
        "team": "키움",
        "pa": 595,
        "ops": 0.776,
        "avg": 0.277,
        "obp": 0.39,
        "slg": 0.386,
        "rbi": 52,
        "sb": 24,
        "hr": 5
      },
      {
        "name": "김하성",
        "year": 20,
        "team": "키움",
        "pa": 622,
        "ops": 0.92,
        "avg": 0.306,
        "obp": 0.397,
        "slg": 0.523,
        "rbi": 109,
        "sb": 23,
        "hr": 30
      },
      {
        "name": "박동원",
        "year": 20,
        "team": "키움",
        "pa": 372,
        "ops": 0.764,
        "avg": 0.25,
        "obp": 0.338,
        "slg": 0.426,
        "rbi": 50,
        "sb": 0,
        "hr": 12
      },
      {
        "name": "박준태",
        "year": 20,
        "team": "키움",
        "pa": 443,
        "ops": 0.72,
        "avg": 0.245,
        "obp": 0.389,
        "slg": 0.331,
        "rbi": 29,
        "sb": 5,
        "hr": 5
      },
      {
        "name": "김혜성",
        "year": 20,
        "team": "키움",
        "pa": 553,
        "ops": 0.744,
        "avg": 0.285,
        "obp": 0.345,
        "slg": 0.399,
        "rbi": 61,
        "sb": 25,
        "hr": 7
      },
      {
        "name": "전병우",
        "year": 20,
        "team": "키움",
        "pa": 402,
        "ops": 0.667,
        "avg": 0.237,
        "obp": 0.31,
        "slg": 0.357,
        "rbi": 48,
        "sb": 7,
        "hr": 8
      },
      {
        "name": "허정협",
        "year": 20,
        "team": "키움",
        "pa": 360,
        "ops": 0.754,
        "avg": 0.268,
        "obp": 0.353,
        "slg": 0.401,
        "rbi": 43,
        "sb": 0,
        "hr": 10
      },
      {
        "name": "이정후",
        "year": 20,
        "team": "키움",
        "pa": 617,
        "ops": 0.921,
        "avg": 0.333,
        "obp": 0.397,
        "slg": 0.524,
        "rbi": 101,
        "sb": 12,
        "hr": 15
      }
    ]
  },
  {
    "generation": 13,
    "expected_score": 6.65,
    "lineup": [
      "서건창",
      "박병호",
      "김하성",
      "박동원",
      "이정후",
      "박준태",
      "허정협",
      "김혜성",
      "전병우"
    ],
    "player_stats": [
      {
        "name": "서건창",
        "year": 20,
        "team": "키움",
        "pa": 595,
        "ops": 0.776,
        "avg": 0.277,
        "obp": 0.39,
        "slg": 0.386,
        "rbi": 52,
        "sb": 24,
        "hr": 5
      },
      {
        "name": "박병호",
        "year": 20,
        "team": "키움",
        "pa": 383,
        "ops": 0.802,
        "avg": 0.223,
        "obp": 0.352,
        "slg": 0.45,
        "rbi": 66,
        "sb": 0,
        "hr": 21
      },
      {
        "name": "김하성",
        "year": 20,
        "team": "키움",
        "pa": 622,
        "ops": 0.92,
        "avg": 0.306,
        "obp": 0.397,
        "slg": 0.523,
        "rbi": 109,
        "sb": 23,
        "hr": 30
      },
      {
        "name": "박동원",
        "year": 20,
        "team": "키움",
        "pa": 372,
        "ops": 0.764,
        "avg": 0.25,
        "obp": 0.338,
        "slg": 0.426,
        "rbi": 50,
        "sb": 0,
        "hr": 12
      },
      {
        "name": "이정후",
        "year": 20,
        "team": "키움",
        "pa": 617,
        "ops": 0.921,
        "avg": 0.333,
        "obp": 0.397,
        "slg": 0.524,
        "rbi": 101,
        "sb": 12,
        "hr": 15
      },
      {
        "name": "박준태",
        "year": 20,
        "team": "키움",
        "pa": 443,
        "ops": 0.72,
        "avg": 0.245,
        "obp": 0.389,
        "slg": 0.331,
        "rbi": 29,
        "sb": 5,
        "hr": 5
      },
      {
        "name": "허정협",
        "year": 20,
        "team": "키움",
        "pa": 360,
        "ops": 0.754,
        "avg": 0.268,
        "obp": 0.353,
        "slg": 0.401,
        "rbi": 43,
        "sb": 0,
        "hr": 10
      },
      {
        "name": "김혜성",
        "year": 20,
        "team": "키움",
        "pa": 553,
        "ops": 0.744,
        "avg": 0.285,
        "obp": 0.345,
        "slg": 0.399,
        "rbi": 61,
        "sb": 25,
        "hr": 7
      },
      {
        "name": "전병우",
        "year": 20,
        "team": "키움",
        "pa": 402,
        "ops": 0.667,
        "avg": 0.237,
        "obp": 0.31,
        "slg": 0.357,
        "rbi": 48,
        "sb": 7,
        "hr": 8
      }
    ]
  },
  {
    "generation": 14,
    "expected_score": 6.56,
    "lineup": [
      "이정후",
      "서건창",
      "박동원",
      "박병호",
      "김하성",
      "박준태",
      "김혜성",
      "전병우",
      "허정협"
    ],
    "player_stats": [
      {
        "name": "이정후",
        "year": 20,
        "team": "키움",
        "pa": 617,
        "ops": 0.921,
        "avg": 0.333,
        "obp": 0.397,
        "slg": 0.524,
        "rbi": 101,
        "sb": 12,
        "hr": 15
      },
      {
        "name": "서건창",
        "year": 20,
        "team": "키움",
        "pa": 595,
        "ops": 0.776,
        "avg": 0.277,
        "obp": 0.39,
        "slg": 0.386,
        "rbi": 52,
        "sb": 24,
        "hr": 5
      },
      {
        "name": "박동원",
        "year": 20,
        "team": "키움",
        "pa": 372,
        "ops": 0.764,
        "avg": 0.25,
        "obp": 0.338,
        "slg": 0.426,
        "rbi": 50,
        "sb": 0,
        "hr": 12
      },
      {
        "name": "박병호",
        "year": 20,
        "team": "키움",
        "pa": 383,
        "ops": 0.802,
        "avg": 0.223,
        "obp": 0.352,
        "slg": 0.45,
        "rbi": 66,
        "sb": 0,
        "hr": 21
      },
      {
        "name": "김하성",
        "year": 20,
        "team": "키움",
        "pa": 622,
        "ops": 0.92,
        "avg": 0.306,
        "obp": 0.397,
        "slg": 0.523,
        "rbi": 109,
        "sb": 23,
        "hr": 30
      },
      {
        "name": "박준태",
        "year": 20,
        "team": "키움",
        "pa": 443,
        "ops": 0.72,
        "avg": 0.245,
        "obp": 0.389,
        "slg": 0.331,
        "rbi": 29,
        "sb": 5,
        "hr": 5
      },
      {
        "name": "김혜성",
        "year": 20,
        "team": "키움",
        "pa": 553,
        "ops": 0.744,
        "avg": 0.285,
        "obp": 0.345,
        "slg": 0.399,
        "rbi": 61,
        "sb": 25,
        "hr": 7
      },
      {
        "name": "전병우",
        "year": 20,
        "team": "키움",
        "pa": 402,
        "ops": 0.667,
        "avg": 0.237,
        "obp": 0.31,
        "slg": 0.357,
        "rbi": 48,
        "sb": 7,
        "hr": 8
      },
      {
        "name": "허정협",
        "year": 20,
        "team": "키움",
        "pa": 360,
        "ops": 0.754,
        "avg": 0.268,
        "obp": 0.353,
        "slg": 0.401,
        "rbi": 43,
        "sb": 0,
        "hr": 10
      }
    ]
  },
  {
    "generation": 15,
    "expected_score": 6.32,
    "lineup": [
      "이정후",
      "서건창",
      "박병호",
      "김하성",
      "허정협",
      "박준태",
      "박동원",
      "김혜성",
      "전병우"
    ],
    "player_stats": [
      {
        "name": "이정후",
        "year": 20,
        "team": "키움",
        "pa": 617,
        "ops": 0.921,
        "avg": 0.333,
        "obp": 0.397,
        "slg": 0.524,
        "rbi": 101,
        "sb": 12,
        "hr": 15
      },
      {
        "name": "서건창",
        "year": 20,
        "team": "키움",
        "pa": 595,
        "ops": 0.776,
        "avg": 0.277,
        "obp": 0.39,
        "slg": 0.386,
        "rbi": 52,
        "sb": 24,
        "hr": 5
      },
      {
        "name": "박병호",
        "year": 20,
        "team": "키움",
        "pa": 383,
        "ops": 0.802,
        "avg": 0.223,
        "obp": 0.352,
        "slg": 0.45,
        "rbi": 66,
        "sb": 0,
        "hr": 21
      },
      {
        "name": "김하성",
        "year": 20,
        "team": "키움",
        "pa": 622,
        "ops": 0.92,
        "avg": 0.306,
        "obp": 0.397,
        "slg": 0.523,
        "rbi": 109,
        "sb": 23,
        "hr": 30
      },
      {
        "name": "허정협",
        "year": 20,
        "team": "키움",
        "pa": 360,
        "ops": 0.754,
        "avg": 0.268,
        "obp": 0.353,
        "slg": 0.401,
        "rbi": 43,
        "sb": 0,
        "hr": 10
      },
      {
        "name": "박준태",
        "year": 20,
        "team": "키움",
        "pa": 443,
        "ops": 0.72,
        "avg": 0.245,
        "obp": 0.389,
        "slg": 0.331,
        "rbi": 29,
        "sb": 5,
        "hr": 5
      },
      {
        "name": "박동원",
        "year": 20,
        "team": "키움",
        "pa": 372,
        "ops": 0.764,
        "avg": 0.25,
        "obp": 0.338,
        "slg": 0.426,
        "rbi": 50,
        "sb": 0,
        "hr": 12
      },
      {
        "name": "김혜성",
        "year": 20,
        "team": "키움",
        "pa": 553,
        "ops": 0.744,
        "avg": 0.285,
        "obp": 0.345,
        "slg": 0.399,
        "rbi": 61,
        "sb": 25,
        "hr": 7
      },
      {
        "name": "전병우",
        "year": 20,
        "team": "키움",
        "pa": 402,
        "ops": 0.667,
        "avg": 0.237,
        "obp": 0.31,
        "slg": 0.357,
        "rbi": 48,
        "sb": 7,
        "hr": 8
      }
    ]
  },
  {
    "generation": 16,
    "expected_score": 6.58,
    "lineup": [
      "서건창",
      "박동원",
      "김혜성",
      "박병호",
      "이정후",
      "박준태",
      "김하성",
      "전병우",
      "허정협"
    ],
    "player_stats": [
      {
        "name": "서건창",
        "year": 20,
        "team": "키움",
        "pa": 595,
        "ops": 0.776,
        "avg": 0.277,
        "obp": 0.39,
        "slg": 0.386,
        "rbi": 52,
        "sb": 24,
        "hr": 5
      },
      {
        "name": "박동원",
        "year": 20,
        "team": "키움",
        "pa": 372,
        "ops": 0.764,
        "avg": 0.25,
        "obp": 0.338,
        "slg": 0.426,
        "rbi": 50,
        "sb": 0,
        "hr": 12
      },
      {
        "name": "김혜성",
        "year": 20,
        "team": "키움",
        "pa": 553,
        "ops": 0.744,
        "avg": 0.285,
        "obp": 0.345,
        "slg": 0.399,
        "rbi": 61,
        "sb": 25,
        "hr": 7
      },
      {
        "name": "박병호",
        "year": 20,
        "team": "키움",
        "pa": 383,
        "ops": 0.802,
        "avg": 0.223,
        "obp": 0.352,
        "slg": 0.45,
        "rbi": 66,
        "sb": 0,
        "hr": 21
      },
      {
        "name": "이정후",
        "year": 20,
        "team": "키움",
        "pa": 617,
        "ops": 0.921,
        "avg": 0.333,
        "obp": 0.397,
        "slg": 0.524,
        "rbi": 101,
        "sb": 12,
        "hr": 15
      },
      {
        "name": "박준태",
        "year": 20,
        "team": "키움",
        "pa": 443,
        "ops": 0.72,
        "avg": 0.245,
        "obp": 0.389,
        "slg": 0.331,
        "rbi": 29,
        "sb": 5,
        "hr": 5
      },
      {
        "name": "김하성",
        "year": 20,
        "team": "키움",
        "pa": 622,
        "ops": 0.92,
        "avg": 0.306,
        "obp": 0.397,
        "slg": 0.523,
        "rbi": 109,
        "sb": 23,
        "hr": 30
      },
      {
        "name": "전병우",
        "year": 20,
        "team": "키움",
        "pa": 402,
        "ops": 0.667,
        "avg": 0.237,
        "obp": 0.31,
        "slg": 0.357,
        "rbi": 48,
        "sb": 7,
        "hr": 8
      },
      {
        "name": "허정협",
        "year": 20,
        "team": "키움",
        "pa": 360,
        "ops": 0.754,
        "avg": 0.268,
        "obp": 0.353,
        "slg": 0.401,
        "rbi": 43,
        "sb": 0,
        "hr": 10
      }
    ]
  },
  {
    "generation": 17,
    "expected_score": 6.625,
    "lineup": [
      "이정후",
      "서건창",
      "박준태",
      "김하성",
      "박병호",
      "박동원",
      "허정협",
      "김혜성",
      "전병우"
    ],
    "player_stats": [
      {
        "name": "이정후",
        "year": 20,
        "team": "키움",
        "pa": 617,
        "ops": 0.921,
        "avg": 0.333,
        "obp": 0.397,
        "slg": 0.524,
        "rbi": 101,
        "sb": 12,
        "hr": 15
      },
      {
        "name": "서건창",
        "year": 20,
        "team": "키움",
        "pa": 595,
        "ops": 0.776,
        "avg": 0.277,
        "obp": 0.39,
        "slg": 0.386,
        "rbi": 52,
        "sb": 24,
        "hr": 5
      },
      {
        "name": "박준태",
        "year": 20,
        "team": "키움",
        "pa": 443,
        "ops": 0.72,
        "avg": 0.245,
        "obp": 0.389,
        "slg": 0.331,
        "rbi": 29,
        "sb": 5,
        "hr": 5
      },
      {
        "name": "김하성",
        "year": 20,
        "team": "키움",
        "pa": 622,
        "ops": 0.92,
        "avg": 0.306,
        "obp": 0.397,
        "slg": 0.523,
        "rbi": 109,
        "sb": 23,
        "hr": 30
      },
      {
        "name": "박병호",
        "year": 20,
        "team": "키움",
        "pa": 383,
        "ops": 0.802,
        "avg": 0.223,
        "obp": 0.352,
        "slg": 0.45,
        "rbi": 66,
        "sb": 0,
        "hr": 21
      },
      {
        "name": "박동원",
        "year": 20,
        "team": "키움",
        "pa": 372,
        "ops": 0.764,
        "avg": 0.25,
        "obp": 0.338,
        "slg": 0.426,
        "rbi": 50,
        "sb": 0,
        "hr": 12
      },
      {
        "name": "허정협",
        "year": 20,
        "team": "키움",
        "pa": 360,
        "ops": 0.754,
        "avg": 0.268,
        "obp": 0.353,
        "slg": 0.401,
        "rbi": 43,
        "sb": 0,
        "hr": 10
      },
      {
        "name": "김혜성",
        "year": 20,
        "team": "키움",
        "pa": 553,
        "ops": 0.744,
        "avg": 0.285,
        "obp": 0.345,
        "slg": 0.399,
        "rbi": 61,
        "sb": 25,
        "hr": 7
      },
      {
        "name": "전병우",
        "year": 20,
        "team": "키움",
        "pa": 402,
        "ops": 0.667,
        "avg": 0.237,
        "obp": 0.31,
        "slg": 0.357,
        "rbi": 48,
        "sb": 7,
        "hr": 8
      }
    ]
  },
  {
    "generation": 18,
    "expected_score": 6.415,
    "lineup": [
      "이정후",
      "박동원",
      "박병호",
      "서건창",
      "김하성",
      "허정협",
      "박준태",
      "김혜성",
      "전병우"
    ],
    "player_stats": [
      {
        "name": "이정후",
        "year": 20,
        "team": "키움",
        "pa": 617,
        "ops": 0.921,
        "avg": 0.333,
        "obp": 0.397,
        "slg": 0.524,
        "rbi": 101,
        "sb": 12,
        "hr": 15
      },
      {
        "name": "박동원",
        "year": 20,
        "team": "키움",
        "pa": 372,
        "ops": 0.764,
        "avg": 0.25,
        "obp": 0.338,
        "slg": 0.426,
        "rbi": 50,
        "sb": 0,
        "hr": 12
      },
      {
        "name": "박병호",
        "year": 20,
        "team": "키움",
        "pa": 383,
        "ops": 0.802,
        "avg": 0.223,
        "obp": 0.352,
        "slg": 0.45,
        "rbi": 66,
        "sb": 0,
        "hr": 21
      },
      {
        "name": "서건창",
        "year": 20,
        "team": "키움",
        "pa": 595,
        "ops": 0.776,
        "avg": 0.277,
        "obp": 0.39,
        "slg": 0.386,
        "rbi": 52,
        "sb": 24,
        "hr": 5
      },
      {
        "name": "김하성",
        "year": 20,
        "team": "키움",
        "pa": 622,
        "ops": 0.92,
        "avg": 0.306,
        "obp": 0.397,
        "slg": 0.523,
        "rbi": 109,
        "sb": 23,
        "hr": 30
      },
      {
        "name": "허정협",
        "year": 20,
        "team": "키움",
        "pa": 360,
        "ops": 0.754,
        "avg": 0.268,
        "obp": 0.353,
        "slg": 0.401,
        "rbi": 43,
        "sb": 0,
        "hr": 10
      },
      {
        "name": "박준태",
        "year": 20,
        "team": "키움",
        "pa": 443,
        "ops": 0.72,
        "avg": 0.245,
        "obp": 0.389,
        "slg": 0.331,
        "rbi": 29,
        "sb": 5,
        "hr": 5
      },
      {
        "name": "김혜성",
        "year": 20,
        "team": "키움",
        "pa": 553,
        "ops": 0.744,
        "avg": 0.285,
        "obp": 0.345,
        "slg": 0.399,
        "rbi": 61,
        "sb": 25,
        "hr": 7
      },
      {
        "name": "전병우",
        "year": 20,
        "team": "키움",
        "pa": 402,
        "ops": 0.667,
        "avg": 0.237,
        "obp": 0.31,
        "slg": 0.357,
        "rbi": 48,
        "sb": 7,
        "hr": 8
      }
    ]
  },
  {
    "generation": 19,
    "expected_score": 6.455,
    "lineup": [
      "이정후",
      "박준태",
      "박병호",
      "서건창",
      "김하성",
      "박동원",
      "허정협",
      "김혜성",
      "전병우"
    ],
    "player_stats": [
      {
        "name": "이정후",
        "year": 20,
        "team": "키움",
        "pa": 617,
        "ops": 0.921,
        "avg": 0.333,
        "obp": 0.397,
        "slg": 0.524,
        "rbi": 101,
        "sb": 12,
        "hr": 15
      },
      {
        "name": "박준태",
        "year": 20,
        "team": "키움",
        "pa": 443,
        "ops": 0.72,
        "avg": 0.245,
        "obp": 0.389,
        "slg": 0.331,
        "rbi": 29,
        "sb": 5,
        "hr": 5
      },
      {
        "name": "박병호",
        "year": 20,
        "team": "키움",
        "pa": 383,
        "ops": 0.802,
        "avg": 0.223,
        "obp": 0.352,
        "slg": 0.45,
        "rbi": 66,
        "sb": 0,
        "hr": 21
      },
      {
        "name": "서건창",
        "year": 20,
        "team": "키움",
        "pa": 595,
        "ops": 0.776,
        "avg": 0.277,
        "obp": 0.39,
        "slg": 0.386,
        "rbi": 52,
        "sb": 24,
        "hr": 5
      },
      {
        "name": "김하성",
        "year": 20,
        "team": "키움",
        "pa": 622,
        "ops": 0.92,
        "avg": 0.306,
        "obp": 0.397,
        "slg": 0.523,
        "rbi": 109,
        "sb": 23,
        "hr": 30
      },
      {
        "name": "박동원",
        "year": 20,
        "team": "키움",
        "pa": 372,
        "ops": 0.764,
        "avg": 0.25,
        "obp": 0.338,
        "slg": 0.426,
        "rbi": 50,
        "sb": 0,
        "hr": 12
      },
      {
        "name": "허정협",
        "year": 20,
        "team": "키움",
        "pa": 360,
        "ops": 0.754,
        "avg": 0.268,
        "obp": 0.353,
        "slg": 0.401,
        "rbi": 43,
        "sb": 0,
        "hr": 10
      },
      {
        "name": "김혜성",
        "year": 20,
        "team": "키움",
        "pa": 553,
        "ops": 0.744,
        "avg": 0.285,
        "obp": 0.345,
        "slg": 0.399,
        "rbi": 61,
        "sb": 25,
        "hr": 7
      },
      {
        "name": "전병우",
        "year": 20,
        "team": "키움",
        "pa": 402,
        "ops": 0.667,
        "avg": 0.237,
        "obp": 0.31,
        "slg": 0.357,
        "rbi": 48,
        "sb": 7,
        "hr": 8
      }
    ]
  },
  {
    "generation": 20,
    "expected_score": 6.53,
    "lineup": [
      "서건창",
      "박병호",
      "허정협",
      "김혜성",
      "김하성",
      "박준태",
      "이정후",
      "박동원",
      "전병우"
    ],
    "player_stats": [
      {
        "name": "서건창",
        "year": 20,
        "team": "키움",
        "pa": 595,
        "ops": 0.776,
        "avg": 0.277,
        "obp": 0.39,
        "slg": 0.386,
        "rbi": 52,
        "sb": 24,
        "hr": 5
      },
      {
        "name": "박병호",
        "year": 20,
        "team": "키움",
        "pa": 383,
        "ops": 0.802,
        "avg": 0.223,
        "obp": 0.352,
        "slg": 0.45,
        "rbi": 66,
        "sb": 0,
        "hr": 21
      },
      {
        "name": "허정협",
        "year": 20,
        "team": "키움",
        "pa": 360,
        "ops": 0.754,
        "avg": 0.268,
        "obp": 0.353,
        "slg": 0.401,
        "rbi": 43,
        "sb": 0,
        "hr": 10
      },
      {
        "name": "김혜성",
        "year": 20,
        "team": "키움",
        "pa": 553,
        "ops": 0.744,
        "avg": 0.285,
        "obp": 0.345,
        "slg": 0.399,
        "rbi": 61,
        "sb": 25,
        "hr": 7
      },
      {
        "name": "김하성",
        "year": 20,
        "team": "키움",
        "pa": 622,
        "ops": 0.92,
        "avg": 0.306,
        "obp": 0.397,
        "slg": 0.523,
        "rbi": 109,
        "sb": 23,
        "hr": 30
      },
      {
        "name": "박준태",
        "year": 20,
        "team": "키움",
        "pa": 443,
        "ops": 0.72,
        "avg": 0.245,
        "obp": 0.389,
        "slg": 0.331,
        "rbi": 29,
        "sb": 5,
        "hr": 5
      },
      {
        "name": "이정후",
        "year": 20,
        "team": "키움",
        "pa": 617,
        "ops": 0.921,
        "avg": 0.333,
        "obp": 0.397,
        "slg": 0.524,
        "rbi": 101,
        "sb": 12,
        "hr": 15
      },
      {
        "name": "박동원",
        "year": 20,
        "team": "키움",
        "pa": 372,
        "ops": 0.764,
        "avg": 0.25,
        "obp": 0.338,
        "slg": 0.426,
        "rbi": 50,
        "sb": 0,
        "hr": 12
      },
      {
        "name": "전병우",
        "year": 20,
        "team": "키움",
        "pa": 402,
        "ops": 0.667,
        "avg": 0.237,
        "obp": 0.31,
        "slg": 0.357,
        "rbi": 48,
        "sb": 7,
        "hr": 8
      }
    ]
  },
  {
    "generation": 21,
    "expected_score": 6.39,
    "lineup": [
      "김혜성",
      "박병호",
      "이정후",
      "서건창",
      "김하성",
      "박동원",
      "박준태",
      "허정협",
      "전병우"
    ],
    "player_stats": [
      {
        "name": "김혜성",
        "year": 20,
        "team": "키움",
        "pa": 553,
        "ops": 0.744,
        "avg": 0.285,
        "obp": 0.345,
        "slg": 0.399,
        "rbi": 61,
        "sb": 25,
        "hr": 7
      },
      {
        "name": "박병호",
        "year": 20,
        "team": "키움",
        "pa": 383,
        "ops": 0.802,
        "avg": 0.223,
        "obp": 0.352,
        "slg": 0.45,
        "rbi": 66,
        "sb": 0,
        "hr": 21
      },
      {
        "name": "이정후",
        "year": 20,
        "team": "키움",
        "pa": 617,
        "ops": 0.921,
        "avg": 0.333,
        "obp": 0.397,
        "slg": 0.524,
        "rbi": 101,
        "sb": 12,
        "hr": 15
      },
      {
        "name": "서건창",
        "year": 20,
        "team": "키움",
        "pa": 595,
        "ops": 0.776,
        "avg": 0.277,
        "obp": 0.39,
        "slg": 0.386,
        "rbi": 52,
        "sb": 24,
        "hr": 5
      },
      {
        "name": "김하성",
        "year": 20,
        "team": "키움",
        "pa": 622,
        "ops": 0.92,
        "avg": 0.306,
        "obp": 0.397,
        "slg": 0.523,
        "rbi": 109,
        "sb": 23,
        "hr": 30
      },
      {
        "name": "박동원",
        "year": 20,
        "team": "키움",
        "pa": 372,
        "ops": 0.764,
        "avg": 0.25,
        "obp": 0.338,
        "slg": 0.426,
        "rbi": 50,
        "sb": 0,
        "hr": 12
      },
      {
        "name": "박준태",
        "year": 20,
        "team": "키움",
        "pa": 443,
        "ops": 0.72,
        "avg": 0.245,
        "obp": 0.389,
        "slg": 0.331,
        "rbi": 29,
        "sb": 5,
        "hr": 5
      },
      {
        "name": "허정협",
        "year": 20,
        "team": "키움",
        "pa": 360,
        "ops": 0.754,
        "avg": 0.268,
        "obp": 0.353,
        "slg": 0.401,
        "rbi": 43,
        "sb": 0,
        "hr": 10
      },
      {
        "name": "전병우",
        "year": 20,
        "team": "키움",
        "pa": 402,
        "ops": 0.667,
        "avg": 0.237,
        "obp": 0.31,
        "slg": 0.357,
        "rbi": 48,
        "sb": 7,
        "hr": 8
      }
    ]
  },
  {
    "generation": 22,
    "expected_score": 6.6,
    "lineup": [
      "박준태",
      "박병호",
      "이정후",
      "서건창",
      "김하성",
      "박동원",
      "허정협",
      "김혜성",
      "전병우"
    ],
    "player_stats": [
      {
        "name": "박준태",
        "year": 20,
        "team": "키움",
        "pa": 443,
        "ops": 0.72,
        "avg": 0.245,
        "obp": 0.389,
        "slg": 0.331,
        "rbi": 29,
        "sb": 5,
        "hr": 5
      },
      {
        "name": "박병호",
        "year": 20,
        "team": "키움",
        "pa": 383,
        "ops": 0.802,
        "avg": 0.223,
        "obp": 0.352,
        "slg": 0.45,
        "rbi": 66,
        "sb": 0,
        "hr": 21
      },
      {
        "name": "이정후",
        "year": 20,
        "team": "키움",
        "pa": 617,
        "ops": 0.921,
        "avg": 0.333,
        "obp": 0.397,
        "slg": 0.524,
        "rbi": 101,
        "sb": 12,
        "hr": 15
      },
      {
        "name": "서건창",
        "year": 20,
        "team": "키움",
        "pa": 595,
        "ops": 0.776,
        "avg": 0.277,
        "obp": 0.39,
        "slg": 0.386,
        "rbi": 52,
        "sb": 24,
        "hr": 5
      },
      {
        "name": "김하성",
        "year": 20,
        "team": "키움",
        "pa": 622,
        "ops": 0.92,
        "avg": 0.306,
        "obp": 0.397,
        "slg": 0.523,
        "rbi": 109,
        "sb": 23,
        "hr": 30
      },
      {
        "name": "박동원",
        "year": 20,
        "team": "키움",
        "pa": 372,
        "ops": 0.764,
        "avg": 0.25,
        "obp": 0.338,
        "slg": 0.426,
        "rbi": 50,
        "sb": 0,
        "hr": 12
      },
      {
        "name": "허정협",
        "year": 20,
        "team": "키움",
        "pa": 360,
        "ops": 0.754,
        "avg": 0.268,
        "obp": 0.353,
        "slg": 0.401,
        "rbi": 43,
        "sb": 0,
        "hr": 10
      },
      {
        "name": "김혜성",
        "year": 20,
        "team": "키움",
        "pa": 553,
        "ops": 0.744,
        "avg": 0.285,
        "obp": 0.345,
        "slg": 0.399,
        "rbi": 61,
        "sb": 25,
        "hr": 7
      },
      {
        "name": "전병우",
        "year": 20,
        "team": "키움",
        "pa": 402,
        "ops": 0.667,
        "avg": 0.237,
        "obp": 0.31,
        "slg": 0.357,
        "rbi": 48,
        "sb": 7,
        "hr": 8
      }
    ]
  },
  {
    "generation": 23,
    "expected_score": 6.18,
    "lineup": [
      "박병호",
      "허정협",
      "이정후",
      "서건창",
      "김하성",
      "김혜성",
      "박준태",
      "박동원",
      "전병우"
    ],
    "player_stats": [
      {
        "name": "박병호",
        "year": 20,
        "team": "키움",
        "pa": 383,
        "ops": 0.802,
        "avg": 0.223,
        "obp": 0.352,
        "slg": 0.45,
        "rbi": 66,
        "sb": 0,
        "hr": 21
      },
      {
        "name": "허정협",
        "year": 20,
        "team": "키움",
        "pa": 360,
        "ops": 0.754,
        "avg": 0.268,
        "obp": 0.353,
        "slg": 0.401,
        "rbi": 43,
        "sb": 0,
        "hr": 10
      },
      {
        "name": "이정후",
        "year": 20,
        "team": "키움",
        "pa": 617,
        "ops": 0.921,
        "avg": 0.333,
        "obp": 0.397,
        "slg": 0.524,
        "rbi": 101,
        "sb": 12,
        "hr": 15
      },
      {
        "name": "서건창",
        "year": 20,
        "team": "키움",
        "pa": 595,
        "ops": 0.776,
        "avg": 0.277,
        "obp": 0.39,
        "slg": 0.386,
        "rbi": 52,
        "sb": 24,
        "hr": 5
      },
      {
        "name": "김하성",
        "year": 20,
        "team": "키움",
        "pa": 622,
        "ops": 0.92,
        "avg": 0.306,
        "obp": 0.397,
        "slg": 0.523,
        "rbi": 109,
        "sb": 23,
        "hr": 30
      },
      {
        "name": "김혜성",
        "year": 20,
        "team": "키움",
        "pa": 553,
        "ops": 0.744,
        "avg": 0.285,
        "obp": 0.345,
        "slg": 0.399,
        "rbi": 61,
        "sb": 25,
        "hr": 7
      },
      {
        "name": "박준태",
        "year": 20,
        "team": "키움",
        "pa": 443,
        "ops": 0.72,
        "avg": 0.245,
        "obp": 0.389,
        "slg": 0.331,
        "rbi": 29,
        "sb": 5,
        "hr": 5
      },
      {
        "name": "박동원",
        "year": 20,
        "team": "키움",
        "pa": 372,
        "ops": 0.764,
        "avg": 0.25,
        "obp": 0.338,
        "slg": 0.426,
        "rbi": 50,
        "sb": 0,
        "hr": 12
      },
      {
        "name": "전병우",
        "year": 20,
        "team": "키움",
        "pa": 402,
        "ops": 0.667,
        "avg": 0.237,
        "obp": 0.31,
        "slg": 0.357,
        "rbi": 48,
        "sb": 7,
        "hr": 8
      }
    ]
  },
  {
    "generation": 24,
    "expected_score": 6.405,
    "lineup": [
      "박준태",
      "이정후",
      "서건창",
      "박동원",
      "김하성",
      "박병호",
      "김혜성",
      "허정협",
      "전병우"
    ],
    "player_stats": [
      {
        "name": "박준태",
        "year": 20,
        "team": "키움",
        "pa": 443,
        "ops": 0.72,
        "avg": 0.245,
        "obp": 0.389,
        "slg": 0.331,
        "rbi": 29,
        "sb": 5,
        "hr": 5
      },
      {
        "name": "이정후",
        "year": 20,
        "team": "키움",
        "pa": 617,
        "ops": 0.921,
        "avg": 0.333,
        "obp": 0.397,
        "slg": 0.524,
        "rbi": 101,
        "sb": 12,
        "hr": 15
      },
      {
        "name": "서건창",
        "year": 20,
        "team": "키움",
        "pa": 595,
        "ops": 0.776,
        "avg": 0.277,
        "obp": 0.39,
        "slg": 0.386,
        "rbi": 52,
        "sb": 24,
        "hr": 5
      },
      {
        "name": "박동원",
        "year": 20,
        "team": "키움",
        "pa": 372,
        "ops": 0.764,
        "avg": 0.25,
        "obp": 0.338,
        "slg": 0.426,
        "rbi": 50,
        "sb": 0,
        "hr": 12
      },
      {
        "name": "김하성",
        "year": 20,
        "team": "키움",
        "pa": 622,
        "ops": 0.92,
        "avg": 0.306,
        "obp": 0.397,
        "slg": 0.523,
        "rbi": 109,
        "sb": 23,
        "hr": 30
      },
      {
        "name": "박병호",
        "year": 20,
        "team": "키움",
        "pa": 383,
        "ops": 0.802,
        "avg": 0.223,
        "obp": 0.352,
        "slg": 0.45,
        "rbi": 66,
        "sb": 0,
        "hr": 21
      },
      {
        "name": "김혜성",
        "year": 20,
        "team": "키움",
        "pa": 553,
        "ops": 0.744,
        "avg": 0.285,
        "obp": 0.345,
        "slg": 0.399,
        "rbi": 61,
        "sb": 25,
        "hr": 7
      },
      {
        "name": "허정협",
        "year": 20,
        "team": "키움",
        "pa": 360,
        "ops": 0.754,
        "avg": 0.268,
        "obp": 0.353,
        "slg": 0.401,
        "rbi": 43,
        "sb": 0,
        "hr": 10
      },
      {
        "name": "전병우",
        "year": 20,
        "team": "키움",
        "pa": 402,
        "ops": 0.667,
        "avg": 0.237,
        "obp": 0.31,
        "slg": 0.357,
        "rbi": 48,
        "sb": 7,
        "hr": 8
      }
    ]
  },
  {
    "generation": 25,
    "expected_score": 6.505,
    "lineup": [
      "박병호",
      "허정협",
      "이정후",
      "서건창",
      "박준태",
      "박동원",
      "김하성",
      "김혜성",
      "전병우"
    ],
    "player_stats": [
      {
        "name": "박병호",
        "year": 20,
        "team": "키움",
        "pa": 383,
        "ops": 0.802,
        "avg": 0.223,
        "obp": 0.352,
        "slg": 0.45,
        "rbi": 66,
        "sb": 0,
        "hr": 21
      },
      {
        "name": "허정협",
        "year": 20,
        "team": "키움",
        "pa": 360,
        "ops": 0.754,
        "avg": 0.268,
        "obp": 0.353,
        "slg": 0.401,
        "rbi": 43,
        "sb": 0,
        "hr": 10
      },
      {
        "name": "이정후",
        "year": 20,
        "team": "키움",
        "pa": 617,
        "ops": 0.921,
        "avg": 0.333,
        "obp": 0.397,
        "slg": 0.524,
        "rbi": 101,
        "sb": 12,
        "hr": 15
      },
      {
        "name": "서건창",
        "year": 20,
        "team": "키움",
        "pa": 595,
        "ops": 0.776,
        "avg": 0.277,
        "obp": 0.39,
        "slg": 0.386,
        "rbi": 52,
        "sb": 24,
        "hr": 5
      },
      {
        "name": "박준태",
        "year": 20,
        "team": "키움",
        "pa": 443,
        "ops": 0.72,
        "avg": 0.245,
        "obp": 0.389,
        "slg": 0.331,
        "rbi": 29,
        "sb": 5,
        "hr": 5
      },
      {
        "name": "박동원",
        "year": 20,
        "team": "키움",
        "pa": 372,
        "ops": 0.764,
        "avg": 0.25,
        "obp": 0.338,
        "slg": 0.426,
        "rbi": 50,
        "sb": 0,
        "hr": 12
      },
      {
        "name": "김하성",
        "year": 20,
        "team": "키움",
        "pa": 622,
        "ops": 0.92,
        "avg": 0.306,
        "obp": 0.397,
        "slg": 0.523,
        "rbi": 109,
        "sb": 23,
        "hr": 30
      },
      {
        "name": "김혜성",
        "year": 20,
        "team": "키움",
        "pa": 553,
        "ops": 0.744,
        "avg": 0.285,
        "obp": 0.345,
        "slg": 0.399,
        "rbi": 61,
        "sb": 25,
        "hr": 7
      },
      {
        "name": "전병우",
        "year": 20,
        "team": "키움",
        "pa": 402,
        "ops": 0.667,
        "avg": 0.237,
        "obp": 0.31,
        "slg": 0.357,
        "rbi": 48,
        "sb": 7,
        "hr": 8
      }
    ]
  },
  {
    "generation": 26,
    "expected_score": 6.54,
    "lineup": [
      "박준태",
      "이정후",
      "서건창",
      "박병호",
      "박동원",
      "김하성",
      "김혜성",
      "허정협",
      "전병우"
    ],
    "player_stats": [
      {
        "name": "박준태",
        "year": 20,
        "team": "키움",
        "pa": 443,
        "ops": 0.72,
        "avg": 0.245,
        "obp": 0.389,
        "slg": 0.331,
        "rbi": 29,
        "sb": 5,
        "hr": 5
      },
      {
        "name": "이정후",
        "year": 20,
        "team": "키움",
        "pa": 617,
        "ops": 0.921,
        "avg": 0.333,
        "obp": 0.397,
        "slg": 0.524,
        "rbi": 101,
        "sb": 12,
        "hr": 15
      },
      {
        "name": "서건창",
        "year": 20,
        "team": "키움",
        "pa": 595,
        "ops": 0.776,
        "avg": 0.277,
        "obp": 0.39,
        "slg": 0.386,
        "rbi": 52,
        "sb": 24,
        "hr": 5
      },
      {
        "name": "박병호",
        "year": 20,
        "team": "키움",
        "pa": 383,
        "ops": 0.802,
        "avg": 0.223,
        "obp": 0.352,
        "slg": 0.45,
        "rbi": 66,
        "sb": 0,
        "hr": 21
      },
      {
        "name": "박동원",
        "year": 20,
        "team": "키움",
        "pa": 372,
        "ops": 0.764,
        "avg": 0.25,
        "obp": 0.338,
        "slg": 0.426,
        "rbi": 50,
        "sb": 0,
        "hr": 12
      },
      {
        "name": "김하성",
        "year": 20,
        "team": "키움",
        "pa": 622,
        "ops": 0.92,
        "avg": 0.306,
        "obp": 0.397,
        "slg": 0.523,
        "rbi": 109,
        "sb": 23,
        "hr": 30
      },
      {
        "name": "김혜성",
        "year": 20,
        "team": "키움",
        "pa": 553,
        "ops": 0.744,
        "avg": 0.285,
        "obp": 0.345,
        "slg": 0.399,
        "rbi": 61,
        "sb": 25,
        "hr": 7
      },
      {
        "name": "허정협",
        "year": 20,
        "team": "키움",
        "pa": 360,
        "ops": 0.754,
        "avg": 0.268,
        "obp": 0.353,
        "slg": 0.401,
        "rbi": 43,
        "sb": 0,
        "hr": 10
      },
      {
        "name": "전병우",
        "year": 20,
        "team": "키움",
        "pa": 402,
        "ops": 0.667,
        "avg": 0.237,
        "obp": 0.31,
        "slg": 0.357,
        "rbi": 48,
        "sb": 7,
        "hr": 8
      }
    ]
  },
  {
    "generation": 27,
    "expected_score": 6.55,
    "lineup": [
      "박병호",
      "이정후",
      "박준태",
      "서건창",
      "김하성",
      "박동원",
      "김혜성",
      "허정협",
      "전병우"
    ],
    "player_stats": [
      {
        "name": "박병호",
        "year": 20,
        "team": "키움",
        "pa": 383,
        "ops": 0.802,
        "avg": 0.223,
        "obp": 0.352,
        "slg": 0.45,
        "rbi": 66,
        "sb": 0,
        "hr": 21
      },
      {
        "name": "이정후",
        "year": 20,
        "team": "키움",
        "pa": 617,
        "ops": 0.921,
        "avg": 0.333,
        "obp": 0.397,
        "slg": 0.524,
        "rbi": 101,
        "sb": 12,
        "hr": 15
      },
      {
        "name": "박준태",
        "year": 20,
        "team": "키움",
        "pa": 443,
        "ops": 0.72,
        "avg": 0.245,
        "obp": 0.389,
        "slg": 0.331,
        "rbi": 29,
        "sb": 5,
        "hr": 5
      },
      {
        "name": "서건창",
        "year": 20,
        "team": "키움",
        "pa": 595,
        "ops": 0.776,
        "avg": 0.277,
        "obp": 0.39,
        "slg": 0.386,
        "rbi": 52,
        "sb": 24,
        "hr": 5
      },
      {
        "name": "김하성",
        "year": 20,
        "team": "키움",
        "pa": 622,
        "ops": 0.92,
        "avg": 0.306,
        "obp": 0.397,
        "slg": 0.523,
        "rbi": 109,
        "sb": 23,
        "hr": 30
      },
      {
        "name": "박동원",
        "year": 20,
        "team": "키움",
        "pa": 372,
        "ops": 0.764,
        "avg": 0.25,
        "obp": 0.338,
        "slg": 0.426,
        "rbi": 50,
        "sb": 0,
        "hr": 12
      },
      {
        "name": "김혜성",
        "year": 20,
        "team": "키움",
        "pa": 553,
        "ops": 0.744,
        "avg": 0.285,
        "obp": 0.345,
        "slg": 0.399,
        "rbi": 61,
        "sb": 25,
        "hr": 7
      },
      {
        "name": "허정협",
        "year": 20,
        "team": "키움",
        "pa": 360,
        "ops": 0.754,
        "avg": 0.268,
        "obp": 0.353,
        "slg": 0.401,
        "rbi": 43,
        "sb": 0,
        "hr": 10
      },
      {
        "name": "전병우",
        "year": 20,
        "team": "키움",
        "pa": 402,
        "ops": 0.667,
        "avg": 0.237,
        "obp": 0.31,
        "slg": 0.357,
        "rbi": 48,
        "sb": 7,
        "hr": 8
      }
    ]
  },
  {
    "generation": 28,
    "expected_score": 6.7,
    "lineup": [
      "이정후",
      "박준태",
      "서건창",
      "박병호",
      "김하성",
      "박동원",
      "허정협",
      "김혜성",
      "전병우"
    ],
    "player_stats": [
      {
        "name": "이정후",
        "year": 20,
        "team": "키움",
        "pa": 617,
        "ops": 0.921,
        "avg": 0.333,
        "obp": 0.397,
        "slg": 0.524,
        "rbi": 101,
        "sb": 12,
        "hr": 15
      },
      {
        "name": "박준태",
        "year": 20,
        "team": "키움",
        "pa": 443,
        "ops": 0.72,
        "avg": 0.245,
        "obp": 0.389,
        "slg": 0.331,
        "rbi": 29,
        "sb": 5,
        "hr": 5
      },
      {
        "name": "서건창",
        "year": 20,
        "team": "키움",
        "pa": 595,
        "ops": 0.776,
        "avg": 0.277,
        "obp": 0.39,
        "slg": 0.386,
        "rbi": 52,
        "sb": 24,
        "hr": 5
      },
      {
        "name": "박병호",
        "year": 20,
        "team": "키움",
        "pa": 383,
        "ops": 0.802,
        "avg": 0.223,
        "obp": 0.352,
        "slg": 0.45,
        "rbi": 66,
        "sb": 0,
        "hr": 21
      },
      {
        "name": "김하성",
        "year": 20,
        "team": "키움",
        "pa": 622,
        "ops": 0.92,
        "avg": 0.306,
        "obp": 0.397,
        "slg": 0.523,
        "rbi": 109,
        "sb": 23,
        "hr": 30
      },
      {
        "name": "박동원",
        "year": 20,
        "team": "키움",
        "pa": 372,
        "ops": 0.764,
        "avg": 0.25,
        "obp": 0.338,
        "slg": 0.426,
        "rbi": 50,
        "sb": 0,
        "hr": 12
      },
      {
        "name": "허정협",
        "year": 20,
        "team": "키움",
        "pa": 360,
        "ops": 0.754,
        "avg": 0.268,
        "obp": 0.353,
        "slg": 0.401,
        "rbi": 43,
        "sb": 0,
        "hr": 10
      },
      {
        "name": "김혜성",
        "year": 20,
        "team": "키움",
        "pa": 553,
        "ops": 0.744,
        "avg": 0.285,
        "obp": 0.345,
        "slg": 0.399,
        "rbi": 61,
        "sb": 25,
        "hr": 7
      },
      {
        "name": "전병우",
        "year": 20,
        "team": "키움",
        "pa": 402,
        "ops": 0.667,
        "avg": 0.237,
        "obp": 0.31,
        "slg": 0.357,
        "rbi": 48,
        "sb": 7,
        "hr": 8
      }
    ]
  },
  {
    "generation": 29,
    "expected_score": 6.615,
    "lineup": [
      "이정후",
      "박병호",
      "김하성",
      "서건창",
      "박준태",
      "박동원",
      "김혜성",
      "허정협",
      "전병우"
    ],
    "player_stats": [
      {
        "name": "이정후",
        "year": 20,
        "team": "키움",
        "pa": 617,
        "ops": 0.921,
        "avg": 0.333,
        "obp": 0.397,
        "slg": 0.524,
        "rbi": 101,
        "sb": 12,
        "hr": 15
      },
      {
        "name": "박병호",
        "year": 20,
        "team": "키움",
        "pa": 383,
        "ops": 0.802,
        "avg": 0.223,
        "obp": 0.352,
        "slg": 0.45,
        "rbi": 66,
        "sb": 0,
        "hr": 21
      },
      {
        "name": "김하성",
        "year": 20,
        "team": "키움",
        "pa": 622,
        "ops": 0.92,
        "avg": 0.306,
        "obp": 0.397,
        "slg": 0.523,
        "rbi": 109,
        "sb": 23,
        "hr": 30
      },
      {
        "name": "서건창",
        "year": 20,
        "team": "키움",
        "pa": 595,
        "ops": 0.776,
        "avg": 0.277,
        "obp": 0.39,
        "slg": 0.386,
        "rbi": 52,
        "sb": 24,
        "hr": 5
      },
      {
        "name": "박준태",
        "year": 20,
        "team": "키움",
        "pa": 443,
        "ops": 0.72,
        "avg": 0.245,
        "obp": 0.389,
        "slg": 0.331,
        "rbi": 29,
        "sb": 5,
        "hr": 5
      },
      {
        "name": "박동원",
        "year": 20,
        "team": "키움",
        "pa": 372,
        "ops": 0.764,
        "avg": 0.25,
        "obp": 0.338,
        "slg": 0.426,
        "rbi": 50,
        "sb": 0,
        "hr": 12
      },
      {
        "name": "김혜성",
        "year": 20,
        "team": "키움",
        "pa": 553,
        "ops": 0.744,
        "avg": 0.285,
        "obp": 0.345,
        "slg": 0.399,
        "rbi": 61,
        "sb": 25,
        "hr": 7
      },
      {
        "name": "허정협",
        "year": 20,
        "team": "키움",
        "pa": 360,
        "ops": 0.754,
        "avg": 0.268,
        "obp": 0.353,
        "slg": 0.401,
        "rbi": 43,
        "sb": 0,
        "hr": 10
      },
      {
        "name": "전병우",
        "year": 20,
        "team": "키움",
        "pa": 402,
        "ops": 0.667,
        "avg": 0.237,
        "obp": 0.31,
        "slg": 0.357,
        "rbi": 48,
        "sb": 7,
        "hr": 8
      }
    ]
  },
  {
    "generation": 30,
    "expected_score": 6.54,
    "lineup": [
      "이정후",
      "박병호",
      "서건창",
      "박동원",
      "박준태",
      "허정협",
      "김하성",
      "김혜성",
      "전병우"
    ],
    "player_stats": [
      {
        "name": "이정후",
        "year": 20,
        "team": "키움",
        "pa": 617,
        "ops": 0.921,
        "avg": 0.333,
        "obp": 0.397,
        "slg": 0.524,
        "rbi": 101,
        "sb": 12,
        "hr": 15
      },
      {
        "name": "박병호",
        "year": 20,
        "team": "키움",
        "pa": 383,
        "ops": 0.802,
        "avg": 0.223,
        "obp": 0.352,
        "slg": 0.45,
        "rbi": 66,
        "sb": 0,
        "hr": 21
      },
      {
        "name": "서건창",
        "year": 20,
        "team": "키움",
        "pa": 595,
        "ops": 0.776,
        "avg": 0.277,
        "obp": 0.39,
        "slg": 0.386,
        "rbi": 52,
        "sb": 24,
        "hr": 5
      },
      {
        "name": "박동원",
        "year": 20,
        "team": "키움",
        "pa": 372,
        "ops": 0.764,
        "avg": 0.25,
        "obp": 0.338,
        "slg": 0.426,
        "rbi": 50,
        "sb": 0,
        "hr": 12
      },
      {
        "name": "박준태",
        "year": 20,
        "team": "키움",
        "pa": 443,
        "ops": 0.72,
        "avg": 0.245,
        "obp": 0.389,
        "slg": 0.331,
        "rbi": 29,
        "sb": 5,
        "hr": 5
      },
      {
        "name": "허정협",
        "year": 20,
        "team": "키움",
        "pa": 360,
        "ops": 0.754,
        "avg": 0.268,
        "obp": 0.353,
        "slg": 0.401,
        "rbi": 43,
        "sb": 0,
        "hr": 10
      },
      {
        "name": "김하성",
        "year": 20,
        "team": "키움",
        "pa": 622,
        "ops": 0.92,
        "avg": 0.306,
        "obp": 0.397,
        "slg": 0.523,
        "rbi": 109,
        "sb": 23,
        "hr": 30
      },
      {
        "name": "김혜성",
        "year": 20,
        "team": "키움",
        "pa": 553,
        "ops": 0.744,
        "avg": 0.285,
        "obp": 0.345,
        "slg": 0.399,
        "rbi": 61,
        "sb": 25,
        "hr": 7
      },
      {
        "name": "전병우",
        "year": 20,
        "team": "키움",
        "pa": 402,
        "ops": 0.667,
        "avg": 0.237,
        "obp": 0.31,
        "slg": 0.357,
        "rbi": 48,
        "sb": 7,
        "hr": 8
      }
    ]
  }
]