[
  {
    "generation": 1,
    "expected_score": 5.4,
    "lineup": [
      "김태균",
      "이용규",
      "정은원",
      "하주석",
      "정진호",
      "반즈",
      "송광민",
      "최재훈",
      "노시환"
    ],
    "player_stats": [
      {
        "name": "김태균",
        "year": 20,
        "team": "한화",
        "pa": 254,
        "ops": 0.613,
        "avg": 0.219,
        "obp": 0.316,
        "slg": 0.297,
        "rbi": 29,
        "sb": 0,
        "hr": 2
      },
      {
        "name": "이용규",
        "year": 20,
        "team": "한화",
        "pa": 487,
        "ops": 0.718,
        "avg": 0.286,
        "obp": 0.381,
        "slg": 0.337,
        "rbi": 32,
        "sb": 17,
        "hr": 1
      },
      {
        "name": "정은원",
        "year": 20,
        "team": "한화",
        "pa": 303,
        "ops": 0.697,
        "avg": 0.248,
        "obp": 0.362,
        "slg": 0.335,
        "rbi": 29,
        "sb": 1,
        "hr": 3
      },
      {
        "name": "하주석",
        "year": 20,
        "team": "한화",
        "pa": 281,
        "ops": 0.674,
        "avg": 0.286,
        "obp": 0.323,
        "slg": 0.351,
        "rbi": 32,
        "sb": 4,
        "hr": 2
      },
      {
        "name": "정진호",
        "year": 20,
        "team": "한화",
        "pa": 326,
        "ops": 0.703,
        "avg": 0.277,
        "obp": 0.348,
        "slg": 0.355,
        "rbi": 19,
        "sb": 9,
        "hr": 2
      },
      {
        "name": "반즈",
        "year": 20,
        "team": "한화",
        "pa": 319,
        "ops": 0.77,
        "avg": 0.265,
        "obp": 0.342,
        "slg": 0.428,
        "rbi": 42,
        "sb": 2,
        "hr": 9
      },
      {
        "name": "송광민",
        "year": 20,
        "team": "한화",
        "pa": 298,
        "ops": 0.651,
        "avg": 0.235,
        "obp": 0.276,
        "slg": 0.375,
        "rbi": 43,
        "sb": 0,
        "hr": 9
      },
      {
        "name": "최재훈",
        "year": 20,
        "team": "한화",
        "pa": 389,
        "ops": 0.766,
        "avg": 0.301,
        "obp": 0.383,
        "slg": 0.383,
        "rbi": 36,
        "sb": 0,
        "hr": 3
      },
      {
        "name": "노시환",
        "year": 20,
        "team": "한화",
        "pa": 387,
        "ops": 0.685,
        "avg": 0.22,
        "obp": 0.298,
        "slg": 0.387,
        "rbi": 43,
        "sb": 0,
        "hr": 12
      }
    ]
  },
  {
    "generation": 2,
    "expected_score": 5.4,
    "lineup": [
      "이용규",
      "반즈",
      "김태균",
      "노시환",
      "최재훈",
      "하주석",
      "정은원",
      "정진호",
      "송광민"
    ],
    "player_stats": [
      {
        "name": "이용규",
        "year": 20,
        "team": "한화",
        "pa": 487,
        "ops": 0.718,
        "avg": 0.286,
        "obp": 0.381,
        "slg": 0.337,
        "rbi": 32,
        "sb": 17,
        "hr": 1
      },
      {
        "name": "반즈",
        "year": 20,
        "team": "한화",
        "pa": 319,
        "ops": 0.77,
        "avg": 0.265,
        "obp": 0.342,
        "slg": 0.428,
        "rbi": 42,
        "sb": 2,
        "hr": 9
      },
      {
        "name": "김태균",
        "year": 20,
        "team": "한화",
        "pa": 254,
        "ops": 0.613,
        "avg": 0.219,
        "obp": 0.316,
        "slg": 0.297,
        "rbi": 29,
        "sb": 0,
        "hr": 2
      },
      {
        "name": "노시환",
        "year": 20,
        "team": "한화",
        "pa": 387,
        "ops": 0.685,
        "avg": 0.22,
        "obp": 0.298,
        "slg": 0.387,
        "rbi": 43,
        "sb": 0,
        "hr": 12
      },
      {
        "name": "최재훈",
        "year": 20,
        "team": "한화",
        "pa": 389,
        "ops": 0.766,
        "avg": 0.301,
        "obp": 0.383,
        "slg": 0.383,
        "rbi": 36,
        "sb": 0,
        "hr": 3
      },
      {
        "name": "하주석",
        "year": 20,
        "team": "한화",
        "pa": 281,
        "ops": 0.674,
        "avg": 0.286,
        "obp": 0.323,
        "slg": 0.351,
        "rbi": 32,
        "sb": 4,
        "hr": 2
      },
      {
        "name": "정은원",
        "year": 20,
        "team": "한화",
        "pa": 303,
        "ops": 0.697,
        "avg": 0.248,
        "obp": 0.362,
        "slg": 0.335,
        "rbi": 29,
        "sb": 1,
        "hr": 3
      },
      {
        "name": "정진호",
        "year": 20,
        "team": "한화",
        "pa": 326,
        "ops": 0.703,
        "avg": 0.277,
        "obp": 0.348,
        "slg": 0.355,
        "rbi": 19,
        "sb": 9,
        "hr": 2
      },
      {
        "name": "송광민",
        "year": 20,
        "team": "한화",
        "pa": 298,
        "ops": 0.651,
        "avg": 0.235,
        "obp": 0.276,
        "slg": 0.375,
        "rbi": 43,
        "sb": 0,
        "hr": 9
      }
    ]
  },
  {
    "generation": 3,
    "expected_score": 5.255,
    "lineup": [
      "하주석",
      "이용규",
      "송광민",
      "정진호",
      "최재훈",
      "반즈",
      "김태균",
      "노시환",
      "정은원"
    ],
    "player_stats": [
      {
        "name": "하주석",
        "year": 20,
        "team": "한화",
        "pa": 281,
        "ops": 0.674,
        "avg": 0.286,
        "obp": 0.323,
        "slg": 0.351,
        "rbi": 32,
        "sb": 4,
        "hr": 2
      },
      {
        "name": "이용규",
        "year": 20,
        "team": "한화",
        "pa": 487,
        "ops": 0.718,
        "avg": 0.286,
        "obp": 0.381,
        "slg": 0.337,
        "rbi": 32,
        "sb": 17,
        "hr": 1
      },
      {
        "name": "송광민",
        "year": 20,
        "team": "한화",
        "pa": 298,
        "ops": 0.651,
        "avg": 0.235,
        "obp": 0.276,
        "slg": 0.375,
        "rbi": 43,
        "sb": 0,
        "hr": 9
      },
      {
        "name": "정진호",
        "year": 20,
        "team": "한화",
        "pa": 326,
        "ops": 0.703,
        "avg": 0.277,
        "obp": 0.348,
        "slg": 0.355,
        "rbi": 19,
        "sb": 9,
        "hr": 2
      },
      {
        "name": "최재훈",
        "year": 20,
        "team": "한화",
        "pa": 389,
        "ops": 0.766,
        "avg": 0.301,
        "obp": 0.383,
        "slg": 0.383,
        "rbi": 36,
        "sb": 0,
        "hr": 3
      },
      {
        "name": "반즈",
        "year": 20,
        "team": "한화",
        "pa": 319,
        "ops": 0.77,
        "avg": 0.265,
        "obp": 0.342,
        "slg": 0.428,
        "rbi": 42,
        "sb": 2,
        "hr": 9
      },
      {
        "name": "김태균",
        "year": 20,
        "team": "한화",
        "pa": 254,
        "ops": 0.613,
        "avg": 0.219,
        "obp": 0.316,
        "slg": 0.297,
        "rbi": 29,
        "sb": 0,
        "hr": 2
      },
      {
        "name": "노시환",
        "year": 20,
        "team": "한화",
        "pa": 387,
        "ops": 0.685,
        "avg": 0.22,
        "obp": 0.298,
        "slg": 0.387,
        "rbi": 43,
        "sb": 0,
        "hr": 12
      },
      {
        "name": "정은원",
        "year": 20,
        "team": "한화",
        "pa": 303,
        "ops": 0.697,
        "avg": 0.248,
        "obp": 0.362,
        "slg": 0.335,
        "rbi": 29,
        "sb": 1,
        "hr": 3
      }
    ]
  },
  {
    "generation": 4,
    "expected_score": 5.505,
    "lineup": [
      "하주석",
      "이용규",
      "송광민",
      "정진호",
      "최재훈",
      "반즈",
      "김태균",
      "노시환",
      "정은원"
    ],
    "player_stats": [
      {
        "name": "하주석",
        "year": 20,
        "team": "한화",
        "pa": 281,
        "ops": 0.674,
        "avg": 0.286,
        "obp": 0.323,
        "slg": 0.351,
        "rbi": 32,
        "sb": 4,
        "hr": 2
      },
      {
        "name": "이용규",
        "year": 20,
        "team": "한화",
        "pa": 487,
        "ops": 0.718,
        "avg": 0.286,
        "obp": 0.381,
        "slg": 0.337,
        "rbi": 32,
        "sb": 17,
        "hr": 1
      },
      {
        "name": "송광민",
        "year": 20,
        "team": "한화",
        "pa": 298,
        "ops": 0.651,
        "avg": 0.235,
        "obp": 0.276,
        "slg": 0.375,
        "rbi": 43,
        "sb": 0,
        "hr": 9
      },
      {
        "name": "정진호",
        "year": 20,
        "team": "한화",
        "pa": 326,
        "ops": 0.703,
        "avg": 0.277,
        "obp": 0.348,
        "slg": 0.355,
        "rbi": 19,
        "sb": 9,
        "hr": 2
      },
      {
        "name": "최재훈",
        "year": 20,
        "team": "한화",
        "pa": 389,
        "ops": 0.766,
        "avg": 0.301,
        "obp": 0.383,
        "slg": 0.383,
        "rbi": 36,
        "sb": 0,
        "hr": 3
      },
      {
        "name": "반즈",
        "year": 20,
        "team": "한화",
        "pa": 319,
        "ops": 0.77,
        "avg": 0.265,
        "obp": 0.342,
        "slg": 0.428,
        "rbi": 42,
        "sb": 2,
        "hr": 9
      },
      {
        "name": "김태균",
        "year": 20,
        "team": "한화",
        "pa": 254,
        "ops": 0.613,
        "avg": 0.219,
        "obp": 0.316,
        "slg": 0.297,
        "rbi": 29,
        "sb": 0,
        "hr": 2
      },
      {
        "name": "노시환",
        "year": 20,
        "team": "한화",
        "pa": 387,
        "ops": 0.685,
        "avg": 0.22,
        "obp": 0.298,
        "slg": 0.387,
        "rbi": 43,
        "sb": 0,
        "hr": 12
      },
      {
        "name": "정은원",
        "year": 20,
        "team": "한화",
        "pa": 303,
        "ops": 0.697,
        "avg": 0.248,
        "obp": 0.362,
        "slg": 0.335,
        "rbi": 29,
        "sb": 1,
        "hr": 3
      }
    ]
  },
  {
    "generation": 5,
    "expected_score": 5.42,
    "lineup": [
      "정진호",
      "노시환",
      "이용규",
      "송광민",
      "최재훈",
      "반즈",
      "김태균",
      "하주석",
      "정은원"
    ],
    "player_stats": [
      {
        "name": "정진호",
        "year": 20,
        "team": "한화",
        "pa": 326,
        "ops": 0.703,
        "avg": 0.277,
        "obp": 0.348,
        "slg": 0.355,
        "rbi": 19,
        "sb": 9,
        "hr": 2
      },
      {
        "name": "노시환",
        "year": 20,
        "team": "한화",
        "pa": 387,
        "ops": 0.685,
        "avg": 0.22,
        "obp": 0.298,
        "slg": 0.387,
        "rbi": 43,
        "sb": 0,
        "hr": 12
      },
      {
        "name": "이용규",
        "year": 20,
        "team": "한화",
        "pa": 487,
        "ops": 0.718,
        "avg": 0.286,
        "obp": 0.381,
        "slg": 0.337,
        "rbi": 32,
        "sb": 17,
        "hr": 1
      },
      {
        "name": "송광민",
        "year": 20,
        "team": "한화",
        "pa": 298,
        "ops": 0.651,
        "avg": 0.235,
        "obp": 0.276,
        "slg": 0.375,
        "rbi": 43,
        "sb": 0,
        "hr": 9
      },
      {
        "name": "최재훈",
        "year": 20,
        "team": "한화",
        "pa": 389,
        "ops": 0.766,
        "avg": 0.301,
        "obp": 0.383,
        "slg": 0.383,
        "rbi": 36,
        "sb": 0,
        "hr": 3
      },
      {
        "name": "반즈",
        "year": 20,
        "team": "한화",
        "pa": 319,
        "ops": 0.77,
        "avg": 0.265,
        "obp": 0.342,
        "slg": 0.428,
        "rbi": 42,
        "sb": 2,
        "hr": 9
      },
      {
        "name": "김태균",
        "year": 20,
        "team": "한화",
        "pa": 254,
        "ops": 0.613,
        "avg": 0.219,
        "obp": 0.316,
        "slg": 0.297,
        "rbi": 29,
        "sb": 0,
        "hr": 2
      },
      {
        "name": "하주석",
        "year": 20,
        "team": "한화",
        "pa": 281,
        "ops": 0.674,
        "avg": 0.286,
        "obp": 0.323,
        "slg": 0.351,
        "rbi": 32,
        "sb": 4,
        "hr": 2
      },
      {
        "name": "정은원",
        "year": 20,
        "team": "한화",
        "pa": 303,
        "ops": 0.697,
        "avg": 0.248,
        "obp": 0.362,
        "slg": 0.335,
        "rbi": 29,
        "sb": 1,
        "hr": 3
      }
    ]
  },
  {
    "generation": 6,
    "expected_score": 5.54,
    "lineup": [
      "정은원",
      "하주석",
      "정진호",
      "송광민",
      "김태균",
      "이용규",
      "반즈",
      "최재훈",
      "노시환"
    ],
    "player_stats": [
      {
        "name": "정은원",
        "year": 20,
        "team": "한화",
        "pa": 303,
        "ops": 0.697,
        "avg": 0.248,
        "obp": 0.362,
        "slg": 0.335,
        "rbi": 29,
        "sb": 1,
        "hr": 3
      },
      {
        "name": "하주석",
        "year": 20,
        "team": "한화",
        "pa": 281,
        "ops": 0.674,
        "avg": 0.286,
        "obp": 0.323,
        "slg": 0.351,
        "rbi": 32,
        "sb": 4,
        "hr": 2
      },
      {
        "name": "정진호",
        "year": 20,
        "team": "한화",
        "pa": 326,
        "ops": 0.703,
        "avg": 0.277,
        "obp": 0.348,
        "slg": 0.355,
        "rbi": 19,
        "sb": 9,
        "hr": 2
      },
      {
        "name": "송광민",
        "year": 20,
        "team": "한화",
        "pa": 298,
        "ops": 0.651,
        "avg": 0.235,
        "obp": 0.276,
        "slg": 0.375,
        "rbi": 43,
        "sb": 0,
        "hr": 9
      },
      {
        "name": "김태균",
        "year": 20,
        "team": "한화",
        "pa": 254,
        "ops": 0.613,
        "avg": 0.219,
        "obp": 0.316,
        "slg": 0.297,
        "rbi": 29,
        "sb": 0,
        "hr": 2
      },
      {
        "name": "이용규",
        "year": 20,
        "team": "한화",
        "pa": 487,
        "ops": 0.718,
        "avg": 0.286,
        "obp": 0.381,
        "slg": 0.337,
        "rbi": 32,
        "sb": 17,
        "hr": 1
      },
      {
        "name": "반즈",
        "year": 20,
        "team": "한화",
        "pa": 319,
        "ops": 0.77,
        "avg": 0.265,
        "obp": 0.342,
        "slg": 0.428,
        "rbi": 42,
        "sb": 2,
        "hr": 9
      },
      {
        "name": "최재훈",
        "year": 20,
        "team": "한화",
        "pa": 389,
        "ops": 0.766,
        "avg": 0.301,
        "obp": 0.383,
        "slg": 0.383,
        "rbi": 36,
        "sb": 0,
        "hr": 3
      },
      {
        "name": "노시환",
        "year": 20,
        "team": "한화",
        "pa": 387,
        "ops": 0.685,
        "avg": 0.22,
        "obp": 0.298,
        "slg": 0.387,
        "rbi": 43,
        "sb": 0,
        "hr": 12
      }
    ]
  },
  {
    "generation": 7,
    "expected_score": 5.455,
    "lineup": [
      "하주석",
      "이용규",
      "정은원",
      "반즈",
      "정진호",
      "송광민",
      "김태균",
      "노시환",
      "최재훈"
    ],
    "player_stats": [
      {
        "name": "하주석",
        "year": 20,
        "team": "한화",
        "pa": 281,
        "ops": 0.674,
        "avg": 0.286,
        "obp": 0.323,
        "slg": 0.351,
        "rbi": 32,
        "sb": 4,
        "hr": 2
      },
      {
        "name": "이용규",
        "year": 20,
        "team": "한화",
        "pa": 487,
        "ops": 0.718,
        "avg": 0.286,
        "obp": 0.381,
        "slg": 0.337,
        "rbi": 32,
        "sb": 17,
        "hr": 1
      },
      {
        "name": "정은원",
        "year": 20,
        "team": "한화",
        "pa": 303,
        "ops": 0.697,
        "avg": 0.248,
        "obp": 0.362,
        "slg": 0.335,
        "rbi": 29,
        "sb": 1,
        "hr": 3
      },
      {
        "name": "반즈",
        "year": 20,
        "team": "한화",
        "pa": 319,
        "ops": 0.77,
        "avg": 0.265,
        "obp": 0.342,
        "slg": 0.428,
        "rbi": 42,
        "sb": 2,
        "hr": 9
      },
      {
        "name": "정진호",
        "year": 20,
        "team": "한화",
        "pa": 326,
        "ops": 0.703,
        "avg": 0.277,
        "obp": 0.348,
        "slg": 0.355,
        "rbi": 19,
        "sb": 9,
        "hr": 2
      },
      {
        "name": "송광민",
        "year": 20,
        "team": "한화",
        "pa": 298,
        "ops": 0.651,
        "avg": 0.235,
        "obp": 0.276,
        "slg": 0.375,
        "rbi": 43,
        "sb": 0,
        "hr": 9
      },
      {
        "name": "김태균",
        "year": 20,
        "team": "한화",
        "pa": 254,
        "ops": 0.613,
        "avg": 0.219,
        "obp": 0.316,
        "slg": 0.297,
        "rbi": 29,
        "sb": 0,
        "hr": 2
      },
      {
        "name": "노시환",
        "year": 20,
        "team": "한화",
        "pa": 387,
        "ops": 0.685,
        "avg": 0.22,
        "obp": 0.298,
        "slg": 0.387,
        "rbi": 43,
        "sb": 0,
        "hr": 12
      },
      {
        "name": "최재훈",
        "year": 20,
        "team": "한화",
        "pa": 389,
        "ops": 0.766,
        "avg": 0.301,
        "obp": 0.383,
        "slg": 0.383,
        "rbi": 36,
        "sb": 0,
        "hr": 3
      }
    ]
  },
  {
    "generation": 8,
    "expected_score": 5.13,
    "lineup": [
      "하주석",
      "이용규",
      "정은원",
      "노시환",
      "최재훈",
      "정진호",
      "김태균",
      "반즈",
      "송광민"
    ],
    "player_stats": [
      {
        "name": "하주석",
        "year": 20,
        "team": "한화",
        "pa": 281,
        "ops": 0.674,
        "avg": 0.286,
        "obp": 0.323,
        "slg": 0.351,
        "rbi": 32,
        "sb": 4,
        "hr": 2
      },
      {
        "name": "이용규",
        "year": 20,
        "team": "한화",
        "pa": 487,
        "ops": 0.718,
        "avg": 0.286,
        "obp": 0.381,
        "slg": 0.337,
        "rbi": 32,
        "sb": 17,
        "hr": 1
      },
      {
        "name": "정은원",
        "year": 20,
        "team": "한화",
        "pa": 303,
        "ops": 0.697,
        "avg": 0.248,
        "obp": 0.362,
        "slg": 0.335,
        "rbi": 29,
        "sb": 1,
        "hr": 3
      },
      {
        "name": "노시환",
        "year": 20,
        "team": "한화",
        "pa": 387,
        "ops": 0.685,
        "avg": 0.22,
        "obp": 0.298,
        "slg": 0.387,
        "rbi": 43,
        "sb": 0,
        "hr": 12
      },
      {
        "name": "최재훈",
        "year": 20,
        "team": "한화",
        "pa": 389,
        "ops": 0.766,
        "avg": 0.301,
        "obp": 0.383,
        "slg": 0.383,
        "rbi": 36,
        "sb": 0,
        "hr": 3
      },
      {
        "name": "정진호",
        "year": 20,
        "team": "한화",
        "pa": 326,
        "ops": 0.703,
        "avg": 0.277,
        "obp": 0.348,
        "slg": 0.355,
        "rbi": 19,
        "sb": 9,
        "hr": 2
      },
      {
        "name": "김태균",
        "year": 20,
        "team": "한화",
        "pa": 254,
        "ops": 0.613,
        "avg": 0.219,
        "obp": 0.316,
        "slg": 0.297,
        "rbi": 29,
        "sb": 0,
        "hr": 2
      },
      {
        "name": "반즈",
        "year": 20,
        "team": "한화",
        "pa": 319,
        "ops": 0.77,
        "avg": 0.265,
        "obp": 0.342,
        "slg": 0.428,
        "rbi": 42,
        "sb": 2,
        "hr": 9
      },
      {
        "name": "송광민",
        "year": 20,
        "team": "한화",
        "pa": 298,
        "ops": 0.651,
        "avg": 0.235,
        "obp": 0.276,
        "slg": 0.375,
        "rbi": 43,
        "sb": 0,
        "hr": 9
      }
    ]
  },
  {
    "generation": 9,
    "expected_score": 5.285,
    "lineup": [
      "노시환",
      "정은원",
      "반즈",
      "이용규",
      "하주석",
      "송광민",
      "정진호",
      "최재훈",
      "김태균"
    ],
    "player_stats": [
      {
        "name": "노시환",
        "year": 20,
        "team": "한화",
        "pa": 387,
        "ops": 0.685,
        "avg": 0.22,
        "obp": 0.298,
        "slg": 0.387,
        "rbi": 43,
        "sb": 0,
        "hr": 12
      },
      {
        "name": "정은원",
        "year": 20,
        "team": "한화",
        "pa": 303,
        "ops": 0.697,
        "avg": 0.248,
        "obp": 0.362,
        "slg": 0.335,
        "rbi": 29,
        "sb": 1,
        "hr": 3
      },
      {
        "name": "반즈",
        "year": 20,
        "team": "한화",
        "pa": 319,
        "ops": 0.77,
        "avg": 0.265,
        "obp": 0.342,
        "slg": 0.428,
        "rbi": 42,
        "sb": 2,
        "hr": 9
      },
      {
        "name": "이용규",
        "year": 20,
        "team": "한화",
        "pa": 487,
        "ops": 0.718,
        "avg": 0.286,
        "obp": 0.381,
        "slg": 0.337,
        "rbi": 32,
        "sb": 17,
        "hr": 1
      },
      {
        "name": "하주석",
        "year": 20,
        "team": "한화",
        "pa": 281,
        "ops": 0.674,
        "avg": 0.286,
        "obp": 0.323,
        "slg": 0.351,
        "rbi": 32,
        "sb": 4,
        "hr": 2
      },
      {
        "name": "송광민",
        "year": 20,
        "team": "한화",
        "pa": 298,
        "ops": 0.651,
        "avg": 0.235,
        "obp": 0.276,
        "slg": 0.375,
        "rbi": 43,
        "sb": 0,
        "hr": 9
      },
      {
        "name": "정진호",
        "year": 20,
        "team": "한화",
        "pa": 326,
        "ops": 0.703,
        "avg": 0.277,
        "obp": 0.348,
        "slg": 0.355,
        "rbi": 19,
        "sb": 9,
        "hr": 2
      },
      {
        "name": "최재훈",
        "year": 20,
        "team": "한화",
        "pa": 389,
        "ops": 0.766,
        "avg": 0.301,
        "obp": 0.383,
        "slg": 0.383,
        "rbi": 36,
        "sb": 0,
        "hr": 3
      },
      {
        "name": "김태균",
        "year": 20,
        "team": "한화",
        "pa": 254,
        "ops": 0.613,
        "avg": 0.219,
        "obp": 0.316,
        "slg": 0.297,
        "rbi": 29,
        "sb": 0,
        "hr": 2
      }
    ]
  },
  {
    "generation": 10,
    "expected_score": 5.375,
    "lineup": [
      "이용규",
      "정진호",
      "반즈",
      "노시환",
      "최재훈",
      "김태균",
      "하주석",
      "정은원",
      "송광민"
    ],
    "player_stats": [
      {
        "name": "이용규",
        "year": 20,
        "team": "한화",
        "pa": 487,
        "ops": 0.718,
        "avg": 0.286,
        "obp": 0.381,
        "slg": 0.337,
        "rbi": 32,
        "sb": 17,
        "hr": 1
      },
      {
        "name": "정진호",
        "year": 20,
        "team": "한화",
        "pa": 326,
        "ops": 0.703,
        "avg": 0.277,
        "obp": 0.348,
        "slg": 0.355,
        "rbi": 19,
        "sb": 9,
        "hr": 2
      },
      {
        "name": "반즈",
        "year": 20,
        "team": "한화",
        "pa": 319,
        "ops": 0.77,
        "avg": 0.265,
        "obp": 0.342,
        "slg": 0.428,
        "rbi": 42,
        "sb": 2,
        "hr": 9
      },
      {
        "name": "노시환",
        "year": 20,
        "team": "한화",
        "pa": 387,
        "ops": 0.685,
        "avg": 0.22,
        "obp": 0.298,
        "slg": 0.387,
        "rbi": 43,
        "sb": 0,
        "hr": 12
      },
      {
        "name": "최재훈",
        "year": 20,
        "team": "한화",
        "pa": 389,
        "ops": 0.766,
        "avg": 0.301,
        "obp": 0.383,
        "slg": 0.383,
        "rbi": 36,
        "sb": 0,
        "hr": 3
      },
      {
        "name": "김태균",
        "year": 20,
        "team": "한화",
        "pa": 254,
        "ops": 0.613,
        "avg": 0.219,
        "obp": 0.316,
        "slg": 0.297,
        "rbi": 29,
        "sb": 0,
        "hr": 2
      },
      {
        "name": "하주석",
        "year": 20,
        "team": "한화",
        "pa": 281,
        "ops": 0.674,
        "avg": 0.286,
        "obp": 0.323,
        "slg": 0.351,
        "rbi": 32,
        "sb": 4,
        "hr": 2
      },
      {
        "name": "정은원",
        "year": 20,
        "team": "한화",
        "pa": 303,
        "ops": 0.697,
        "avg": 0.248,
        "obp": 0.362,
        "slg": 0.335,
        "rbi": 29,
        "sb": 1,
        "hr": 3
      },
      {
        "name": "송광민",
        "year": 20,
        "team": "한화",
        "pa": 298,
        "ops": 0.651,
        "avg": 0.235,
        "obp": 0.276,
        "slg": 0.375,
        "rbi": 43,
        "sb": 0,
        "hr": 9
      }
    ]
  },
  {
    "generation": 11,
    "expected_score": 5.28,
    "lineup": [
      "정진호",
      "하주석",
      "송광민",
      "반즈",
      "최재훈",
      "김태균",
      "이용규",
      "노시환",
      "정은원"
    ],
    "player_stats": [
      {
        "name": "정진호",
        "year": 20,
        "team": "한화",
        "pa": 326,
        "ops": 0.703,
        "avg": 0.277,
        "obp": 0.348,
        "slg": 0.355,
        "rbi": 19,
        "sb": 9,
        "hr": 2
      },
      {
        "name": "하주석",
        "year": 20,
        "team": "한화",
        "pa": 281,
        "ops": 0.674,
        "avg": 0.286,
        "obp": 0.323,
        "slg": 0.351,
        "rbi": 32,
        "sb": 4,
        "hr": 2
      },
      {
        "name": "송광민",
        "year": 20,
        "team": "한화",
        "pa": 298,
        "ops": 0.651,
        "avg": 0.235,
        "obp": 0.276,
        "slg": 0.375,
        "rbi": 43,
        "sb": 0,
        "hr": 9
      },
      {
        "name": "반즈",
        "year": 20,
        "team": "한화",
        "pa": 319,
        "ops": 0.77,
        "avg": 0.265,
        "obp": 0.342,
        "slg": 0.428,
        "rbi": 42,
        "sb": 2,
        "hr": 9
      },
      {
        "name": "최재훈",
        "year": 20,
        "team": "한화",
        "pa": 389,
        "ops": 0.766,
        "avg": 0.301,
        "obp": 0.383,
        "slg": 0.383,
        "rbi": 36,
        "sb": 0,
        "hr": 3
      },
      {
        "name": "김태균",
        "year": 20,
        "team": "한화",
        "pa": 254,
        "ops": 0.613,
        "avg": 0.219,
        "obp": 0.316,
        "slg": 0.297,
        "rbi": 29,
        "sb": 0,
        "hr": 2
      },
      {
        "name": "이용규",
        "year": 20,
        "team": "한화",
        "pa": 487,
        "ops": 0.718,
        "avg": 0.286,
        "obp": 0.381,
        "slg": 0.337,
        "rbi": 32,
        "sb": 17,
        "hr": 1
      },
      {
        "name": "노시환",
        "year": 20,
        "team": "한화",
        "pa": 387,
        "ops": 0.685,
        "avg": 0.22,
        "obp": 0.298,
        "slg": 0.387,
        "rbi": 43,
        "sb": 0,
        "hr": 12
      },
      {
        "name": "정은원",
        "year": 20,
        "team": "한화",
        "pa": 303,
        "ops": 0.697,
        "avg": 0.248,
        "obp": 0.362,
        "slg": 0.335,
        "rbi": 29,
        "sb": 1,
        "hr": 3
      }
    ]
  },
  {
    "generation": 12,
    "expected_score": 5.345,
    "lineup": [
      "정진호",
      "하주석",
      "노시환",
      "이용규",
      "김태균",
      "정은원",
      "송광민",
      "반즈",
      "최재훈"
    ],
    "player_stats": [
      {
        "name": "정진호",
        "year": 20,
        "team": "한화",
        "pa": 326,
        "ops": 0.703,
        "avg": 0.277,
        "obp": 0.348,
        "slg": 0.355,
        "rbi": 19,
        "sb": 9,
        "hr": 2
      },
      {
        "name": "하주석",
        "year": 20,
        "team": "한화",
        "pa": 281,
        "ops": 0.674,
        "avg": 0.286,
        "obp": 0.323,
        "slg": 0.351,
        "rbi": 32,
        "sb": 4,
        "hr": 2
      },
      {
        "name": "노시환",
        "year": 20,
        "team": "한화",
        "pa": 387,
        "ops": 0.685,
        "avg": 0.22,
        "obp": 0.298,
        "slg": 0.387,
        "rbi": 43,
        "sb": 0,
        "hr": 12
      },
      {
        "name": "이용규",
        "year": 20,
        "team": "한화",
        "pa": 487,
        "ops": 0.718,
        "avg": 0.286,
        "obp": 0.381,
        "slg": 0.337,
        "rbi": 32,
        "sb": 17,
        "hr": 1
      },
      {
        "name": "김태균",
        "year": 20,
        "team": "한화",
        "pa": 254,
        "ops": 0.613,
        "avg": 0.219,
        "obp": 0.316,
        "slg": 0.297,
        "rbi": 29,
        "sb": 0,
        "hr": 2
      },
      {
        "name": "정은원",
        "year": 20,
        "team": "한화",
        "pa": 303,
        "ops": 0.697,
        "avg": 0.248,
        "obp": 0.362,
        "slg": 0.335,
        "rbi": 29,
        "sb": 1,
        "hr": 3
      },
      {
        "name": "송광민",
        "year": 20,
        "team": "한화",
        "pa": 298,
        "ops": 0.651,
        "avg": 0.235,
        "obp": 0.276,
        "slg": 0.375,
        "rbi": 43,
        "sb": 0,
        "hr": 9
      },
      {
        "name": "반즈",
        "year": 20,
        "team": "한화",
        "pa": 319,
        "ops": 0.77,
        "avg": 0.265,
        "obp": 0.342,
        "slg": 0.428,
        "rbi": 42,
        "sb": 2,
        "hr": 9
      },
      {
        "name": "최재훈",
        "year": 20,
        "team": "한화",
        "pa": 389,
        "ops": 0.766,
        "avg": 0.301,
        "obp": 0.383,
        "slg": 0.383,
        "rbi": 36,
        "sb": 0,
        "hr": 3
      }
    ]
  },
  {
    "generation": 13,
    "expected_score": 5.205,
    "lineup": [
      "정진호",
      "하주석",
      "노시환",
      "이용규",
      "김태균",
      "정은원",
      "반즈",
      "송광민",
      "최재훈"
    ],
    "player_stats": [
      {
        "name": "정진호",
        "year": 20,
        "team": "한화",
        "pa": 326,
        "ops": 0.703,
        "avg": 0.277,
        "obp": 0.348,
        "slg": 0.355,
        "rbi": 19,
        "sb": 9,
        "hr": 2
      },
      {
        "name": "하주석",
        "year": 20,
        "team": "한화",
        "pa": 281,
        "ops": 0.674,
        "avg": 0.286,
        "obp": 0.323,
        "slg": 0.351,
        "rbi": 32,
        "sb": 4,
        "hr": 2
      },
      {
        "name": "노시환",
        "year": 20,
        "team": "한화",
        "pa": 387,
        "ops": 0.685,
        "avg": 0.22,
        "obp": 0.298,
        "slg": 0.387,
        "rbi": 43,
        "sb": 0,
        "hr": 12
      },
      {
        "name": "이용규",
        "year": 20,
        "team": "한화",
        "pa": 487,
        "ops": 0.718,
        "avg": 0.286,
        "obp": 0.381,
        "slg": 0.337,
        "rbi": 32,
        "sb": 17,
        "hr": 1
      },
      {
        "name": "김태균",
        "year": 20,
        "team": "한화",
        "pa": 254,
        "ops": 0.613,
        "avg": 0.219,
        "obp": 0.316,
        "slg": 0.297,
        "rbi": 29,
        "sb": 0,
        "hr": 2
      },
      {
        "name": "정은원",
        "year": 20,
        "team": "한화",
        "pa": 303,
        "ops": 0.697,
        "avg": 0.248,
        "obp": 0.362,
        "slg": 0.335,
        "rbi": 29,
        "sb": 1,
        "hr": 3
      },
      {
        "name": "반즈",
        "year": 20,
        "team": "한화",
        "pa": 319,
        "ops": 0.77,
        "avg": 0.265,
        "obp": 0.342,
        "slg": 0.428,
        "rbi": 42,
        "sb": 2,
        "hr": 9
      },
      {
        "name": "송광민",
        "year": 20,
        "team": "한화",
        "pa": 298,
        "ops": 0.651,
        "avg": 0.235,
        "obp": 0.276,
        "slg": 0.375,
        "rbi": 43,
        "sb": 0,
        "hr": 9
      },
      {
        "name": "최재훈",
        "year": 20,
        "team": "한화",
        "pa": 389,
        "ops": 0.766,
        "avg": 0.301,
        "obp": 0.383,
        "slg": 0.383,
        "rbi": 36,
        "sb": 0,
        "hr": 3
      }
    ]
  },
  {
    "generation": 14,
    "expected_score": 5.27,
    "lineup": [
      "정진호",
      "이용규",
      "노시환",
      "김태균",
      "하주석",
      "정은원",
      "반즈",
      "송광민",
      "최재훈"
    ],
    "player_stats": [
      {
        "name": "정진호",
        "year": 20,
        "team": "한화",
        "pa": 326,
        "ops": 0.703,
        "avg": 0.277,
        "obp": 0.348,
        "slg": 0.355,
        "rbi": 19,
        "sb": 9,
        "hr": 2
      },
      {
        "name": "이용규",
        "year": 20,
        "team": "한화",
        "pa": 487,
        "ops": 0.718,
        "avg": 0.286,
        "obp": 0.381,
        "slg": 0.337,
        "rbi": 32,
        "sb": 17,
        "hr": 1
      },
      {
        "name": "노시환",
        "year": 20,
        "team": "한화",
        "pa": 387,
        "ops": 0.685,
        "avg": 0.22,
        "obp": 0.298,
        "slg": 0.387,
        "rbi": 43,
        "sb": 0,
        "hr": 12
      },
      {
        "name": "김태균",
        "year": 20,
        "team": "한화",
        "pa": 254,
        "ops": 0.613,
        "avg": 0.219,
        "obp": 0.316,
        "slg": 0.297,
        "rbi": 29,
        "sb": 0,
        "hr": 2
      },
      {
        "name": "하주석",
        "year": 20,
        "team": "한화",
        "pa": 281,
        "ops": 0.674,
        "avg": 0.286,
        "obp": 0.323,
        "slg": 0.351,
        "rbi": 32,
        "sb": 4,
        "hr": 2
      },
      {
        "name": "정은원",
        "year": 20,
        "team": "한화",
        "pa": 303,
        "ops": 0.697,
        "avg": 0.248,
        "obp": 0.362,
        "slg": 0.335,
        "rbi": 29,
        "sb": 1,
        "hr": 3
      },
      {
        "name": "반즈",
        "year": 20,
        "team": "한화",
        "pa": 319,
        "ops": 0.77,
        "avg": 0.265,
        "obp": 0.342,
        "slg": 0.428,
        "rbi": 42,
        "sb": 2,
        "hr": 9
      },
      {
        "name": "송광민",
        "year": 20,
        "team": "한화",
        "pa": 298,
        "ops": 0.651,
        "avg": 0.235,
        "obp": 0.276,
        "slg": 0.375,
        "rbi": 43,
        "sb": 0,
        "hr": 9
      },
      {
        "name": "최재훈",
        "year": 20,
        "team": "한화",
        "pa": 389,
        "ops": 0.766,
        "avg": 0.301,
        "obp": 0.383,
        "slg": 0.383,
        "rbi": 36,
        "sb": 0,
        "hr": 3
      }
    ]
  },
  {
    "generation": 15,
    "expected_score": 5.265,
    "lineup": [
      "정진호",
      "이용규",
      "정은원",
      "노시환",
      "반즈",
      "최재훈",
      "송광민",
      "하주석",
      "김태균"
    ],
    "player_stats": [
      {
        "name": "정진호",
        "year": 20,
        "team": "한화",
        "pa": 326,
        "ops": 0.703,
        "avg": 0.277,
        "obp": 0.348,
        "slg": 0.355,
        "rbi": 19,
        "sb": 9,
        "hr": 2
      },
      {
        "name": "이용규",
        "year": 20,
        "team": "한화",
        "pa": 487,
        "ops": 0.718,
        "avg": 0.286,
        "obp": 0.381,
        "slg": 0.337,
        "rbi": 32,
        "sb": 17,
        "hr": 1
      },
      {
        "name": "정은원",
        "year": 20,
        "team": "한화",
        "pa": 303,
        "ops": 0.697,
        "avg": 0.248,
        "obp": 0.362,
        "slg": 0.335,
        "rbi": 29,
        "sb": 1,
        "hr": 3
      },
      {
        "name": "노시환",
        "year": 20,
        "team": "한화",
        "pa": 387,
        "ops": 0.685,
        "avg": 0.22,
        "obp": 0.298,
        "slg": 0.387,
        "rbi": 43,
        "sb": 0,
        "hr": 12
      },
      {
        "name": "반즈",
        "year": 20,
        "team": "한화",
        "pa": 319,
        "ops": 0.77,
        "avg": 0.265,
        "obp": 0.342,
        "slg": 0.428,
        "rbi": 42,
        "sb": 2,
        "hr": 9
      },
      {
        "name": "최재훈",
        "year": 20,
        "team": "한화",
        "pa": 389,
        "ops": 0.766,
        "avg": 0.301,
        "obp": 0.383,
        "slg": 0.383,
        "rbi": 36,
        "sb": 0,
        "hr": 3
      },
      {
        "name": "송광민",
        "year": 20,
        "team": "한화",
        "pa": 298,
        "ops": 0.651,
        "avg": 0.235,
        "obp": 0.276,
        "slg": 0.375,
        "rbi": 43,
        "sb": 0,
        "hr": 9
      },
      {
        "name": "하주석",
        "year": 20,
        "team": "한화",
        "pa": 281,
        "ops": 0.674,
        "avg": 0.286,
        "obp": 0.323,
        "slg": 0.351,
        "rbi": 32,
        "sb": 4,
        "hr": 2
      },
      {
        "name": "김태균",
        "year": 20,
        "team": "한화",
        "pa": 254,
        "ops": 0.613,
        "avg": 0.219,
        "obp": 0.316,
        "slg": 0.297,
        "rbi": 29,
        "sb": 0,
        "hr": 2
      }
    ]
  },
  {
    "generation": 16,
    "expected_score": 5.115,
    "lineup": [
      "정진호",
      "하주석",
      "노시환",
      "정은원",
      "이용규",
      "최재훈",
      "반즈",
      "김태균",
      "송광민"
    ],
    "player_stats": [
      {
        "name": "정진호",
        "year": 20,
        "team": "한화",
        "pa": 326,
        "ops": 0.703,
        "avg": 0.277,
        "obp": 0.348,
        "slg": 0.355,
        "rbi": 19,
        "sb": 9,
        "hr": 2
      },
      {
        "name": "하주석",
        "year": 20,
        "team": "한화",
        "pa": 281,
        "ops": 0.674,
        "avg": 0.286,
        "obp": 0.323,
        "slg": 0.351,
        "rbi": 32,
        "sb": 4,
        "hr": 2
      },
      {
        "name": "노시환",
        "year": 20,
        "team": "한화",
        "pa": 387,
        "ops": 0.685,
        "avg": 0.22,
        "obp": 0.298,
        "slg": 0.387,
        "rbi": 43,
        "sb": 0,
        "hr": 12
      },
      {
        "name": "정은원",
        "year": 20,
        "team": "한화",
        "pa": 303,
        "ops": 0.697,
        "avg": 0.248,
        "obp": 0.362,
        "slg": 0.335,
        "rbi": 29,
        "sb": 1,
        "hr": 3
      },
      {
        "name": "이용규",
        "year": 20,
        "team": "한화",
        "pa": 487,
        "ops": 0.718,
        "avg": 0.286,
        "obp": 0.381,
        "slg": 0.337,
        "rbi": 32,
        "sb": 17,
        "hr": 1
      },
      {
        "name": "최재훈",
        "year": 20,
        "team": "한화",
        "pa": 389,
        "ops": 0.766,
        "avg": 0.301,
        "obp": 0.383,
        "slg": 0.383,
        "rbi": 36,
        "sb": 0,
        "hr": 3
      },
      {
        "name": "반즈",
        "year": 20,
        "team": "한화",
        "pa": 319,
        "ops": 0.77,
        "avg": 0.265,
        "obp": 0.342,
        "slg": 0.428,
        "rbi": 42,
        "sb": 2,
        "hr": 9
      },
      {
        "name": "김태균",
        "year": 20,
        "team": "한화",
        "pa": 254,
        "ops": 0.613,
        "avg": 0.219,
        "obp": 0.316,
        "slg": 0.297,
        "rbi": 29,
        "sb": 0,
        "hr": 2
      },
      {
        "name": "송광민",
        "year": 20,
        "team": "한화",
        "pa": 298,
        "ops": 0.651,
        "avg": 0.235,
        "obp": 0.276,
        "slg": 0.375,
        "rbi": 43,
        "sb": 0,
        "hr": 9
      }
    ]
  },
  {
    "generation": 17,
    "expected_score": 5.155,
    "lineup": [
      "정진호",
      "하주석",
      "노시환",
      "정은원",
      "이용규",
      "최재훈",
      "반즈",
      "김태균",
      "송광민"
    ],
    "player_stats": [
      {
        "name": "정진호",
        "year": 20,
        "team": "한화",
        "pa": 326,
        "ops": 0.703,
        "avg": 0.277,
        "obp": 0.348,
        "slg": 0.355,
        "rbi": 19,
        "sb": 9,
        "hr": 2
      },
      {
        "name": "하주석",
        "year": 20,
        "team": "한화",
        "pa": 281,
        "ops": 0.674,
        "avg": 0.286,
        "obp": 0.323,
        "slg": 0.351,
        "rbi": 32,
        "sb": 4,
        "hr": 2
      },
      {
        "name": "노시환",
        "year": 20,
        "team": "한화",
        "pa": 387,
        "ops": 0.685,
        "avg": 0.22,
        "obp": 0.298,
        "slg": 0.387,
        "rbi": 43,
        "sb": 0,
        "hr": 12
      },
      {
        "name": "정은원",
        "year": 20,
        "team": "한화",
        "pa": 303,
        "ops": 0.697,
        "avg": 0.248,
        "obp": 0.362,
        "slg": 0.335,
        "rbi": 29,
        "sb": 1,
        "hr": 3
      },
      {
        "name": "이용규",
        "year": 20,
        "team": "한화",
        "pa": 487,
        "ops": 0.718,
        "avg": 0.286,
        "obp": 0.381,
        "slg": 0.337,
        "rbi": 32,
        "sb": 17,
        "hr": 1
      },
      {
        "name": "최재훈",
        "year": 20,
        "team": "한화",
        "pa": 389,
        "ops": 0.766,
        "avg": 0.301,
        "obp": 0.383,
        "slg": 0.383,
        "rbi": 36,
        "sb": 0,
        "hr": 3
      },
      {
        "name": "반즈",
        "year": 20,
        "team": "한화",
        "pa": 319,
        "ops": 0.77,
        "avg": 0.265,
        "obp": 0.342,
        "slg": 0.428,
        "rbi": 42,
        "sb": 2,
        "hr": 9
      },
      {
        "name": "김태균",
        "year": 20,
        "team": "한화",
        "pa": 254,
        "ops": 0.613,
        "avg": 0.219,
        "obp": 0.316,
        "slg": 0.297,
        "rbi": 29,
        "sb": 0,
        "hr": 2
      },
      {
        "name": "송광민",
        "year": 20,
        "team": "한화",
        "pa": 298,
        "ops": 0.651,
        "avg": 0.235,
        "obp": 0.276,
        "slg": 0.375,
        "rbi": 43,
        "sb": 0,
        "hr": 9
      }
    ]
  },
  {
    "generation": 18,
    "expected_score": 5.18,
    "lineup": [
      "정진호",
      "이용규",
      "하주석",
      "정은원",
      "반즈",
      "노시환",
      "최재훈",
      "송광민",
      "김태균"
    ],
    "player_stats": [
      {
        "name": "정진호",
        "year": 20,
        "team": "한화",
        "pa": 326,
        "ops": 0.703,
        "avg": 0.277,
        "obp": 0.348,
        "slg": 0.355,
        "rbi": 19,
        "sb": 9,
        "hr": 2
      },
      {
        "name": "이용규",
        "year": 20,
        "team": "한화",
        "pa": 487,
        "ops": 0.718,
        "avg": 0.286,
        "obp": 0.381,
        "slg": 0.337,
        "rbi": 32,
        "sb": 17,
        "hr": 1
      },
      {
        "name": "하주석",
        "year": 20,
        "team": "한화",
        "pa": 281,
        "ops": 0.674,
        "avg": 0.286,
        "obp": 0.323,
        "slg": 0.351,
        "rbi": 32,
        "sb": 4,
        "hr": 2
      },
      {
        "name": "정은원",
        "year": 20,
        "team": "한화",
        "pa": 303,
        "ops": 0.697,
        "avg": 0.248,
        "obp": 0.362,
        "slg": 0.335,
        "rbi": 29,
        "sb": 1,
        "hr": 3
      },
      {
        "name": "반즈",
        "year": 20,
        "team": "한화",
        "pa": 319,
        "ops": 0.77,
        "avg": 0.265,
        "obp": 0.342,
        "slg": 0.428,
        "rbi": 42,
        "sb": 2,
        "hr": 9
      },
      {
        "name": "노시환",
        "year": 20,
        "team": "한화",
        "pa": 387,
        "ops": 0.685,
        "avg": 0.22,
        "obp": 0.298,
        "slg": 0.387,
        "rbi": 43,
        "sb": 0,
        "hr": 12
      },
      {
        "name": "최재훈",
        "year": 20,
        "team": "한화",
        "pa": 389,
        "ops": 0.766,
        "avg": 0.301,
        "obp": 0.383,
        "slg": 0.383,
        "rbi": 36,
        "sb": 0,
        "hr": 3
      },
      {
        "name": "송광민",
        "year": 20,
        "team": "한화",
        "pa": 298,
        "ops": 0.651,
        "avg": 0.235,
        "obp": 0.276,
        "slg": 0.375,
        "rbi": 43,
        "sb": 0,
        "hr": 9
      },
      {
        "name": "김태균",
        "year": 20,
        "team": "한화",
        "pa": 254,
        "ops": 0.613,
        "avg": 0.219,
        "obp": 0.316,
        "slg": 0.297,
        "rbi": 29,
        "sb": 0,
        "hr": 2
      }
    ]
  },
  {
    "generation": 19,
    "expected_score": 5.41,
    "lineup": [
      "정진호",
      "하주석",
      "노시환",
      "정은원",
      "반즈",
      "이용규",
      "최재훈",
      "김태균",
      "송광민"
    ],
    "player_stats": [
      {
        "name": "정진호",
        "year": 20,
        "team": "한화",
        "pa": 326,
        "ops": 0.703,
        "avg": 0.277,
        "obp": 0.348,
        "slg": 0.355,
        "rbi": 19,
        "sb": 9,
        "hr": 2
      },
      {
        "name": "하주석",
        "year": 20,
        "team": "한화",
        "pa": 281,
        "ops": 0.674,
        "avg": 0.286,
        "obp": 0.323,
        "slg": 0.351,
        "rbi": 32,
        "sb": 4,
        "hr": 2
      },
      {
        "name": "노시환",
        "year": 20,
        "team": "한화",
        "pa": 387,
        "ops": 0.685,
        "avg": 0.22,
        "obp": 0.298,
        "slg": 0.387,
        "rbi": 43,
        "sb": 0,
        "hr": 12
      },
      {
        "name": "정은원",
        "year": 20,
        "team": "한화",
        "pa": 303,
        "ops": 0.697,
        "avg": 0.248,
        "obp": 0.362,
        "slg": 0.335,
        "rbi": 29,
        "sb": 1,
        "hr": 3
      },
      {
        "name": "반즈",
        "year": 20,
        "team": "한화",
        "pa": 319,
        "ops": 0.77,
        "avg": 0.265,
        "obp": 0.342,
        "slg": 0.428,
        "rbi": 42,
        "sb": 2,
        "hr": 9
      },
      {
        "name": "이용규",
        "year": 20,
        "team": "한화",
        "pa": 487,
        "ops": 0.718,
        "avg": 0.286,
        "obp": 0.381,
        "slg": 0.337,
        "rbi": 32,
        "sb": 17,
        "hr": 1
      },
      {
        "name": "최재훈",
        "year": 20,
        "team": "한화",
        "pa": 389,
        "ops": 0.766,
        "avg": 0.301,
        "obp": 0.383,
        "slg": 0.383,
        "rbi": 36,
        "sb": 0,
        "hr": 3
      },
      {
        "name": "김태균",
        "year": 20,
        "team": "한화",
        "pa": 254,
        "ops": 0.613,
        "avg": 0.219,
        "obp": 0.316,
        "slg": 0.297,
        "rbi": 29,
        "sb": 0,
        "hr": 2
      },
      {
        "name": "송광민",
        "year": 20,
        "team": "한화",
        "pa": 298,
        "ops": 0.651,
        "avg": 0.235,
        "obp": 0.276,
        "slg": 0.375,
        "rbi": 43,
        "sb": 0,
        "hr": 9
      }
    ]
  },
  {
    "generation": 20,
    "expected_score": 5.375,
    "lineup": [
      "정진호",
      "하주석",
      "노시환",
      "정은원",
      "반즈",
      "이용규",
      "최재훈",
      "김태균",
      "송광민"
    ],
    "player_stats": [
      {
        "name": "정진호",
        "year": 20,
        "team": "한화",
        "pa": 326,
        "ops": 0.703,
        "avg": 0.277,
        "obp": 0.348,
        "slg": 0.355,
        "rbi": 19,
        "sb": 9,
        "hr": 2
      },
      {
        "name": "하주석",
        "year": 20,
        "team": "한화",
        "pa": 281,
        "ops": 0.674,
        "avg": 0.286,
        "obp": 0.323,
        "slg": 0.351,
        "rbi": 32,
        "sb": 4,
        "hr": 2
      },
      {
        "name": "노시환",
        "year": 20,
        "team": "한화",
        "pa": 387,
        "ops": 0.685,
        "avg": 0.22,
        "obp": 0.298,
        "slg": 0.387,
        "rbi": 43,
        "sb": 0,
        "hr": 12
      },
      {
        "name": "정은원",
        "year": 20,
        "team": "한화",
        "pa": 303,
        "ops": 0.697,
        "avg": 0.248,
        "obp": 0.362,
        "slg": 0.335,
        "rbi": 29,
        "sb": 1,
        "hr": 3
      },
      {
        "name": "반즈",
        "year": 20,
        "team": "한화",
        "pa": 319,
        "ops": 0.77,
        "avg": 0.265,
        "obp": 0.342,
        "slg": 0.428,
        "rbi": 42,
        "sb": 2,
        "hr": 9
      },
      {
        "name": "이용규",
        "year": 20,
        "team": "한화",
        "pa": 487,
        "ops": 0.718,
        "avg": 0.286,
        "obp": 0.381,
        "slg": 0.337,
        "rbi": 32,
        "sb": 17,
        "hr": 1
      },
      {
        "name": "최재훈",
        "year": 20,
        "team": "한화",
        "pa": 389,
        "ops": 0.766,
        "avg": 0.301,
        "obp": 0.383,
        "slg": 0.383,
        "rbi": 36,
        "sb": 0,
        "hr": 3
      },
      {
        "name": "김태균",
        "year": 20,
        "team": "한화",
        "pa": 254,
        "ops": 0.613,
        "avg": 0.219,
        "obp": 0.316,
        "slg": 0.297,
        "rbi": 29,
        "sb": 0,
        "hr": 2
      },
      {
        "name": "송광민",
        "year": 20,
        "team": "한화",
        "pa": 298,
        "ops": 0.651,
        "avg": 0.235,
        "obp": 0.276,
        "slg": 0.375,
        "rbi": 43,
        "sb": 0,
        "hr": 9
      }
    ]
  },
  {
    "generation": 21,
    "expected_score": 5.18,
    "lineup": [
      "정진호",
      "하주석",
      "노시환",
      "정은원",
      "이용규",
      "최재훈",
      "반즈",
      "김태균",
      "송광민"
    ],
    "player_stats": [
      {
        "name": "정진호",
        "year": 20,
        "team": "한화",
        "pa": 326,
        "ops": 0.703,
        "avg": 0.277,
        "obp": 0.348,
        "slg": 0.355,
        "rbi": 19,
        "sb": 9,
        "hr": 2
      },
      {
        "name": "하주석",
        "year": 20,
        "team": "한화",
        "pa": 281,
        "ops": 0.674,
        "avg": 0.286,
        "obp": 0.323,
        "slg": 0.351,
        "rbi": 32,
        "sb": 4,
        "hr": 2
      },
      {
        "name": "노시환",
        "year": 20,
        "team": "한화",
        "pa": 387,
        "ops": 0.685,
        "avg": 0.22,
        "obp": 0.298,
        "slg": 0.387,
        "rbi": 43,
        "sb": 0,
        "hr": 12
      },
      {
        "name": "정은원",
        "year": 20,
        "team": "한화",
        "pa": 303,
        "ops": 0.697,
        "avg": 0.248,
        "obp": 0.362,
        "slg": 0.335,
        "rbi": 29,
        "sb": 1,
        "hr": 3
      },
      {
        "name": "이용규",
        "year": 20,
        "team": "한화",
        "pa": 487,
        "ops": 0.718,
        "avg": 0.286,
        "obp": 0.381,
        "slg": 0.337,
        "rbi": 32,
        "sb": 17,
        "hr": 1
      },
      {
        "name": "최재훈",
        "year": 20,
        "team": "한화",
        "pa": 389,
        "ops": 0.766,
        "avg": 0.301,
        "obp": 0.383,
        "slg": 0.383,
        "rbi": 36,
        "sb": 0,
        "hr": 3
      },
      {
        "name": "반즈",
        "year": 20,
        "team": "한화",
        "pa": 319,
        "ops": 0.77,
        "avg": 0.265,
        "obp": 0.342,
        "slg": 0.428,
        "rbi": 42,
        "sb": 2,
        "hr": 9
      },
      {
        "name": "김태균",
        "year": 20,
        "team": "한화",
        "pa": 254,
        "ops": 0.613,
        "avg": 0.219,
        "obp": 0.316,
        "slg": 0.297,
        "rbi": 29,
        "sb": 0,
        "hr": 2
      },
      {
        "name": "송광민",
        "year": 20,
        "team": "한화",
        "pa": 298,
        "ops": 0.651,
        "avg": 0.235,
        "obp": 0.276,
        "slg": 0.375,
        "rbi": 43,
        "sb": 0,
        "hr": 9
      }
    ]
  },
  {
    "generation": 22,
    "expected_score": 5.205,
    "lineup": [
      "송광민",
      "하주석",
      "정진호",
      "이용규",
      "정은원",
      "반즈",
      "노시환",
      "최재훈",
      "김태균"
    ],
    "player_stats": [
      {
        "name": "송광민",
        "year": 20,
        "team": "한화",
        "pa": 298,
        "ops": 0.651,
        "avg": 0.235,
        "obp": 0.276,
        "slg": 0.375,
        "rbi": 43,
        "sb": 0,
        "hr": 9
      },
      {
        "name": "하주석",
        "year": 20,
        "team": "한화",
        "pa": 281,
        "ops": 0.674,
        "avg": 0.286,
        "obp": 0.323,
        "slg": 0.351,
        "rbi": 32,
        "sb": 4,
        "hr": 2
      },
      {
        "name": "정진호",
        "year": 20,
        "team": "한화",
        "pa": 326,
        "ops": 0.703,
        "avg": 0.277,
        "obp": 0.348,
        "slg": 0.355,
        "rbi": 19,
        "sb": 9,
        "hr": 2
      },
      {
        "name": "이용규",
        "year": 20,
        "team": "한화",
        "pa": 487,
        "ops": 0.718,
        "avg": 0.286,
        "obp": 0.381,
        "slg": 0.337,
        "rbi": 32,
        "sb": 17,
        "hr": 1
      },
      {
        "name": "정은원",
        "year": 20,
        "team": "한화",
        "pa": 303,
        "ops": 0.697,
        "avg": 0.248,
        "obp": 0.362,
        "slg": 0.335,
        "rbi": 29,
        "sb": 1,
        "hr": 3
      },
      {
        "name": "반즈",
        "year": 20,
        "team": "한화",
        "pa": 319,
        "ops": 0.77,
        "avg": 0.265,
        "obp": 0.342,
        "slg": 0.428,
        "rbi": 42,
        "sb": 2,
        "hr": 9
      },
      {
        "name": "노시환",
        "year": 20,
        "team": "한화",
        "pa": 387,
        "ops": 0.685,
        "avg": 0.22,
        "obp": 0.298,
        "slg": 0.387,
        "rbi": 43,
        "sb": 0,
        "hr": 12
      },
      {
        "name": "최재훈",
        "year": 20,
        "team": "한화",
        "pa": 389,
        "ops": 0.766,
        "avg": 0.301,
        "obp": 0.383,
        "slg": 0.383,
        "rbi": 36,
        "sb": 0,
        "hr": 3
      },
      {
        "name": "김태균",
        "year": 20,
        "team": "한화",
        "pa": 254,
        "ops": 0.613,
        "avg": 0.219,
        "obp": 0.316,
        "slg": 0.297,
        "rbi": 29,
        "sb": 0,
        "hr": 2
      }
    ]
  },
  {
    "generation": 23,
    "expected_score": 5.25,
    "lineup": [
      "하주석",
      "송광민",
      "정진호",
      "정은원",
      "노시환",
      "이용규",
      "최재훈",
      "반즈",
      "김태균"
    ],
    "player_stats": [
      {
        "name": "하주석",
        "year": 20,
        "team": "한화",
        "pa": 281,
        "ops": 0.674,
        "avg": 0.286,
        "obp": 0.323,
        "slg": 0.351,
        "rbi": 32,
        "sb": 4,
        "hr": 2
      },
      {
        "name": "송광민",
        "year": 20,
        "team": "한화",
        "pa": 298,
        "ops": 0.651,
        "avg": 0.235,
        "obp": 0.276,
        "slg": 0.375,
        "rbi": 43,
        "sb": 0,
        "hr": 9
      },
      {
        "name": "정진호",
        "year": 20,
        "team": "한화",
        "pa": 326,
        "ops": 0.703,
        "avg": 0.277,
        "obp": 0.348,
        "slg": 0.355,
        "rbi": 19,
        "sb": 9,
        "hr": 2
      },
      {
        "name": "정은원",
        "year": 20,
        "team": "한화",
        "pa": 303,
        "ops": 0.697,
        "avg": 0.248,
        "obp": 0.362,
        "slg": 0.335,
        "rbi": 29,
        "sb": 1,
        "hr": 3
      },
      {
        "name": "노시환",
        "year": 20,
        "team": "한화",
        "pa": 387,
        "ops": 0.685,
        "avg": 0.22,
        "obp": 0.298,
        "slg": 0.387,
        "rbi": 43,
        "sb": 0,
        "hr": 12
      },
      {
        "name": "이용규",
        "year": 20,
        "team": "한화",
        "pa": 487,
        "ops": 0.718,
        "avg": 0.286,
        "obp": 0.381,
        "slg": 0.337,
        "rbi": 32,
        "sb": 17,
        "hr": 1
      },
      {
        "name": "최재훈",
        "year": 20,
        "team": "한화",
        "pa": 389,
        "ops": 0.766,
        "avg": 0.301,
        "obp": 0.383,
        "slg": 0.383,
        "rbi": 36,
        "sb": 0,
        "hr": 3
      },
      {
        "name": "반즈",
        "year": 20,
        "team": "한화",
        "pa": 319,
        "ops": 0.77,
        "avg": 0.265,
        "obp": 0.342,
        "slg": 0.428,
        "rbi": 42,
        "sb": 2,
        "hr": 9
      },
      {
        "name": "김태균",
        "year": 20,
        "team": "한화",
        "pa": 254,
        "ops": 0.613,
        "avg": 0.219,
        "obp": 0.316,
        "slg": 0.297,
        "rbi": 29,
        "sb": 0,
        "hr": 2
      }
    ]
  },
  {
    "generation": 24,
    "expected_score": 5.445,
    "lineup": [
      "하주석",
      "송광민",
      "노시환",
      "정은원",
      "반즈",
      "정진호",
      "이용규",
      "최재훈",
      "김태균"
    ],
    "player_stats": [
      {
        "name": "하주석",
        "year": 20,
        "team": "한화",
        "pa": 281,
        "ops": 0.674,
        "avg": 0.286,
        "obp": 0.323,
        "slg": 0.351,
        "rbi": 32,
        "sb": 4,
        "hr": 2
      },
      {
        "name": "송광민",
        "year": 20,
        "team": "한화",
        "pa": 298,
        "ops": 0.651,
        "avg": 0.235,
        "obp": 0.276,
        "slg": 0.375,
        "rbi": 43,
        "sb": 0,
        "hr": 9
      },
      {
        "name": "노시환",
        "year": 20,
        "team": "한화",
        "pa": 387,
        "ops": 0.685,
        "avg": 0.22,
        "obp": 0.298,
        "slg": 0.387,
        "rbi": 43,
        "sb": 0,
        "hr": 12
      },
      {
        "name": "정은원",
        "year": 20,
        "team": "한화",
        "pa": 303,
        "ops": 0.697,
        "avg": 0.248,
        "obp": 0.362,
        "slg": 0.335,
        "rbi": 29,
        "sb": 1,
        "hr": 3
      },
      {
        "name": "반즈",
        "year": 20,
        "team": "한화",
        "pa": 319,
        "ops": 0.77,
        "avg": 0.265,
        "obp": 0.342,
        "slg": 0.428,
        "rbi": 42,
        "sb": 2,
        "hr": 9
      },
      {
        "name": "정진호",
        "year": 20,
        "team": "한화",
        "pa": 326,
        "ops": 0.703,
        "avg": 0.277,
        "obp": 0.348,
        "slg": 0.355,
        "rbi": 19,
        "sb": 9,
        "hr": 2
      },
      {
        "name": "이용규",
        "year": 20,
        "team": "한화",
        "pa": 487,
        "ops": 0.718,
        "avg": 0.286,
        "obp": 0.381,
        "slg": 0.337,
        "rbi": 32,
        "sb": 17,
        "hr": 1
      },
      {
        "name": "최재훈",
        "year": 20,
        "team": "한화",
        "pa": 389,
        "ops": 0.766,
        "avg": 0.301,
        "obp": 0.383,
        "slg": 0.383,
        "rbi": 36,
        "sb": 0,
        "hr": 3
      },
      {
        "name": "김태균",
        "year": 20,
        "team": "한화",
        "pa": 254,
        "ops": 0.613,
        "avg": 0.219,
        "obp": 0.316,
        "slg": 0.297,
        "rbi": 29,
        "sb": 0,
        "hr": 2
      }
    ]
  },
  {
    "generation": 25,
    "expected_score": 5.12,
    "lineup": [
      "노시환",
      "정은원",
      "하주석",
      "송광민",
      "반즈",
      "이용규",
      "최재훈",
      "정진호",
      "김태균"
    ],
    "player_stats": [
      {
        "name": "노시환",
        "year": 20,
        "team": "한화",
        "pa": 387,
        "ops": 0.685,
        "avg": 0.22,
        "obp": 0.298,
        "slg": 0.387,
        "rbi": 43,
        "sb": 0,
        "hr": 12
      },
      {
        "name": "정은원",
        "year": 20,
        "team": "한화",
        "pa": 303,
        "ops": 0.697,
        "avg": 0.248,
        "obp": 0.362,
        "slg": 0.335,
        "rbi": 29,
        "sb": 1,
        "hr": 3
      },
      {
        "name": "하주석",
        "year": 20,
        "team": "한화",
        "pa": 281,
        "ops": 0.674,
        "avg": 0.286,
        "obp": 0.323,
        "slg": 0.351,
        "rbi": 32,
        "sb": 4,
        "hr": 2
      },
      {
        "name": "송광민",
        "year": 20,
        "team": "한화",
        "pa": 298,
        "ops": 0.651,
        "avg": 0.235,
        "obp": 0.276,
        "slg": 0.375,
        "rbi": 43,
        "sb": 0,
        "hr": 9
      },
      {
        "name": "반즈",
        "year": 20,
        "team": "한화",
        "pa": 319,
        "ops": 0.77,
        "avg": 0.265,
        "obp": 0.342,
        "slg": 0.428,
        "rbi": 42,
        "sb": 2,
        "hr": 9
      },
      {
        "name": "이용규",
        "year": 20,
        "team": "한화",
        "pa": 487,
        "ops": 0.718,
        "avg": 0.286,
        "obp": 0.381,
        "slg": 0.337,
        "rbi": 32,
        "sb": 17,
        "hr": 1
      },
      {
        "name": "최재훈",
        "year": 20,
        "team": "한화",
        "pa": 389,
        "ops": 0.766,
        "avg": 0.301,
        "obp": 0.383,
        "slg": 0.383,
        "rbi": 36,
        "sb": 0,
        "hr": 3
      },
      {
        "name": "정진호",
        "year": 20,
        "team": "한화",
        "pa": 326,
        "ops": 0.703,
        "avg": 0.277,
        "obp": 0.348,
        "slg": 0.355,
        "rbi": 19,
        "sb": 9,
        "hr": 2
      },
      {
        "name": "김태균",
        "year": 20,
        "team": "한화",
        "pa": 254,
        "ops": 0.613,
        "avg": 0.219,
        "obp": 0.316,
        "slg": 0.297,
        "rbi": 29,
        "sb": 0,
        "hr": 2
      }
    ]
  },
  {
    "generation": 26,
    "expected_score": 5.34,
    "lineup": [
      "하주석",
      "송광민",
      "정진호",
      "정은원",
      "노시환",
      "이용규",
      "김태균",
      "반즈",
      "최재훈"
    ],
    "player_stats": [
      {
        "name": "하주석",
        "year": 20,
        "team": "한화",
        "pa": 281,
        "ops": 0.674,
        "avg": 0.286,
        "obp": 0.323,
        "slg": 0.351,
        "rbi": 32,
        "sb": 4,
        "hr": 2
      },
      {
        "name": "송광민",
        "year": 20,
        "team": "한화",
        "pa": 298,
        "ops": 0.651,
        "avg": 0.235,
        "obp": 0.276,
        "slg": 0.375,
        "rbi": 43,
        "sb": 0,
        "hr": 9
      },
      {
        "name": "정진호",
        "year": 20,
        "team": "한화",
        "pa": 326,
        "ops": 0.703,
        "avg": 0.277,
        "obp": 0.348,
        "slg": 0.355,
        "rbi": 19,
        "sb": 9,
        "hr": 2
      },
      {
        "name": "정은원",
        "year": 20,
        "team": "한화",
        "pa": 303,
        "ops": 0.697,
        "avg": 0.248,
        "obp": 0.362,
        "slg": 0.335,
        "rbi": 29,
        "sb": 1,
        "hr": 3
      },
      {
        "name": "노시환",
        "year": 20,
        "team": "한화",
        "pa": 387,
        "ops": 0.685,
        "avg": 0.22,
        "obp": 0.298,
        "slg": 0.387,
        "rbi": 43,
        "sb": 0,
        "hr": 12
      },
      {
        "name": "이용규",
        "year": 20,
        "team": "한화",
        "pa": 487,
        "ops": 0.718,
        "avg": 0.286,
        "obp": 0.381,
        "slg": 0.337,
        "rbi": 32,
        "sb": 17,
        "hr": 1
      },
      {
        "name": "김태균",
        "year": 20,
        "team": "한화",
        "pa": 254,
        "ops": 0.613,
        "avg": 0.219,
        "obp": 0.316,
        "slg": 0.297,
        "rbi": 29,
        "sb": 0,
        "hr": 2
      },
      {
        "name": "반즈",
        "year": 20,
        "team": "한화",
        "pa": 319,
        "ops": 0.77,
        "avg": 0.265,
        "obp": 0.342,
        "slg": 0.428,
        "rbi": 42,
        "sb": 2,
        "hr": 9
      },
      {
        "name": "최재훈",
        "year": 20,
        "team": "한화",
        "pa": 389,
        "ops": 0.766,
        "avg": 0.301,
        "obp": 0.383,
        "slg": 0.383,
        "rbi": 36,
        "sb": 0,
        "hr": 3
      }
    ]
  },
  {
    "generation": 27,
    "expected_score": 5.21,
    "lineup": [
      "반즈",
      "하주석",
      "정진호",
      "최재훈",
      "송광민",
      "정은원",
      "이용규",
      "김태균",
      "노시환"
    ],
    "player_stats": [
      {
        "name": "반즈",
        "year": 20,
        "team": "한화",
        "pa": 319,
        "ops": 0.77,
        "avg": 0.265,
        "obp": 0.342,
        "slg": 0.428,
        "rbi": 42,
        "sb": 2,
        "hr": 9
      },
      {
        "name": "하주석",
        "year": 20,
        "team": "한화",
        "pa": 281,
        "ops": 0.674,
        "avg": 0.286,
        "obp": 0.323,
        "slg": 0.351,
        "rbi": 32,
        "sb": 4,
        "hr": 2
      },
      {
        "name": "정진호",
        "year": 20,
        "team": "한화",
        "pa": 326,
        "ops": 0.703,
        "avg": 0.277,
        "obp": 0.348,
        "slg": 0.355,
        "rbi": 19,
        "sb": 9,
        "hr": 2
      },
      {
        "name": "최재훈",
        "year": 20,
        "team": "한화",
        "pa": 389,
        "ops": 0.766,
        "avg": 0.301,
        "obp": 0.383,
        "slg": 0.383,
        "rbi": 36,
        "sb": 0,
        "hr": 3
      },
      {
        "name": "송광민",
        "year": 20,
        "team": "한화",
        "pa": 298,
        "ops": 0.651,
        "avg": 0.235,
        "obp": 0.276,
        "slg": 0.375,
        "rbi": 43,
        "sb": 0,
        "hr": 9
      },
      {
        "name": "정은원",
        "year": 20,
        "team": "한화",
        "pa": 303,
        "ops": 0.697,
        "avg": 0.248,
        "obp": 0.362,
        "slg": 0.335,
        "rbi": 29,
        "sb": 1,
        "hr": 3
      },
      {
        "name": "이용규",
        "year": 20,
        "team": "한화",
        "pa": 487,
        "ops": 0.718,
        "avg": 0.286,
        "obp": 0.381,
        "slg": 0.337,
        "rbi": 32,
        "sb": 17,
        "hr": 1
      },
      {
        "name": "김태균",
        "year": 20,
        "team": "한화",
        "pa": 254,
        "ops": 0.613,
        "avg": 0.219,
        "obp": 0.316,
        "slg": 0.297,
        "rbi": 29,
        "sb": 0,
        "hr": 2
      },
      {
        "name": "노시환",
        "year": 20,
        "team": "한화",
        "pa": 387,
        "ops": 0.685,
        "avg": 0.22,
        "obp": 0.298,
        "slg": 0.387,
        "rbi": 43,
        "sb": 0,
        "hr": 12
      }
    ]
  },
  {
    "generation": 28,
    "expected_score": 5.29,
    "lineup": [
      "하주석",
      "노시환",
      "정진호",
      "송광민",
      "정은원",
      "이용규",
      "최재훈",
      "반즈",
      "김태균"
    ],
    "player_stats": [
      {
        "name": "하주석",
        "year": 20,
        "team": "한화",
        "pa": 281,
        "ops": 0.674,
        "avg": 0.286,
        "obp": 0.323,
        "slg": 0.351,
        "rbi": 32,
        "sb": 4,
        "hr": 2
      },
      {
        "name": "노시환",
        "year": 20,
        "team": "한화",
        "pa": 387,
        "ops": 0.685,
        "avg": 0.22,
        "obp": 0.298,
        "slg": 0.387,
        "rbi": 43,
        "sb": 0,
        "hr": 12
      },
      {
        "name": "정진호",
        "year": 20,
        "team": "한화",
        "pa": 326,
        "ops": 0.703,
        "avg": 0.277,
        "obp": 0.348,
        "slg": 0.355,
        "rbi": 19,
        "sb": 9,
        "hr": 2
      },
      {
        "name": "송광민",
        "year": 20,
        "team": "한화",
        "pa": 298,
        "ops": 0.651,
        "avg": 0.235,
        "obp": 0.276,
        "slg": 0.375,
        "rbi": 43,
        "sb": 0,
        "hr": 9
      },
      {
        "name": "정은원",
        "year": 20,
        "team": "한화",
        "pa": 303,
        "ops": 0.697,
        "avg": 0.248,
        "obp": 0.362,
        "slg": 0.335,
        "rbi": 29,
        "sb": 1,
        "hr": 3
      },
      {
        "name": "이용규",
        "year": 20,
        "team": "한화",
        "pa": 487,
        "ops": 0.718,
        "avg": 0.286,
        "obp": 0.381,
        "slg": 0.337,
        "rbi": 32,
        "sb": 17,
        "hr": 1
      },
      {
        "name": "최재훈",
        "year": 20,
        "team": "한화",
        "pa": 389,
        "ops": 0.766,
        "avg": 0.301,
        "obp": 0.383,
        "slg": 0.383,
        "rbi": 36,
        "sb": 0,
        "hr": 3
      },
      {
        "name": "반즈",
        "year": 20,
        "team": "한화",
        "pa": 319,
        "ops": 0.77,
        "avg": 0.265,
        "obp": 0.342,
        "slg": 0.428,
        "rbi": 42,
        "sb": 2,
        "hr": 9
      },
      {
        "name": "김태균",
        "year": 20,
        "team": "한화",
        "pa": 254,
        "ops": 0.613,
        "avg": 0.219,
        "obp": 0.316,
        "slg": 0.297,
        "rbi": 29,
        "sb": 0,
        "hr": 2
      }
    ]
  },
  {
    "generation": 29,
    "expected_score": 5.28,
    "lineup": [
      "정진호",
      "하주석",
      "최재훈",
      "노시환",
      "반즈",
      "송광민",
      "정은원",
      "이용규",
      "김태균"
    ],
    "player_stats": [
      {
        "name": "정진호",
        "year": 20,
        "team": "한화",
        "pa": 326,
        "ops": 0.703,
        "avg": 0.277,
        "obp": 0.348,
        "slg": 0.355,
        "rbi": 19,
        "sb": 9,
        "hr": 2
      },
      {
        "name": "하주석",
        "year": 20,
        "team": "한화",
        "pa": 281,
        "ops": 0.674,
        "avg": 0.286,
        "obp": 0.323,
        "slg": 0.351,
        "rbi": 32,
        "sb": 4,
        "hr": 2
      },
      {
        "name": "최재훈",
        "year": 20,
        "team": "한화",
        "pa": 389,
        "ops": 0.766,
        "avg": 0.301,
        "obp": 0.383,
        "slg": 0.383,
        "rbi": 36,
        "sb": 0,
        "hr": 3
      },
      {
        "name": "노시환",
        "year": 20,
        "team": "한화",
        "pa": 387,
        "ops": 0.685,
        "avg": 0.22,
        "obp": 0.298,
        "slg": 0.387,
        "rbi": 43,
        "sb": 0,
        "hr": 12
      },
      {
        "name": "반즈",
        "year": 20,
        "team": "한화",
        "pa": 319,
        "ops": 0.77,
        "avg": 0.265,
        "obp": 0.342,
        "slg": 0.428,
        "rbi": 42,
        "sb": 2,
        "hr": 9
      },
      {
        "name": "송광민",
        "year": 20,
        "team": "한화",
        "pa": 298,
        "ops": 0.651,
        "avg": 0.235,
        "obp": 0.276,
        "slg": 0.375,
        "rbi": 43,
        "sb": 0,
        "hr": 9
      },
      {
        "name": "정은원",
        "year": 20,
        "team": "한화",
        "pa": 303,
        "ops": 0.697,
        "avg": 0.248,
        "obp": 0.362,
        "slg": 0.335,
        "rbi": 29,
        "sb": 1,
        "hr": 3
      },
      {
        "name": "이용규",
        "year": 20,
        "team": "한화",
        "pa": 487,
        "ops": 0.718,
        "avg": 0.286,
        "obp": 0.381,
        "slg": 0.337,
        "rbi": 32,
        "sb": 17,
        "hr": 1
      },
      {
        "name": "김태균",
        "year": 20,
        "team": "한화",
        "pa": 254,
        "ops": 0.613,
        "avg": 0.219,
        "obp": 0.316,
        "slg": 0.297,
        "rbi": 29,
        "sb": 0,
        "hr": 2
      }
    ]
  },
  {
    "generation": 30,
    "expected_score": 5.315,
    "lineup": [
      "하주석",
      "노시환",
      "송광민",
      "정진호",
      "정은원",
      "이용규",
      "최재훈",
      "반즈",
      "김태균"
    ],
    "player_stats": [
      {
        "name": "하주석",
        "year": 20,
        "team": "한화",
        "pa": 281,
        "ops": 0.674,
        "avg": 0.286,
        "obp": 0.323,
        "slg": 0.351,
        "rbi": 32,
        "sb": 4,
        "hr": 2
      },
      {
        "name": "노시환",
        "year": 20,
        "team": "한화",
        "pa": 387,
        "ops": 0.685,
        "avg": 0.22,
        "obp": 0.298,
        "slg": 0.387,
        "rbi": 43,
        "sb": 0,
        "hr": 12
      },
      {
        "name": "송광민",
        "year": 20,
        "team": "한화",
        "pa": 298,
        "ops": 0.651,
        "avg": 0.235,
        "obp": 0.276,
        "slg": 0.375,
        "rbi": 43,
        "sb": 0,
        "hr": 9
      },
      {
        "name": "정진호",
        "year": 20,
        "team": "한화",
        "pa": 326,
        "ops": 0.703,
        "avg": 0.277,
        "obp": 0.348,
        "slg": 0.355,
        "rbi": 19,
        "sb": 9,
        "hr": 2
      },
      {
        "name": "정은원",
        "year": 20,
        "team": "한화",
        "pa": 303,
        "ops": 0.697,
        "avg": 0.248,
        "obp": 0.362,
        "slg": 0.335,
        "rbi": 29,
        "sb": 1,
        "hr": 3
      },
      {
        "name": "이용규",
        "year": 20,
        "team": "한화",
        "pa": 487,
        "ops": 0.718,
        "avg": 0.286,
        "obp": 0.381,
        "slg": 0.337,
        "rbi": 32,
        "sb": 17,
        "hr": 1
      },
      {
        "name": "최재훈",
        "year": 20,
        "team": "한화",
        "pa": 389,
        "ops": 0.766,
        "avg": 0.301,
        "obp": 0.383,
        "slg": 0.383,
        "rbi": 36,
        "sb": 0,
        "hr": 3
      },
      {
        "name": "반즈",
        "year": 20,
        "team": "한화",
        "pa": 319,
        "ops": 0.77,
        "avg": 0.265,
        "obp": 0.342,
        "slg": 0.428,
        "rbi": 42,
        "sb": 2,
        "hr": 9
      },
      {
        "name": "김태균",
        "year": 20,
        "team": "한화",
        "pa": 254,
        "ops": 0.613,
        "avg": 0.219,
        "obp": 0.316,
        "slg": 0.297,
        "rbi": 29,
        "sb": 0,
        "hr": 2
      }
    ]
  }
]